2026-07-13 14:16:38,670 INFO [logger.py:199] Node[0] {'ConfigVersion': <enum 'ConfigVersion'>,
 'Image': <module 'PIL.Image' from '/usr/local/lib/python3.10/dist-packages/PIL/Image.py'>,
 'March': <class 'horizon_plugin_pytorch.march.March'>,
 'MixVarGENetConfig': <class 'hat.models.backbones.mixvargenet.MixVarGENetConfig'>,
 'VERSION': <ConfigVersion.v2: 2>,
 '_dim_': 256,
 '_num_levels_': 1,
 '_pos_dim_': 128,
 '_tools_dir': '/open_explorer/samples/ai_toolchain/horizon_model_train_sample/scripts/tools',
 'align_bpu_data_loader': {'batch_size': 1,
                           'collate_fn': functools.partial(<function collate_bevfusion_centerpoint at 0x7f65b5a76050>, bev_size=(51.2, 51.2, 0.8), point_cloud_range=[-51.2, -51.2, -5.0, 51.2, 51.2, 3.0], max_lidar_points=120000),
                           'dataset': {'bev_range': [-51.2,
                                                     -51.2,
                                                     -5.0,
                                                     51.2,
                                                     51.2,
                                                     3.0],
                                       'load_dim': 5,
                                       'map_path': None,
                                       'map_size': None,
                                       'need_lidar': True,
                                       'num_seq': 1,
                                       'num_sweeps': 9,
                                       'split_name': 'val',
                                       'src_data_dir': './data/nuscenes',
                                       'transforms': [{'size': [512, 960],
                                                       'type': 'MultiViewsImgResize'},
                                                      {'transforms': [{'type': 'PILToTensor'},
                                                                      {'divisor': 32,
                                                                       'type': 'Pad'},
                                                                      {'rgb_input': True,
                                                                       'type': 'BgrToYuv444'},
                                                                      {'mean': 128.0,
                                                                       'std': 128.0,
                                                                       'type': 'Normalize'}],
                                                       'type': 'MultiViewsImgTransformWrapper'}],
                                       'type': 'NuscenesFromImageSequence',
                                       'use_dim': [0, 1, 2, 3, 4],
                                       'version': 'v1.0-trainval',
                                       'with_bev_bboxes': False,
                                       'with_bev_mask': False,
                                       'with_ego_bboxes': True,
                                       'with_lidar_bboxes': True,
                                       'with_lidar_occ': True},
                           'num_workers': 2,
                           'pin_memory': True,
                           'shuffle': False,
                           'type': <class 'torch.utils.data.dataloader.DataLoader'>},
 'align_bpu_predictor': {'batch_processor': {'need_grad_update': False,
                                             'type': 'BasicBatchProcessor'},
                         'callbacks': [{'epoch_log_freq': 1,
                                        'log_prefix': 'Validation '
                                                      'bevfusion_centerpoint_pointpillar_henet_multisensor_multitask_nuscenes',
                                        'metric_update_func': <function update_metric at 0x7f65b5a769e0>,
                                        'step_log_freq': 10000,
                                        'type': 'MetricUpdater'}],
                         'data_loader': {'batch_size': 1,
                                         'collate_fn': functools.partial(<function collate_bevfusion_centerpoint at 0x7f65b5a76050>, bev_size=(51.2, 51.2, 0.8), point_cloud_range=[-51.2, -51.2, -5.0, 51.2, 51.2, 3.0], max_lidar_points=120000),
                                         'dataset': {'bev_range': [-51.2,
                                                                   -51.2,
                                                                   -5.0,
                                                                   51.2,
                                                                   51.2,
                                                                   3.0],
                                                     'load_dim': 5,
                                                     'map_path': None,
                                                     'map_size': None,
                                                     'need_lidar': True,
                                                     'num_seq': 1,
                                                     'num_sweeps': 9,
                                                     'split_name': 'val',
                                                     'src_data_dir': './data/nuscenes',
                                                     'transforms': [{'size': [512,
                                                                              960],
                                                                     'type': 'MultiViewsImgResize'},
                                                                    {'transforms': [{'type': 'PILToTensor'},
                                                                                    {'divisor': 32,
                                                                                     'type': 'Pad'},
                                                                                    {'rgb_input': True,
                                                                                     'type': 'BgrToYuv444'},
                                                                                    {'mean': 128.0,
                                                                                     'std': 128.0,
                                                                                     'type': 'Normalize'}],
                                                                     'type': 'MultiViewsImgTransformWrapper'}],
                                                     'type': 'NuscenesFromImageSequence',
                                                     'use_dim': [0, 1, 2, 3, 4],
                                                     'version': 'v1.0-trainval',
                                                     'with_bev_bboxes': False,
                                                     'with_bev_mask': False,
                                                     'with_ego_bboxes': True,
                                                     'with_lidar_bboxes': True,
                                                     'with_lidar_occ': True},
                                         'num_workers': 2,
                                         'pin_memory': True,
                                         'shuffle': False,
                                         'type': <class 'torch.utils.data.dataloader.DataLoader'>},
                         'device': None,
                         'log_interval': 1,
                         'metrics': [{'classes': ['car',
                                                  'truck',
                                                  'trailer',
                                                  'bus',
                                                  'construction_vehicle',
                                                  'bicycle',
                                                  'motorcycle',
                                                  'pedestrian',
                                                  'traffic_cone',
                                                  'barrier'],
                                      'data_root': 'data/nuscenes',
                                      'lidar_key': 'sensor2ego',
                                      'save_prefix': './metric_results/bevfusion_centerpoint_pointpillar_henet_multisensor_multitask_nuscenes',
                                      'trans_lidar_dim': True,
                                      'trans_lidar_rot': False,
                                      'type': 'NuscenesMetric',
                                      'use_lidar': True,
                                      'version': 'v1.0-trainval'}],
                         'model': {'deploy_model': {'bev_decoders': [{'bev_size': [51.2,
                                                                                   51.2,
                                                                                   0.8],
                                                                      'decode_to_lidar': True,
                                                                      'decoder': {'bev_size': [51.2,
                                                                                               51.2,
                                                                                               0.8],
                                                                                  'class_names': ['car',
                                                                                                  'truck',
                                                                                                  'trailer',
                                                                                                  'bus',
                                                                                                  'construction_vehicle',
                                                                                                  'bicycle',
                                                                                                  'motorcycle',
                                                                                                  'pedestrian',
                                                                                                  'traffic_cone',
                                                                                                  'barrier'],
                                                                                  'decode_to_ego': False,
                                                                                  'min_radius': [4,
                                                                                                 12,
                                                                                                 10,
                                                                                                 1,
                                                                                                 0.85,
                                                                                                 0.175],
                                                                                  'nms_threshold': [0.2,
                                                                                                    0.2,
                                                                                                    0.2,
                                                                                                    0.2,
                                                                                                    0.2,
                                                                                                    0.5],
                                                                                  'nms_type': ['rotate',
                                                                                               'rotate',
                                                                                               'rotate',
                                                                                               'circle',
                                                                                               'rotate',
                                                                                               'rotate'],
                                                                                  'norm_bbox': True,
                                                                                  'out_size_factor': 1,
                                                                                  'score_threshold': 0.1,
                                                                                  'tasks': [{'class_names': ['car'],
                                                                                             'name': 'car',
                                                                                             'num_class': 1},
                                                                                            {'class_names': ['truck',
                                                                                                             'construction_vehicle'],
                                                                                             'name': 'truck',
                                                                                             'num_class': 2},
                                                                                            {'class_names': ['bus',
                                                                                                             'trailer'],
                                                                                             'name': 'bus',
                                                                                             'num_class': 2},
                                                                                            {'class_names': ['barrier'],
                                                                                             'name': 'barrier',
                                                                                             'num_class': 1},
                                                                                            {'class_names': ['motorcycle',
                                                                                                             'bicycle'],
                                                                                             'name': 'bicycle',
                                                                                             'num_class': 2},
                                                                                            {'class_names': ['pedestrian',
                                                                                                             'traffic_cone'],
                                                                                             'name': 'pedestrian',
                                                                                             'num_class': 2}],
                                                                                  'type': 'CenterPointDecoder',
                                                                                  'use_max_pool': True},
                                                                      'head': {'common_heads': {'dim': [3,
                                                                                                        2],
                                                                                                'height': [1,
                                                                                                           2],
                                                                                                'reg': [2,
                                                                                                        2],
                                                                                                'rot': [2,
                                                                                                        2],
                                                                                                'vel': [2,
                                                                                                        2]},
                                                                               'final_kernel': 3,
                                                                               'head_conv_channels': 64,
                                                                               'in_channels': 256,
                                                                               'init_bias': -2.19,
                                                                               'num_heatmap_convs': 2,
                                                                               'share_conv_channels': 64,
                                                                               'share_conv_num': 1,
                                                                               'tasks': [{'class_names': ['car'],
                                                                                          'name': 'car',
                                                                                          'num_class': 1},
                                                                                         {'class_names': ['truck',
                                                                                                          'construction_vehicle'],
                                                                                          'name': 'truck',
                                                                                          'num_class': 2},
                                                                                         {'class_names': ['bus',
                                                                                                          'trailer'],
                                                                                          'name': 'bus',
                                                                                          'num_class': 2},
                                                                                         {'class_names': ['barrier'],
                                                                                          'name': 'barrier',
                                                                                          'num_class': 1},
                                                                                         {'class_names': ['motorcycle',
                                                                                                          'bicycle'],
                                                                                          'name': 'bicycle',
                                                                                          'num_class': 2},
                                                                                         {'class_names': ['pedestrian',
                                                                                                          'traffic_cone'],
                                                                                          'name': 'pedestrian',
                                                                                          'num_class': 2}],
                                                                               'type': 'DepthwiseSeparableCenterPointHead'},
                                                                      'loss_cls': {'loss_weight': 1.0,
                                                                                   'type': 'GaussianFocalLoss'},
                                                                      'loss_reg': {'loss_weight': 0.25,
                                                                                   'type': 'L1Loss'},
                                                                      'name': 'bev_det',
                                                                      'point_cloud_range': [-51.2,
                                                                                            -51.2,
                                                                                            -5.0,
                                                                                            51.2,
                                                                                            51.2,
                                                                                            3.0],
                                                                      'target': {'bbox_weight': [1.0,
                                                                                                 1.0,
                                                                                                 1.0,
                                                                                                 1.0,
                                                                                                 1.0,
                                                                                                 1.0,
                                                                                                 1.0,
                                                                                                 1.0,
                                                                                                 0.2,
                                                                                                 0.2],
                                                                                 'class_names': ['car',
                                                                                                 'truck',
                                                                                                 'trailer',
                                                                                                 'bus',
                                                                                                 'construction_vehicle',
                                                                                                 'bicycle',
                                                                                                 'motorcycle',
                                                                                                 'pedestrian',
                                                                                                 'traffic_cone',
                                                                                                 'barrier'],
                                                                                 'gaussian_overlap': 0.1,
                                                                                 'max_num': 500,
                                                                                 'min_radius': 2,
                                                                                 'norm_bbox': True,
                                                                                 'out_size_factor': 1,
                                                                                 'tasks': [{'class_names': ['car'],
                                                                                            'name': 'car',
                                                                                            'num_class': 1},
                                                                                           {'class_names': ['truck',
                                                                                                            'construction_vehicle'],
                                                                                            'name': 'truck',
                                                                                            'num_class': 2},
                                                                                           {'class_names': ['bus',
                                                                                                            'trailer'],
                                                                                            'name': 'bus',
                                                                                            'num_class': 2},
                                                                                           {'class_names': ['barrier'],
                                                                                            'name': 'barrier',
                                                                                            'num_class': 1},
                                                                                           {'class_names': ['motorcycle',
                                                                                                            'bicycle'],
                                                                                            'name': 'bicycle',
                                                                                            'num_class': 2},
                                                                                           {'class_names': ['pedestrian',
                                                                                                            'traffic_cone'],
                                                                                            'name': 'pedestrian',
                                                                                            'num_class': 2}],
                                                                                 'type': 'CenterPointTarget'},
                                                                      'task_weight': 1.0,
                                                                      'type': 'BevFusionCenterPointDetDecoder'}],
                                                    'bev_h': 128,
                                                    'bev_w': 128,
                                                    'camera_network': {'backbone': {'act_layer': ['nn.GELU',
                                                                                                  'nn.GELU',
                                                                                                  'nn.GELU',
                                                                                                  'nn.GELU'],
                                                                                    'attention_block_num': [0,
                                                                                                            0,
                                                                                                            0,
                                                                                                            0],
                                                                                    'block_cls': ['GroupDWCB',
                                                                                                  'GroupDWCB',
                                                                                                  'AltDWCB',
                                                                                                  'DWCB'],
                                                                                    'block_nums': [4,
                                                                                                   3,
                                                                                                   8,
                                                                                                   6],
                                                                                    'down_cls': ['S2DDown',
                                                                                                 'S2DDown',
                                                                                                 'S2DDown',
                                                                                                 'None'],
                                                                                    'embed_dims': [64,
                                                                                                   128,
                                                                                                   192,
                                                                                                   384],
                                                                                    'extra_act': [False,
                                                                                                  False,
                                                                                                  False,
                                                                                                  False],
                                                                                    'feature_mix_channel': 1024,
                                                                                    'final_expand_channel': 0,
                                                                                    'in_channels': 3,
                                                                                    'include_top': False,
                                                                                    'layer_scale_init_value': 1e-05,
                                                                                    'mlp_ratio_attn': 2,
                                                                                    'mlp_ratios': [2,
                                                                                                   2,
                                                                                                   2,
                                                                                                   3],
                                                                                    'num_classes': 1000,
                                                                                    'patch_embed': 'origin',
                                                                                    'type': 'HENet',
                                                                                    'use_layer_scale': [True,
                                                                                                        True,
                                                                                                        True,
                                                                                                        True]},
                                                                       'neck': {'bn_kwargs': {'eps': 1e-05,
                                                                                              'momentum': 0.1},
                                                                                'in_channels': [384],
                                                                                'in_strides': [32],
                                                                                'out_channels': [256],
                                                                                'out_strides': [32],
                                                                                'type': 'FPN'},
                                                                       'out_indices': [-1],
                                                                       'type': 'BevFormer',
                                                                       'view_transformer': {'bev_h': 128,
                                                                                            'bev_w': 128,
                                                                                            'embed_dims': 256,
                                                                                            'encoder': {'bev_h': 128,
                                                                                                        'bev_w': 128,
                                                                                                        'embed_dims': 256,
                                                                                                        'encoder_layer': {'crossattention': {'bev_h': 128,
                                                                                                                                             'bev_w': 128,
                                                                                                                                             'deformable_attention': {'embed_dims': 256,
                                                                                                                                                                      'feats_size': [[30,
                                                                                                                                                                                      16]],
                                                                                                                                                                      'grid_align_num': 64,
                                                                                                                                                                      'num_levels': 1,
                                                                                                                                                                      'num_points': 2,
                                                                                                                                                                      'type': 'HorizonMultiScaleDeformableAttention3D'},
                                                                                                                                             'embed_dims': 256,
                                                                                                                                             'max_camoverlap_num': 2,
                                                                                                                                             'type': 'HorizonSpatialCrossAttention'},
                                                                                                                          'dropout': 0.1,
                                                                                                                          'embed_dims': 256,
                                                                                                                          'selfattention': {'batch_first': True,
                                                                                                                                            'embed_dims': 256,
                                                                                                                                            'feats_size': [[128,
                                                                                                                                                            128]],
                                                                                                                                            'grid_align_num': 4,
                                                                                                                                            'num_levels': 1,
                                                                                                                                            'num_points': 2,
                                                                                                                                            'type': 'HorizonMultiScaleDeformableAttention'},
                                                                                                                          'type': 'SingleBEVFormerEncoderLayer'},
                                                                                                        'num_layers': 1,
                                                                                                        'return_intermediate': False,
                                                                                                        'type': 'SingleBEVFormerEncoder'},
                                                                                            'in_indices': [-1],
                                                                                            'max_camoverlap_num': 2,
                                                                                            'num_points_in_pillar': 2,
                                                                                            'pc_range': [-51.2,
                                                                                                         -51.2,
                                                                                                         -5.0,
                                                                                                         51.2,
                                                                                                         51.2,
                                                                                                         3.0],
                                                                                            'positional_encoding': {'col_num_embed': 128,
                                                                                                                    'num_feats': 128,
                                                                                                                    'row_num_embed': 128,
                                                                                                                    'type': 'LearnedPositionalEncoding'},
                                                                                            'queue_length': 1,
                                                                                            'single_bev': True,
                                                                                            'type': 'SingleBevFormerViewTransformer',
                                                                                            'use_lidar2img': True,
                                                                                            'virtual_bev_h': 64,
                                                                                            'virtual_bev_w': 80}},
                                                    'fuse_module': {'fuse_c': 256,
                                                                    'input_c': 640,
                                                                    'type': 'BevFuseModule'},
                                                    'lidar_network': {'backbone': {'num_input_features': 64,
                                                                                   'quantize': True,
                                                                                   'type': 'PointPillarScatter',
                                                                                   'use_horizon_pillar_scatter': True},
                                                                      'feature_map_shape': array([512, 512,   1]),
                                                                      'neck': {'bn_kwargs': None,
                                                                               'down_layer_channels': [64,
                                                                                                       128,
                                                                                                       256],
                                                                               'down_layer_nums': [3,
                                                                                                   5,
                                                                                                   5],
                                                                               'down_layer_strides': [2,
                                                                                                      2,
                                                                                                      2],
                                                                               'in_feature_channel': 64,
                                                                               'quantize': True,
                                                                               'type': 'SECONDNeck',
                                                                               'up_layer_channels': [128,
                                                                                                     128,
                                                                                                     128],
                                                                               'up_layer_strides': [0.5,
                                                                                                    1,
                                                                                                    2],
                                                                               'use_relu6': False},
                                                                      'pre_process': {'fixed_voxels_num': 30000,
                                                                                      'max_points_in_voxel': 20,
                                                                                      'max_voxels_num': [30000,
                                                                                                         40000],
                                                                                      'norm_dims': [0,
                                                                                                    1,
                                                                                                    2,
                                                                                                    3],
                                                                                      'norm_range': [-51.2,
                                                                                                     -51.2,
                                                                                                     -5.0,
                                                                                                     0.0,
                                                                                                     51.2,
                                                                                                     51.2,
                                                                                                     3.0,
                                                                                                     255.0],
                                                                                      'pc_range': [-51.2,
                                                                                                   -51.2,
                                                                                                   -5.0,
                                                                                                   51.2,
                                                                                                   51.2,
                                                                                                   3.0],
                                                                                      'type': 'PaddedCenterPointPreProcess',
                                                                                      'voxel_size': [0.2,
                                                                                                     0.2,
                                                                                                     8]},
                                                                      'reader': {'bn_kwargs': None,
                                                                                 'hw_reverse': True,
                                                                                 'num_filters': [64],
                                                                                 'num_input_features': 5,
                                                                                 'pc_range': [-51.2,
                                                                                              -51.2,
                                                                                              -5.0,
                                                                                              51.2,
                                                                                              51.2,
                                                                                              3.0],
                                                                                 'pool_size': [20,
                                                                                               1],
                                                                                 'quantize': True,
                                                                                 'type': 'PillarFeatureNet',
                                                                                 'use_4dim': True,
                                                                                 'use_conv': True,
                                                                                 'voxel_size': [0.2,
                                                                                                0.2,
                                                                                                8],
                                                                                 'with_distance': False},
                                                                      'type': 'CenterPointDetector'},
                                                    'type': 'BevFusion'},
                                   'ir_model': {'model_path': './tmp_models/bevfusion_centerpoint_pointpillar_henet_multisensor_multitask_nuscenes/quantized.bc',
                                                'type': 'HbirModule'},
                                   'type': 'BevFusionHbirInfer'},
                         'type': 'Predictor'},
 'batch_processor': {'enable_amp': True,
                     'loss_collector': <function loss_collector at 0x7f65b5a76950>,
                     'need_grad_update': True,
                     'type': 'MultiBatchProcessor'},
 'batch_size_per_gpu': 4,
 'bev_decoders': [{'bev_size': [51.2, 51.2, 0.8],
                   'decode_to_lidar': True,
                   'decoder': {'bev_size': [51.2, 51.2, 0.8],
                               'class_names': ['car',
                                               'truck',
                                               'trailer',
                                               'bus',
                                               'construction_vehicle',
                                               'bicycle',
                                               'motorcycle',
                                               'pedestrian',
                                               'traffic_cone',
                                               'barrier'],
                               'decode_to_ego': False,
                               'min_radius': [4, 12, 10, 1, 0.85, 0.175],
                               'nms_threshold': [0.2, 0.2, 0.2, 0.2, 0.2, 0.5],
                               'nms_type': ['rotate',
                                            'rotate',
                                            'rotate',
                                            'circle',
                                            'rotate',
                                            'rotate'],
                               'norm_bbox': True,
                               'out_size_factor': 1,
                               'score_threshold': 0.1,
                               'tasks': [{'class_names': ['car'],
                                          'name': 'car',
                                          'num_class': 1},
                                         {'class_names': ['truck',
                                                          'construction_vehicle'],
                                          'name': 'truck',
                                          'num_class': 2},
                                         {'class_names': ['bus', 'trailer'],
                                          'name': 'bus',
                                          'num_class': 2},
                                         {'class_names': ['barrier'],
                                          'name': 'barrier',
                                          'num_class': 1},
                                         {'class_names': ['motorcycle',
                                                          'bicycle'],
                                          'name': 'bicycle',
                                          'num_class': 2},
                                         {'class_names': ['pedestrian',
                                                          'traffic_cone'],
                                          'name': 'pedestrian',
                                          'num_class': 2}],
                               'type': 'CenterPointDecoder',
                               'use_max_pool': True},
                   'head': {'common_heads': {'dim': [3, 2],
                                             'height': [1, 2],
                                             'reg': [2, 2],
                                             'rot': [2, 2],
                                             'vel': [2, 2]},
                            'final_kernel': 3,
                            'head_conv_channels': 64,
                            'in_channels': 256,
                            'init_bias': -2.19,
                            'num_heatmap_convs': 2,
                            'share_conv_channels': 64,
                            'share_conv_num': 1,
                            'tasks': [{'class_names': ['car'],
                                       'name': 'car',
                                       'num_class': 1},
                                      {'class_names': ['truck',
                                                       'construction_vehicle'],
                                       'name': 'truck',
                                       'num_class': 2},
                                      {'class_names': ['bus', 'trailer'],
                                       'name': 'bus',
                                       'num_class': 2},
                                      {'class_names': ['barrier'],
                                       'name': 'barrier',
                                       'num_class': 1},
                                      {'class_names': ['motorcycle', 'bicycle'],
                                       'name': 'bicycle',
                                       'num_class': 2},
                                      {'class_names': ['pedestrian',
                                                       'traffic_cone'],
                                       'name': 'pedestrian',
                                       'num_class': 2}],
                            'type': 'DepthwiseSeparableCenterPointHead'},
                   'loss_cls': {'loss_weight': 1.0,
                                'type': 'GaussianFocalLoss'},
                   'loss_reg': {'loss_weight': 0.25, 'type': 'L1Loss'},
                   'name': 'bev_det',
                   'point_cloud_range': [-51.2, -51.2, -5.0, 51.2, 51.2, 3.0],
                   'target': {'bbox_weight': [1.0,
                                              1.0,
                                              1.0,
                                              1.0,
                                              1.0,
                                              1.0,
                                              1.0,
                                              1.0,
                                              0.2,
                                              0.2],
                              'class_names': ['car',
                                              'truck',
                                              'trailer',
                                              'bus',
                                              'construction_vehicle',
                                              'bicycle',
                                              'motorcycle',
                                              'pedestrian',
                                              'traffic_cone',
                                              'barrier'],
                              'gaussian_overlap': 0.1,
                              'max_num': 500,
                              'min_radius': 2,
                              'norm_bbox': True,
                              'out_size_factor': 1,
                              'tasks': [{'class_names': ['car'],
                                         'name': 'car',
                                         'num_class': 1},
                                        {'class_names': ['truck',
                                                         'construction_vehicle'],
                                         'name': 'truck',
                                         'num_class': 2},
                                        {'class_names': ['bus', 'trailer'],
                                         'name': 'bus',
                                         'num_class': 2},
                                        {'class_names': ['barrier'],
                                         'name': 'barrier',
                                         'num_class': 1},
                                        {'class_names': ['motorcycle',
                                                         'bicycle'],
                                         'name': 'bicycle',
                                         'num_class': 2},
                                        {'class_names': ['pedestrian',
                                                         'traffic_cone'],
                                         'name': 'pedestrian',
                                         'num_class': 2}],
                              'type': 'CenterPointTarget'},
                   'task_weight': 1.0,
                   'type': 'BevFusionCenterPointDetDecoder'}],
 'bev_h_': 128,
 'bev_head': {'bev_size': [51.2, 51.2, 0.8],
              'decode_to_lidar': True,
              'decoder': {'bev_size': [51.2, 51.2, 0.8],
                          'class_names': ['car',
                                          'truck',
                                          'trailer',
                                          'bus',
                                          'construction_vehicle',
                                          'bicycle',
                                          'motorcycle',
                                          'pedestrian',
                                          'traffic_cone',
                                          'barrier'],
                          'decode_to_ego': False,
                          'min_radius': [4, 12, 10, 1, 0.85, 0.175],
                          'nms_threshold': [0.2, 0.2, 0.2, 0.2, 0.2, 0.5],
                          'nms_type': ['rotate',
                                       'rotate',
                                       'rotate',
                                       'circle',
                                       'rotate',
                                       'rotate'],
                          'norm_bbox': True,
                          'out_size_factor': 1,
                          'score_threshold': 0.1,
                          'tasks': [{'class_names': ['car'],
                                     'name': 'car',
                                     'num_class': 1},
                                    {'class_names': ['truck',
                                                     'construction_vehicle'],
                                     'name': 'truck',
                                     'num_class': 2},
                                    {'class_names': ['bus', 'trailer'],
                                     'name': 'bus',
                                     'num_class': 2},
                                    {'class_names': ['barrier'],
                                     'name': 'barrier',
                                     'num_class': 1},
                                    {'class_names': ['motorcycle', 'bicycle'],
                                     'name': 'bicycle',
                                     'num_class': 2},
                                    {'class_names': ['pedestrian',
                                                     'traffic_cone'],
                                     'name': 'pedestrian',
                                     'num_class': 2}],
                          'type': 'CenterPointDecoder',
                          'use_max_pool': True},
              'head': {'common_heads': {'dim': [3, 2],
                                        'height': [1, 2],
                                        'reg': [2, 2],
                                        'rot': [2, 2],
                                        'vel': [2, 2]},
                       'final_kernel': 3,
                       'head_conv_channels': 64,
                       'in_channels': 256,
                       'init_bias': -2.19,
                       'num_heatmap_convs': 2,
                       'share_conv_channels': 64,
                       'share_conv_num': 1,
                       'tasks': [{'class_names': ['car'],
                                  'name': 'car',
                                  'num_class': 1},
                                 {'class_names': ['truck',
                                                  'construction_vehicle'],
                                  'name': 'truck',
                                  'num_class': 2},
                                 {'class_names': ['bus', 'trailer'],
                                  'name': 'bus',
                                  'num_class': 2},
                                 {'class_names': ['barrier'],
                                  'name': 'barrier',
                                  'num_class': 1},
                                 {'class_names': ['motorcycle', 'bicycle'],
                                  'name': 'bicycle',
                                  'num_class': 2},
                                 {'class_names': ['pedestrian', 'traffic_cone'],
                                  'name': 'pedestrian',
                                  'num_class': 2}],
                       'type': 'DepthwiseSeparableCenterPointHead'},
              'loss_cls': {'loss_weight': 1.0, 'type': 'GaussianFocalLoss'},
              'loss_reg': {'loss_weight': 0.25, 'type': 'L1Loss'},
              'name': 'bev_det',
              'point_cloud_range': [-51.2, -51.2, -5.0, 51.2, 51.2, 3.0],
              'target': {'bbox_weight': [1.0,
                                         1.0,
                                         1.0,
                                         1.0,
                                         1.0,
                                         1.0,
                                         1.0,
                                         1.0,
                                         0.2,
                                         0.2],
                         'class_names': ['car',
                                         'truck',
                                         'trailer',
                                         'bus',
                                         'construction_vehicle',
                                         'bicycle',
                                         'motorcycle',
                                         'pedestrian',
                                         'traffic_cone',
                                         'barrier'],
                         'gaussian_overlap': 0.1,
                         'max_num': 500,
                         'min_radius': 2,
                         'norm_bbox': True,
                         'out_size_factor': 1,
                         'tasks': [{'class_names': ['car'],
                                    'name': 'car',
                                    'num_class': 1},
                                   {'class_names': ['truck',
                                                    'construction_vehicle'],
                                    'name': 'truck',
                                    'num_class': 2},
                                   {'class_names': ['bus', 'trailer'],
                                    'name': 'bus',
                                    'num_class': 2},
                                   {'class_names': ['barrier'],
                                    'name': 'barrier',
                                    'num_class': 1},
                                   {'class_names': ['motorcycle', 'bicycle'],
                                    'name': 'bicycle',
                                    'num_class': 2},
                                   {'class_names': ['pedestrian',
                                                    'traffic_cone'],
                                    'name': 'pedestrian',
                                    'num_class': 2}],
                         'type': 'CenterPointTarget'},
              'task_weight': 1.0,
              'type': 'BevFusionCenterPointDetDecoder'},
 'bev_size': [51.2, 51.2, 0.8],
 'bev_size_occ': [40, 40],
 'bev_sparse_rate': 0.4,
 'bev_val_nuscenes_metric': {'classes': ['car',
                                         'truck',
                                         'trailer',
                                         'bus',
                                         'construction_vehicle',
                                         'bicycle',
                                         'motorcycle',
                                         'pedestrian',
                                         'traffic_cone',
                                         'barrier'],
                             'data_root': 'data/nuscenes',
                             'lidar_key': 'sensor2ego',
                             'save_prefix': './metric_results/bevfusion_centerpoint_pointpillar_henet_multisensor_multitask_nuscenes',
                             'trans_lidar_dim': True,
                             'trans_lidar_rot': False,
                             'type': 'NuscenesMetric',
                             'use_lidar': True,
                             'version': 'v1.0-trainval'},
 'bev_w_': 128,
 'bevfusion_centerpoint_bboxes_adapter': <module 'bevfusion_centerpoint_bboxes_adapter' from '/open_explorer/samples/ai_toolchain/horizon_model_train_sample/scripts/tools/bevfusion_centerpoint_bboxes_adapter.py'>,
 'bn_kwargs': {'eps': 2e-05, 'momentum': 0.1},
 'calibration_batch_processor': {'loss_collector': None,
                                 'need_grad_update': False,
                                 'type': 'MultiBatchProcessor'},
 'calibration_data_loader': {'batch_size': 1,
                             'collate_fn': functools.partial(<function collate_bevfusion_centerpoint at 0x7f65b5a76050>, bev_size=(51.2, 51.2, 0.8), point_cloud_range=[-51.2, -51.2, -5.0, 51.2, 51.2, 3.0], max_lidar_points=120000),
                             'dataset': {'bev_range': [-51.2,
                                                       -51.2,
                                                       -5.0,
                                                       51.2,
                                                       51.2,
                                                       3.0],
                                         'data_path': 'data/nuscenes/pack/horizon_bevfusion_nuscenes/val_lmdb/',
                                         'load_dim': 5,
                                         'map_path': None,
                                         'map_size': None,
                                         'need_lidar': True,
                                         'num_seq': 1,
                                         'num_sweeps': 9,
                                         'transforms': [{'size': [512, 960],
                                                         'type': 'MultiViewsImgResize'},
                                                        {'transforms': [{'type': 'PILToTensor'},
                                                                        {'divisor': 32,
                                                                         'type': 'Pad'},
                                                                        {'rgb_input': True,
                                                                         'type': 'BgrToYuv444'},
                                                                        {'mean': 128.0,
                                                                         'std': 128.0,
                                                                         'type': 'Normalize'}],
                                                         'type': 'MultiViewsImgTransformWrapper'}],
                                         'type': 'NuscenesBevSequenceDataset',
                                         'use_dim': [0, 1, 2, 3, 4],
                                         'with_bev_bboxes': False,
                                         'with_bev_mask': False,
                                         'with_ego_bboxes': True,
                                         'with_lidar_bboxes': True,
                                         'with_lidar_occ': True},
                             'num_workers': 4,
                             'pin_memory': True,
                             'shuffle': False,
                             'type': <class 'torch.utils.data.dataloader.DataLoader'>},
 'calibration_example_data_loader': {'batch_size': 1,
                                     'collate_fn': functools.partial(<function collate_bevfusion_centerpoint at 0x7f65b5a76050>, bev_size=(51.2, 51.2, 0.8), point_cloud_range=[-51.2, -51.2, -5.0, 51.2, 51.2, 3.0], max_lidar_points=120000),
                                     'dataset': {'bev_range': [-51.2,
                                                               -51.2,
                                                               -5.0,
                                                               51.2,
                                                               51.2,
                                                               3.0],
                                                 'data_path': 'data/nuscenes/pack/horizon_bevfusion_nuscenes/val_lmdb/',
                                                 'load_dim': 5,
                                                 'map_path': None,
                                                 'map_size': None,
                                                 'need_lidar': True,
                                                 'num_seq': 1,
                                                 'num_sweeps': 9,
                                                 'transforms': [{'size': [512,
                                                                          960],
                                                                 'type': 'MultiViewsImgResize'},
                                                                {'transforms': [{'type': 'PILToTensor'},
                                                                                {'divisor': 32,
                                                                                 'type': 'Pad'},
                                                                                {'rgb_input': True,
                                                                                 'type': 'BgrToYuv444'},
                                                                                {'mean': 128.0,
                                                                                 'std': 128.0,
                                                                                 'type': 'Normalize'}],
                                                                 'type': 'MultiViewsImgTransformWrapper'}],
                                                 'type': 'NuscenesBevSequenceDataset',
                                                 'use_dim': [0, 1, 2, 3, 4],
                                                 'with_bev_bboxes': False,
                                                 'with_bev_mask': False,
                                                 'with_ego_bboxes': True,
                                                 'with_lidar_bboxes': True,
                                                 'with_lidar_occ': True},
                                     'num_workers': 0,
                                     'pin_memory': True,
                                     'shuffle': False,
                                     'type': <class 'torch.utils.data.dataloader.DataLoader'>},
 'calibration_predictor': {'batch_processor': {'loss_collector': None,
                                               'need_grad_update': False,
                                               'type': 'MultiBatchProcessor'},
                           'callbacks': [{'epoch_log_freq': 1,
                                          'log_prefix': 'Validation '
                                                        'bevfusion_centerpoint_pointpillar_henet_multisensor_multitask_nuscenes',
                                          'metric_update_func': <function update_metric at 0x7f65b5a769e0>,
                                          'step_log_freq': 10000,
                                          'type': 'MetricUpdater'}],
                           'data_loader': [{'batch_size': 1,
                                            'collate_fn': functools.partial(<function collate_bevfusion_centerpoint at 0x7f65b5a76050>, bev_size=(51.2, 51.2, 0.8), point_cloud_range=[-51.2, -51.2, -5.0, 51.2, 51.2, 3.0], max_lidar_points=120000),
                                            'dataset': {'bev_range': [-51.2,
                                                                      -51.2,
                                                                      -5.0,
                                                                      51.2,
                                                                      51.2,
                                                                      3.0],
                                                        'data_path': 'data/nuscenes/pack/horizon_bevfusion_nuscenes/val_lmdb/',
                                                        'load_dim': 5,
                                                        'map_path': None,
                                                        'map_size': None,
                                                        'need_lidar': True,
                                                        'num_seq': 1,
                                                        'num_sweeps': 9,
                                                        'transforms': [{'size': [512,
                                                                                 960],
                                                                        'type': 'MultiViewsImgResize'},
                                                                       {'transforms': [{'type': 'PILToTensor'},
                                                                                       {'divisor': 32,
                                                                                        'type': 'Pad'},
                                                                                       {'rgb_input': True,
                                                                                        'type': 'BgrToYuv444'},
                                                                                       {'mean': 128.0,
                                                                                        'std': 128.0,
                                                                                        'type': 'Normalize'}],
                                                                        'type': 'MultiViewsImgTransformWrapper'}],
                                                        'type': 'NuscenesBevSequenceDataset',
                                                        'use_dim': [0,
                                                                    1,
                                                                    2,
                                                                    3,
                                                                    4],
                                                        'with_bev_bboxes': False,
                                                        'with_bev_mask': False,
                                                        'with_ego_bboxes': True,
                                                        'with_lidar_bboxes': True,
                                                        'with_lidar_occ': True},
                                            'num_workers': 4,
                                            'pin_memory': True,
                                            'sampler': {'type': <class 'torch.utils.data.distributed.DistributedSampler'>},
                                            'shuffle': False,
                                            'type': <class 'torch.utils.data.dataloader.DataLoader'>}],
                           'device': None,
                           'log_interval': 100,
                           'metrics': [{'classes': ['car',
                                                    'truck',
                                                    'trailer',
                                                    'bus',
                                                    'construction_vehicle',
                                                    'bicycle',
                                                    'motorcycle',
                                                    'pedestrian',
                                                    'traffic_cone',
                                                    'barrier'],
                                        'data_root': 'data/nuscenes',
                                        'lidar_key': 'sensor2ego',
                                        'save_prefix': './metric_results/bevfusion_centerpoint_pointpillar_henet_multisensor_multitask_nuscenes',
                                        'trans_lidar_dim': True,
                                        'trans_lidar_rot': False,
                                        'type': 'NuscenesMetric',
                                        'use_lidar': True,
                                        'version': 'v1.0-trainval'}],
                           'model': {'bev_decoders': [{'bev_size': [51.2,
                                                                    51.2,
                                                                    0.8],
                                                       'decode_to_lidar': True,
                                                       'decoder': {'bev_size': [51.2,
                                                                                51.2,
                                                                                0.8],
                                                                   'class_names': ['car',
                                                                                   'truck',
                                                                                   'trailer',
                                                                                   'bus',
                                                                                   'construction_vehicle',
                                                                                   'bicycle',
                                                                                   'motorcycle',
                                                                                   'pedestrian',
                                                                                   'traffic_cone',
                                                                                   'barrier'],
                                                                   'decode_to_ego': False,
                                                                   'min_radius': [4,
                                                                                  12,
                                                                                  10,
                                                                                  1,
                                                                                  0.85,
                                                                                  0.175],
                                                                   'nms_threshold': [0.2,
                                                                                     0.2,
                                                                                     0.2,
                                                                                     0.2,
                                                                                     0.2,
                                                                                     0.5],
                                                                   'nms_type': ['rotate',
                                                                                'rotate',
                                                                                'rotate',
                                                                                'circle',
                                                                                'rotate',
                                                                                'rotate'],
                                                                   'norm_bbox': True,
                                                                   'out_size_factor': 1,
                                                                   'score_threshold': 0.1,
                                                                   'tasks': [{'class_names': ['car'],
                                                                              'name': 'car',
                                                                              'num_class': 1},
                                                                             {'class_names': ['truck',
                                                                                              'construction_vehicle'],
                                                                              'name': 'truck',
                                                                              'num_class': 2},
                                                                             {'class_names': ['bus',
                                                                                              'trailer'],
                                                                              'name': 'bus',
                                                                              'num_class': 2},
                                                                             {'class_names': ['barrier'],
                                                                              'name': 'barrier',
                                                                              'num_class': 1},
                                                                             {'class_names': ['motorcycle',
                                                                                              'bicycle'],
                                                                              'name': 'bicycle',
                                                                              'num_class': 2},
                                                                             {'class_names': ['pedestrian',
                                                                                              'traffic_cone'],
                                                                              'name': 'pedestrian',
                                                                              'num_class': 2}],
                                                                   'type': 'CenterPointDecoder',
                                                                   'use_max_pool': True},
                                                       'head': {'common_heads': {'dim': [3,
                                                                                         2],
                                                                                 'height': [1,
                                                                                            2],
                                                                                 'reg': [2,
                                                                                         2],
                                                                                 'rot': [2,
                                                                                         2],
                                                                                 'vel': [2,
                                                                                         2]},
                                                                'final_kernel': 3,
                                                                'head_conv_channels': 64,
                                                                'in_channels': 256,
                                                                'init_bias': -2.19,
                                                                'num_heatmap_convs': 2,
                                                                'share_conv_channels': 64,
                                                                'share_conv_num': 1,
                                                                'tasks': [{'class_names': ['car'],
                                                                           'name': 'car',
                                                                           'num_class': 1},
                                                                          {'class_names': ['truck',
                                                                                           'construction_vehicle'],
                                                                           'name': 'truck',
                                                                           'num_class': 2},
                                                                          {'class_names': ['bus',
                                                                                           'trailer'],
                                                                           'name': 'bus',
                                                                           'num_class': 2},
                                                                          {'class_names': ['barrier'],
                                                                           'name': 'barrier',
                                                                           'num_class': 1},
                                                                          {'class_names': ['motorcycle',
                                                                                           'bicycle'],
                                                                           'name': 'bicycle',
                                                                           'num_class': 2},
                                                                          {'class_names': ['pedestrian',
                                                                                           'traffic_cone'],
                                                                           'name': 'pedestrian',
                                                                           'num_class': 2}],
                                                                'type': 'DepthwiseSeparableCenterPointHead'},
                                                       'loss_cls': {'loss_weight': 1.0,
                                                                    'type': 'GaussianFocalLoss'},
                                                       'loss_reg': {'loss_weight': 0.25,
                                                                    'type': 'L1Loss'},
                                                       'name': 'bev_det',
                                                       'point_cloud_range': [-51.2,
                                                                             -51.2,
                                                                             -5.0,
                                                                             51.2,
                                                                             51.2,
                                                                             3.0],
                                                       'target': {'bbox_weight': [1.0,
                                                                                  1.0,
                                                                                  1.0,
                                                                                  1.0,
                                                                                  1.0,
                                                                                  1.0,
                                                                                  1.0,
                                                                                  1.0,
                                                                                  0.2,
                                                                                  0.2],
                                                                  'class_names': ['car',
                                                                                  'truck',
                                                                                  'trailer',
                                                                                  'bus',
                                                                                  'construction_vehicle',
                                                                                  'bicycle',
                                                                                  'motorcycle',
                                                                                  'pedestrian',
                                                                                  'traffic_cone',
                                                                                  'barrier'],
                                                                  'gaussian_overlap': 0.1,
                                                                  'max_num': 500,
                                                                  'min_radius': 2,
                                                                  'norm_bbox': True,
                                                                  'out_size_factor': 1,
                                                                  'tasks': [{'class_names': ['car'],
                                                                             'name': 'car',
                                                                             'num_class': 1},
                                                                            {'class_names': ['truck',
                                                                                             'construction_vehicle'],
                                                                             'name': 'truck',
                                                                             'num_class': 2},
                                                                            {'class_names': ['bus',
                                                                                             'trailer'],
                                                                             'name': 'bus',
                                                                             'num_class': 2},
                                                                            {'class_names': ['barrier'],
                                                                             'name': 'barrier',
                                                                             'num_class': 1},
                                                                            {'class_names': ['motorcycle',
                                                                                             'bicycle'],
                                                                             'name': 'bicycle',
                                                                             'num_class': 2},
                                                                            {'class_names': ['pedestrian',
                                                                                             'traffic_cone'],
                                                                             'name': 'pedestrian',
                                                                             'num_class': 2}],
                                                                  'type': 'CenterPointTarget'},
                                                       'task_weight': 1.0,
                                                       'type': 'BevFusionCenterPointDetDecoder'}],
                                     'bev_h': 128,
                                     'bev_w': 128,
                                     'camera_network': {'backbone': {'act_layer': ['nn.GELU',
                                                                                   'nn.GELU',
                                                                                   'nn.GELU',
                                                                                   'nn.GELU'],
                                                                     'attention_block_num': [0,
                                                                                             0,
                                                                                             0,
                                                                                             0],
                                                                     'block_cls': ['GroupDWCB',
                                                                                   'GroupDWCB',
                                                                                   'AltDWCB',
                                                                                   'DWCB'],
                                                                     'block_nums': [4,
                                                                                    3,
                                                                                    8,
                                                                                    6],
                                                                     'down_cls': ['S2DDown',
                                                                                  'S2DDown',
                                                                                  'S2DDown',
                                                                                  'None'],
                                                                     'embed_dims': [64,
                                                                                    128,
                                                                                    192,
                                                                                    384],
                                                                     'extra_act': [False,
                                                                                   False,
                                                                                   False,
                                                                                   False],
                                                                     'feature_mix_channel': 1024,
                                                                     'final_expand_channel': 0,
                                                                     'in_channels': 3,
                                                                     'include_top': False,
                                                                     'layer_scale_init_value': 1e-05,
                                                                     'mlp_ratio_attn': 2,
                                                                     'mlp_ratios': [2,
                                                                                    2,
                                                                                    2,
                                                                                    3],
                                                                     'num_classes': 1000,
                                                                     'patch_embed': 'origin',
                                                                     'type': 'HENet',
                                                                     'use_layer_scale': [True,
                                                                                         True,
                                                                                         True,
                                                                                         True]},
                                                        'neck': {'bn_kwargs': {'eps': 1e-05,
                                                                               'momentum': 0.1},
                                                                 'in_channels': [384],
                                                                 'in_strides': [32],
                                                                 'out_channels': [256],
                                                                 'out_strides': [32],
                                                                 'type': 'FPN'},
                                                        'out_indices': [-1],
                                                        'type': 'BevFormer',
                                                        'view_transformer': {'bev_h': 128,
                                                                             'bev_w': 128,
                                                                             'embed_dims': 256,
                                                                             'encoder': {'bev_h': 128,
                                                                                         'bev_w': 128,
                                                                                         'embed_dims': 256,
                                                                                         'encoder_layer': {'crossattention': {'bev_h': 128,
                                                                                                                              'bev_w': 128,
                                                                                                                              'deformable_attention': {'embed_dims': 256,
                                                                                                                                                       'feats_size': [[30,
                                                                                                                                                                       16]],
                                                                                                                                                       'grid_align_num': 64,
                                                                                                                                                       'num_levels': 1,
                                                                                                                                                       'num_points': 2,
                                                                                                                                                       'type': 'HorizonMultiScaleDeformableAttention3D'},
                                                                                                                              'embed_dims': 256,
                                                                                                                              'max_camoverlap_num': 2,
                                                                                                                              'type': 'HorizonSpatialCrossAttention'},
                                                                                                           'dropout': 0.1,
                                                                                                           'embed_dims': 256,
                                                                                                           'selfattention': {'batch_first': True,
                                                                                                                             'embed_dims': 256,
                                                                                                                             'feats_size': [[128,
                                                                                                                                             128]],
                                                                                                                             'grid_align_num': 4,
                                                                                                                             'num_levels': 1,
                                                                                                                             'num_points': 2,
                                                                                                                             'type': 'HorizonMultiScaleDeformableAttention'},
                                                                                                           'type': 'SingleBEVFormerEncoderLayer'},
                                                                                         'num_layers': 1,
                                                                                         'return_intermediate': False,
                                                                                         'type': 'SingleBEVFormerEncoder'},
                                                                             'in_indices': [-1],
                                                                             'max_camoverlap_num': 2,
                                                                             'num_points_in_pillar': 2,
                                                                             'pc_range': [-51.2,
                                                                                          -51.2,
                                                                                          -5.0,
                                                                                          51.2,
                                                                                          51.2,
                                                                                          3.0],
                                                                             'positional_encoding': {'col_num_embed': 128,
                                                                                                     'num_feats': 128,
                                                                                                     'row_num_embed': 128,
                                                                                                     'type': 'LearnedPositionalEncoding'},
                                                                             'queue_length': 1,
                                                                             'single_bev': True,
                                                                             'type': 'SingleBevFormerViewTransformer',
                                                                             'use_lidar2img': True,
                                                                             'virtual_bev_h': 64,
                                                                             'virtual_bev_w': 80}},
                                     'fuse_module': {'fuse_c': 256,
                                                     'input_c': 640,
                                                     'type': 'BevFuseModule'},
                                     'lidar_network': {'backbone': {'num_input_features': 64,
                                                                    'quantize': True,
                                                                    'type': 'PointPillarScatter',
                                                                    'use_horizon_pillar_scatter': True},
                                                       'feature_map_shape': array([512, 512,   1]),
                                                       'neck': {'bn_kwargs': None,
                                                                'down_layer_channels': [64,
                                                                                        128,
                                                                                        256],
                                                                'down_layer_nums': [3,
                                                                                    5,
                                                                                    5],
                                                                'down_layer_strides': [2,
                                                                                       2,
                                                                                       2],
                                                                'in_feature_channel': 64,
                                                                'quantize': True,
                                                                'type': 'SECONDNeck',
                                                                'up_layer_channels': [128,
                                                                                      128,
                                                                                      128],
                                                                'up_layer_strides': [0.5,
                                                                                     1,
                                                                                     2],
                                                                'use_relu6': False},
                                                       'pre_process': {'fixed_voxels_num': 30000,
                                                                       'max_points_in_voxel': 20,
                                                                       'max_voxels_num': [30000,
                                                                                          40000],
                                                                       'norm_dims': [0,
                                                                                     1,
                                                                                     2,
                                                                                     3],
                                                                       'norm_range': [-51.2,
                                                                                      -51.2,
                                                                                      -5.0,
                                                                                      0.0,
                                                                                      51.2,
                                                                                      51.2,
                                                                                      3.0,
                                                                                      255.0],
                                                                       'pc_range': [-51.2,
                                                                                    -51.2,
                                                                                    -5.0,
                                                                                    51.2,
                                                                                    51.2,
                                                                                    3.0],
                                                                       'type': 'PaddedCenterPointPreProcess',
                                                                       'voxel_size': [0.2,
                                                                                      0.2,
                                                                                      8]},
                                                       'reader': {'bn_kwargs': None,
                                                                  'hw_reverse': True,
                                                                  'num_filters': [64],
                                                                  'num_input_features': 5,
                                                                  'pc_range': [-51.2,
                                                                               -51.2,
                                                                               -5.0,
                                                                               51.2,
                                                                               51.2,
                                                                               3.0],
                                                                  'pool_size': [20,
                                                                                1],
                                                                  'quantize': True,
                                                                  'type': 'PillarFeatureNet',
                                                                  'use_4dim': True,
                                                                  'use_conv': True,
                                                                  'voxel_size': [0.2,
                                                                                 0.2,
                                                                                 8],
                                                                  'with_distance': False},
                                                       'type': 'CenterPointDetector'},
                                     'type': 'BevFusion'},
                           'model_convert_pipeline': {'converters': [{'type': 'RepModel2Deploy'},
                                                                     {'convert_mode': 'jit-strip',
                                                                      'example_data_loader': {'batch_size': 1,
                                                                                              'collate_fn': functools.partial(<function collate_bevfusion_centerpoint at 0x7f65b5a76050>, bev_size=(51.2, 51.2, 0.8), point_cloud_range=[-51.2, -51.2, -5.0, 51.2, 51.2, 3.0], max_lidar_points=120000),
                                                                                              'dataset': {'bev_range': [-51.2,
                                                                                                                        -51.2,
                                                                                                                        -5.0,
                                                                                                                        51.2,
                                                                                                                        51.2,
                                                                                                                        3.0],
                                                                                                          'data_path': 'data/nuscenes/pack/horizon_bevfusion_nuscenes/val_lmdb/',
                                                                                                          'load_dim': 5,
                                                                                                          'map_path': None,
                                                                                                          'map_size': None,
                                                                                                          'need_lidar': True,
                                                                                                          'num_seq': 1,
                                                                                                          'num_sweeps': 9,
                                                                                                          'transforms': [{'size': [512,
                                                                                                                                   960],
                                                                                                                          'type': 'MultiViewsImgResize'},
                                                                                                                         {'transforms': [{'type': 'PILToTensor'},
                                                                                                                                         {'divisor': 32,
                                                                                                                                          'type': 'Pad'},
                                                                                                                                         {'rgb_input': True,
                                                                                                                                          'type': 'BgrToYuv444'},
                                                                                                                                         {'mean': 128.0,
                                                                                                                                          'std': 128.0,
                                                                                                                                          'type': 'Normalize'}],
                                                                                                                          'type': 'MultiViewsImgTransformWrapper'}],
                                                                                                          'type': 'NuscenesBevSequenceDataset',
                                                                                                          'use_dim': [0,
                                                                                                                      1,
                                                                                                                      2,
                                                                                                                      3,
                                                                                                                      4],
                                                                                                          'with_bev_bboxes': False,
                                                                                                          'with_bev_mask': False,
                                                                                                          'with_ego_bboxes': True,
                                                                                                          'with_lidar_bboxes': True,
                                                                                                          'with_lidar_occ': True},
                                                                                              'num_workers': 0,
                                                                                              'pin_memory': True,
                                                                                              'shuffle': False,
                                                                                              'type': <class 'torch.utils.data.dataloader.DataLoader'>},
                                                                      'type': 'Float2QAT'},
                                                                     {'allow_miss': True,
                                                                      'checkpoint_path': './tmp_models/bevfusion_centerpoint_pointpillar_henet_multisensor_multitask_nuscenes/calibration-checkpoint-last.pth.tar',
                                                                      'ignore_extra': True,
                                                                      'type': 'LoadCheckpoint',
                                                                      'verbose': True}],
                                                      'qat_mode': 'fuse_bn',
                                                      'type': 'ModelConvertPipeline'},
                           'type': 'Predictor'},
 'calibration_trainer': {'batch_processor': {'loss_collector': None,
                                             'need_grad_update': False,
                                             'type': 'MultiBatchProcessor'},
                         'callbacks': [{'log_freq': 200,
                                        'type': 'StatsMonitor'},
                                       {'batch_processor': {'loss_collector': None,
                                                            'need_grad_update': False,
                                                            'type': 'MultiBatchProcessor'},
                                        'callbacks': [{'epoch_log_freq': 1,
                                                       'log_prefix': 'Validation '
                                                                     'bevfusion_centerpoint_pointpillar_henet_multisensor_multitask_nuscenes',
                                                       'metric_update_func': <function update_metric at 0x7f65b5a769e0>,
                                                       'step_log_freq': 10000,
                                                       'type': 'MetricUpdater'}],
                                        'data_loader': {'batch_size': 1,
                                                        'collate_fn': functools.partial(<function collate_bevfusion_centerpoint at 0x7f65b5a76050>, bev_size=(51.2, 51.2, 0.8), point_cloud_range=[-51.2, -51.2, -5.0, 51.2, 51.2, 3.0], max_lidar_points=120000),
                                                        'dataset': {'bev_range': [-51.2,
                                                                                  -51.2,
                                                                                  -5.0,
                                                                                  51.2,
                                                                                  51.2,
                                                                                  3.0],
                                                                    'data_path': 'data/nuscenes/pack/horizon_bevfusion_nuscenes/val_lmdb/',
                                                                    'load_dim': 5,
                                                                    'map_path': None,
                                                                    'map_size': None,
                                                                    'need_lidar': True,
                                                                    'num_seq': 1,
                                                                    'num_sweeps': 9,
                                                                    'transforms': [{'size': [512,
                                                                                             960],
                                                                                    'type': 'MultiViewsImgResize'},
                                                                                   {'transforms': [{'type': 'PILToTensor'},
                                                                                                   {'divisor': 32,
                                                                                                    'type': 'Pad'},
                                                                                                   {'rgb_input': True,
                                                                                                    'type': 'BgrToYuv444'},
                                                                                                   {'mean': 128.0,
                                                                                                    'std': 128.0,
                                                                                                    'type': 'Normalize'}],
                                                                                    'type': 'MultiViewsImgTransformWrapper'}],
                                                                    'type': 'NuscenesBevSequenceDataset',
                                                                    'use_dim': [0,
                                                                                1,
                                                                                2,
                                                                                3,
                                                                                4],
                                                                    'with_bev_bboxes': False,
                                                                    'with_bev_mask': False,
                                                                    'with_ego_bboxes': True,
                                                                    'with_lidar_bboxes': True,
                                                                    'with_lidar_occ': True},
                                                        'num_workers': 4,
                                                        'pin_memory': True,
                                                        'sampler': {'type': <class 'torch.utils.data.distributed.DistributedSampler'>},
                                                        'shuffle': False,
                                                        'type': <class 'torch.utils.data.dataloader.DataLoader'>},
                                        'log_interval': 200,
                                        'type': 'Validation',
                                        'val_interval': 1,
                                        'val_model': None,
                                        'val_on_train_end': False},
                                       {'mode': None,
                                        'name_prefix': 'float-',
                                        'save_dir': './tmp_models/bevfusion_centerpoint_pointpillar_henet_multisensor_multitask_nuscenes',
                                        'save_interval': 1,
                                        'strict_match': True,
                                        'type': 'Checkpoint'}],
                         'data_loader': {'batch_size': 1,
                                         'collate_fn': functools.partial(<function collate_bevfusion_centerpoint at 0x7f65b5a76050>, bev_size=(51.2, 51.2, 0.8), point_cloud_range=[-51.2, -51.2, -5.0, 51.2, 51.2, 3.0], max_lidar_points=120000),
                                         'dataset': {'bev_range': [-51.2,
                                                                   -51.2,
                                                                   -5.0,
                                                                   51.2,
                                                                   51.2,
                                                                   3.0],
                                                     'data_path': 'data/nuscenes/pack/horizon_bevfusion_nuscenes/val_lmdb/',
                                                     'load_dim': 5,
                                                     'map_path': None,
                                                     'map_size': None,
                                                     'need_lidar': True,
                                                     'num_seq': 1,
                                                     'num_sweeps': 9,
                                                     'transforms': [{'size': [512,
                                                                              960],
                                                                     'type': 'MultiViewsImgResize'},
                                                                    {'transforms': [{'type': 'PILToTensor'},
                                                                                    {'divisor': 32,
                                                                                     'type': 'Pad'},
                                                                                    {'rgb_input': True,
                                                                                     'type': 'BgrToYuv444'},
                                                                                    {'mean': 128.0,
                                                                                     'std': 128.0,
                                                                                     'type': 'Normalize'}],
                                                                     'type': 'MultiViewsImgTransformWrapper'}],
                                                     'type': 'NuscenesBevSequenceDataset',
                                                     'use_dim': [0, 1, 2, 3, 4],
                                                     'with_bev_bboxes': False,
                                                     'with_bev_mask': False,
                                                     'with_ego_bboxes': True,
                                                     'with_lidar_bboxes': True,
                                                     'with_lidar_occ': True},
                                         'num_workers': 4,
                                         'pin_memory': True,
                                         'shuffle': False,
                                         'type': <class 'torch.utils.data.dataloader.DataLoader'>},
                         'device': None,
                         'log_interval': 20,
                         'model': {'bev_decoders': [{'bev_size': [51.2,
                                                                  51.2,
                                                                  0.8],
                                                     'decode_to_lidar': True,
                                                     'decoder': {'bev_size': [51.2,
                                                                              51.2,
                                                                              0.8],
                                                                 'class_names': ['car',
                                                                                 'truck',
                                                                                 'trailer',
                                                                                 'bus',
                                                                                 'construction_vehicle',
                                                                                 'bicycle',
                                                                                 'motorcycle',
                                                                                 'pedestrian',
                                                                                 'traffic_cone',
                                                                                 'barrier'],
                                                                 'decode_to_ego': False,
                                                                 'min_radius': [4,
                                                                                12,
                                                                                10,
                                                                                1,
                                                                                0.85,
                                                                                0.175],
                                                                 'nms_threshold': [0.2,
                                                                                   0.2,
                                                                                   0.2,
                                                                                   0.2,
                                                                                   0.2,
                                                                                   0.5],
                                                                 'nms_type': ['rotate',
                                                                              'rotate',
                                                                              'rotate',
                                                                              'circle',
                                                                              'rotate',
                                                                              'rotate'],
                                                                 'norm_bbox': True,
                                                                 'out_size_factor': 1,
                                                                 'score_threshold': 0.1,
                                                                 'tasks': [{'class_names': ['car'],
                                                                            'name': 'car',
                                                                            'num_class': 1},
                                                                           {'class_names': ['truck',
                                                                                            'construction_vehicle'],
                                                                            'name': 'truck',
                                                                            'num_class': 2},
                                                                           {'class_names': ['bus',
                                                                                            'trailer'],
                                                                            'name': 'bus',
                                                                            'num_class': 2},
                                                                           {'class_names': ['barrier'],
                                                                            'name': 'barrier',
                                                                            'num_class': 1},
                                                                           {'class_names': ['motorcycle',
                                                                                            'bicycle'],
                                                                            'name': 'bicycle',
                                                                            'num_class': 2},
                                                                           {'class_names': ['pedestrian',
                                                                                            'traffic_cone'],
                                                                            'name': 'pedestrian',
                                                                            'num_class': 2}],
                                                                 'type': 'CenterPointDecoder',
                                                                 'use_max_pool': True},
                                                     'head': {'common_heads': {'dim': [3,
                                                                                       2],
                                                                               'height': [1,
                                                                                          2],
                                                                               'reg': [2,
                                                                                       2],
                                                                               'rot': [2,
                                                                                       2],
                                                                               'vel': [2,
                                                                                       2]},
                                                              'final_kernel': 3,
                                                              'head_conv_channels': 64,
                                                              'in_channels': 256,
                                                              'init_bias': -2.19,
                                                              'num_heatmap_convs': 2,
                                                              'share_conv_channels': 64,
                                                              'share_conv_num': 1,
                                                              'tasks': [{'class_names': ['car'],
                                                                         'name': 'car',
                                                                         'num_class': 1},
                                                                        {'class_names': ['truck',
                                                                                         'construction_vehicle'],
                                                                         'name': 'truck',
                                                                         'num_class': 2},
                                                                        {'class_names': ['bus',
                                                                                         'trailer'],
                                                                         'name': 'bus',
                                                                         'num_class': 2},
                                                                        {'class_names': ['barrier'],
                                                                         'name': 'barrier',
                                                                         'num_class': 1},
                                                                        {'class_names': ['motorcycle',
                                                                                         'bicycle'],
                                                                         'name': 'bicycle',
                                                                         'num_class': 2},
                                                                        {'class_names': ['pedestrian',
                                                                                         'traffic_cone'],
                                                                         'name': 'pedestrian',
                                                                         'num_class': 2}],
                                                              'type': 'DepthwiseSeparableCenterPointHead'},
                                                     'loss_cls': {'loss_weight': 1.0,
                                                                  'type': 'GaussianFocalLoss'},
                                                     'loss_reg': {'loss_weight': 0.25,
                                                                  'type': 'L1Loss'},
                                                     'name': 'bev_det',
                                                     'point_cloud_range': [-51.2,
                                                                           -51.2,
                                                                           -5.0,
                                                                           51.2,
                                                                           51.2,
                                                                           3.0],
                                                     'target': {'bbox_weight': [1.0,
                                                                                1.0,
                                                                                1.0,
                                                                                1.0,
                                                                                1.0,
                                                                                1.0,
                                                                                1.0,
                                                                                1.0,
                                                                                0.2,
                                                                                0.2],
                                                                'class_names': ['car',
                                                                                'truck',
                                                                                'trailer',
                                                                                'bus',
                                                                                'construction_vehicle',
                                                                                'bicycle',
                                                                                'motorcycle',
                                                                                'pedestrian',
                                                                                'traffic_cone',
                                                                                'barrier'],
                                                                'gaussian_overlap': 0.1,
                                                                'max_num': 500,
                                                                'min_radius': 2,
                                                                'norm_bbox': True,
                                                                'out_size_factor': 1,
                                                                'tasks': [{'class_names': ['car'],
                                                                           'name': 'car',
                                                                           'num_class': 1},
                                                                          {'class_names': ['truck',
                                                                                           'construction_vehicle'],
                                                                           'name': 'truck',
                                                                           'num_class': 2},
                                                                          {'class_names': ['bus',
                                                                                           'trailer'],
                                                                           'name': 'bus',
                                                                           'num_class': 2},
                                                                          {'class_names': ['barrier'],
                                                                           'name': 'barrier',
                                                                           'num_class': 1},
                                                                          {'class_names': ['motorcycle',
                                                                                           'bicycle'],
                                                                           'name': 'bicycle',
                                                                           'num_class': 2},
                                                                          {'class_names': ['pedestrian',
                                                                                           'traffic_cone'],
                                                                           'name': 'pedestrian',
                                                                           'num_class': 2}],
                                                                'type': 'CenterPointTarget'},
                                                     'task_weight': 1.0,
                                                     'type': 'BevFusionCenterPointDetDecoder'}],
                                   'bev_h': 128,
                                   'bev_w': 128,
                                   'camera_network': {'backbone': {'act_layer': ['nn.GELU',
                                                                                 'nn.GELU',
                                                                                 'nn.GELU',
                                                                                 'nn.GELU'],
                                                                   'attention_block_num': [0,
                                                                                           0,
                                                                                           0,
                                                                                           0],
                                                                   'block_cls': ['GroupDWCB',
                                                                                 'GroupDWCB',
                                                                                 'AltDWCB',
                                                                                 'DWCB'],
                                                                   'block_nums': [4,
                                                                                  3,
                                                                                  8,
                                                                                  6],
                                                                   'down_cls': ['S2DDown',
                                                                                'S2DDown',
                                                                                'S2DDown',
                                                                                'None'],
                                                                   'embed_dims': [64,
                                                                                  128,
                                                                                  192,
                                                                                  384],
                                                                   'extra_act': [False,
                                                                                 False,
                                                                                 False,
                                                                                 False],
                                                                   'feature_mix_channel': 1024,
                                                                   'final_expand_channel': 0,
                                                                   'in_channels': 3,
                                                                   'include_top': False,
                                                                   'layer_scale_init_value': 1e-05,
                                                                   'mlp_ratio_attn': 2,
                                                                   'mlp_ratios': [2,
                                                                                  2,
                                                                                  2,
                                                                                  3],
                                                                   'num_classes': 1000,
                                                                   'patch_embed': 'origin',
                                                                   'type': 'HENet',
                                                                   'use_layer_scale': [True,
                                                                                       True,
                                                                                       True,
                                                                                       True]},
                                                      'neck': {'bn_kwargs': {'eps': 1e-05,
                                                                             'momentum': 0.1},
                                                               'in_channels': [384],
                                                               'in_strides': [32],
                                                               'out_channels': [256],
                                                               'out_strides': [32],
                                                               'type': 'FPN'},
                                                      'out_indices': [-1],
                                                      'type': 'BevFormer',
                                                      'view_transformer': {'bev_h': 128,
                                                                           'bev_w': 128,
                                                                           'embed_dims': 256,
                                                                           'encoder': {'bev_h': 128,
                                                                                       'bev_w': 128,
                                                                                       'embed_dims': 256,
                                                                                       'encoder_layer': {'crossattention': {'bev_h': 128,
                                                                                                                            'bev_w': 128,
                                                                                                                            'deformable_attention': {'embed_dims': 256,
                                                                                                                                                     'feats_size': [[30,
                                                                                                                                                                     16]],
                                                                                                                                                     'grid_align_num': 64,
                                                                                                                                                     'num_levels': 1,
                                                                                                                                                     'num_points': 2,
                                                                                                                                                     'type': 'HorizonMultiScaleDeformableAttention3D'},
                                                                                                                            'embed_dims': 256,
                                                                                                                            'max_camoverlap_num': 2,
                                                                                                                            'type': 'HorizonSpatialCrossAttention'},
                                                                                                         'dropout': 0.1,
                                                                                                         'embed_dims': 256,
                                                                                                         'selfattention': {'batch_first': True,
                                                                                                                           'embed_dims': 256,
                                                                                                                           'feats_size': [[128,
                                                                                                                                           128]],
                                                                                                                           'grid_align_num': 4,
                                                                                                                           'num_levels': 1,
                                                                                                                           'num_points': 2,
                                                                                                                           'type': 'HorizonMultiScaleDeformableAttention'},
                                                                                                         'type': 'SingleBEVFormerEncoderLayer'},
                                                                                       'num_layers': 1,
                                                                                       'return_intermediate': False,
                                                                                       'type': 'SingleBEVFormerEncoder'},
                                                                           'in_indices': [-1],
                                                                           'max_camoverlap_num': 2,
                                                                           'num_points_in_pillar': 2,
                                                                           'pc_range': [-51.2,
                                                                                        -51.2,
                                                                                        -5.0,
                                                                                        51.2,
                                                                                        51.2,
                                                                                        3.0],
                                                                           'positional_encoding': {'col_num_embed': 128,
                                                                                                   'num_feats': 128,
                                                                                                   'row_num_embed': 128,
                                                                                                   'type': 'LearnedPositionalEncoding'},
                                                                           'queue_length': 1,
                                                                           'single_bev': True,
                                                                           'type': 'SingleBevFormerViewTransformer',
                                                                           'use_lidar2img': True,
                                                                           'virtual_bev_h': 64,
                                                                           'virtual_bev_w': 80}},
                                   'fuse_module': {'fuse_c': 256,
                                                   'input_c': 640,
                                                   'type': 'BevFuseModule'},
                                   'lidar_network': {'backbone': {'num_input_features': 64,
                                                                  'quantize': True,
                                                                  'type': 'PointPillarScatter',
                                                                  'use_horizon_pillar_scatter': True},
                                                     'feature_map_shape': array([512, 512,   1]),
                                                     'neck': {'bn_kwargs': None,
                                                              'down_layer_channels': [64,
                                                                                      128,
                                                                                      256],
                                                              'down_layer_nums': [3,
                                                                                  5,
                                                                                  5],
                                                              'down_layer_strides': [2,
                                                                                     2,
                                                                                     2],
                                                              'in_feature_channel': 64,
                                                              'quantize': True,
                                                              'type': 'SECONDNeck',
                                                              'up_layer_channels': [128,
                                                                                    128,
                                                                                    128],
                                                              'up_layer_strides': [0.5,
                                                                                   1,
                                                                                   2],
                                                              'use_relu6': False},
                                                     'pre_process': {'fixed_voxels_num': 30000,
                                                                     'max_points_in_voxel': 20,
                                                                     'max_voxels_num': [30000,
                                                                                        40000],
                                                                     'norm_dims': [0,
                                                                                   1,
                                                                                   2,
                                                                                   3],
                                                                     'norm_range': [-51.2,
                                                                                    -51.2,
                                                                                    -5.0,
                                                                                    0.0,
                                                                                    51.2,
                                                                                    51.2,
                                                                                    3.0,
                                                                                    255.0],
                                                                     'pc_range': [-51.2,
                                                                                  -51.2,
                                                                                  -5.0,
                                                                                  51.2,
                                                                                  51.2,
                                                                                  3.0],
                                                                     'type': 'PaddedCenterPointPreProcess',
                                                                     'voxel_size': [0.2,
                                                                                    0.2,
                                                                                    8]},
                                                     'reader': {'bn_kwargs': None,
                                                                'hw_reverse': True,
                                                                'num_filters': [64],
                                                                'num_input_features': 5,
                                                                'pc_range': [-51.2,
                                                                             -51.2,
                                                                             -5.0,
                                                                             51.2,
                                                                             51.2,
                                                                             3.0],
                                                                'pool_size': [20,
                                                                              1],
                                                                'quantize': True,
                                                                'type': 'PillarFeatureNet',
                                                                'use_4dim': True,
                                                                'use_conv': True,
                                                                'voxel_size': [0.2,
                                                                               0.2,
                                                                               8],
                                                                'with_distance': False},
                                                     'type': 'CenterPointDetector'},
                                   'type': 'BevFusion'},
                         'model_convert_pipeline': {'converters': [{'allow_miss': True,
                                                                    'checkpoint_path': './tmp_models/bevfusion_centerpoint_pointpillar_henet_multisensor_multitask_nuscenes/float-checkpoint-last.pth.tar',
                                                                    'ignore_extra': True,
                                                                    'type': 'LoadCheckpoint',
                                                                    'verbose': True},
                                                                   {'type': 'RepModel2Deploy'},
                                                                   {'convert_mode': 'jit-strip',
                                                                    'example_data_loader': {'batch_size': 1,
                                                                                            'collate_fn': functools.partial(<function collate_bevfusion_centerpoint at 0x7f65b5a76050>, bev_size=(51.2, 51.2, 0.8), point_cloud_range=[-51.2, -51.2, -5.0, 51.2, 51.2, 3.0], max_lidar_points=120000),
                                                                                            'dataset': {'bev_range': [-51.2,
                                                                                                                      -51.2,
                                                                                                                      -5.0,
                                                                                                                      51.2,
                                                                                                                      51.2,
                                                                                                                      3.0],
                                                                                                        'data_path': 'data/nuscenes/pack/horizon_bevfusion_nuscenes/val_lmdb/',
                                                                                                        'load_dim': 5,
                                                                                                        'map_path': None,
                                                                                                        'map_size': None,
                                                                                                        'need_lidar': True,
                                                                                                        'num_seq': 1,
                                                                                                        'num_sweeps': 9,
                                                                                                        'transforms': [{'size': [512,
                                                                                                                                 960],
                                                                                                                        'type': 'MultiViewsImgResize'},
                                                                                                                       {'transforms': [{'type': 'PILToTensor'},
                                                                                                                                       {'divisor': 32,
                                                                                                                                        'type': 'Pad'},
                                                                                                                                       {'rgb_input': True,
                                                                                                                                        'type': 'BgrToYuv444'},
                                                                                                                                       {'mean': 128.0,
                                                                                                                                        'std': 128.0,
                                                                                                                                        'type': 'Normalize'}],
                                                                                                                        'type': 'MultiViewsImgTransformWrapper'}],
                                                                                                        'type': 'NuscenesBevSequenceDataset',
                                                                                                        'use_dim': [0,
                                                                                                                    1,
                                                                                                                    2,
                                                                                                                    3,
                                                                                                                    4],
                                                                                                        'with_bev_bboxes': False,
                                                                                                        'with_bev_mask': False,
                                                                                                        'with_ego_bboxes': True,
                                                                                                        'with_lidar_bboxes': True,
                                                                                                        'with_lidar_occ': True},
                                                                                            'num_workers': 0,
                                                                                            'pin_memory': True,
                                                                                            'shuffle': False,
                                                                                            'type': <class 'torch.utils.data.dataloader.DataLoader'>},
                                                                    'type': 'Float2Calibration'},
                                                                   {'type': 'FixWeightQScale'}],
                                                    'qat_mode': 'fuse_bn',
                                                    'type': 'ModelConvertPipeline'},
                         'num_steps': 100,
                         'type': 'Calibrator',
                         'val_metrics': [{'classes': ['car',
                                                      'truck',
                                                      'trailer',
                                                      'bus',
                                                      'construction_vehicle',
                                                      'bicycle',
                                                      'motorcycle',
                                                      'pedestrian',
                                                      'traffic_cone',
                                                      'barrier'],
                                          'data_root': 'data/nuscenes',
                                          'lidar_key': 'sensor2ego',
                                          'save_prefix': './metric_results/bevfusion_centerpoint_pointpillar_henet_multisensor_multitask_nuscenes',
                                          'trans_lidar_dim': True,
                                          'trans_lidar_rot': False,
                                          'type': 'NuscenesMetric',
                                          'use_lidar': True,
                                          'version': 'v1.0-trainval'}]},
 'calops_cfg': {'method': 'hook'},
 'camera_ckpt_dir': './tmp_models/bevformer_henet_camera_multitask_nuscenes',
 'camera_input': True,
 'camera_network': {'backbone': {'act_layer': ['nn.GELU',
                                               'nn.GELU',
                                               'nn.GELU',
                                               'nn.GELU'],
                                 'attention_block_num': [0, 0, 0, 0],
                                 'block_cls': ['GroupDWCB',
                                               'GroupDWCB',
                                               'AltDWCB',
                                               'DWCB'],
                                 'block_nums': [4, 3, 8, 6],
                                 'down_cls': ['S2DDown',
                                              'S2DDown',
                                              'S2DDown',
                                              'None'],
                                 'embed_dims': [64, 128, 192, 384],
                                 'extra_act': [False, False, False, False],
                                 'feature_mix_channel': 1024,
                                 'final_expand_channel': 0,
                                 'in_channels': 3,
                                 'include_top': False,
                                 'layer_scale_init_value': 1e-05,
                                 'mlp_ratio_attn': 2,
                                 'mlp_ratios': [2, 2, 2, 3],
                                 'num_classes': 1000,
                                 'patch_embed': 'origin',
                                 'type': 'HENet',
                                 'use_layer_scale': [True, True, True, True]},
                    'neck': {'bn_kwargs': {'eps': 1e-05, 'momentum': 0.1},
                             'in_channels': [384],
                             'in_strides': [32],
                             'out_channels': [256],
                             'out_strides': [32],
                             'type': 'FPN'},
                    'out_indices': [-1],
                    'type': 'BevFormer',
                    'view_transformer': {'bev_h': 128,
                                         'bev_w': 128,
                                         'embed_dims': 256,
                                         'encoder': {'bev_h': 128,
                                                     'bev_w': 128,
                                                     'embed_dims': 256,
                                                     'encoder_layer': {'crossattention': {'bev_h': 128,
                                                                                          'bev_w': 128,
                                                                                          'deformable_attention': {'embed_dims': 256,
                                                                                                                   'feats_size': [[30,
                                                                                                                                   16]],
                                                                                                                   'grid_align_num': 64,
                                                                                                                   'num_levels': 1,
                                                                                                                   'num_points': 2,
                                                                                                                   'type': 'HorizonMultiScaleDeformableAttention3D'},
                                                                                          'embed_dims': 256,
                                                                                          'max_camoverlap_num': 2,
                                                                                          'type': 'HorizonSpatialCrossAttention'},
                                                                       'dropout': 0.1,
                                                                       'embed_dims': 256,
                                                                       'selfattention': {'batch_first': True,
                                                                                         'embed_dims': 256,
                                                                                         'feats_size': [[128,
                                                                                                         128]],
                                                                                         'grid_align_num': 4,
                                                                                         'num_levels': 1,
                                                                                         'num_points': 2,
                                                                                         'type': 'HorizonMultiScaleDeformableAttention'},
                                                                       'type': 'SingleBEVFormerEncoderLayer'},
                                                     'num_layers': 1,
                                                     'return_intermediate': False,
                                                     'type': 'SingleBEVFormerEncoder'},
                                         'in_indices': [-1],
                                         'max_camoverlap_num': 2,
                                         'num_points_in_pillar': 2,
                                         'pc_range': [-51.2,
                                                      -51.2,
                                                      -5.0,
                                                      51.2,
                                                      51.2,
                                                      3.0],
                                         'positional_encoding': {'col_num_embed': 128,
                                                                 'num_feats': 128,
                                                                 'row_num_embed': 128,
                                                                 'type': 'LearnedPositionalEncoding'},
                                         'queue_length': 1,
                                         'single_bev': True,
                                         'type': 'SingleBevFormerViewTransformer',
                                         'use_lidar2img': True,
                                         'virtual_bev_h': 64,
                                         'virtual_bev_w': 80}},
 'camera_task_name': 'bevformer_henet_camera_multitask_nuscenes',
 'ckpt_callback': {'mode': None,
                   'name_prefix': 'float-',
                   'save_dir': './tmp_models/bevfusion_centerpoint_pointpillar_henet_multisensor_multitask_nuscenes',
                   'save_interval': 1,
                   'strict_match': True,
                   'type': 'Checkpoint'},
 'ckpt_dir': './tmp_models/bevfusion_centerpoint_pointpillar_henet_multisensor_multitask_nuscenes',
 'class_names': ['car',
                 'truck',
                 'trailer',
                 'bus',
                 'construction_vehicle',
                 'bicycle',
                 'motorcycle',
                 'pedestrian',
                 'traffic_cone',
                 'barrier'],
 'collate_bevfusion_centerpoint': <function collate_bevfusion_centerpoint at 0x7f65b5a76050>,
 'collate_nuscenes_sequencev2': <function collate_nuscenes_sequencev2 at 0x7f65c6cefbe0>,
 'compile_cfg': {'hbm': './tmp_models/bevfusion_centerpoint_pointpillar_henet_multisensor_multitask_nuscenes/compile/model.hbm',
                 'input_source': ['ddr'],
                 'layer_details': True,
                 'march': 'nash-m',
                 'name': 'bevfusion_centerpoint_pointpillar_henet_multisensor_multitask_nuscenes',
                 'opt': 'O2'},
 'compile_dir': './tmp_models/bevfusion_centerpoint_pointpillar_henet_multisensor_multitask_nuscenes/compile',
 'convert_mode': 'fx',
 'copy': <module 'copy' from '/usr/lib/python3.10/copy.py'>,
 'cudnn_benchmark': True,
 'cv2': <module 'cv2' from '/usr/local/lib/python3.10/dist-packages/cv2/__init__.py'>,
 'data_loader': {'batch_size': 6,
                 'collate_fn': functools.partial(<function collate_bevfusion_centerpoint at 0x7f65b5a76050>, bev_size=(51.2, 51.2, 0.8), point_cloud_range=[-51.2, -51.2, -5.0, 51.2, 51.2, 3.0], max_lidar_points=120000),
                 'dataset': {'bev_range': [-51.2, -51.2, -5.0, 51.2, 51.2, 3.0],
                             'data_path': 'data/nuscenes/pack/horizon_bevfusion_nuscenes/train_lmdb/',
                             'load_dim': 5,
                             'map_path': None,
                             'map_size': None,
                             'need_lidar': True,
                             'num_seq': 1,
                             'num_sweeps': 9,
                             'transforms': [{'size': [512, 960],
                                             'type': 'MultiViewsImgResize'},
                                            {'type': 'MultiViewsImgFlip'},
                                            {'rot': [-5.4, 5.4],
                                             'type': 'MultiViewsImgRotate'},
                                            {'rotation_3d_range': [-0.3925,
                                                                   0.3925],
                                             'type': 'BevBBoxRotation'},
                                            {'type': 'MultiViewsPhotoMetricDistortion'},
                                            {'transforms': [{'type': 'PILToTensor'},
                                                            {'rgb_input': True,
                                                             'type': 'BgrToYuv444'},
                                                            {'mean': 128,
                                                             'std': 128,
                                                             'type': 'Normalize'}],
                                             'type': 'MultiViewsImgTransformWrapper'},
                                            {'max_lidar_points': 120000,
                                             'type': 'FixedLidarPointsAdapter'},
                                            {'bev_size': [51.2, 51.2, 0.8],
                                             'point_cloud_range': [-51.2,
                                                                   -51.2,
                                                                   -5.0,
                                                                   51.2,
                                                                   51.2,
                                                                   3.0],
                                             'src_key': 'lidar_bboxes_labels',
                                             'type': 'BevBboxesLabelsAdapter'}],
                             'type': 'NuscenesBevSequenceDataset',
                             'use_dim': [0, 1, 2, 3, 4],
                             'with_bev_bboxes': False,
                             'with_bev_mask': False,
                             'with_ego_bboxes': True,
                             'with_ego_occ': False,
                             'with_lidar_bboxes': True,
                             'with_lidar_occ': True},
                 'num_workers': 4,
                 'pin_memory': False,
                 'sampler': {'type': <class 'torch.utils.data.distributed.DistributedSampler'>},
                 'shuffle': True,
                 'type': <class 'torch.utils.data.dataloader.DataLoader'>},
 'deploy_inputs': {'bev_pillar_counts': torch.Size([1, 16384, 1]),
                   'coors': torch.Size([40000, 4]),
                   'features': torch.Size([1, 5, 20, 40000]),
                   'img': torch.Size([6, 3, 512, 960]),
                   'queries_rebatch_grid': torch.Size([6, 64, 80, 2]),
                   'reference_points_rebatch': torch.Size([6, 5120, 2, 2]),
                   'restore_bev_grid': torch.Size([1, 256, 128, 2])},
 'deploy_model': {'bev_decoders': [{'bev_size': [51.2, 51.2, 0.8],
                                    'decode_to_lidar': True,
                                    'head': {'common_heads': {'dim': [3, 2],
                                                              'height': [1, 2],
                                                              'reg': [2, 2],
                                                              'rot': [2, 2],
                                                              'vel': [2, 2]},
                                             'final_kernel': 3,
                                             'head_conv_channels': 64,
                                             'in_channels': 256,
                                             'init_bias': -2.19,
                                             'num_heatmap_convs': 2,
                                             'share_conv_channels': 64,
                                             'share_conv_num': 1,
                                             'tasks': [{'class_names': ['car'],
                                                        'name': 'car',
                                                        'num_class': 1},
                                                       {'class_names': ['truck',
                                                                        'construction_vehicle'],
                                                        'name': 'truck',
                                                        'num_class': 2},
                                                       {'class_names': ['bus',
                                                                        'trailer'],
                                                        'name': 'bus',
                                                        'num_class': 2},
                                                       {'class_names': ['barrier'],
                                                        'name': 'barrier',
                                                        'num_class': 1},
                                                       {'class_names': ['motorcycle',
                                                                        'bicycle'],
                                                        'name': 'bicycle',
                                                        'num_class': 2},
                                                       {'class_names': ['pedestrian',
                                                                        'traffic_cone'],
                                                        'name': 'pedestrian',
                                                        'num_class': 2}],
                                             'type': 'DepthwiseSeparableCenterPointHead'},
                                    'is_compile': True,
                                    'name': 'bev_det',
                                    'point_cloud_range': [-51.2,
                                                          -51.2,
                                                          -5.0,
                                                          51.2,
                                                          51.2,
                                                          3.0],
                                    'task_weight': 1.0,
                                    'type': 'BevFusionCenterPointDetDecoder'}],
                  'bev_h': 128,
                  'bev_w': 128,
                  'camera_network': {'backbone': {'act_layer': ['nn.GELU',
                                                                'nn.GELU',
                                                                'nn.GELU',
                                                                'nn.GELU'],
                                                  'attention_block_num': [0,
                                                                          0,
                                                                          0,
                                                                          0],
                                                  'block_cls': ['GroupDWCB',
                                                                'GroupDWCB',
                                                                'AltDWCB',
                                                                'DWCB'],
                                                  'block_nums': [4, 3, 8, 6],
                                                  'down_cls': ['S2DDown',
                                                               'S2DDown',
                                                               'S2DDown',
                                                               'None'],
                                                  'embed_dims': [64,
                                                                 128,
                                                                 192,
                                                                 384],
                                                  'extra_act': [False,
                                                                False,
                                                                False,
                                                                False],
                                                  'feature_mix_channel': 1024,
                                                  'final_expand_channel': 0,
                                                  'in_channels': 3,
                                                  'include_top': False,
                                                  'layer_scale_init_value': 1e-05,
                                                  'mlp_ratio_attn': 2,
                                                  'mlp_ratios': [2, 2, 2, 3],
                                                  'num_classes': 1000,
                                                  'patch_embed': 'origin',
                                                  'type': 'HENet',
                                                  'use_layer_scale': [True,
                                                                      True,
                                                                      True,
                                                                      True]},
                                     'neck': {'bn_kwargs': {'eps': 1e-05,
                                                            'momentum': 0.1},
                                              'in_channels': [384],
                                              'in_strides': [32],
                                              'out_channels': [256],
                                              'out_strides': [32],
                                              'type': 'FPN'},
                                     'out_indices': [-1],
                                     'type': 'BevFormer',
                                     'view_transformer': {'bev_h': 128,
                                                          'bev_w': 128,
                                                          'embed_dims': 256,
                                                          'encoder': {'bev_h': 128,
                                                                      'bev_w': 128,
                                                                      'embed_dims': 256,
                                                                      'encoder_layer': {'crossattention': {'bev_h': 128,
                                                                                                           'bev_w': 128,
                                                                                                           'deformable_attention': {'embed_dims': 256,
                                                                                                                                    'feats_size': [[30,
                                                                                                                                                    16]],
                                                                                                                                    'grid_align_num': 64,
                                                                                                                                    'num_levels': 1,
                                                                                                                                    'num_points': 2,
                                                                                                                                    'type': 'HorizonMultiScaleDeformableAttention3D'},
                                                                                                           'embed_dims': 256,
                                                                                                           'max_camoverlap_num': 2,
                                                                                                           'type': 'HorizonSpatialCrossAttention'},
                                                                                        'dropout': 0.1,
                                                                                        'embed_dims': 256,
                                                                                        'selfattention': {'batch_first': True,
                                                                                                          'embed_dims': 256,
                                                                                                          'feats_size': [[128,
                                                                                                                          128]],
                                                                                                          'grid_align_num': 4,
                                                                                                          'num_levels': 1,
                                                                                                          'num_points': 2,
                                                                                                          'type': 'HorizonMultiScaleDeformableAttention'},
                                                                                        'type': 'SingleBEVFormerEncoderLayer'},
                                                                      'num_layers': 1,
                                                                      'return_intermediate': False,
                                                                      'type': 'SingleBEVFormerEncoder'},
                                                          'in_indices': [-1],
                                                          'is_compile': True,
                                                          'max_camoverlap_num': 2,
                                                          'num_points_in_pillar': 2,
                                                          'pc_range': [-51.2,
                                                                       -51.2,
                                                                       -5.0,
                                                                       51.2,
                                                                       51.2,
                                                                       3.0],
                                                          'positional_encoding': {'col_num_embed': 128,
                                                                                  'num_feats': 128,
                                                                                  'row_num_embed': 128,
                                                                                  'type': 'LearnedPositionalEncoding'},
                                                          'queue_length': 1,
                                                          'single_bev': True,
                                                          'type': 'SingleBevFormerViewTransformer',
                                                          'use_lidar2img': True,
                                                          'virtual_bev_h': 64,
                                                          'virtual_bev_w': 80}},
                  'fuse_module': {'fuse_c': 256,
                                  'input_c': 640,
                                  'type': 'BevFuseModule'},
                  'lidar_network': {'backbone': {'num_input_features': 64,
                                                 'quantize': True,
                                                 'type': 'PointPillarScatter',
                                                 'use_horizon_pillar_scatter': True},
                                    'feature_map_shape': array([512, 512,   1]),
                                    'neck': {'bn_kwargs': None,
                                             'down_layer_channels': [64,
                                                                     128,
                                                                     256],
                                             'down_layer_nums': [3, 5, 5],
                                             'down_layer_strides': [2, 2, 2],
                                             'in_feature_channel': 64,
                                             'quantize': True,
                                             'type': 'SECONDNeck',
                                             'up_layer_channels': [128,
                                                                   128,
                                                                   128],
                                             'up_layer_strides': [0.5, 1, 2],
                                             'use_relu6': False},
                                    'reader': {'bn_kwargs': None,
                                               'hw_reverse': True,
                                               'num_filters': [64],
                                               'num_input_features': 5,
                                               'pc_range': [-51.2,
                                                            -51.2,
                                                            -5.0,
                                                            51.2,
                                                            51.2,
                                                            3.0],
                                               'pool_size': [20, 1],
                                               'quantize': True,
                                               'type': 'PillarFeatureNet',
                                               'use_4dim': True,
                                               'use_conv': True,
                                               'voxel_size': [0.2, 0.2, 8],
                                               'with_distance': False},
                                    'type': 'CenterPointDetector'},
                  'type': 'BevFusion'},
 'deploy_model_convert_pipeline': {'converters': [{'convert_mode': 'jit-strip',
                                                   'example_inputs': {'bev_pillar_counts': torch.Size([1, 16384, 1]),
                                                                      'coors': torch.Size([40000, 4]),
                                                                      'features': torch.Size([1, 5, 20, 40000]),
                                                                      'img': torch.Size([6, 3, 512, 960]),
                                                                      'queries_rebatch_grid': torch.Size([6, 64, 80, 2]),
                                                                      'reference_points_rebatch': torch.Size([6, 5120, 2, 2]),
                                                                      'restore_bev_grid': torch.Size([1, 256, 128, 2])},
                                                   'type': 'Float2QAT'}],
                                   'qat_mode': 'fuse_bn',
                                   'type': 'ModelConvertPipeline'},
 'device_ids': [4, 5, 6, 7],
 'fixed_voxels_num': 30000,
 'float2calibration': {'convert_mode': 'jit-strip',
                       'example_data_loader': {'batch_size': 1,
                                               'collate_fn': functools.partial(<function collate_bevfusion_centerpoint at 0x7f65b5a76050>, bev_size=(51.2, 51.2, 0.8), point_cloud_range=[-51.2, -51.2, -5.0, 51.2, 51.2, 3.0], max_lidar_points=120000),
                                               'dataset': {'bev_range': [-51.2,
                                                                         -51.2,
                                                                         -5.0,
                                                                         51.2,
                                                                         51.2,
                                                                         3.0],
                                                           'data_path': 'data/nuscenes/pack/horizon_bevfusion_nuscenes/val_lmdb/',
                                                           'load_dim': 5,
                                                           'map_path': None,
                                                           'map_size': None,
                                                           'need_lidar': True,
                                                           'num_seq': 1,
                                                           'num_sweeps': 9,
                                                           'transforms': [{'size': [512,
                                                                                    960],
                                                                           'type': 'MultiViewsImgResize'},
                                                                          {'transforms': [{'type': 'PILToTensor'},
                                                                                          {'divisor': 32,
                                                                                           'type': 'Pad'},
                                                                                          {'rgb_input': True,
                                                                                           'type': 'BgrToYuv444'},
                                                                                          {'mean': 128.0,
                                                                                           'std': 128.0,
                                                                                           'type': 'Normalize'}],
                                                                           'type': 'MultiViewsImgTransformWrapper'}],
                                                           'type': 'NuscenesBevSequenceDataset',
                                                           'use_dim': [0,
                                                                       1,
                                                                       2,
                                                                       3,
                                                                       4],
                                                           'with_bev_bboxes': False,
                                                           'with_bev_mask': False,
                                                           'with_ego_bboxes': True,
                                                           'with_lidar_bboxes': True,
                                                           'with_lidar_occ': True},
                                               'num_workers': 0,
                                               'pin_memory': True,
                                               'shuffle': False,
                                               'type': <class 'torch.utils.data.dataloader.DataLoader'>},
                       'type': 'Float2Calibration'},
 'float2qat': {'convert_mode': 'jit-strip',
               'example_data_loader': {'batch_size': 1,
                                       'collate_fn': functools.partial(<function collate_bevfusion_centerpoint at 0x7f65b5a76050>, bev_size=(51.2, 51.2, 0.8), point_cloud_range=[-51.2, -51.2, -5.0, 51.2, 51.2, 3.0], max_lidar_points=120000),
                                       'dataset': {'bev_range': [-51.2,
                                                                 -51.2,
                                                                 -5.0,
                                                                 51.2,
                                                                 51.2,
                                                                 3.0],
                                                   'data_path': 'data/nuscenes/pack/horizon_bevfusion_nuscenes/val_lmdb/',
                                                   'load_dim': 5,
                                                   'map_path': None,
                                                   'map_size': None,
                                                   'need_lidar': True,
                                                   'num_seq': 1,
                                                   'num_sweeps': 9,
                                                   'transforms': [{'size': [512,
                                                                            960],
                                                                   'type': 'MultiViewsImgResize'},
                                                                  {'transforms': [{'type': 'PILToTensor'},
                                                                                  {'divisor': 32,
                                                                                   'type': 'Pad'},
                                                                                  {'rgb_input': True,
                                                                                   'type': 'BgrToYuv444'},
                                                                                  {'mean': 128.0,
                                                                                   'std': 128.0,
                                                                                   'type': 'Normalize'}],
                                                                   'type': 'MultiViewsImgTransformWrapper'}],
                                                   'type': 'NuscenesBevSequenceDataset',
                                                   'use_dim': [0, 1, 2, 3, 4],
                                                   'with_bev_bboxes': False,
                                                   'with_bev_mask': False,
                                                   'with_ego_bboxes': True,
                                                   'with_lidar_bboxes': True,
                                                   'with_lidar_occ': True},
                                       'num_workers': 0,
                                       'pin_memory': True,
                                       'shuffle': False,
                                       'type': <class 'torch.utils.data.dataloader.DataLoader'>},
               'type': 'Float2QAT'},
 'float_predictor': {'batch_processor': {'loss_collector': None,
                                         'need_grad_update': False,
                                         'type': 'MultiBatchProcessor'},
                     'callbacks': [{'epoch_log_freq': 1,
                                    'log_prefix': 'Validation '
                                                  'bevfusion_centerpoint_pointpillar_henet_multisensor_multitask_nuscenes',
                                    'metric_update_func': <function update_metric at 0x7f65b5a769e0>,
                                    'step_log_freq': 10000,
                                    'type': 'MetricUpdater'}],
                     'data_loader': [{'batch_size': 1,
                                      'collate_fn': functools.partial(<function collate_bevfusion_centerpoint at 0x7f65b5a76050>, bev_size=(51.2, 51.2, 0.8), point_cloud_range=[-51.2, -51.2, -5.0, 51.2, 51.2, 3.0], max_lidar_points=120000),
                                      'dataset': {'bev_range': [-51.2,
                                                                -51.2,
                                                                -5.0,
                                                                51.2,
                                                                51.2,
                                                                3.0],
                                                  'data_path': 'data/nuscenes/pack/horizon_bevfusion_nuscenes/val_lmdb/',
                                                  'load_dim': 5,
                                                  'map_path': None,
                                                  'map_size': None,
                                                  'need_lidar': True,
                                                  'num_seq': 1,
                                                  'num_sweeps': 9,
                                                  'transforms': [{'size': [512,
                                                                           960],
                                                                  'type': 'MultiViewsImgResize'},
                                                                 {'transforms': [{'type': 'PILToTensor'},
                                                                                 {'divisor': 32,
                                                                                  'type': 'Pad'},
                                                                                 {'rgb_input': True,
                                                                                  'type': 'BgrToYuv444'},
                                                                                 {'mean': 128.0,
                                                                                  'std': 128.0,
                                                                                  'type': 'Normalize'}],
                                                                  'type': 'MultiViewsImgTransformWrapper'}],
                                                  'type': 'NuscenesBevSequenceDataset',
                                                  'use_dim': [0, 1, 2, 3, 4],
                                                  'with_bev_bboxes': False,
                                                  'with_bev_mask': False,
                                                  'with_ego_bboxes': True,
                                                  'with_lidar_bboxes': True,
                                                  'with_lidar_occ': True},
                                      'num_workers': 4,
                                      'pin_memory': True,
                                      'sampler': {'type': <class 'torch.utils.data.distributed.DistributedSampler'>},
                                      'shuffle': False,
                                      'type': <class 'torch.utils.data.dataloader.DataLoader'>}],
                     'device': None,
                     'log_interval': 100,
                     'metrics': [{'classes': ['car',
                                              'truck',
                                              'trailer',
                                              'bus',
                                              'construction_vehicle',
                                              'bicycle',
                                              'motorcycle',
                                              'pedestrian',
                                              'traffic_cone',
                                              'barrier'],
                                  'data_root': 'data/nuscenes',
                                  'lidar_key': 'sensor2ego',
                                  'save_prefix': './metric_results/bevfusion_centerpoint_pointpillar_henet_multisensor_multitask_nuscenes',
                                  'trans_lidar_dim': True,
                                  'trans_lidar_rot': False,
                                  'type': 'NuscenesMetric',
                                  'use_lidar': True,
                                  'version': 'v1.0-trainval'}],
                     'model': {'bev_decoders': [{'bev_size': [51.2, 51.2, 0.8],
                                                 'decode_to_lidar': True,
                                                 'decoder': {'bev_size': [51.2,
                                                                          51.2,
                                                                          0.8],
                                                             'class_names': ['car',
                                                                             'truck',
                                                                             'trailer',
                                                                             'bus',
                                                                             'construction_vehicle',
                                                                             'bicycle',
                                                                             'motorcycle',
                                                                             'pedestrian',
                                                                             'traffic_cone',
                                                                             'barrier'],
                                                             'decode_to_ego': False,
                                                             'min_radius': [4,
                                                                            12,
                                                                            10,
                                                                            1,
                                                                            0.85,
                                                                            0.175],
                                                             'nms_threshold': [0.2,
                                                                               0.2,
                                                                               0.2,
                                                                               0.2,
                                                                               0.2,
                                                                               0.5],
                                                             'nms_type': ['rotate',
                                                                          'rotate',
                                                                          'rotate',
                                                                          'circle',
                                                                          'rotate',
                                                                          'rotate'],
                                                             'norm_bbox': True,
                                                             'out_size_factor': 1,
                                                             'score_threshold': 0.1,
                                                             'tasks': [{'class_names': ['car'],
                                                                        'name': 'car',
                                                                        'num_class': 1},
                                                                       {'class_names': ['truck',
                                                                                        'construction_vehicle'],
                                                                        'name': 'truck',
                                                                        'num_class': 2},
                                                                       {'class_names': ['bus',
                                                                                        'trailer'],
                                                                        'name': 'bus',
                                                                        'num_class': 2},
                                                                       {'class_names': ['barrier'],
                                                                        'name': 'barrier',
                                                                        'num_class': 1},
                                                                       {'class_names': ['motorcycle',
                                                                                        'bicycle'],
                                                                        'name': 'bicycle',
                                                                        'num_class': 2},
                                                                       {'class_names': ['pedestrian',
                                                                                        'traffic_cone'],
                                                                        'name': 'pedestrian',
                                                                        'num_class': 2}],
                                                             'type': 'CenterPointDecoder',
                                                             'use_max_pool': True},
                                                 'head': {'common_heads': {'dim': [3,
                                                                                   2],
                                                                           'height': [1,
                                                                                      2],
                                                                           'reg': [2,
                                                                                   2],
                                                                           'rot': [2,
                                                                                   2],
                                                                           'vel': [2,
                                                                                   2]},
                                                          'final_kernel': 3,
                                                          'head_conv_channels': 64,
                                                          'in_channels': 256,
                                                          'init_bias': -2.19,
                                                          'num_heatmap_convs': 2,
                                                          'share_conv_channels': 64,
                                                          'share_conv_num': 1,
                                                          'tasks': [{'class_names': ['car'],
                                                                     'name': 'car',
                                                                     'num_class': 1},
                                                                    {'class_names': ['truck',
                                                                                     'construction_vehicle'],
                                                                     'name': 'truck',
                                                                     'num_class': 2},
                                                                    {'class_names': ['bus',
                                                                                     'trailer'],
                                                                     'name': 'bus',
                                                                     'num_class': 2},
                                                                    {'class_names': ['barrier'],
                                                                     'name': 'barrier',
                                                                     'num_class': 1},
                                                                    {'class_names': ['motorcycle',
                                                                                     'bicycle'],
                                                                     'name': 'bicycle',
                                                                     'num_class': 2},
                                                                    {'class_names': ['pedestrian',
                                                                                     'traffic_cone'],
                                                                     'name': 'pedestrian',
                                                                     'num_class': 2}],
                                                          'type': 'DepthwiseSeparableCenterPointHead'},
                                                 'loss_cls': {'loss_weight': 1.0,
                                                              'type': 'GaussianFocalLoss'},
                                                 'loss_reg': {'loss_weight': 0.25,
                                                              'type': 'L1Loss'},
                                                 'name': 'bev_det',
                                                 'point_cloud_range': [-51.2,
                                                                       -51.2,
                                                                       -5.0,
                                                                       51.2,
                                                                       51.2,
                                                                       3.0],
                                                 'target': {'bbox_weight': [1.0,
                                                                            1.0,
                                                                            1.0,
                                                                            1.0,
                                                                            1.0,
                                                                            1.0,
                                                                            1.0,
                                                                            1.0,
                                                                            0.2,
                                                                            0.2],
                                                            'class_names': ['car',
                                                                            'truck',
                                                                            'trailer',
                                                                            'bus',
                                                                            'construction_vehicle',
                                                                            'bicycle',
                                                                            'motorcycle',
                                                                            'pedestrian',
                                                                            'traffic_cone',
                                                                            'barrier'],
                                                            'gaussian_overlap': 0.1,
                                                            'max_num': 500,
                                                            'min_radius': 2,
                                                            'norm_bbox': True,
                                                            'out_size_factor': 1,
                                                            'tasks': [{'class_names': ['car'],
                                                                       'name': 'car',
                                                                       'num_class': 1},
                                                                      {'class_names': ['truck',
                                                                                       'construction_vehicle'],
                                                                       'name': 'truck',
                                                                       'num_class': 2},
                                                                      {'class_names': ['bus',
                                                                                       'trailer'],
                                                                       'name': 'bus',
                                                                       'num_class': 2},
                                                                      {'class_names': ['barrier'],
                                                                       'name': 'barrier',
                                                                       'num_class': 1},
                                                                      {'class_names': ['motorcycle',
                                                                                       'bicycle'],
                                                                       'name': 'bicycle',
                                                                       'num_class': 2},
                                                                      {'class_names': ['pedestrian',
                                                                                       'traffic_cone'],
                                                                       'name': 'pedestrian',
                                                                       'num_class': 2}],
                                                            'type': 'CenterPointTarget'},
                                                 'task_weight': 1.0,
                                                 'type': 'BevFusionCenterPointDetDecoder'}],
                               'bev_h': 128,
                               'bev_w': 128,
                               'camera_network': {'backbone': {'act_layer': ['nn.GELU',
                                                                             'nn.GELU',
                                                                             'nn.GELU',
                                                                             'nn.GELU'],
                                                               'attention_block_num': [0,
                                                                                       0,
                                                                                       0,
                                                                                       0],
                                                               'block_cls': ['GroupDWCB',
                                                                             'GroupDWCB',
                                                                             'AltDWCB',
                                                                             'DWCB'],
                                                               'block_nums': [4,
                                                                              3,
                                                                              8,
                                                                              6],
                                                               'down_cls': ['S2DDown',
                                                                            'S2DDown',
                                                                            'S2DDown',
                                                                            'None'],
                                                               'embed_dims': [64,
                                                                              128,
                                                                              192,
                                                                              384],
                                                               'extra_act': [False,
                                                                             False,
                                                                             False,
                                                                             False],
                                                               'feature_mix_channel': 1024,
                                                               'final_expand_channel': 0,
                                                               'in_channels': 3,
                                                               'include_top': False,
                                                               'layer_scale_init_value': 1e-05,
                                                               'mlp_ratio_attn': 2,
                                                               'mlp_ratios': [2,
                                                                              2,
                                                                              2,
                                                                              3],
                                                               'num_classes': 1000,
                                                               'patch_embed': 'origin',
                                                               'type': 'HENet',
                                                               'use_layer_scale': [True,
                                                                                   True,
                                                                                   True,
                                                                                   True]},
                                                  'neck': {'bn_kwargs': {'eps': 1e-05,
                                                                         'momentum': 0.1},
                                                           'in_channels': [384],
                                                           'in_strides': [32],
                                                           'out_channels': [256],
                                                           'out_strides': [32],
                                                           'type': 'FPN'},
                                                  'out_indices': [-1],
                                                  'type': 'BevFormer',
                                                  'view_transformer': {'bev_h': 128,
                                                                       'bev_w': 128,
                                                                       'embed_dims': 256,
                                                                       'encoder': {'bev_h': 128,
                                                                                   'bev_w': 128,
                                                                                   'embed_dims': 256,
                                                                                   'encoder_layer': {'crossattention': {'bev_h': 128,
                                                                                                                        'bev_w': 128,
                                                                                                                        'deformable_attention': {'embed_dims': 256,
                                                                                                                                                 'feats_size': [[30,
                                                                                                                                                                 16]],
                                                                                                                                                 'grid_align_num': 64,
                                                                                                                                                 'num_levels': 1,
                                                                                                                                                 'num_points': 2,
                                                                                                                                                 'type': 'HorizonMultiScaleDeformableAttention3D'},
                                                                                                                        'embed_dims': 256,
                                                                                                                        'max_camoverlap_num': 2,
                                                                                                                        'type': 'HorizonSpatialCrossAttention'},
                                                                                                     'dropout': 0.1,
                                                                                                     'embed_dims': 256,
                                                                                                     'selfattention': {'batch_first': True,
                                                                                                                       'embed_dims': 256,
                                                                                                                       'feats_size': [[128,
                                                                                                                                       128]],
                                                                                                                       'grid_align_num': 4,
                                                                                                                       'num_levels': 1,
                                                                                                                       'num_points': 2,
                                                                                                                       'type': 'HorizonMultiScaleDeformableAttention'},
                                                                                                     'type': 'SingleBEVFormerEncoderLayer'},
                                                                                   'num_layers': 1,
                                                                                   'return_intermediate': False,
                                                                                   'type': 'SingleBEVFormerEncoder'},
                                                                       'in_indices': [-1],
                                                                       'max_camoverlap_num': 2,
                                                                       'num_points_in_pillar': 2,
                                                                       'pc_range': [-51.2,
                                                                                    -51.2,
                                                                                    -5.0,
                                                                                    51.2,
                                                                                    51.2,
                                                                                    3.0],
                                                                       'positional_encoding': {'col_num_embed': 128,
                                                                                               'num_feats': 128,
                                                                                               'row_num_embed': 128,
                                                                                               'type': 'LearnedPositionalEncoding'},
                                                                       'queue_length': 1,
                                                                       'single_bev': True,
                                                                       'type': 'SingleBevFormerViewTransformer',
                                                                       'use_lidar2img': True,
                                                                       'virtual_bev_h': 64,
                                                                       'virtual_bev_w': 80}},
                               'fuse_module': {'fuse_c': 256,
                                               'input_c': 640,
                                               'type': 'BevFuseModule'},
                               'lidar_network': {'backbone': {'num_input_features': 64,
                                                              'quantize': True,
                                                              'type': 'PointPillarScatter',
                                                              'use_horizon_pillar_scatter': True},
                                                 'feature_map_shape': array([512, 512,   1]),
                                                 'neck': {'bn_kwargs': None,
                                                          'down_layer_channels': [64,
                                                                                  128,
                                                                                  256],
                                                          'down_layer_nums': [3,
                                                                              5,
                                                                              5],
                                                          'down_layer_strides': [2,
                                                                                 2,
                                                                                 2],
                                                          'in_feature_channel': 64,
                                                          'quantize': True,
                                                          'type': 'SECONDNeck',
                                                          'up_layer_channels': [128,
                                                                                128,
                                                                                128],
                                                          'up_layer_strides': [0.5,
                                                                               1,
                                                                               2],
                                                          'use_relu6': False},
                                                 'pre_process': {'fixed_voxels_num': 30000,
                                                                 'max_points_in_voxel': 20,
                                                                 'max_voxels_num': [30000,
                                                                                    40000],
                                                                 'norm_dims': [0,
                                                                               1,
                                                                               2,
                                                                               3],
                                                                 'norm_range': [-51.2,
                                                                                -51.2,
                                                                                -5.0,
                                                                                0.0,
                                                                                51.2,
                                                                                51.2,
                                                                                3.0,
                                                                                255.0],
                                                                 'pc_range': [-51.2,
                                                                              -51.2,
                                                                              -5.0,
                                                                              51.2,
                                                                              51.2,
                                                                              3.0],
                                                                 'type': 'PaddedCenterPointPreProcess',
                                                                 'voxel_size': [0.2,
                                                                                0.2,
                                                                                8]},
                                                 'reader': {'bn_kwargs': None,
                                                            'hw_reverse': True,
                                                            'num_filters': [64],
                                                            'num_input_features': 5,
                                                            'pc_range': [-51.2,
                                                                         -51.2,
                                                                         -5.0,
                                                                         51.2,
                                                                         51.2,
                                                                         3.0],
                                                            'pool_size': [20,
                                                                          1],
                                                            'quantize': True,
                                                            'type': 'PillarFeatureNet',
                                                            'use_4dim': True,
                                                            'use_conv': True,
                                                            'voxel_size': [0.2,
                                                                           0.2,
                                                                           8],
                                                            'with_distance': False},
                                                 'type': 'CenterPointDetector'},
                               'type': 'BevFusion'},
                     'model_convert_pipeline': {'converters': [{'allow_miss': True,
                                                                'checkpoint_path': './tmp_models/bevfusion_centerpoint_pointpillar_henet_multisensor_multitask_nuscenes/float-checkpoint-last.pth.tar',
                                                                'ignore_extra': True,
                                                                'type': 'LoadCheckpoint',
                                                                'verbose': True}],
                                                'type': 'ModelConvertPipeline'},
                     'type': 'Predictor'},
 'float_trainer': {'batch_processor': {'enable_amp': True,
                                       'loss_collector': <function loss_collector at 0x7f65b5a76950>,
                                       'need_grad_update': True,
                                       'type': 'MultiBatchProcessor'},
                   'callbacks': [{'log_freq': 200, 'type': 'StatsMonitor'},
                                 {'epoch_log_freq': 1,
                                  'log_prefix': 'loss_bevfusion_centerpoint_pointpillar_henet_multisensor_multitask_nuscenes',
                                  'metric_update_func': <function update_loss at 0x7f65b5a76a70>,
                                  'step_log_freq': 200,
                                  'type': 'MetricUpdater'},
                                 {'step_log_interval': 500,
                                  'stop_lr': 2.0000000000000002e-07,
                                  'type': 'CosineAnnealingLrUpdater',
                                  'warmup_by': 'step',
                                  'warmup_len': 500,
                                  'warmup_lr_ratio': 0.3333333333333333},
                                 {'clip_grad_norm': 35,
                                  'clip_norm_type': 2,
                                  'module_and_scale': [],
                                  'type': 'GradScale'},
                                 {'batch_processor': {'loss_collector': None,
                                                      'need_grad_update': False,
                                                      'type': 'MultiBatchProcessor'},
                                  'callbacks': [{'epoch_log_freq': 1,
                                                 'log_prefix': 'Validation '
                                                               'bevfusion_centerpoint_pointpillar_henet_multisensor_multitask_nuscenes',
                                                 'metric_update_func': <function update_metric at 0x7f65b5a769e0>,
                                                 'step_log_freq': 10000,
                                                 'type': 'MetricUpdater'}],
                                  'data_loader': {'batch_size': 1,
                                                  'collate_fn': functools.partial(<function collate_bevfusion_centerpoint at 0x7f65b5a76050>, bev_size=(51.2, 51.2, 0.8), point_cloud_range=[-51.2, -51.2, -5.0, 51.2, 51.2, 3.0], max_lidar_points=120000),
                                                  'dataset': {'bev_range': [-51.2,
                                                                            -51.2,
                                                                            -5.0,
                                                                            51.2,
                                                                            51.2,
                                                                            3.0],
                                                              'data_path': 'data/nuscenes/pack/horizon_bevfusion_nuscenes/val_lmdb/',
                                                              'load_dim': 5,
                                                              'map_path': None,
                                                              'map_size': None,
                                                              'need_lidar': True,
                                                              'num_seq': 1,
                                                              'num_sweeps': 9,
                                                              'transforms': [{'size': [512,
                                                                                       960],
                                                                              'type': 'MultiViewsImgResize'},
                                                                             {'transforms': [{'type': 'PILToTensor'},
                                                                                             {'divisor': 32,
                                                                                              'type': 'Pad'},
                                                                                             {'rgb_input': True,
                                                                                              'type': 'BgrToYuv444'},
                                                                                             {'mean': 128.0,
                                                                                              'std': 128.0,
                                                                                              'type': 'Normalize'}],
                                                                              'type': 'MultiViewsImgTransformWrapper'}],
                                                              'type': 'NuscenesBevSequenceDataset',
                                                              'use_dim': [0,
                                                                          1,
                                                                          2,
                                                                          3,
                                                                          4],
                                                              'with_bev_bboxes': False,
                                                              'with_bev_mask': False,
                                                              'with_ego_bboxes': True,
                                                              'with_lidar_bboxes': True,
                                                              'with_lidar_occ': True},
                                                  'num_workers': 4,
                                                  'pin_memory': True,
                                                  'sampler': {'type': <class 'torch.utils.data.distributed.DistributedSampler'>},
                                                  'shuffle': False,
                                                  'type': <class 'torch.utils.data.dataloader.DataLoader'>},
                                  'log_interval': 200,
                                  'type': 'Validation',
                                  'val_interval': 1,
                                  'val_model': None,
                                  'val_on_train_end': False},
                                 {'mode': None,
                                  'name_prefix': 'float-',
                                  'save_dir': './tmp_models/bevfusion_centerpoint_pointpillar_henet_multisensor_multitask_nuscenes',
                                  'save_interval': 1,
                                  'strict_match': True,
                                  'type': 'Checkpoint'}],
                   'data_loader': {'batch_size': 6,
                                   'collate_fn': functools.partial(<function collate_bevfusion_centerpoint at 0x7f65b5a76050>, bev_size=(51.2, 51.2, 0.8), point_cloud_range=[-51.2, -51.2, -5.0, 51.2, 51.2, 3.0], max_lidar_points=120000),
                                   'dataset': {'bev_range': [-51.2,
                                                             -51.2,
                                                             -5.0,
                                                             51.2,
                                                             51.2,
                                                             3.0],
                                               'data_path': 'data/nuscenes/pack/horizon_bevfusion_nuscenes/train_lmdb/',
                                               'load_dim': 5,
                                               'map_path': None,
                                               'map_size': None,
                                               'need_lidar': True,
                                               'num_seq': 1,
                                               'num_sweeps': 9,
                                               'transforms': [{'size': [512,
                                                                        960],
                                                               'type': 'MultiViewsImgResize'},
                                                              {'type': 'MultiViewsImgFlip'},
                                                              {'rot': [-5.4,
                                                                       5.4],
                                                               'type': 'MultiViewsImgRotate'},
                                                              {'rotation_3d_range': [-0.3925,
                                                                                     0.3925],
                                                               'type': 'BevBBoxRotation'},
                                                              {'type': 'MultiViewsPhotoMetricDistortion'},
                                                              {'transforms': [{'type': 'PILToTensor'},
                                                                              {'rgb_input': True,
                                                                               'type': 'BgrToYuv444'},
                                                                              {'mean': 128,
                                                                               'std': 128,
                                                                               'type': 'Normalize'}],
                                                               'type': 'MultiViewsImgTransformWrapper'},
                                                              {'max_lidar_points': 120000,
                                                               'type': 'FixedLidarPointsAdapter'},
                                                              {'bev_size': [51.2,
                                                                            51.2,
                                                                            0.8],
                                                               'point_cloud_range': [-51.2,
                                                                                     -51.2,
                                                                                     -5.0,
                                                                                     51.2,
                                                                                     51.2,
                                                                                     3.0],
                                                               'src_key': 'lidar_bboxes_labels',
                                                               'type': 'BevBboxesLabelsAdapter'}],
                                               'type': 'NuscenesBevSequenceDataset',
                                               'use_dim': [0, 1, 2, 3, 4],
                                               'with_bev_bboxes': False,
                                               'with_bev_mask': False,
                                               'with_ego_bboxes': True,
                                               'with_ego_occ': False,
                                               'with_lidar_bboxes': True,
                                               'with_lidar_occ': True},
                                   'num_workers': 4,
                                   'pin_memory': False,
                                   'sampler': {'type': <class 'torch.utils.data.distributed.DistributedSampler'>},
                                   'shuffle': True,
                                   'type': <class 'torch.utils.data.dataloader.DataLoader'>},
                   'device': None,
                   'model': {'bev_decoders': [{'bev_size': [51.2, 51.2, 0.8],
                                               'decode_to_lidar': True,
                                               'decoder': {'bev_size': [51.2,
                                                                        51.2,
                                                                        0.8],
                                                           'class_names': ['car',
                                                                           'truck',
                                                                           'trailer',
                                                                           'bus',
                                                                           'construction_vehicle',
                                                                           'bicycle',
                                                                           'motorcycle',
                                                                           'pedestrian',
                                                                           'traffic_cone',
                                                                           'barrier'],
                                                           'decode_to_ego': False,
                                                           'min_radius': [4,
                                                                          12,
                                                                          10,
                                                                          1,
                                                                          0.85,
                                                                          0.175],
                                                           'nms_threshold': [0.2,
                                                                             0.2,
                                                                             0.2,
                                                                             0.2,
                                                                             0.2,
                                                                             0.5],
                                                           'nms_type': ['rotate',
                                                                        'rotate',
                                                                        'rotate',
                                                                        'circle',
                                                                        'rotate',
                                                                        'rotate'],
                                                           'norm_bbox': True,
                                                           'out_size_factor': 1,
                                                           'score_threshold': 0.1,
                                                           'tasks': [{'class_names': ['car'],
                                                                      'name': 'car',
                                                                      'num_class': 1},
                                                                     {'class_names': ['truck',
                                                                                      'construction_vehicle'],
                                                                      'name': 'truck',
                                                                      'num_class': 2},
                                                                     {'class_names': ['bus',
                                                                                      'trailer'],
                                                                      'name': 'bus',
                                                                      'num_class': 2},
                                                                     {'class_names': ['barrier'],
                                                                      'name': 'barrier',
                                                                      'num_class': 1},
                                                                     {'class_names': ['motorcycle',
                                                                                      'bicycle'],
                                                                      'name': 'bicycle',
                                                                      'num_class': 2},
                                                                     {'class_names': ['pedestrian',
                                                                                      'traffic_cone'],
                                                                      'name': 'pedestrian',
                                                                      'num_class': 2}],
                                                           'type': 'CenterPointDecoder',
                                                           'use_max_pool': True},
                                               'head': {'common_heads': {'dim': [3,
                                                                                 2],
                                                                         'height': [1,
                                                                                    2],
                                                                         'reg': [2,
                                                                                 2],
                                                                         'rot': [2,
                                                                                 2],
                                                                         'vel': [2,
                                                                                 2]},
                                                        'final_kernel': 3,
                                                        'head_conv_channels': 64,
                                                        'in_channels': 256,
                                                        'init_bias': -2.19,
                                                        'num_heatmap_convs': 2,
                                                        'share_conv_channels': 64,
                                                        'share_conv_num': 1,
                                                        'tasks': [{'class_names': ['car'],
                                                                   'name': 'car',
                                                                   'num_class': 1},
                                                                  {'class_names': ['truck',
                                                                                   'construction_vehicle'],
                                                                   'name': 'truck',
                                                                   'num_class': 2},
                                                                  {'class_names': ['bus',
                                                                                   'trailer'],
                                                                   'name': 'bus',
                                                                   'num_class': 2},
                                                                  {'class_names': ['barrier'],
                                                                   'name': 'barrier',
                                                                   'num_class': 1},
                                                                  {'class_names': ['motorcycle',
                                                                                   'bicycle'],
                                                                   'name': 'bicycle',
                                                                   'num_class': 2},
                                                                  {'class_names': ['pedestrian',
                                                                                   'traffic_cone'],
                                                                   'name': 'pedestrian',
                                                                   'num_class': 2}],
                                                        'type': 'DepthwiseSeparableCenterPointHead'},
                                               'loss_cls': {'loss_weight': 1.0,
                                                            'type': 'GaussianFocalLoss'},
                                               'loss_reg': {'loss_weight': 0.25,
                                                            'type': 'L1Loss'},
                                               'name': 'bev_det',
                                               'point_cloud_range': [-51.2,
                                                                     -51.2,
                                                                     -5.0,
                                                                     51.2,
                                                                     51.2,
                                                                     3.0],
                                               'target': {'bbox_weight': [1.0,
                                                                          1.0,
                                                                          1.0,
                                                                          1.0,
                                                                          1.0,
                                                                          1.0,
                                                                          1.0,
                                                                          1.0,
                                                                          0.2,
                                                                          0.2],
                                                          'class_names': ['car',
                                                                          'truck',
                                                                          'trailer',
                                                                          'bus',
                                                                          'construction_vehicle',
                                                                          'bicycle',
                                                                          'motorcycle',
                                                                          'pedestrian',
                                                                          'traffic_cone',
                                                                          'barrier'],
                                                          'gaussian_overlap': 0.1,
                                                          'max_num': 500,
                                                          'min_radius': 2,
                                                          'norm_bbox': True,
                                                          'out_size_factor': 1,
                                                          'tasks': [{'class_names': ['car'],
                                                                     'name': 'car',
                                                                     'num_class': 1},
                                                                    {'class_names': ['truck',
                                                                                     'construction_vehicle'],
                                                                     'name': 'truck',
                                                                     'num_class': 2},
                                                                    {'class_names': ['bus',
                                                                                     'trailer'],
                                                                     'name': 'bus',
                                                                     'num_class': 2},
                                                                    {'class_names': ['barrier'],
                                                                     'name': 'barrier',
                                                                     'num_class': 1},
                                                                    {'class_names': ['motorcycle',
                                                                                     'bicycle'],
                                                                     'name': 'bicycle',
                                                                     'num_class': 2},
                                                                    {'class_names': ['pedestrian',
                                                                                     'traffic_cone'],
                                                                     'name': 'pedestrian',
                                                                     'num_class': 2}],
                                                          'type': 'CenterPointTarget'},
                                               'task_weight': 1.0,
                                               'type': 'BevFusionCenterPointDetDecoder'}],
                             'bev_h': 128,
                             'bev_w': 128,
                             'camera_network': {'backbone': {'act_layer': ['nn.GELU',
                                                                           'nn.GELU',
                                                                           'nn.GELU',
                                                                           'nn.GELU'],
                                                             'attention_block_num': [0,
                                                                                     0,
                                                                                     0,
                                                                                     0],
                                                             'block_cls': ['GroupDWCB',
                                                                           'GroupDWCB',
                                                                           'AltDWCB',
                                                                           'DWCB'],
                                                             'block_nums': [4,
                                                                            3,
                                                                            8,
                                                                            6],
                                                             'down_cls': ['S2DDown',
                                                                          'S2DDown',
                                                                          'S2DDown',
                                                                          'None'],
                                                             'embed_dims': [64,
                                                                            128,
                                                                            192,
                                                                            384],
                                                             'extra_act': [False,
                                                                           False,
                                                                           False,
                                                                           False],
                                                             'feature_mix_channel': 1024,
                                                             'final_expand_channel': 0,
                                                             'in_channels': 3,
                                                             'include_top': False,
                                                             'layer_scale_init_value': 1e-05,
                                                             'mlp_ratio_attn': 2,
                                                             'mlp_ratios': [2,
                                                                            2,
                                                                            2,
                                                                            3],
                                                             'num_classes': 1000,
                                                             'patch_embed': 'origin',
                                                             'type': 'HENet',
                                                             'use_layer_scale': [True,
                                                                                 True,
                                                                                 True,
                                                                                 True]},
                                                'neck': {'bn_kwargs': {'eps': 1e-05,
                                                                       'momentum': 0.1},
                                                         'in_channels': [384],
                                                         'in_strides': [32],
                                                         'out_channels': [256],
                                                         'out_strides': [32],
                                                         'type': 'FPN'},
                                                'out_indices': [-1],
                                                'type': 'BevFormer',
                                                'view_transformer': {'bev_h': 128,
                                                                     'bev_w': 128,
                                                                     'embed_dims': 256,
                                                                     'encoder': {'bev_h': 128,
                                                                                 'bev_w': 128,
                                                                                 'embed_dims': 256,
                                                                                 'encoder_layer': {'crossattention': {'bev_h': 128,
                                                                                                                      'bev_w': 128,
                                                                                                                      'deformable_attention': {'embed_dims': 256,
                                                                                                                                               'feats_size': [[30,
                                                                                                                                                               16]],
                                                                                                                                               'grid_align_num': 64,
                                                                                                                                               'num_levels': 1,
                                                                                                                                               'num_points': 2,
                                                                                                                                               'type': 'HorizonMultiScaleDeformableAttention3D'},
                                                                                                                      'embed_dims': 256,
                                                                                                                      'max_camoverlap_num': 2,
                                                                                                                      'type': 'HorizonSpatialCrossAttention'},
                                                                                                   'dropout': 0.1,
                                                                                                   'embed_dims': 256,
                                                                                                   'selfattention': {'batch_first': True,
                                                                                                                     'embed_dims': 256,
                                                                                                                     'feats_size': [[128,
                                                                                                                                     128]],
                                                                                                                     'grid_align_num': 4,
                                                                                                                     'num_levels': 1,
                                                                                                                     'num_points': 2,
                                                                                                                     'type': 'HorizonMultiScaleDeformableAttention'},
                                                                                                   'type': 'SingleBEVFormerEncoderLayer'},
                                                                                 'num_layers': 1,
                                                                                 'return_intermediate': False,
                                                                                 'type': 'SingleBEVFormerEncoder'},
                                                                     'in_indices': [-1],
                                                                     'max_camoverlap_num': 2,
                                                                     'num_points_in_pillar': 2,
                                                                     'pc_range': [-51.2,
                                                                                  -51.2,
                                                                                  -5.0,
                                                                                  51.2,
                                                                                  51.2,
                                                                                  3.0],
                                                                     'positional_encoding': {'col_num_embed': 128,
                                                                                             'num_feats': 128,
                                                                                             'row_num_embed': 128,
                                                                                             'type': 'LearnedPositionalEncoding'},
                                                                     'queue_length': 1,
                                                                     'single_bev': True,
                                                                     'type': 'SingleBevFormerViewTransformer',
                                                                     'use_lidar2img': True,
                                                                     'virtual_bev_h': 64,
                                                                     'virtual_bev_w': 80}},
                             'fuse_module': {'fuse_c': 256,
                                             'input_c': 640,
                                             'type': 'BevFuseModule'},
                             'lidar_network': {'backbone': {'num_input_features': 64,
                                                            'quantize': True,
                                                            'type': 'PointPillarScatter',
                                                            'use_horizon_pillar_scatter': True},
                                               'feature_map_shape': array([512, 512,   1]),
                                               'neck': {'bn_kwargs': None,
                                                        'down_layer_channels': [64,
                                                                                128,
                                                                                256],
                                                        'down_layer_nums': [3,
                                                                            5,
                                                                            5],
                                                        'down_layer_strides': [2,
                                                                               2,
                                                                               2],
                                                        'in_feature_channel': 64,
                                                        'quantize': True,
                                                        'type': 'SECONDNeck',
                                                        'up_layer_channels': [128,
                                                                              128,
                                                                              128],
                                                        'up_layer_strides': [0.5,
                                                                             1,
                                                                             2],
                                                        'use_relu6': False},
                                               'pre_process': {'fixed_voxels_num': 30000,
                                                               'max_points_in_voxel': 20,
                                                               'max_voxels_num': [30000,
                                                                                  40000],
                                                               'norm_dims': [0,
                                                                             1,
                                                                             2,
                                                                             3],
                                                               'norm_range': [-51.2,
                                                                              -51.2,
                                                                              -5.0,
                                                                              0.0,
                                                                              51.2,
                                                                              51.2,
                                                                              3.0,
                                                                              255.0],
                                                               'pc_range': [-51.2,
                                                                            -51.2,
                                                                            -5.0,
                                                                            51.2,
                                                                            51.2,
                                                                            3.0],
                                                               'type': 'PaddedCenterPointPreProcess',
                                                               'voxel_size': [0.2,
                                                                              0.2,
                                                                              8]},
                                               'reader': {'bn_kwargs': None,
                                                          'hw_reverse': True,
                                                          'num_filters': [64],
                                                          'num_input_features': 5,
                                                          'pc_range': [-51.2,
                                                                       -51.2,
                                                                       -5.0,
                                                                       51.2,
                                                                       51.2,
                                                                       3.0],
                                                          'pool_size': [20, 1],
                                                          'quantize': True,
                                                          'type': 'PillarFeatureNet',
                                                          'use_4dim': True,
                                                          'use_conv': True,
                                                          'voxel_size': [0.2,
                                                                         0.2,
                                                                         8],
                                                          'with_distance': False},
                                               'type': 'CenterPointDetector'},
                             'type': 'BevFusion'},
                   'model_convert_pipeline': {'converters': [{'allow_miss': True,
                                                              'checkpoint_path': './tmp_models/bevformer_henet_camera_multitask_nuscenes/float-checkpoint-last.pth.tar',
                                                              'ignore_extra': True,
                                                              'type': 'LoadCheckpoint',
                                                              'verbose': True},
                                                             {'allow_miss': True,
                                                              'checkpoint_path': './tmp_pretrained_models/centerpoint_pointpillar_nuscenes/float-checkpoint-last.pth.tar',
                                                              'ignore_extra': True,
                                                              'state_dict_update_func': functools.partial(<function update_state_dict_by_add_prefix at 0x7f65fcbbef80>, prefix='lidar_net.'),
                                                              'type': 'LoadCheckpoint',
                                                              'verbose': True}],
                                              'type': 'ModelConvertPipeline'},
                   'num_epochs': 24,
                   'optimizer': {'betas': [0.95, 0.99],
                                 'lr': 0.0004,
                                 'params': {'bev_decoders.0': {'lr_mult': 2.0},
                                            'camera_net.backbone': {'lr_mult': 0.1}},
                                 'type': <class 'torch.optim.adamw.AdamW'>,
                                 'weight_decay': 0.01},
                   'stop_by': 'epoch',
                   'sync_bn': True,
                   'train_metrics': {'type': 'LossShow'},
                   'type': 'distributed_data_parallel_trainer',
                   'val_metrics': [{'classes': ['car',
                                                'truck',
                                                'trailer',
                                                'bus',
                                                'construction_vehicle',
                                                'bicycle',
                                                'motorcycle',
                                                'pedestrian',
                                                'traffic_cone',
                                                'barrier'],
                                    'data_root': 'data/nuscenes',
                                    'lidar_key': 'sensor2ego',
                                    'save_prefix': './metric_results/bevfusion_centerpoint_pointpillar_henet_multisensor_multitask_nuscenes',
                                    'trans_lidar_dim': True,
                                    'trans_lidar_rot': False,
                                    'type': 'NuscenesMetric',
                                    'use_lidar': True,
                                    'version': 'v1.0-trainval'}]},
 'get_centerpoint_preds': <function get_centerpoint_preds at 0x7f65b5a760e0>,
 'get_feature_map_size': <function get_feature_map_size at 0x7f65b5a768c0>,
 'grad_callback': {'clip_grad_norm': 35,
                   'clip_norm_type': 2,
                   'module_and_scale': [],
                   'type': 'GradScale'},
 'hbir_deploy_model': {'bev_decoders': [{'bev_size': [51.2, 51.2, 0.8],
                                         'decode_to_lidar': True,
                                         'decoder': {'bev_size': [51.2,
                                                                  51.2,
                                                                  0.8],
                                                     'class_names': ['car',
                                                                     'truck',
                                                                     'trailer',
                                                                     'bus',
                                                                     'construction_vehicle',
                                                                     'bicycle',
                                                                     'motorcycle',
                                                                     'pedestrian',
                                                                     'traffic_cone',
                                                                     'barrier'],
                                                     'decode_to_ego': False,
                                                     'min_radius': [4,
                                                                    12,
                                                                    10,
                                                                    1,
                                                                    0.85,
                                                                    0.175],
                                                     'nms_threshold': [0.2,
                                                                       0.2,
                                                                       0.2,
                                                                       0.2,
                                                                       0.2,
                                                                       0.5],
                                                     'nms_type': ['rotate',
                                                                  'rotate',
                                                                  'rotate',
                                                                  'circle',
                                                                  'rotate',
                                                                  'rotate'],
                                                     'norm_bbox': True,
                                                     'out_size_factor': 1,
                                                     'score_threshold': 0.1,
                                                     'tasks': [{'class_names': ['car'],
                                                                'name': 'car',
                                                                'num_class': 1},
                                                               {'class_names': ['truck',
                                                                                'construction_vehicle'],
                                                                'name': 'truck',
                                                                'num_class': 2},
                                                               {'class_names': ['bus',
                                                                                'trailer'],
                                                                'name': 'bus',
                                                                'num_class': 2},
                                                               {'class_names': ['barrier'],
                                                                'name': 'barrier',
                                                                'num_class': 1},
                                                               {'class_names': ['motorcycle',
                                                                                'bicycle'],
                                                                'name': 'bicycle',
                                                                'num_class': 2},
                                                               {'class_names': ['pedestrian',
                                                                                'traffic_cone'],
                                                                'name': 'pedestrian',
                                                                'num_class': 2}],
                                                     'type': 'CenterPointDecoder',
                                                     'use_max_pool': True},
                                         'head': {'common_heads': {'dim': [3,
                                                                           2],
                                                                   'height': [1,
                                                                              2],
                                                                   'reg': [2,
                                                                           2],
                                                                   'rot': [2,
                                                                           2],
                                                                   'vel': [2,
                                                                           2]},
                                                  'final_kernel': 3,
                                                  'head_conv_channels': 64,
                                                  'in_channels': 256,
                                                  'init_bias': -2.19,
                                                  'num_heatmap_convs': 2,
                                                  'share_conv_channels': 64,
                                                  'share_conv_num': 1,
                                                  'tasks': [{'class_names': ['car'],
                                                             'name': 'car',
                                                             'num_class': 1},
                                                            {'class_names': ['truck',
                                                                             'construction_vehicle'],
                                                             'name': 'truck',
                                                             'num_class': 2},
                                                            {'class_names': ['bus',
                                                                             'trailer'],
                                                             'name': 'bus',
                                                             'num_class': 2},
                                                            {'class_names': ['barrier'],
                                                             'name': 'barrier',
                                                             'num_class': 1},
                                                            {'class_names': ['motorcycle',
                                                                             'bicycle'],
                                                             'name': 'bicycle',
                                                             'num_class': 2},
                                                            {'class_names': ['pedestrian',
                                                                             'traffic_cone'],
                                                             'name': 'pedestrian',
                                                             'num_class': 2}],
                                                  'type': 'DepthwiseSeparableCenterPointHead'},
                                         'loss_cls': {'loss_weight': 1.0,
                                                      'type': 'GaussianFocalLoss'},
                                         'loss_reg': {'loss_weight': 0.25,
                                                      'type': 'L1Loss'},
                                         'name': 'bev_det',
                                         'point_cloud_range': [-51.2,
                                                               -51.2,
                                                               -5.0,
                                                               51.2,
                                                               51.2,
                                                               3.0],
                                         'target': {'bbox_weight': [1.0,
                                                                    1.0,
                                                                    1.0,
                                                                    1.0,
                                                                    1.0,
                                                                    1.0,
                                                                    1.0,
                                                                    1.0,
                                                                    0.2,
                                                                    0.2],
                                                    'class_names': ['car',
                                                                    'truck',
                                                                    'trailer',
                                                                    'bus',
                                                                    'construction_vehicle',
                                                                    'bicycle',
                                                                    'motorcycle',
                                                                    'pedestrian',
                                                                    'traffic_cone',
                                                                    'barrier'],
                                                    'gaussian_overlap': 0.1,
                                                    'max_num': 500,
                                                    'min_radius': 2,
                                                    'norm_bbox': True,
                                                    'out_size_factor': 1,
                                                    'tasks': [{'class_names': ['car'],
                                                               'name': 'car',
                                                               'num_class': 1},
                                                              {'class_names': ['truck',
                                                                               'construction_vehicle'],
                                                               'name': 'truck',
                                                               'num_class': 2},
                                                              {'class_names': ['bus',
                                                                               'trailer'],
                                                               'name': 'bus',
                                                               'num_class': 2},
                                                              {'class_names': ['barrier'],
                                                               'name': 'barrier',
                                                               'num_class': 1},
                                                              {'class_names': ['motorcycle',
                                                                               'bicycle'],
                                                               'name': 'bicycle',
                                                               'num_class': 2},
                                                              {'class_names': ['pedestrian',
                                                                               'traffic_cone'],
                                                               'name': 'pedestrian',
                                                               'num_class': 2}],
                                                    'type': 'CenterPointTarget'},
                                         'task_weight': 1.0,
                                         'type': 'BevFusionCenterPointDetDecoder'}],
                       'bev_h': 128,
                       'bev_w': 128,
                       'camera_network': {'backbone': {'act_layer': ['nn.GELU',
                                                                     'nn.GELU',
                                                                     'nn.GELU',
                                                                     'nn.GELU'],
                                                       'attention_block_num': [0,
                                                                               0,
                                                                               0,
                                                                               0],
                                                       'block_cls': ['GroupDWCB',
                                                                     'GroupDWCB',
                                                                     'AltDWCB',
                                                                     'DWCB'],
                                                       'block_nums': [4,
                                                                      3,
                                                                      8,
                                                                      6],
                                                       'down_cls': ['S2DDown',
                                                                    'S2DDown',
                                                                    'S2DDown',
                                                                    'None'],
                                                       'embed_dims': [64,
                                                                      128,
                                                                      192,
                                                                      384],
                                                       'extra_act': [False,
                                                                     False,
                                                                     False,
                                                                     False],
                                                       'feature_mix_channel': 1024,
                                                       'final_expand_channel': 0,
                                                       'in_channels': 3,
                                                       'include_top': False,
                                                       'layer_scale_init_value': 1e-05,
                                                       'mlp_ratio_attn': 2,
                                                       'mlp_ratios': [2,
                                                                      2,
                                                                      2,
                                                                      3],
                                                       'num_classes': 1000,
                                                       'patch_embed': 'origin',
                                                       'type': 'HENet',
                                                       'use_layer_scale': [True,
                                                                           True,
                                                                           True,
                                                                           True]},
                                          'neck': {'bn_kwargs': {'eps': 1e-05,
                                                                 'momentum': 0.1},
                                                   'in_channels': [384],
                                                   'in_strides': [32],
                                                   'out_channels': [256],
                                                   'out_strides': [32],
                                                   'type': 'FPN'},
                                          'out_indices': [-1],
                                          'type': 'BevFormer',
                                          'view_transformer': {'bev_h': 128,
                                                               'bev_w': 128,
                                                               'embed_dims': 256,
                                                               'encoder': {'bev_h': 128,
                                                                           'bev_w': 128,
                                                                           'embed_dims': 256,
                                                                           'encoder_layer': {'crossattention': {'bev_h': 128,
                                                                                                                'bev_w': 128,
                                                                                                                'deformable_attention': {'embed_dims': 256,
                                                                                                                                         'feats_size': [[30,
                                                                                                                                                         16]],
                                                                                                                                         'grid_align_num': 64,
                                                                                                                                         'num_levels': 1,
                                                                                                                                         'num_points': 2,
                                                                                                                                         'type': 'HorizonMultiScaleDeformableAttention3D'},
                                                                                                                'embed_dims': 256,
                                                                                                                'max_camoverlap_num': 2,
                                                                                                                'type': 'HorizonSpatialCrossAttention'},
                                                                                             'dropout': 0.1,
                                                                                             'embed_dims': 256,
                                                                                             'selfattention': {'batch_first': True,
                                                                                                               'embed_dims': 256,
                                                                                                               'feats_size': [[128,
                                                                                                                               128]],
                                                                                                               'grid_align_num': 4,
                                                                                                               'num_levels': 1,
                                                                                                               'num_points': 2,
                                                                                                               'type': 'HorizonMultiScaleDeformableAttention'},
                                                                                             'type': 'SingleBEVFormerEncoderLayer'},
                                                                           'num_layers': 1,
                                                                           'return_intermediate': False,
                                                                           'type': 'SingleBEVFormerEncoder'},
                                                               'in_indices': [-1],
                                                               'max_camoverlap_num': 2,
                                                               'num_points_in_pillar': 2,
                                                               'pc_range': [-51.2,
                                                                            -51.2,
                                                                            -5.0,
                                                                            51.2,
                                                                            51.2,
                                                                            3.0],
                                                               'positional_encoding': {'col_num_embed': 128,
                                                                                       'num_feats': 128,
                                                                                       'row_num_embed': 128,
                                                                                       'type': 'LearnedPositionalEncoding'},
                                                               'queue_length': 1,
                                                               'single_bev': True,
                                                               'type': 'SingleBevFormerViewTransformer',
                                                               'use_lidar2img': True,
                                                               'virtual_bev_h': 64,
                                                               'virtual_bev_w': 80}},
                       'fuse_module': {'fuse_c': 256,
                                       'input_c': 640,
                                       'type': 'BevFuseModule'},
                       'lidar_network': {'backbone': {'num_input_features': 64,
                                                      'quantize': True,
                                                      'type': 'PointPillarScatter',
                                                      'use_horizon_pillar_scatter': True},
                                         'feature_map_shape': array([512, 512,   1]),
                                         'neck': {'bn_kwargs': None,
                                                  'down_layer_channels': [64,
                                                                          128,
                                                                          256],
                                                  'down_layer_nums': [3, 5, 5],
                                                  'down_layer_strides': [2,
                                                                         2,
                                                                         2],
                                                  'in_feature_channel': 64,
                                                  'quantize': True,
                                                  'type': 'SECONDNeck',
                                                  'up_layer_channels': [128,
                                                                        128,
                                                                        128],
                                                  'up_layer_strides': [0.5,
                                                                       1,
                                                                       2],
                                                  'use_relu6': False},
                                         'pre_process': {'fixed_voxels_num': 30000,
                                                         'max_points_in_voxel': 20,
                                                         'max_voxels_num': [30000,
                                                                            40000],
                                                         'norm_dims': [0,
                                                                       1,
                                                                       2,
                                                                       3],
                                                         'norm_range': [-51.2,
                                                                        -51.2,
                                                                        -5.0,
                                                                        0.0,
                                                                        51.2,
                                                                        51.2,
                                                                        3.0,
                                                                        255.0],
                                                         'pc_range': [-51.2,
                                                                      -51.2,
                                                                      -5.0,
                                                                      51.2,
                                                                      51.2,
                                                                      3.0],
                                                         'type': 'PaddedCenterPointPreProcess',
                                                         'voxel_size': [0.2,
                                                                        0.2,
                                                                        8]},
                                         'reader': {'bn_kwargs': None,
                                                    'hw_reverse': True,
                                                    'num_filters': [64],
                                                    'num_input_features': 5,
                                                    'pc_range': [-51.2,
                                                                 -51.2,
                                                                 -5.0,
                                                                 51.2,
                                                                 51.2,
                                                                 3.0],
                                                    'pool_size': [20, 1],
                                                    'quantize': True,
                                                    'type': 'PillarFeatureNet',
                                                    'use_4dim': True,
                                                    'use_conv': True,
                                                    'voxel_size': [0.2, 0.2, 8],
                                                    'with_distance': False},
                                         'type': 'CenterPointDetector'},
                       'type': 'BevFusion'},
 'hbir_exporter': {'example_inputs': {'bev_pillar_counts': torch.Size([1, 16384, 1]),
                                      'coors': torch.Size([40000, 4]),
                                      'features': torch.Size([1, 5, 20, 40000]),
                                      'img': torch.Size([6, 3, 512, 960]),
                                      'queries_rebatch_grid': torch.Size([6, 64, 80, 2]),
                                      'reference_points_rebatch': torch.Size([6, 5120, 2, 2]),
                                      'restore_bev_grid': torch.Size([1, 256, 128, 2])},
                   'input_names': ['features',
                                   'coors',
                                   'img',
                                   'queries_rebatch_grid',
                                   'restore_bev_grid',
                                   'reference_points_rebatch',
                                   'bev_pillar_counts'],
                   'march': 'nash-m',
                   'model': {'bev_decoders': [{'bev_size': [51.2, 51.2, 0.8],
                                               'decode_to_lidar': True,
                                               'head': {'common_heads': {'dim': [3,
                                                                                 2],
                                                                         'height': [1,
                                                                                    2],
                                                                         'reg': [2,
                                                                                 2],
                                                                         'rot': [2,
                                                                                 2],
                                                                         'vel': [2,
                                                                                 2]},
                                                        'final_kernel': 3,
                                                        'head_conv_channels': 64,
                                                        'in_channels': 256,
                                                        'init_bias': -2.19,
                                                        'num_heatmap_convs': 2,
                                                        'share_conv_channels': 64,
                                                        'share_conv_num': 1,
                                                        'tasks': [{'class_names': ['car'],
                                                                   'name': 'car',
                                                                   'num_class': 1},
                                                                  {'class_names': ['truck',
                                                                                   'construction_vehicle'],
                                                                   'name': 'truck',
                                                                   'num_class': 2},
                                                                  {'class_names': ['bus',
                                                                                   'trailer'],
                                                                   'name': 'bus',
                                                                   'num_class': 2},
                                                                  {'class_names': ['barrier'],
                                                                   'name': 'barrier',
                                                                   'num_class': 1},
                                                                  {'class_names': ['motorcycle',
                                                                                   'bicycle'],
                                                                   'name': 'bicycle',
                                                                   'num_class': 2},
                                                                  {'class_names': ['pedestrian',
                                                                                   'traffic_cone'],
                                                                   'name': 'pedestrian',
                                                                   'num_class': 2}],
                                                        'type': 'DepthwiseSeparableCenterPointHead'},
                                               'is_compile': True,
                                               'name': 'bev_det',
                                               'point_cloud_range': [-51.2,
                                                                     -51.2,
                                                                     -5.0,
                                                                     51.2,
                                                                     51.2,
                                                                     3.0],
                                               'task_weight': 1.0,
                                               'type': 'BevFusionCenterPointDetDecoder'}],
                             'bev_h': 128,
                             'bev_w': 128,
                             'camera_network': {'backbone': {'act_layer': ['nn.GELU',
                                                                           'nn.GELU',
                                                                           'nn.GELU',
                                                                           'nn.GELU'],
                                                             'attention_block_num': [0,
                                                                                     0,
                                                                                     0,
                                                                                     0],
                                                             'block_cls': ['GroupDWCB',
                                                                           'GroupDWCB',
                                                                           'AltDWCB',
                                                                           'DWCB'],
                                                             'block_nums': [4,
                                                                            3,
                                                                            8,
                                                                            6],
                                                             'down_cls': ['S2DDown',
                                                                          'S2DDown',
                                                                          'S2DDown',
                                                                          'None'],
                                                             'embed_dims': [64,
                                                                            128,
                                                                            192,
                                                                            384],
                                                             'extra_act': [False,
                                                                           False,
                                                                           False,
                                                                           False],
                                                             'feature_mix_channel': 1024,
                                                             'final_expand_channel': 0,
                                                             'in_channels': 3,
                                                             'include_top': False,
                                                             'layer_scale_init_value': 1e-05,
                                                             'mlp_ratio_attn': 2,
                                                             'mlp_ratios': [2,
                                                                            2,
                                                                            2,
                                                                            3],
                                                             'num_classes': 1000,
                                                             'patch_embed': 'origin',
                                                             'type': 'HENet',
                                                             'use_layer_scale': [True,
                                                                                 True,
                                                                                 True,
                                                                                 True]},
                                                'neck': {'bn_kwargs': {'eps': 1e-05,
                                                                       'momentum': 0.1},
                                                         'in_channels': [384],
                                                         'in_strides': [32],
                                                         'out_channels': [256],
                                                         'out_strides': [32],
                                                         'type': 'FPN'},
                                                'out_indices': [-1],
                                                'type': 'BevFormer',
                                                'view_transformer': {'bev_h': 128,
                                                                     'bev_w': 128,
                                                                     'embed_dims': 256,
                                                                     'encoder': {'bev_h': 128,
                                                                                 'bev_w': 128,
                                                                                 'embed_dims': 256,
                                                                                 'encoder_layer': {'crossattention': {'bev_h': 128,
                                                                                                                      'bev_w': 128,
                                                                                                                      'deformable_attention': {'embed_dims': 256,
                                                                                                                                               'feats_size': [[30,
                                                                                                                                                               16]],
                                                                                                                                               'grid_align_num': 64,
                                                                                                                                               'num_levels': 1,
                                                                                                                                               'num_points': 2,
                                                                                                                                               'type': 'HorizonMultiScaleDeformableAttention3D'},
                                                                                                                      'embed_dims': 256,
                                                                                                                      'max_camoverlap_num': 2,
                                                                                                                      'type': 'HorizonSpatialCrossAttention'},
                                                                                                   'dropout': 0.1,
                                                                                                   'embed_dims': 256,
                                                                                                   'selfattention': {'batch_first': True,
                                                                                                                     'embed_dims': 256,
                                                                                                                     'feats_size': [[128,
                                                                                                                                     128]],
                                                                                                                     'grid_align_num': 4,
                                                                                                                     'num_levels': 1,
                                                                                                                     'num_points': 2,
                                                                                                                     'type': 'HorizonMultiScaleDeformableAttention'},
                                                                                                   'type': 'SingleBEVFormerEncoderLayer'},
                                                                                 'num_layers': 1,
                                                                                 'return_intermediate': False,
                                                                                 'type': 'SingleBEVFormerEncoder'},
                                                                     'in_indices': [-1],
                                                                     'is_compile': True,
                                                                     'max_camoverlap_num': 2,
                                                                     'num_points_in_pillar': 2,
                                                                     'pc_range': [-51.2,
                                                                                  -51.2,
                                                                                  -5.0,
                                                                                  51.2,
                                                                                  51.2,
                                                                                  3.0],
                                                                     'positional_encoding': {'col_num_embed': 128,
                                                                                             'num_feats': 128,
                                                                                             'row_num_embed': 128,
                                                                                             'type': 'LearnedPositionalEncoding'},
                                                                     'queue_length': 1,
                                                                     'single_bev': True,
                                                                     'type': 'SingleBevFormerViewTransformer',
                                                                     'use_lidar2img': True,
                                                                     'virtual_bev_h': 64,
                                                                     'virtual_bev_w': 80}},
                             'fuse_module': {'fuse_c': 256,
                                             'input_c': 640,
                                             'type': 'BevFuseModule'},
                             'lidar_network': {'backbone': {'num_input_features': 64,
                                                            'quantize': True,
                                                            'type': 'PointPillarScatter',
                                                            'use_horizon_pillar_scatter': True},
                                               'feature_map_shape': array([512, 512,   1]),
                                               'neck': {'bn_kwargs': None,
                                                        'down_layer_channels': [64,
                                                                                128,
                                                                                256],
                                                        'down_layer_nums': [3,
                                                                            5,
                                                                            5],
                                                        'down_layer_strides': [2,
                                                                               2,
                                                                               2],
                                                        'in_feature_channel': 64,
                                                        'quantize': True,
                                                        'type': 'SECONDNeck',
                                                        'up_layer_channels': [128,
                                                                              128,
                                                                              128],
                                                        'up_layer_strides': [0.5,
                                                                             1,
                                                                             2],
                                                        'use_relu6': False},
                                               'reader': {'bn_kwargs': None,
                                                          'hw_reverse': True,
                                                          'num_filters': [64],
                                                          'num_input_features': 5,
                                                          'pc_range': [-51.2,
                                                                       -51.2,
                                                                       -5.0,
                                                                       51.2,
                                                                       51.2,
                                                                       3.0],
                                                          'pool_size': [20, 1],
                                                          'quantize': True,
                                                          'type': 'PillarFeatureNet',
                                                          'use_4dim': True,
                                                          'use_conv': True,
                                                          'voxel_size': [0.2,
                                                                         0.2,
                                                                         8],
                                                          'with_distance': False},
                                               'type': 'CenterPointDetector'},
                             'type': 'BevFusion'},
                   'model_convert_pipeline': {'converters': [{'type': 'RepModel2Deploy'},
                                                             {'convert_mode': 'jit-strip',
                                                              'example_inputs': {'bev_pillar_counts': torch.Size([1, 16384, 1]),
                                                                                 'coors': torch.Size([40000, 4]),
                                                                                 'features': torch.Size([1, 5, 20, 40000]),
                                                                                 'img': torch.Size([6, 3, 512, 960]),
                                                                                 'queries_rebatch_grid': torch.Size([6, 64, 80, 2]),
                                                                                 'reference_points_rebatch': torch.Size([6, 5120, 2, 2]),
                                                                                 'restore_bev_grid': torch.Size([1, 256, 128, 2])},
                                                              'type': 'Float2QAT'},
                                                             {'allow_miss': True,
                                                              'checkpoint_path': './tmp_models/bevfusion_centerpoint_pointpillar_henet_multisensor_multitask_nuscenes/qat-checkpoint-last.pth.tar',
                                                              'ignore_extra': True,
                                                              'type': 'LoadCheckpoint',
                                                              'verbose': True},
                                                             {'type': 'SetQuantRoundingMode'}],
                                              'qat_mode': 'fuse_bn',
                                              'type': 'ModelConvertPipeline'},
                   'model_name': 'bevfusion_centerpoint_pointpillar_henet_multisensor_multitask_nuscenes',
                   'save_path': './tmp_models/bevfusion_centerpoint_pointpillar_henet_multisensor_multitask_nuscenes',
                   'type': 'HbirExporter'},
 'hbir_infer_model': {'deploy_model': {'bev_decoders': [{'bev_size': [51.2,
                                                                      51.2,
                                                                      0.8],
                                                         'decode_to_lidar': True,
                                                         'decoder': {'bev_size': [51.2,
                                                                                  51.2,
                                                                                  0.8],
                                                                     'class_names': ['car',
                                                                                     'truck',
                                                                                     'trailer',
                                                                                     'bus',
                                                                                     'construction_vehicle',
                                                                                     'bicycle',
                                                                                     'motorcycle',
                                                                                     'pedestrian',
                                                                                     'traffic_cone',
                                                                                     'barrier'],
                                                                     'decode_to_ego': False,
                                                                     'min_radius': [4,
                                                                                    12,
                                                                                    10,
                                                                                    1,
                                                                                    0.85,
                                                                                    0.175],
                                                                     'nms_threshold': [0.2,
                                                                                       0.2,
                                                                                       0.2,
                                                                                       0.2,
                                                                                       0.2,
                                                                                       0.5],
                                                                     'nms_type': ['rotate',
                                                                                  'rotate',
                                                                                  'rotate',
                                                                                  'circle',
                                                                                  'rotate',
                                                                                  'rotate'],
                                                                     'norm_bbox': True,
                                                                     'out_size_factor': 1,
                                                                     'score_threshold': 0.1,
                                                                     'tasks': [{'class_names': ['car'],
                                                                                'name': 'car',
                                                                                'num_class': 1},
                                                                               {'class_names': ['truck',
                                                                                                'construction_vehicle'],
                                                                                'name': 'truck',
                                                                                'num_class': 2},
                                                                               {'class_names': ['bus',
                                                                                                'trailer'],
                                                                                'name': 'bus',
                                                                                'num_class': 2},
                                                                               {'class_names': ['barrier'],
                                                                                'name': 'barrier',
                                                                                'num_class': 1},
                                                                               {'class_names': ['motorcycle',
                                                                                                'bicycle'],
                                                                                'name': 'bicycle',
                                                                                'num_class': 2},
                                                                               {'class_names': ['pedestrian',
                                                                                                'traffic_cone'],
                                                                                'name': 'pedestrian',
                                                                                'num_class': 2}],
                                                                     'type': 'CenterPointDecoder',
                                                                     'use_max_pool': True},
                                                         'head': {'common_heads': {'dim': [3,
                                                                                           2],
                                                                                   'height': [1,
                                                                                              2],
                                                                                   'reg': [2,
                                                                                           2],
                                                                                   'rot': [2,
                                                                                           2],
                                                                                   'vel': [2,
                                                                                           2]},
                                                                  'final_kernel': 3,
                                                                  'head_conv_channels': 64,
                                                                  'in_channels': 256,
                                                                  'init_bias': -2.19,
                                                                  'num_heatmap_convs': 2,
                                                                  'share_conv_channels': 64,
                                                                  'share_conv_num': 1,
                                                                  'tasks': [{'class_names': ['car'],
                                                                             'name': 'car',
                                                                             'num_class': 1},
                                                                            {'class_names': ['truck',
                                                                                             'construction_vehicle'],
                                                                             'name': 'truck',
                                                                             'num_class': 2},
                                                                            {'class_names': ['bus',
                                                                                             'trailer'],
                                                                             'name': 'bus',
                                                                             'num_class': 2},
                                                                            {'class_names': ['barrier'],
                                                                             'name': 'barrier',
                                                                             'num_class': 1},
                                                                            {'class_names': ['motorcycle',
                                                                                             'bicycle'],
                                                                             'name': 'bicycle',
                                                                             'num_class': 2},
                                                                            {'class_names': ['pedestrian',
                                                                                             'traffic_cone'],
                                                                             'name': 'pedestrian',
                                                                             'num_class': 2}],
                                                                  'type': 'DepthwiseSeparableCenterPointHead'},
                                                         'loss_cls': {'loss_weight': 1.0,
                                                                      'type': 'GaussianFocalLoss'},
                                                         'loss_reg': {'loss_weight': 0.25,
                                                                      'type': 'L1Loss'},
                                                         'name': 'bev_det',
                                                         'point_cloud_range': [-51.2,
                                                                               -51.2,
                                                                               -5.0,
                                                                               51.2,
                                                                               51.2,
                                                                               3.0],
                                                         'target': {'bbox_weight': [1.0,
                                                                                    1.0,
                                                                                    1.0,
                                                                                    1.0,
                                                                                    1.0,
                                                                                    1.0,
                                                                                    1.0,
                                                                                    1.0,
                                                                                    0.2,
                                                                                    0.2],
                                                                    'class_names': ['car',
                                                                                    'truck',
                                                                                    'trailer',
                                                                                    'bus',
                                                                                    'construction_vehicle',
                                                                                    'bicycle',
                                                                                    'motorcycle',
                                                                                    'pedestrian',
                                                                                    'traffic_cone',
                                                                                    'barrier'],
                                                                    'gaussian_overlap': 0.1,
                                                                    'max_num': 500,
                                                                    'min_radius': 2,
                                                                    'norm_bbox': True,
                                                                    'out_size_factor': 1,
                                                                    'tasks': [{'class_names': ['car'],
                                                                               'name': 'car',
                                                                               'num_class': 1},
                                                                              {'class_names': ['truck',
                                                                                               'construction_vehicle'],
                                                                               'name': 'truck',
                                                                               'num_class': 2},
                                                                              {'class_names': ['bus',
                                                                                               'trailer'],
                                                                               'name': 'bus',
                                                                               'num_class': 2},
                                                                              {'class_names': ['barrier'],
                                                                               'name': 'barrier',
                                                                               'num_class': 1},
                                                                              {'class_names': ['motorcycle',
                                                                                               'bicycle'],
                                                                               'name': 'bicycle',
                                                                               'num_class': 2},
                                                                              {'class_names': ['pedestrian',
                                                                                               'traffic_cone'],
                                                                               'name': 'pedestrian',
                                                                               'num_class': 2}],
                                                                    'type': 'CenterPointTarget'},
                                                         'task_weight': 1.0,
                                                         'type': 'BevFusionCenterPointDetDecoder'}],
                                       'bev_h': 128,
                                       'bev_w': 128,
                                       'camera_network': {'backbone': {'act_layer': ['nn.GELU',
                                                                                     'nn.GELU',
                                                                                     'nn.GELU',
                                                                                     'nn.GELU'],
                                                                       'attention_block_num': [0,
                                                                                               0,
                                                                                               0,
                                                                                               0],
                                                                       'block_cls': ['GroupDWCB',
                                                                                     'GroupDWCB',
                                                                                     'AltDWCB',
                                                                                     'DWCB'],
                                                                       'block_nums': [4,
                                                                                      3,
                                                                                      8,
                                                                                      6],
                                                                       'down_cls': ['S2DDown',
                                                                                    'S2DDown',
                                                                                    'S2DDown',
                                                                                    'None'],
                                                                       'embed_dims': [64,
                                                                                      128,
                                                                                      192,
                                                                                      384],
                                                                       'extra_act': [False,
                                                                                     False,
                                                                                     False,
                                                                                     False],
                                                                       'feature_mix_channel': 1024,
                                                                       'final_expand_channel': 0,
                                                                       'in_channels': 3,
                                                                       'include_top': False,
                                                                       'layer_scale_init_value': 1e-05,
                                                                       'mlp_ratio_attn': 2,
                                                                       'mlp_ratios': [2,
                                                                                      2,
                                                                                      2,
                                                                                      3],
                                                                       'num_classes': 1000,
                                                                       'patch_embed': 'origin',
                                                                       'type': 'HENet',
                                                                       'use_layer_scale': [True,
                                                                                           True,
                                                                                           True,
                                                                                           True]},
                                                          'neck': {'bn_kwargs': {'eps': 1e-05,
                                                                                 'momentum': 0.1},
                                                                   'in_channels': [384],
                                                                   'in_strides': [32],
                                                                   'out_channels': [256],
                                                                   'out_strides': [32],
                                                                   'type': 'FPN'},
                                                          'out_indices': [-1],
                                                          'type': 'BevFormer',
                                                          'view_transformer': {'bev_h': 128,
                                                                               'bev_w': 128,
                                                                               'embed_dims': 256,
                                                                               'encoder': {'bev_h': 128,
                                                                                           'bev_w': 128,
                                                                                           'embed_dims': 256,
                                                                                           'encoder_layer': {'crossattention': {'bev_h': 128,
                                                                                                                                'bev_w': 128,
                                                                                                                                'deformable_attention': {'embed_dims': 256,
                                                                                                                                                         'feats_size': [[30,
                                                                                                                                                                         16]],
                                                                                                                                                         'grid_align_num': 64,
                                                                                                                                                         'num_levels': 1,
                                                                                                                                                         'num_points': 2,
                                                                                                                                                         'type': 'HorizonMultiScaleDeformableAttention3D'},
                                                                                                                                'embed_dims': 256,
                                                                                                                                'max_camoverlap_num': 2,
                                                                                                                                'type': 'HorizonSpatialCrossAttention'},
                                                                                                             'dropout': 0.1,
                                                                                                             'embed_dims': 256,
                                                                                                             'selfattention': {'batch_first': True,
                                                                                                                               'embed_dims': 256,
                                                                                                                               'feats_size': [[128,
                                                                                                                                               128]],
                                                                                                                               'grid_align_num': 4,
                                                                                                                               'num_levels': 1,
                                                                                                                               'num_points': 2,
                                                                                                                               'type': 'HorizonMultiScaleDeformableAttention'},
                                                                                                             'type': 'SingleBEVFormerEncoderLayer'},
                                                                                           'num_layers': 1,
                                                                                           'return_intermediate': False,
                                                                                           'type': 'SingleBEVFormerEncoder'},
                                                                               'in_indices': [-1],
                                                                               'max_camoverlap_num': 2,
                                                                               'num_points_in_pillar': 2,
                                                                               'pc_range': [-51.2,
                                                                                            -51.2,
                                                                                            -5.0,
                                                                                            51.2,
                                                                                            51.2,
                                                                                            3.0],
                                                                               'positional_encoding': {'col_num_embed': 128,
                                                                                                       'num_feats': 128,
                                                                                                       'row_num_embed': 128,
                                                                                                       'type': 'LearnedPositionalEncoding'},
                                                                               'queue_length': 1,
                                                                               'single_bev': True,
                                                                               'type': 'SingleBevFormerViewTransformer',
                                                                               'use_lidar2img': True,
                                                                               'virtual_bev_h': 64,
                                                                               'virtual_bev_w': 80}},
                                       'fuse_module': {'fuse_c': 256,
                                                       'input_c': 640,
                                                       'type': 'BevFuseModule'},
                                       'lidar_network': {'backbone': {'num_input_features': 64,
                                                                      'quantize': True,
                                                                      'type': 'PointPillarScatter',
                                                                      'use_horizon_pillar_scatter': True},
                                                         'feature_map_shape': array([512, 512,   1]),
                                                         'neck': {'bn_kwargs': None,
                                                                  'down_layer_channels': [64,
                                                                                          128,
                                                                                          256],
                                                                  'down_layer_nums': [3,
                                                                                      5,
                                                                                      5],
                                                                  'down_layer_strides': [2,
                                                                                         2,
                                                                                         2],
                                                                  'in_feature_channel': 64,
                                                                  'quantize': True,
                                                                  'type': 'SECONDNeck',
                                                                  'up_layer_channels': [128,
                                                                                        128,
                                                                                        128],
                                                                  'up_layer_strides': [0.5,
                                                                                       1,
                                                                                       2],
                                                                  'use_relu6': False},
                                                         'pre_process': {'fixed_voxels_num': 30000,
                                                                         'max_points_in_voxel': 20,
                                                                         'max_voxels_num': [30000,
                                                                                            40000],
                                                                         'norm_dims': [0,
                                                                                       1,
                                                                                       2,
                                                                                       3],
                                                                         'norm_range': [-51.2,
                                                                                        -51.2,
                                                                                        -5.0,
                                                                                        0.0,
                                                                                        51.2,
                                                                                        51.2,
                                                                                        3.0,
                                                                                        255.0],
                                                                         'pc_range': [-51.2,
                                                                                      -51.2,
                                                                                      -5.0,
                                                                                      51.2,
                                                                                      51.2,
                                                                                      3.0],
                                                                         'type': 'PaddedCenterPointPreProcess',
                                                                         'voxel_size': [0.2,
                                                                                        0.2,
                                                                                        8]},
                                                         'reader': {'bn_kwargs': None,
                                                                    'hw_reverse': True,
                                                                    'num_filters': [64],
                                                                    'num_input_features': 5,
                                                                    'pc_range': [-51.2,
                                                                                 -51.2,
                                                                                 -5.0,
                                                                                 51.2,
                                                                                 51.2,
                                                                                 3.0],
                                                                    'pool_size': [20,
                                                                                  1],
                                                                    'quantize': True,
                                                                    'type': 'PillarFeatureNet',
                                                                    'use_4dim': True,
                                                                    'use_conv': True,
                                                                    'voxel_size': [0.2,
                                                                                   0.2,
                                                                                   8],
                                                                    'with_distance': False},
                                                         'type': 'CenterPointDetector'},
                                       'type': 'BevFusion'},
                      'ir_model': {'model_path': './tmp_models/bevfusion_centerpoint_pointpillar_henet_multisensor_multitask_nuscenes/quantized.bc',
                                   'type': 'HbirModule'},
                      'type': 'BevFusionHbirInfer'},
 'horizon': <module 'horizon_plugin_pytorch' from '/usr/local/lib/python3.10/dist-packages/horizon_plugin_pytorch/__init__.py'>,
 'image_pad': <function image_pad at 0x7f65c6d06710>,
 'infer_cfg': {'gen_inputs_cfg': {'dataset': {'bev_range': [-51.2,
                                                            -51.2,
                                                            -5.0,
                                                            51.2,
                                                            51.2,
                                                            3.0],
                                              'load_dim': 5,
                                              'map_path': None,
                                              'map_size': None,
                                              'need_lidar': True,
                                              'num_seq': 1,
                                              'num_sweeps': 9,
                                              'split_name': 'val',
                                              'src_data_dir': './data/nuscenes',
                                              'transforms': None,
                                              'type': 'NuscenesFromImageSequence',
                                              'use_dim': [0, 1, 2, 3, 4],
                                              'version': 'v1.0-trainval',
                                              'with_bev_bboxes': False,
                                              'with_bev_mask': False,
                                              'with_ego_bboxes': True,
                                              'with_lidar_bboxes': True,
                                              'with_lidar_occ': True},
                                  'inputs_save_func': <function inputs_save_func at 0x7f65b5a770a0>,
                                  'sample_idx': [0]},
               'input_path': './demo/bevfusion_centerpoint_pointpillar_henet_multisensor_multitask_nuscenes',
               'model': {'deploy_model': {'bev_decoders': [{'bev_size': [51.2,
                                                                         51.2,
                                                                         0.8],
                                                            'decode_to_lidar': True,
                                                            'decoder': {'bev_size': [51.2,
                                                                                     51.2,
                                                                                     0.8],
                                                                        'class_names': ['car',
                                                                                        'truck',
                                                                                        'trailer',
                                                                                        'bus',
                                                                                        'construction_vehicle',
                                                                                        'bicycle',
                                                                                        'motorcycle',
                                                                                        'pedestrian',
                                                                                        'traffic_cone',
                                                                                        'barrier'],
                                                                        'decode_to_ego': False,
                                                                        'min_radius': [4,
                                                                                       12,
                                                                                       10,
                                                                                       1,
                                                                                       0.85,
                                                                                       0.175],
                                                                        'nms_threshold': [0.2,
                                                                                          0.2,
                                                                                          0.2,
                                                                                          0.2,
                                                                                          0.2,
                                                                                          0.5],
                                                                        'nms_type': ['rotate',
                                                                                     'rotate',
                                                                                     'rotate',
                                                                                     'circle',
                                                                                     'rotate',
                                                                                     'rotate'],
                                                                        'norm_bbox': True,
                                                                        'out_size_factor': 1,
                                                                        'score_threshold': 0.1,
                                                                        'tasks': [{'class_names': ['car'],
                                                                                   'name': 'car',
                                                                                   'num_class': 1},
                                                                                  {'class_names': ['truck',
                                                                                                   'construction_vehicle'],
                                                                                   'name': 'truck',
                                                                                   'num_class': 2},
                                                                                  {'class_names': ['bus',
                                                                                                   'trailer'],
                                                                                   'name': 'bus',
                                                                                   'num_class': 2},
                                                                                  {'class_names': ['barrier'],
                                                                                   'name': 'barrier',
                                                                                   'num_class': 1},
                                                                                  {'class_names': ['motorcycle',
                                                                                                   'bicycle'],
                                                                                   'name': 'bicycle',
                                                                                   'num_class': 2},
                                                                                  {'class_names': ['pedestrian',
                                                                                                   'traffic_cone'],
                                                                                   'name': 'pedestrian',
                                                                                   'num_class': 2}],
                                                                        'type': 'CenterPointDecoder',
                                                                        'use_max_pool': True},
                                                            'head': {'common_heads': {'dim': [3,
                                                                                              2],
                                                                                      'height': [1,
                                                                                                 2],
                                                                                      'reg': [2,
                                                                                              2],
                                                                                      'rot': [2,
                                                                                              2],
                                                                                      'vel': [2,
                                                                                              2]},
                                                                     'final_kernel': 3,
                                                                     'head_conv_channels': 64,
                                                                     'in_channels': 256,
                                                                     'init_bias': -2.19,
                                                                     'num_heatmap_convs': 2,
                                                                     'share_conv_channels': 64,
                                                                     'share_conv_num': 1,
                                                                     'tasks': [{'class_names': ['car'],
                                                                                'name': 'car',
                                                                                'num_class': 1},
                                                                               {'class_names': ['truck',
                                                                                                'construction_vehicle'],
                                                                                'name': 'truck',
                                                                                'num_class': 2},
                                                                               {'class_names': ['bus',
                                                                                                'trailer'],
                                                                                'name': 'bus',
                                                                                'num_class': 2},
                                                                               {'class_names': ['barrier'],
                                                                                'name': 'barrier',
                                                                                'num_class': 1},
                                                                               {'class_names': ['motorcycle',
                                                                                                'bicycle'],
                                                                                'name': 'bicycle',
                                                                                'num_class': 2},
                                                                               {'class_names': ['pedestrian',
                                                                                                'traffic_cone'],
                                                                                'name': 'pedestrian',
                                                                                'num_class': 2}],
                                                                     'type': 'DepthwiseSeparableCenterPointHead'},
                                                            'loss_cls': {'loss_weight': 1.0,
                                                                         'type': 'GaussianFocalLoss'},
                                                            'loss_reg': {'loss_weight': 0.25,
                                                                         'type': 'L1Loss'},
                                                            'name': 'bev_det',
                                                            'point_cloud_range': [-51.2,
                                                                                  -51.2,
                                                                                  -5.0,
                                                                                  51.2,
                                                                                  51.2,
                                                                                  3.0],
                                                            'target': {'bbox_weight': [1.0,
                                                                                       1.0,
                                                                                       1.0,
                                                                                       1.0,
                                                                                       1.0,
                                                                                       1.0,
                                                                                       1.0,
                                                                                       1.0,
                                                                                       0.2,
                                                                                       0.2],
                                                                       'class_names': ['car',
                                                                                       'truck',
                                                                                       'trailer',
                                                                                       'bus',
                                                                                       'construction_vehicle',
                                                                                       'bicycle',
                                                                                       'motorcycle',
                                                                                       'pedestrian',
                                                                                       'traffic_cone',
                                                                                       'barrier'],
                                                                       'gaussian_overlap': 0.1,
                                                                       'max_num': 500,
                                                                       'min_radius': 2,
                                                                       'norm_bbox': True,
                                                                       'out_size_factor': 1,
                                                                       'tasks': [{'class_names': ['car'],
                                                                                  'name': 'car',
                                                                                  'num_class': 1},
                                                                                 {'class_names': ['truck',
                                                                                                  'construction_vehicle'],
                                                                                  'name': 'truck',
                                                                                  'num_class': 2},
                                                                                 {'class_names': ['bus',
                                                                                                  'trailer'],
                                                                                  'name': 'bus',
                                                                                  'num_class': 2},
                                                                                 {'class_names': ['barrier'],
                                                                                  'name': 'barrier',
                                                                                  'num_class': 1},
                                                                                 {'class_names': ['motorcycle',
                                                                                                  'bicycle'],
                                                                                  'name': 'bicycle',
                                                                                  'num_class': 2},
                                                                                 {'class_names': ['pedestrian',
                                                                                                  'traffic_cone'],
                                                                                  'name': 'pedestrian',
                                                                                  'num_class': 2}],
                                                                       'type': 'CenterPointTarget'},
                                                            'task_weight': 1.0,
                                                            'type': 'BevFusionCenterPointDetDecoder'}],
                                          'bev_h': 128,
                                          'bev_w': 128,
                                          'camera_network': {'backbone': {'act_layer': ['nn.GELU',
                                                                                        'nn.GELU',
                                                                                        'nn.GELU',
                                                                                        'nn.GELU'],
                                                                          'attention_block_num': [0,
                                                                                                  0,
                                                                                                  0,
                                                                                                  0],
                                                                          'block_cls': ['GroupDWCB',
                                                                                        'GroupDWCB',
                                                                                        'AltDWCB',
                                                                                        'DWCB'],
                                                                          'block_nums': [4,
                                                                                         3,
                                                                                         8,
                                                                                         6],
                                                                          'down_cls': ['S2DDown',
                                                                                       'S2DDown',
                                                                                       'S2DDown',
                                                                                       'None'],
                                                                          'embed_dims': [64,
                                                                                         128,
                                                                                         192,
                                                                                         384],
                                                                          'extra_act': [False,
                                                                                        False,
                                                                                        False,
                                                                                        False],
                                                                          'feature_mix_channel': 1024,
                                                                          'final_expand_channel': 0,
                                                                          'in_channels': 3,
                                                                          'include_top': False,
                                                                          'layer_scale_init_value': 1e-05,
                                                                          'mlp_ratio_attn': 2,
                                                                          'mlp_ratios': [2,
                                                                                         2,
                                                                                         2,
                                                                                         3],
                                                                          'num_classes': 1000,
                                                                          'patch_embed': 'origin',
                                                                          'type': 'HENet',
                                                                          'use_layer_scale': [True,
                                                                                              True,
                                                                                              True,
                                                                                              True]},
                                                             'neck': {'bn_kwargs': {'eps': 1e-05,
                                                                                    'momentum': 0.1},
                                                                      'in_channels': [384],
                                                                      'in_strides': [32],
                                                                      'out_channels': [256],
                                                                      'out_strides': [32],
                                                                      'type': 'FPN'},
                                                             'out_indices': [-1],
                                                             'type': 'BevFormer',
                                                             'view_transformer': {'bev_h': 128,
                                                                                  'bev_w': 128,
                                                                                  'embed_dims': 256,
                                                                                  'encoder': {'bev_h': 128,
                                                                                              'bev_w': 128,
                                                                                              'embed_dims': 256,
                                                                                              'encoder_layer': {'crossattention': {'bev_h': 128,
                                                                                                                                   'bev_w': 128,
                                                                                                                                   'deformable_attention': {'embed_dims': 256,
                                                                                                                                                            'feats_size': [[30,
                                                                                                                                                                            16]],
                                                                                                                                                            'grid_align_num': 64,
                                                                                                                                                            'num_levels': 1,
                                                                                                                                                            'num_points': 2,
                                                                                                                                                            'type': 'HorizonMultiScaleDeformableAttention3D'},
                                                                                                                                   'embed_dims': 256,
                                                                                                                                   'max_camoverlap_num': 2,
                                                                                                                                   'type': 'HorizonSpatialCrossAttention'},
                                                                                                                'dropout': 0.1,
                                                                                                                'embed_dims': 256,
                                                                                                                'selfattention': {'batch_first': True,
                                                                                                                                  'embed_dims': 256,
                                                                                                                                  'feats_size': [[128,
                                                                                                                                                  128]],
                                                                                                                                  'grid_align_num': 4,
                                                                                                                                  'num_levels': 1,
                                                                                                                                  'num_points': 2,
                                                                                                                                  'type': 'HorizonMultiScaleDeformableAttention'},
                                                                                                                'type': 'SingleBEVFormerEncoderLayer'},
                                                                                              'num_layers': 1,
                                                                                              'return_intermediate': False,
                                                                                              'type': 'SingleBEVFormerEncoder'},
                                                                                  'in_indices': [-1],
                                                                                  'max_camoverlap_num': 2,
                                                                                  'num_points_in_pillar': 2,
                                                                                  'pc_range': [-51.2,
                                                                                               -51.2,
                                                                                               -5.0,
                                                                                               51.2,
                                                                                               51.2,
                                                                                               3.0],
                                                                                  'positional_encoding': {'col_num_embed': 128,
                                                                                                          'num_feats': 128,
                                                                                                          'row_num_embed': 128,
                                                                                                          'type': 'LearnedPositionalEncoding'},
                                                                                  'queue_length': 1,
                                                                                  'single_bev': True,
                                                                                  'type': 'SingleBevFormerViewTransformer',
                                                                                  'use_lidar2img': True,
                                                                                  'virtual_bev_h': 64,
                                                                                  'virtual_bev_w': 80}},
                                          'fuse_module': {'fuse_c': 256,
                                                          'input_c': 640,
                                                          'type': 'BevFuseModule'},
                                          'lidar_network': {'backbone': {'num_input_features': 64,
                                                                         'quantize': True,
                                                                         'type': 'PointPillarScatter',
                                                                         'use_horizon_pillar_scatter': True},
                                                            'feature_map_shape': array([512, 512,   1]),
                                                            'neck': {'bn_kwargs': None,
                                                                     'down_layer_channels': [64,
                                                                                             128,
                                                                                             256],
                                                                     'down_layer_nums': [3,
                                                                                         5,
                                                                                         5],
                                                                     'down_layer_strides': [2,
                                                                                            2,
                                                                                            2],
                                                                     'in_feature_channel': 64,
                                                                     'quantize': True,
                                                                     'type': 'SECONDNeck',
                                                                     'up_layer_channels': [128,
                                                                                           128,
                                                                                           128],
                                                                     'up_layer_strides': [0.5,
                                                                                          1,
                                                                                          2],
                                                                     'use_relu6': False},
                                                            'pre_process': {'fixed_voxels_num': 30000,
                                                                            'max_points_in_voxel': 20,
                                                                            'max_voxels_num': [30000,
                                                                                               40000],
                                                                            'norm_dims': [0,
                                                                                          1,
                                                                                          2,
                                                                                          3],
                                                                            'norm_range': [-51.2,
                                                                                           -51.2,
                                                                                           -5.0,
                                                                                           0.0,
                                                                                           51.2,
                                                                                           51.2,
                                                                                           3.0,
                                                                                           255.0],
                                                                            'pc_range': [-51.2,
                                                                                         -51.2,
                                                                                         -5.0,
                                                                                         51.2,
                                                                                         51.2,
                                                                                         3.0],
                                                                            'type': 'PaddedCenterPointPreProcess',
                                                                            'voxel_size': [0.2,
                                                                                           0.2,
                                                                                           8]},
                                                            'reader': {'bn_kwargs': None,
                                                                       'hw_reverse': True,
                                                                       'num_filters': [64],
                                                                       'num_input_features': 5,
                                                                       'pc_range': [-51.2,
                                                                                    -51.2,
                                                                                    -5.0,
                                                                                    51.2,
                                                                                    51.2,
                                                                                    3.0],
                                                                       'pool_size': [20,
                                                                                     1],
                                                                       'quantize': True,
                                                                       'type': 'PillarFeatureNet',
                                                                       'use_4dim': True,
                                                                       'use_conv': True,
                                                                       'voxel_size': [0.2,
                                                                                      0.2,
                                                                                      8],
                                                                       'with_distance': False},
                                                            'type': 'CenterPointDetector'},
                                          'type': 'BevFusion'},
                         'ir_model': {'model_path': './tmp_models/bevfusion_centerpoint_pointpillar_henet_multisensor_multitask_nuscenes/quantized.bc',
                                      'type': 'HbirModule'},
                         'type': 'BevFusionHbirInfer'},
               'prepare_inputs': <function prepare_inputs at 0x7f65b5a76ef0>,
               'process_inputs': <function process_inputs at 0x7f65b5a76f80>,
               'process_outputs': <function process_outputs at 0x7f65b5a77010>,
               'viz_func': {'bev_size': [51.2, 51.2, 0.8],
                            'is_plot': True,
                            'occ_viz': {'type': 'OccViz',
                                        'vcs_range': [-40.0,
                                                      -40.0,
                                                      -1.0,
                                                      40.0,
                                                      40.0,
                                                      5.4],
                                        'vis_bev_2d': True},
                            'score_thresh': 0.3,
                            'type': 'NuscenesMultitaskViz',
                            'use_bce': False}},
 'infer_transforms': [{'size': [512, 960], 'type': 'MultiViewsImgResize'},
                      {'transforms': [{'type': 'PILToTensor'},
                                      {'divisor': 32, 'type': 'Pad'},
                                      {'rgb_input': True,
                                       'type': 'BgrToYuv444'},
                                      {'mean': 128.0,
                                       'std': 128.0,
                                       'type': 'Normalize'}],
                       'type': 'MultiViewsImgTransformWrapper'}],
 'input_size': [512, 960],
 'inputs_save_func': <function inputs_save_func at 0x7f65b5a770a0>,
 'int_infer_data_loader': {'batch_size': 1,
                           'collate_fn': functools.partial(<function collate_bevfusion_centerpoint at 0x7f65b5a76050>, bev_size=(51.2, 51.2, 0.8), point_cloud_range=[-51.2, -51.2, -5.0, 51.2, 51.2, 3.0], max_lidar_points=120000),
                           'dataset': {'bev_range': [-51.2,
                                                     -51.2,
                                                     -5.0,
                                                     51.2,
                                                     51.2,
                                                     3.0],
                                       'data_path': 'data/nuscenes/pack/horizon_bevfusion_nuscenes/val_lmdb/',
                                       'load_dim': 5,
                                       'map_path': None,
                                       'map_size': None,
                                       'need_lidar': True,
                                       'num_seq': 1,
                                       'num_sweeps': 9,
                                       'transforms': [{'size': [512, 960],
                                                       'type': 'MultiViewsImgResize'},
                                                      {'transforms': [{'type': 'PILToTensor'},
                                                                      {'divisor': 32,
                                                                       'type': 'Pad'},
                                                                      {'rgb_input': True,
                                                                       'type': 'BgrToYuv444'},
                                                                      {'mean': 128.0,
                                                                       'std': 128.0,
                                                                       'type': 'Normalize'}],
                                                       'type': 'MultiViewsImgTransformWrapper'}],
                                       'type': 'NuscenesBevSequenceDataset',
                                       'use_dim': [0, 1, 2, 3, 4],
                                       'with_bev_bboxes': False,
                                       'with_bev_mask': False,
                                       'with_ego_bboxes': True,
                                       'with_lidar_bboxes': True,
                                       'with_lidar_occ': True},
                           'num_workers': 4,
                           'pin_memory': True,
                           'sampler': {'type': <class 'torch.utils.data.distributed.DistributedSampler'>},
                           'shuffle': False,
                           'type': <class 'torch.utils.data.dataloader.DataLoader'>},
 'int_infer_predictor': {'batch_processor': {'loss_collector': None,
                                             'need_grad_update': False,
                                             'type': 'MultiBatchProcessor'},
                         'callbacks': [{'epoch_log_freq': 1,
                                        'log_prefix': 'Validation '
                                                      'bevfusion_centerpoint_pointpillar_henet_multisensor_multitask_nuscenes',
                                        'metric_update_func': <function update_metric at 0x7f65b5a769e0>,
                                        'step_log_freq': 10000,
                                        'type': 'MetricUpdater'}],
                         'data_loader': {'batch_size': 1,
                                         'collate_fn': functools.partial(<function collate_bevfusion_centerpoint at 0x7f65b5a76050>, bev_size=(51.2, 51.2, 0.8), point_cloud_range=[-51.2, -51.2, -5.0, 51.2, 51.2, 3.0], max_lidar_points=120000),
                                         'dataset': {'bev_range': [-51.2,
                                                                   -51.2,
                                                                   -5.0,
                                                                   51.2,
                                                                   51.2,
                                                                   3.0],
                                                     'data_path': 'data/nuscenes/pack/horizon_bevfusion_nuscenes/val_lmdb/',
                                                     'load_dim': 5,
                                                     'map_path': None,
                                                     'map_size': None,
                                                     'need_lidar': True,
                                                     'num_seq': 1,
                                                     'num_sweeps': 9,
                                                     'transforms': [{'size': [512,
                                                                              960],
                                                                     'type': 'MultiViewsImgResize'},
                                                                    {'transforms': [{'type': 'PILToTensor'},
                                                                                    {'divisor': 32,
                                                                                     'type': 'Pad'},
                                                                                    {'rgb_input': True,
                                                                                     'type': 'BgrToYuv444'},
                                                                                    {'mean': 128.0,
                                                                                     'std': 128.0,
                                                                                     'type': 'Normalize'}],
                                                                     'type': 'MultiViewsImgTransformWrapper'}],
                                                     'type': 'NuscenesBevSequenceDataset',
                                                     'use_dim': [0, 1, 2, 3, 4],
                                                     'with_bev_bboxes': False,
                                                     'with_bev_mask': False,
                                                     'with_ego_bboxes': True,
                                                     'with_lidar_bboxes': True,
                                                     'with_lidar_occ': True},
                                         'num_workers': 4,
                                         'pin_memory': True,
                                         'sampler': {'type': <class 'torch.utils.data.distributed.DistributedSampler'>},
                                         'shuffle': False,
                                         'type': <class 'torch.utils.data.dataloader.DataLoader'>},
                         'device': None,
                         'log_interval': 1,
                         'metrics': [{'classes': ['car',
                                                  'truck',
                                                  'trailer',
                                                  'bus',
                                                  'construction_vehicle',
                                                  'bicycle',
                                                  'motorcycle',
                                                  'pedestrian',
                                                  'traffic_cone',
                                                  'barrier'],
                                      'data_root': 'data/nuscenes',
                                      'lidar_key': 'sensor2ego',
                                      'save_prefix': './metric_results/bevfusion_centerpoint_pointpillar_henet_multisensor_multitask_nuscenes',
                                      'trans_lidar_dim': True,
                                      'trans_lidar_rot': False,
                                      'type': 'NuscenesMetric',
                                      'use_lidar': True,
                                      'version': 'v1.0-trainval'}],
                         'model': {'deploy_model': {'bev_decoders': [{'bev_size': [51.2,
                                                                                   51.2,
                                                                                   0.8],
                                                                      'decode_to_lidar': True,
                                                                      'decoder': {'bev_size': [51.2,
                                                                                               51.2,
                                                                                               0.8],
                                                                                  'class_names': ['car',
                                                                                                  'truck',
                                                                                                  'trailer',
                                                                                                  'bus',
                                                                                                  'construction_vehicle',
                                                                                                  'bicycle',
                                                                                                  'motorcycle',
                                                                                                  'pedestrian',
                                                                                                  'traffic_cone',
                                                                                                  'barrier'],
                                                                                  'decode_to_ego': False,
                                                                                  'min_radius': [4,
                                                                                                 12,
                                                                                                 10,
                                                                                                 1,
                                                                                                 0.85,
                                                                                                 0.175],
                                                                                  'nms_threshold': [0.2,
                                                                                                    0.2,
                                                                                                    0.2,
                                                                                                    0.2,
                                                                                                    0.2,
                                                                                                    0.5],
                                                                                  'nms_type': ['rotate',
                                                                                               'rotate',
                                                                                               'rotate',
                                                                                               'circle',
                                                                                               'rotate',
                                                                                               'rotate'],
                                                                                  'norm_bbox': True,
                                                                                  'out_size_factor': 1,
                                                                                  'score_threshold': 0.1,
                                                                                  'tasks': [{'class_names': ['car'],
                                                                                             'name': 'car',
                                                                                             'num_class': 1},
                                                                                            {'class_names': ['truck',
                                                                                                             'construction_vehicle'],
                                                                                             'name': 'truck',
                                                                                             'num_class': 2},
                                                                                            {'class_names': ['bus',
                                                                                                             'trailer'],
                                                                                             'name': 'bus',
                                                                                             'num_class': 2},
                                                                                            {'class_names': ['barrier'],
                                                                                             'name': 'barrier',
                                                                                             'num_class': 1},
                                                                                            {'class_names': ['motorcycle',
                                                                                                             'bicycle'],
                                                                                             'name': 'bicycle',
                                                                                             'num_class': 2},
                                                                                            {'class_names': ['pedestrian',
                                                                                                             'traffic_cone'],
                                                                                             'name': 'pedestrian',
                                                                                             'num_class': 2}],
                                                                                  'type': 'CenterPointDecoder',
                                                                                  'use_max_pool': True},
                                                                      'head': {'common_heads': {'dim': [3,
                                                                                                        2],
                                                                                                'height': [1,
                                                                                                           2],
                                                                                                'reg': [2,
                                                                                                        2],
                                                                                                'rot': [2,
                                                                                                        2],
                                                                                                'vel': [2,
                                                                                                        2]},
                                                                               'final_kernel': 3,
                                                                               'head_conv_channels': 64,
                                                                               'in_channels': 256,
                                                                               'init_bias': -2.19,
                                                                               'num_heatmap_convs': 2,
                                                                               'share_conv_channels': 64,
                                                                               'share_conv_num': 1,
                                                                               'tasks': [{'class_names': ['car'],
                                                                                          'name': 'car',
                                                                                          'num_class': 1},
                                                                                         {'class_names': ['truck',
                                                                                                          'construction_vehicle'],
                                                                                          'name': 'truck',
                                                                                          'num_class': 2},
                                                                                         {'class_names': ['bus',
                                                                                                          'trailer'],
                                                                                          'name': 'bus',
                                                                                          'num_class': 2},
                                                                                         {'class_names': ['barrier'],
                                                                                          'name': 'barrier',
                                                                                          'num_class': 1},
                                                                                         {'class_names': ['motorcycle',
                                                                                                          'bicycle'],
                                                                                          'name': 'bicycle',
                                                                                          'num_class': 2},
                                                                                         {'class_names': ['pedestrian',
                                                                                                          'traffic_cone'],
                                                                                          'name': 'pedestrian',
                                                                                          'num_class': 2}],
                                                                               'type': 'DepthwiseSeparableCenterPointHead'},
                                                                      'loss_cls': {'loss_weight': 1.0,
                                                                                   'type': 'GaussianFocalLoss'},
                                                                      'loss_reg': {'loss_weight': 0.25,
                                                                                   'type': 'L1Loss'},
                                                                      'name': 'bev_det',
                                                                      'point_cloud_range': [-51.2,
                                                                                            -51.2,
                                                                                            -5.0,
                                                                                            51.2,
                                                                                            51.2,
                                                                                            3.0],
                                                                      'target': {'bbox_weight': [1.0,
                                                                                                 1.0,
                                                                                                 1.0,
                                                                                                 1.0,
                                                                                                 1.0,
                                                                                                 1.0,
                                                                                                 1.0,
                                                                                                 1.0,
                                                                                                 0.2,
                                                                                                 0.2],
                                                                                 'class_names': ['car',
                                                                                                 'truck',
                                                                                                 'trailer',
                                                                                                 'bus',
                                                                                                 'construction_vehicle',
                                                                                                 'bicycle',
                                                                                                 'motorcycle',
                                                                                                 'pedestrian',
                                                                                                 'traffic_cone',
                                                                                                 'barrier'],
                                                                                 'gaussian_overlap': 0.1,
                                                                                 'max_num': 500,
                                                                                 'min_radius': 2,
                                                                                 'norm_bbox': True,
                                                                                 'out_size_factor': 1,
                                                                                 'tasks': [{'class_names': ['car'],
                                                                                            'name': 'car',
                                                                                            'num_class': 1},
                                                                                           {'class_names': ['truck',
                                                                                                            'construction_vehicle'],
                                                                                            'name': 'truck',
                                                                                            'num_class': 2},
                                                                                           {'class_names': ['bus',
                                                                                                            'trailer'],
                                                                                            'name': 'bus',
                                                                                            'num_class': 2},
                                                                                           {'class_names': ['barrier'],
                                                                                            'name': 'barrier',
                                                                                            'num_class': 1},
                                                                                           {'class_names': ['motorcycle',
                                                                                                            'bicycle'],
                                                                                            'name': 'bicycle',
                                                                                            'num_class': 2},
                                                                                           {'class_names': ['pedestrian',
                                                                                                            'traffic_cone'],
                                                                                            'name': 'pedestrian',
                                                                                            'num_class': 2}],
                                                                                 'type': 'CenterPointTarget'},
                                                                      'task_weight': 1.0,
                                                                      'type': 'BevFusionCenterPointDetDecoder'}],
                                                    'bev_h': 128,
                                                    'bev_w': 128,
                                                    'camera_network': {'backbone': {'act_layer': ['nn.GELU',
                                                                                                  'nn.GELU',
                                                                                                  'nn.GELU',
                                                                                                  'nn.GELU'],
                                                                                    'attention_block_num': [0,
                                                                                                            0,
                                                                                                            0,
                                                                                                            0],
                                                                                    'block_cls': ['GroupDWCB',
                                                                                                  'GroupDWCB',
                                                                                                  'AltDWCB',
                                                                                                  'DWCB'],
                                                                                    'block_nums': [4,
                                                                                                   3,
                                                                                                   8,
                                                                                                   6],
                                                                                    'down_cls': ['S2DDown',
                                                                                                 'S2DDown',
                                                                                                 'S2DDown',
                                                                                                 'None'],
                                                                                    'embed_dims': [64,
                                                                                                   128,
                                                                                                   192,
                                                                                                   384],
                                                                                    'extra_act': [False,
                                                                                                  False,
                                                                                                  False,
                                                                                                  False],
                                                                                    'feature_mix_channel': 1024,
                                                                                    'final_expand_channel': 0,
                                                                                    'in_channels': 3,
                                                                                    'include_top': False,
                                                                                    'layer_scale_init_value': 1e-05,
                                                                                    'mlp_ratio_attn': 2,
                                                                                    'mlp_ratios': [2,
                                                                                                   2,
                                                                                                   2,
                                                                                                   3],
                                                                                    'num_classes': 1000,
                                                                                    'patch_embed': 'origin',
                                                                                    'type': 'HENet',
                                                                                    'use_layer_scale': [True,
                                                                                                        True,
                                                                                                        True,
                                                                                                        True]},
                                                                       'neck': {'bn_kwargs': {'eps': 1e-05,
                                                                                              'momentum': 0.1},
                                                                                'in_channels': [384],
                                                                                'in_strides': [32],
                                                                                'out_channels': [256],
                                                                                'out_strides': [32],
                                                                                'type': 'FPN'},
                                                                       'out_indices': [-1],
                                                                       'type': 'BevFormer',
                                                                       'view_transformer': {'bev_h': 128,
                                                                                            'bev_w': 128,
                                                                                            'embed_dims': 256,
                                                                                            'encoder': {'bev_h': 128,
                                                                                                        'bev_w': 128,
                                                                                                        'embed_dims': 256,
                                                                                                        'encoder_layer': {'crossattention': {'bev_h': 128,
                                                                                                                                             'bev_w': 128,
                                                                                                                                             'deformable_attention': {'embed_dims': 256,
                                                                                                                                                                      'feats_size': [[30,
                                                                                                                                                                                      16]],
                                                                                                                                                                      'grid_align_num': 64,
                                                                                                                                                                      'num_levels': 1,
                                                                                                                                                                      'num_points': 2,
                                                                                                                                                                      'type': 'HorizonMultiScaleDeformableAttention3D'},
                                                                                                                                             'embed_dims': 256,
                                                                                                                                             'max_camoverlap_num': 2,
                                                                                                                                             'type': 'HorizonSpatialCrossAttention'},
                                                                                                                          'dropout': 0.1,
                                                                                                                          'embed_dims': 256,
                                                                                                                          'selfattention': {'batch_first': True,
                                                                                                                                            'embed_dims': 256,
                                                                                                                                            'feats_size': [[128,
                                                                                                                                                            128]],
                                                                                                                                            'grid_align_num': 4,
                                                                                                                                            'num_levels': 1,
                                                                                                                                            'num_points': 2,
                                                                                                                                            'type': 'HorizonMultiScaleDeformableAttention'},
                                                                                                                          'type': 'SingleBEVFormerEncoderLayer'},
                                                                                                        'num_layers': 1,
                                                                                                        'return_intermediate': False,
                                                                                                        'type': 'SingleBEVFormerEncoder'},
                                                                                            'in_indices': [-1],
                                                                                            'max_camoverlap_num': 2,
                                                                                            'num_points_in_pillar': 2,
                                                                                            'pc_range': [-51.2,
                                                                                                         -51.2,
                                                                                                         -5.0,
                                                                                                         51.2,
                                                                                                         51.2,
                                                                                                         3.0],
                                                                                            'positional_encoding': {'col_num_embed': 128,
                                                                                                                    'num_feats': 128,
                                                                                                                    'row_num_embed': 128,
                                                                                                                    'type': 'LearnedPositionalEncoding'},
                                                                                            'queue_length': 1,
                                                                                            'single_bev': True,
                                                                                            'type': 'SingleBevFormerViewTransformer',
                                                                                            'use_lidar2img': True,
                                                                                            'virtual_bev_h': 64,
                                                                                            'virtual_bev_w': 80}},
                                                    'fuse_module': {'fuse_c': 256,
                                                                    'input_c': 640,
                                                                    'type': 'BevFuseModule'},
                                                    'lidar_network': {'backbone': {'num_input_features': 64,
                                                                                   'quantize': True,
                                                                                   'type': 'PointPillarScatter',
                                                                                   'use_horizon_pillar_scatter': True},
                                                                      'feature_map_shape': array([512, 512,   1]),
                                                                      'neck': {'bn_kwargs': None,
                                                                               'down_layer_channels': [64,
                                                                                                       128,
                                                                                                       256],
                                                                               'down_layer_nums': [3,
                                                                                                   5,
                                                                                                   5],
                                                                               'down_layer_strides': [2,
                                                                                                      2,
                                                                                                      2],
                                                                               'in_feature_channel': 64,
                                                                               'quantize': True,
                                                                               'type': 'SECONDNeck',
                                                                               'up_layer_channels': [128,
                                                                                                     128,
                                                                                                     128],
                                                                               'up_layer_strides': [0.5,
                                                                                                    1,
                                                                                                    2],
                                                                               'use_relu6': False},
                                                                      'pre_process': {'fixed_voxels_num': 30000,
                                                                                      'max_points_in_voxel': 20,
                                                                                      'max_voxels_num': [30000,
                                                                                                         40000],
                                                                                      'norm_dims': [0,
                                                                                                    1,
                                                                                                    2,
                                                                                                    3],
                                                                                      'norm_range': [-51.2,
                                                                                                     -51.2,
                                                                                                     -5.0,
                                                                                                     0.0,
                                                                                                     51.2,
                                                                                                     51.2,
                                                                                                     3.0,
                                                                                                     255.0],
                                                                                      'pc_range': [-51.2,
                                                                                                   -51.2,
                                                                                                   -5.0,
                                                                                                   51.2,
                                                                                                   51.2,
                                                                                                   3.0],
                                                                                      'type': 'PaddedCenterPointPreProcess',
                                                                                      'voxel_size': [0.2,
                                                                                                     0.2,
                                                                                                     8]},
                                                                      'reader': {'bn_kwargs': None,
                                                                                 'hw_reverse': True,
                                                                                 'num_filters': [64],
                                                                                 'num_input_features': 5,
                                                                                 'pc_range': [-51.2,
                                                                                              -51.2,
                                                                                              -5.0,
                                                                                              51.2,
                                                                                              51.2,
                                                                                              3.0],
                                                                                 'pool_size': [20,
                                                                                               1],
                                                                                 'quantize': True,
                                                                                 'type': 'PillarFeatureNet',
                                                                                 'use_4dim': True,
                                                                                 'use_conv': True,
                                                                                 'voxel_size': [0.2,
                                                                                                0.2,
                                                                                                8],
                                                                                 'with_distance': False},
                                                                      'type': 'CenterPointDetector'},
                                                    'type': 'BevFusion'},
                                   'ir_model': {'model_path': './tmp_models/bevfusion_centerpoint_pointpillar_henet_multisensor_multitask_nuscenes/quantized.bc',
                                                'type': 'HbirModule'},
                                   'type': 'BevFusionHbirInfer'},
                         'type': 'Predictor'},
 'lidar_ckpt_dir': './tmp_pretrained_models/centerpoint_pointpillar_nuscenes',
 'lidar_det_visualize': <function lidar_det_visualize at 0x7f65c0289d80>,
 'lidar_input': True,
 'lidar_network': {'backbone': {'num_input_features': 64,
                                'quantize': True,
                                'type': 'PointPillarScatter',
                                'use_horizon_pillar_scatter': True},
                   'feature_map_shape': array([512, 512,   1]),
                   'neck': {'bn_kwargs': None,
                            'down_layer_channels': [64, 128, 256],
                            'down_layer_nums': [3, 5, 5],
                            'down_layer_strides': [2, 2, 2],
                            'in_feature_channel': 64,
                            'quantize': True,
                            'type': 'SECONDNeck',
                            'up_layer_channels': [128, 128, 128],
                            'up_layer_strides': [0.5, 1, 2],
                            'use_relu6': False},
                   'pre_process': {'fixed_voxels_num': 30000,
                                   'max_points_in_voxel': 20,
                                   'max_voxels_num': [30000, 40000],
                                   'norm_dims': [0, 1, 2, 3],
                                   'norm_range': [-51.2,
                                                  -51.2,
                                                  -5.0,
                                                  0.0,
                                                  51.2,
                                                  51.2,
                                                  3.0,
                                                  255.0],
                                   'pc_range': [-51.2,
                                                -51.2,
                                                -5.0,
                                                51.2,
                                                51.2,
                                                3.0],
                                   'type': 'PaddedCenterPointPreProcess',
                                   'voxel_size': [0.2, 0.2, 8]},
                   'reader': {'bn_kwargs': None,
                              'hw_reverse': True,
                              'num_filters': [64],
                              'num_input_features': 5,
                              'pc_range': [-51.2, -51.2, -5.0, 51.2, 51.2, 3.0],
                              'pool_size': [20, 1],
                              'quantize': True,
                              'type': 'PillarFeatureNet',
                              'use_4dim': True,
                              'use_conv': True,
                              'voxel_size': [0.2, 0.2, 8],
                              'with_distance': False},
                   'type': 'CenterPointDetector'},
 'lidar_task_name': 'centerpoint_pointpillar_nuscenes',
 'log_loss_show': 200,
 'log_rank_zero_only': True,
 'loss_collector': <function loss_collector at 0x7f65b5a76950>,
 'loss_show_update': {'epoch_log_freq': 1,
                      'log_prefix': 'loss_bevfusion_centerpoint_pointpillar_henet_multisensor_multitask_nuscenes',
                      'metric_update_func': <function update_loss at 0x7f65b5a76a70>,
                      'step_log_freq': 200,
                      'type': 'MetricUpdater'},
 'map_size': [15, 30, 0.15],
 'march': 'nash-m',
 'max_camoverlap_num': 2,
 'max_lidar_points': 120000,
 'max_num_points': 20,
 'max_voxels': [30000, 40000],
 'meta_rootdir': 'data/nuscenes',
 'model': {'bev_decoders': [{'bev_size': [51.2, 51.2, 0.8],
                             'decode_to_lidar': True,
                             'decoder': {'bev_size': [51.2, 51.2, 0.8],
                                         'class_names': ['car',
                                                         'truck',
                                                         'trailer',
                                                         'bus',
                                                         'construction_vehicle',
                                                         'bicycle',
                                                         'motorcycle',
                                                         'pedestrian',
                                                         'traffic_cone',
                                                         'barrier'],
                                         'decode_to_ego': False,
                                         'min_radius': [4,
                                                        12,
                                                        10,
                                                        1,
                                                        0.85,
                                                        0.175],
                                         'nms_threshold': [0.2,
                                                           0.2,
                                                           0.2,
                                                           0.2,
                                                           0.2,
                                                           0.5],
                                         'nms_type': ['rotate',
                                                      'rotate',
                                                      'rotate',
                                                      'circle',
                                                      'rotate',
                                                      'rotate'],
                                         'norm_bbox': True,
                                         'out_size_factor': 1,
                                         'score_threshold': 0.1,
                                         'tasks': [{'class_names': ['car'],
                                                    'name': 'car',
                                                    'num_class': 1},
                                                   {'class_names': ['truck',
                                                                    'construction_vehicle'],
                                                    'name': 'truck',
                                                    'num_class': 2},
                                                   {'class_names': ['bus',
                                                                    'trailer'],
                                                    'name': 'bus',
                                                    'num_class': 2},
                                                   {'class_names': ['barrier'],
                                                    'name': 'barrier',
                                                    'num_class': 1},
                                                   {'class_names': ['motorcycle',
                                                                    'bicycle'],
                                                    'name': 'bicycle',
                                                    'num_class': 2},
                                                   {'class_names': ['pedestrian',
                                                                    'traffic_cone'],
                                                    'name': 'pedestrian',
                                                    'num_class': 2}],
                                         'type': 'CenterPointDecoder',
                                         'use_max_pool': True},
                             'head': {'common_heads': {'dim': [3, 2],
                                                       'height': [1, 2],
                                                       'reg': [2, 2],
                                                       'rot': [2, 2],
                                                       'vel': [2, 2]},
                                      'final_kernel': 3,
                                      'head_conv_channels': 64,
                                      'in_channels': 256,
                                      'init_bias': -2.19,
                                      'num_heatmap_convs': 2,
                                      'share_conv_channels': 64,
                                      'share_conv_num': 1,
                                      'tasks': [{'class_names': ['car'],
                                                 'name': 'car',
                                                 'num_class': 1},
                                                {'class_names': ['truck',
                                                                 'construction_vehicle'],
                                                 'name': 'truck',
                                                 'num_class': 2},
                                                {'class_names': ['bus',
                                                                 'trailer'],
                                                 'name': 'bus',
                                                 'num_class': 2},
                                                {'class_names': ['barrier'],
                                                 'name': 'barrier',
                                                 'num_class': 1},
                                                {'class_names': ['motorcycle',
                                                                 'bicycle'],
                                                 'name': 'bicycle',
                                                 'num_class': 2},
                                                {'class_names': ['pedestrian',
                                                                 'traffic_cone'],
                                                 'name': 'pedestrian',
                                                 'num_class': 2}],
                                      'type': 'DepthwiseSeparableCenterPointHead'},
                             'loss_cls': {'loss_weight': 1.0,
                                          'type': 'GaussianFocalLoss'},
                             'loss_reg': {'loss_weight': 0.25,
                                          'type': 'L1Loss'},
                             'name': 'bev_det',
                             'point_cloud_range': [-51.2,
                                                   -51.2,
                                                   -5.0,
                                                   51.2,
                                                   51.2,
                                                   3.0],
                             'target': {'bbox_weight': [1.0,
                                                        1.0,
                                                        1.0,
                                                        1.0,
                                                        1.0,
                                                        1.0,
                                                        1.0,
                                                        1.0,
                                                        0.2,
                                                        0.2],
                                        'class_names': ['car',
                                                        'truck',
                                                        'trailer',
                                                        'bus',
                                                        'construction_vehicle',
                                                        'bicycle',
                                                        'motorcycle',
                                                        'pedestrian',
                                                        'traffic_cone',
                                                        'barrier'],
                                        'gaussian_overlap': 0.1,
                                        'max_num': 500,
                                        'min_radius': 2,
                                        'norm_bbox': True,
                                        'out_size_factor': 1,
                                        'tasks': [{'class_names': ['car'],
                                                   'name': 'car',
                                                   'num_class': 1},
                                                  {'class_names': ['truck',
                                                                   'construction_vehicle'],
                                                   'name': 'truck',
                                                   'num_class': 2},
                                                  {'class_names': ['bus',
                                                                   'trailer'],
                                                   'name': 'bus',
                                                   'num_class': 2},
                                                  {'class_names': ['barrier'],
                                                   'name': 'barrier',
                                                   'num_class': 1},
                                                  {'class_names': ['motorcycle',
                                                                   'bicycle'],
                                                   'name': 'bicycle',
                                                   'num_class': 2},
                                                  {'class_names': ['pedestrian',
                                                                   'traffic_cone'],
                                                   'name': 'pedestrian',
                                                   'num_class': 2}],
                                        'type': 'CenterPointTarget'},
                             'task_weight': 1.0,
                             'type': 'BevFusionCenterPointDetDecoder'}],
           'bev_h': 128,
           'bev_w': 128,
           'camera_network': {'backbone': {'act_layer': ['nn.GELU',
                                                         'nn.GELU',
                                                         'nn.GELU',
                                                         'nn.GELU'],
                                           'attention_block_num': [0, 0, 0, 0],
                                           'block_cls': ['GroupDWCB',
                                                         'GroupDWCB',
                                                         'AltDWCB',
                                                         'DWCB'],
                                           'block_nums': [4, 3, 8, 6],
                                           'down_cls': ['S2DDown',
                                                        'S2DDown',
                                                        'S2DDown',
                                                        'None'],
                                           'embed_dims': [64, 128, 192, 384],
                                           'extra_act': [False,
                                                         False,
                                                         False,
                                                         False],
                                           'feature_mix_channel': 1024,
                                           'final_expand_channel': 0,
                                           'in_channels': 3,
                                           'include_top': False,
                                           'layer_scale_init_value': 1e-05,
                                           'mlp_ratio_attn': 2,
                                           'mlp_ratios': [2, 2, 2, 3],
                                           'num_classes': 1000,
                                           'patch_embed': 'origin',
                                           'type': 'HENet',
                                           'use_layer_scale': [True,
                                                               True,
                                                               True,
                                                               True]},
                              'neck': {'bn_kwargs': {'eps': 1e-05,
                                                     'momentum': 0.1},
                                       'in_channels': [384],
                                       'in_strides': [32],
                                       'out_channels': [256],
                                       'out_strides': [32],
                                       'type': 'FPN'},
                              'out_indices': [-1],
                              'type': 'BevFormer',
                              'view_transformer': {'bev_h': 128,
                                                   'bev_w': 128,
                                                   'embed_dims': 256,
                                                   'encoder': {'bev_h': 128,
                                                               'bev_w': 128,
                                                               'embed_dims': 256,
                                                               'encoder_layer': {'crossattention': {'bev_h': 128,
                                                                                                    'bev_w': 128,
                                                                                                    'deformable_attention': {'embed_dims': 256,
                                                                                                                             'feats_size': [[30,
                                                                                                                                             16]],
                                                                                                                             'grid_align_num': 64,
                                                                                                                             'num_levels': 1,
                                                                                                                             'num_points': 2,
                                                                                                                             'type': 'HorizonMultiScaleDeformableAttention3D'},
                                                                                                    'embed_dims': 256,
                                                                                                    'max_camoverlap_num': 2,
                                                                                                    'type': 'HorizonSpatialCrossAttention'},
                                                                                 'dropout': 0.1,
                                                                                 'embed_dims': 256,
                                                                                 'selfattention': {'batch_first': True,
                                                                                                   'embed_dims': 256,
                                                                                                   'feats_size': [[128,
                                                                                                                   128]],
                                                                                                   'grid_align_num': 4,
                                                                                                   'num_levels': 1,
                                                                                                   'num_points': 2,
                                                                                                   'type': 'HorizonMultiScaleDeformableAttention'},
                                                                                 'type': 'SingleBEVFormerEncoderLayer'},
                                                               'num_layers': 1,
                                                               'return_intermediate': False,
                                                               'type': 'SingleBEVFormerEncoder'},
                                                   'in_indices': [-1],
                                                   'max_camoverlap_num': 2,
                                                   'num_points_in_pillar': 2,
                                                   'pc_range': [-51.2,
                                                                -51.2,
                                                                -5.0,
                                                                51.2,
                                                                51.2,
                                                                3.0],
                                                   'positional_encoding': {'col_num_embed': 128,
                                                                           'num_feats': 128,
                                                                           'row_num_embed': 128,
                                                                           'type': 'LearnedPositionalEncoding'},
                                                   'queue_length': 1,
                                                   'single_bev': True,
                                                   'type': 'SingleBevFormerViewTransformer',
                                                   'use_lidar2img': True,
                                                   'virtual_bev_h': 64,
                                                   'virtual_bev_w': 80}},
           'fuse_module': {'fuse_c': 256,
                           'input_c': 640,
                           'type': 'BevFuseModule'},
           'lidar_network': {'backbone': {'num_input_features': 64,
                                          'quantize': True,
                                          'type': 'PointPillarScatter',
                                          'use_horizon_pillar_scatter': True},
                             'feature_map_shape': array([512, 512,   1]),
                             'neck': {'bn_kwargs': None,
                                      'down_layer_channels': [64, 128, 256],
                                      'down_layer_nums': [3, 5, 5],
                                      'down_layer_strides': [2, 2, 2],
                                      'in_feature_channel': 64,
                                      'quantize': True,
                                      'type': 'SECONDNeck',
                                      'up_layer_channels': [128, 128, 128],
                                      'up_layer_strides': [0.5, 1, 2],
                                      'use_relu6': False},
                             'pre_process': {'fixed_voxels_num': 30000,
                                             'max_points_in_voxel': 20,
                                             'max_voxels_num': [30000, 40000],
                                             'norm_dims': [0, 1, 2, 3],
                                             'norm_range': [-51.2,
                                                            -51.2,
                                                            -5.0,
                                                            0.0,
                                                            51.2,
                                                            51.2,
                                                            3.0,
                                                            255.0],
                                             'pc_range': [-51.2,
                                                          -51.2,
                                                          -5.0,
                                                          51.2,
                                                          51.2,
                                                          3.0],
                                             'type': 'PaddedCenterPointPreProcess',
                                             'voxel_size': [0.2, 0.2, 8]},
                             'reader': {'bn_kwargs': None,
                                        'hw_reverse': True,
                                        'num_filters': [64],
                                        'num_input_features': 5,
                                        'pc_range': [-51.2,
                                                     -51.2,
                                                     -5.0,
                                                     51.2,
                                                     51.2,
                                                     3.0],
                                        'pool_size': [20, 1],
                                        'quantize': True,
                                        'type': 'PillarFeatureNet',
                                        'use_4dim': True,
                                        'use_conv': True,
                                        'voxel_size': [0.2, 0.2, 8],
                                        'with_distance': False},
                             'type': 'CenterPointDetector'},
           'type': 'BevFusion'},
 'norm_cfg': None,
 'np': <module 'numpy' from '/usr/local/lib/python3.10/dist-packages/numpy/__init__.py'>,
 'num_classes': 10,
 'num_classes_occ': 18,
 'occ3d_seg_class': ['others',
                     'barrier',
                     'bicycle',
                     'bus',
                     'car',
                     'construction_vehicle',
                     'motorcycle',
                     'pedestrian',
                     'traffic_cone',
                     'trailer',
                     'truck',
                     'driveable_surface',
                     'other_flat',
                     'sidewalk',
                     'terrain',
                     'manmade',
                     'vegetation'],
 'occ_head': {'camera_input': True,
              'lidar_input': True,
              'loss_occ': {'ignore_index': 255,
                           'loss_weight': 6.0,
                           'type': 'CrossEntropyLoss',
                           'use_sigmoid': False},
              'num_classes': 18,
              'occ_head': {'Dz': 16,
                           'in_dim': 256,
                           'num_classes': 18,
                           'out_dim': 128,
                           'type': 'BEVOCCHead2D',
                           'use_predicter': True,
                           'use_upsample': True},
              'roi_resizer': {'in_strides': [1],
                              'roi_resize_cfgs': [{'in_stride': 1,
                                                   'roi_box': [14,
                                                               14,
                                                               114,
                                                               114]}],
                              'type': 'RoiResize'},
              'type': 'BevformerOccDetDecoder',
              'use_mask': True},
 'occ_output_to_semantics_cpu': <function occ_output_to_semantics_cpu at 0x7f65b5a76170>,
 'occ_val_nuscenes_metric': {'ignore_index': 17,
                             'seg_class': ['others',
                                           'barrier',
                                           'bicycle',
                                           'bus',
                                           'car',
                                           'construction_vehicle',
                                           'motorcycle',
                                           'pedestrian',
                                           'traffic_cone',
                                           'trailer',
                                           'truck',
                                           'driveable_surface',
                                           'other_flat',
                                           'sidewalk',
                                           'terrain',
                                           'manmade',
                                           'vegetation'],
                             'type': 'MeanIOU'},
 'onnx_cfg': {'inputs': {'bev_pillar_counts': torch.Size([1, 16384, 1]),
                         'coors': torch.Size([40000, 4]),
                         'features': torch.Size([1, 5, 20, 40000]),
                         'img': torch.Size([6, 3, 512, 960]),
                         'queries_rebatch_grid': torch.Size([6, 64, 80, 2]),
                         'reference_points_rebatch': torch.Size([6, 5120, 2, 2]),
                         'restore_bev_grid': torch.Size([1, 256, 128, 2])},
              'model': {'bev_decoders': [{'bev_size': [51.2, 51.2, 0.8],
                                          'decode_to_lidar': True,
                                          'head': {'common_heads': {'dim': [3,
                                                                            2],
                                                                    'height': [1,
                                                                               2],
                                                                    'reg': [2,
                                                                            2],
                                                                    'rot': [2,
                                                                            2],
                                                                    'vel': [2,
                                                                            2]},
                                                   'final_kernel': 3,
                                                   'head_conv_channels': 64,
                                                   'in_channels': 256,
                                                   'init_bias': -2.19,
                                                   'num_heatmap_convs': 2,
                                                   'share_conv_channels': 64,
                                                   'share_conv_num': 1,
                                                   'tasks': [{'class_names': ['car'],
                                                              'name': 'car',
                                                              'num_class': 1},
                                                             {'class_names': ['truck',
                                                                              'construction_vehicle'],
                                                              'name': 'truck',
                                                              'num_class': 2},
                                                             {'class_names': ['bus',
                                                                              'trailer'],
                                                              'name': 'bus',
                                                              'num_class': 2},
                                                             {'class_names': ['barrier'],
                                                              'name': 'barrier',
                                                              'num_class': 1},
                                                             {'class_names': ['motorcycle',
                                                                              'bicycle'],
                                                              'name': 'bicycle',
                                                              'num_class': 2},
                                                             {'class_names': ['pedestrian',
                                                                              'traffic_cone'],
                                                              'name': 'pedestrian',
                                                              'num_class': 2}],
                                                   'type': 'DepthwiseSeparableCenterPointHead'},
                                          'is_compile': True,
                                          'name': 'bev_det',
                                          'point_cloud_range': [-51.2,
                                                                -51.2,
                                                                -5.0,
                                                                51.2,
                                                                51.2,
                                                                3.0],
                                          'task_weight': 1.0,
                                          'type': 'BevFusionCenterPointDetDecoder'}],
                        'bev_h': 128,
                        'bev_w': 128,
                        'camera_network': {'backbone': {'act_layer': ['nn.GELU',
                                                                      'nn.GELU',
                                                                      'nn.GELU',
                                                                      'nn.GELU'],
                                                        'attention_block_num': [0,
                                                                                0,
                                                                                0,
                                                                                0],
                                                        'block_cls': ['GroupDWCB',
                                                                      'GroupDWCB',
                                                                      'AltDWCB',
                                                                      'DWCB'],
                                                        'block_nums': [4,
                                                                       3,
                                                                       8,
                                                                       6],
                                                        'down_cls': ['S2DDown',
                                                                     'S2DDown',
                                                                     'S2DDown',
                                                                     'None'],
                                                        'embed_dims': [64,
                                                                       128,
                                                                       192,
                                                                       384],
                                                        'extra_act': [False,
                                                                      False,
                                                                      False,
                                                                      False],
                                                        'feature_mix_channel': 1024,
                                                        'final_expand_channel': 0,
                                                        'in_channels': 3,
                                                        'include_top': False,
                                                        'layer_scale_init_value': 1e-05,
                                                        'mlp_ratio_attn': 2,
                                                        'mlp_ratios': [2,
                                                                       2,
                                                                       2,
                                                                       3],
                                                        'num_classes': 1000,
                                                        'patch_embed': 'origin',
                                                        'type': 'HENet',
                                                        'use_layer_scale': [True,
                                                                            True,
                                                                            True,
                                                                            True]},
                                           'neck': {'bn_kwargs': {'eps': 1e-05,
                                                                  'momentum': 0.1},
                                                    'in_channels': [384],
                                                    'in_strides': [32],
                                                    'out_channels': [256],
                                                    'out_strides': [32],
                                                    'type': 'FPN'},
                                           'out_indices': [-1],
                                           'type': 'BevFormer',
                                           'view_transformer': {'bev_h': 128,
                                                                'bev_w': 128,
                                                                'embed_dims': 256,
                                                                'encoder': {'bev_h': 128,
                                                                            'bev_w': 128,
                                                                            'embed_dims': 256,
                                                                            'encoder_layer': {'crossattention': {'bev_h': 128,
                                                                                                                 'bev_w': 128,
                                                                                                                 'deformable_attention': {'embed_dims': 256,
                                                                                                                                          'feats_size': [[30,
                                                                                                                                                          16]],
                                                                                                                                          'grid_align_num': 64,
                                                                                                                                          'num_levels': 1,
                                                                                                                                          'num_points': 2,
                                                                                                                                          'type': 'HorizonMultiScaleDeformableAttention3D'},
                                                                                                                 'embed_dims': 256,
                                                                                                                 'max_camoverlap_num': 2,
                                                                                                                 'type': 'HorizonSpatialCrossAttention'},
                                                                                              'dropout': 0.1,
                                                                                              'embed_dims': 256,
                                                                                              'selfattention': {'batch_first': True,
                                                                                                                'embed_dims': 256,
                                                                                                                'feats_size': [[128,
                                                                                                                                128]],
                                                                                                                'grid_align_num': 4,
                                                                                                                'num_levels': 1,
                                                                                                                'num_points': 2,
                                                                                                                'type': 'HorizonMultiScaleDeformableAttention'},
                                                                                              'type': 'SingleBEVFormerEncoderLayer'},
                                                                            'num_layers': 1,
                                                                            'return_intermediate': False,
                                                                            'type': 'SingleBEVFormerEncoder'},
                                                                'in_indices': [-1],
                                                                'is_compile': True,
                                                                'max_camoverlap_num': 2,
                                                                'num_points_in_pillar': 2,
                                                                'pc_range': [-51.2,
                                                                             -51.2,
                                                                             -5.0,
                                                                             51.2,
                                                                             51.2,
                                                                             3.0],
                                                                'positional_encoding': {'col_num_embed': 128,
                                                                                        'num_feats': 128,
                                                                                        'row_num_embed': 128,
                                                                                        'type': 'LearnedPositionalEncoding'},
                                                                'queue_length': 1,
                                                                'single_bev': True,
                                                                'type': 'SingleBevFormerViewTransformer',
                                                                'use_lidar2img': True,
                                                                'virtual_bev_h': 64,
                                                                'virtual_bev_w': 80}},
                        'fuse_module': {'fuse_c': 256,
                                        'input_c': 640,
                                        'type': 'BevFuseModule'},
                        'lidar_network': {'backbone': {'num_input_features': 64,
                                                       'quantize': True,
                                                       'type': 'PointPillarScatter',
                                                       'use_horizon_pillar_scatter': True},
                                          'feature_map_shape': array([512, 512,   1]),
                                          'neck': {'bn_kwargs': None,
                                                   'down_layer_channels': [64,
                                                                           128,
                                                                           256],
                                                   'down_layer_nums': [3, 5, 5],
                                                   'down_layer_strides': [2,
                                                                          2,
                                                                          2],
                                                   'in_feature_channel': 64,
                                                   'quantize': True,
                                                   'type': 'SECONDNeck',
                                                   'up_layer_channels': [128,
                                                                         128,
                                                                         128],
                                                   'up_layer_strides': [0.5,
                                                                        1,
                                                                        2],
                                                   'use_relu6': False},
                                          'reader': {'bn_kwargs': None,
                                                     'hw_reverse': True,
                                                     'num_filters': [64],
                                                     'num_input_features': 5,
                                                     'pc_range': [-51.2,
                                                                  -51.2,
                                                                  -5.0,
                                                                  51.2,
                                                                  51.2,
                                                                  3.0],
                                                     'pool_size': [20, 1],
                                                     'quantize': True,
                                                     'type': 'PillarFeatureNet',
                                                     'use_4dim': True,
                                                     'use_conv': True,
                                                     'voxel_size': [0.2,
                                                                    0.2,
                                                                    8],
                                                     'with_distance': False},
                                          'type': 'CenterPointDetector'},
                        'type': 'BevFusion'},
              'model_convert_pipeline': {'converters': [{'type': 'RepModel2Deploy'},
                                                        {'convert_mode': 'jit-strip',
                                                         'example_inputs': {'bev_pillar_counts': torch.Size([1, 16384, 1]),
                                                                            'coors': torch.Size([40000, 4]),
                                                                            'features': torch.Size([1, 5, 20, 40000]),
                                                                            'img': torch.Size([6, 3, 512, 960]),
                                                                            'queries_rebatch_grid': torch.Size([6, 64, 80, 2]),
                                                                            'reference_points_rebatch': torch.Size([6, 5120, 2, 2]),
                                                                            'restore_bev_grid': torch.Size([1, 256, 128, 2])},
                                                         'type': 'Float2QAT'},
                                                        {'allow_miss': True,
                                                         'checkpoint_path': './tmp_models/bevfusion_centerpoint_pointpillar_henet_multisensor_multitask_nuscenes/qat-checkpoint-last.pth.tar',
                                                         'ignore_extra': True,
                                                         'type': 'LoadCheckpoint',
                                                         'verbose': True},
                                                        {'type': 'SetQuantRoundingMode'}],
                                         'qat_mode': 'fuse_bn',
                                         'type': 'ModelConvertPipeline'},
              'stage': 'qat'},
 'orig_shape': [3, 900, 1600],
 'os': <module 'os' from '/usr/lib/python3.10/os.py'>,
 'partial': <class 'functools.partial'>,
 'pil_to_tensor': <function pil_to_tensor at 0x7f6607dd7250>,
 'point_cloud_range': [-51.2, -51.2, -5.0, 51.2, 51.2, 3.0],
 'prepare_inputs': <function prepare_inputs at 0x7f65b5a76ef0>,
 'process_img': <function process_img at 0x7f65b5a76e60>,
 'process_inputs': <function process_inputs at 0x7f65b5a76f80>,
 'process_outputs': <function process_outputs at 0x7f65b5a77010>,
 'qat_mode': 'fuse_bn',
 'qat_predictor': {'batch_processor': {'loss_collector': None,
                                       'need_grad_update': False,
                                       'type': 'MultiBatchProcessor'},
                   'callbacks': [{'epoch_log_freq': 1,
                                  'log_prefix': 'Validation '
                                                'bevfusion_centerpoint_pointpillar_henet_multisensor_multitask_nuscenes',
                                  'metric_update_func': <function update_metric at 0x7f65b5a769e0>,
                                  'step_log_freq': 10000,
                                  'type': 'MetricUpdater'}],
                   'data_loader': [{'batch_size': 1,
                                    'collate_fn': functools.partial(<function collate_bevfusion_centerpoint at 0x7f65b5a76050>, bev_size=(51.2, 51.2, 0.8), point_cloud_range=[-51.2, -51.2, -5.0, 51.2, 51.2, 3.0], max_lidar_points=120000),
                                    'dataset': {'bev_range': [-51.2,
                                                              -51.2,
                                                              -5.0,
                                                              51.2,
                                                              51.2,
                                                              3.0],
                                                'data_path': 'data/nuscenes/pack/horizon_bevfusion_nuscenes/val_lmdb/',
                                                'load_dim': 5,
                                                'map_path': None,
                                                'map_size': None,
                                                'need_lidar': True,
                                                'num_seq': 1,
                                                'num_sweeps': 9,
                                                'transforms': [{'size': [512,
                                                                         960],
                                                                'type': 'MultiViewsImgResize'},
                                                               {'transforms': [{'type': 'PILToTensor'},
                                                                               {'divisor': 32,
                                                                                'type': 'Pad'},
                                                                               {'rgb_input': True,
                                                                                'type': 'BgrToYuv444'},
                                                                               {'mean': 128.0,
                                                                                'std': 128.0,
                                                                                'type': 'Normalize'}],
                                                                'type': 'MultiViewsImgTransformWrapper'}],
                                                'type': 'NuscenesBevSequenceDataset',
                                                'use_dim': [0, 1, 2, 3, 4],
                                                'with_bev_bboxes': False,
                                                'with_bev_mask': False,
                                                'with_ego_bboxes': True,
                                                'with_lidar_bboxes': True,
                                                'with_lidar_occ': True},
                                    'num_workers': 4,
                                    'pin_memory': True,
                                    'sampler': {'type': <class 'torch.utils.data.distributed.DistributedSampler'>},
                                    'shuffle': False,
                                    'type': <class 'torch.utils.data.dataloader.DataLoader'>}],
                   'device': None,
                   'log_interval': 100,
                   'metrics': [{'classes': ['car',
                                            'truck',
                                            'trailer',
                                            'bus',
                                            'construction_vehicle',
                                            'bicycle',
                                            'motorcycle',
                                            'pedestrian',
                                            'traffic_cone',
                                            'barrier'],
                                'data_root': 'data/nuscenes',
                                'lidar_key': 'sensor2ego',
                                'save_prefix': './metric_results/bevfusion_centerpoint_pointpillar_henet_multisensor_multitask_nuscenes',
                                'trans_lidar_dim': True,
                                'trans_lidar_rot': False,
                                'type': 'NuscenesMetric',
                                'use_lidar': True,
                                'version': 'v1.0-trainval'}],
                   'model': {'bev_decoders': [{'bev_size': [51.2, 51.2, 0.8],
                                               'decode_to_lidar': True,
                                               'decoder': {'bev_size': [51.2,
                                                                        51.2,
                                                                        0.8],
                                                           'class_names': ['car',
                                                                           'truck',
                                                                           'trailer',
                                                                           'bus',
                                                                           'construction_vehicle',
                                                                           'bicycle',
                                                                           'motorcycle',
                                                                           'pedestrian',
                                                                           'traffic_cone',
                                                                           'barrier'],
                                                           'decode_to_ego': False,
                                                           'min_radius': [4,
                                                                          12,
                                                                          10,
                                                                          1,
                                                                          0.85,
                                                                          0.175],
                                                           'nms_threshold': [0.2,
                                                                             0.2,
                                                                             0.2,
                                                                             0.2,
                                                                             0.2,
                                                                             0.5],
                                                           'nms_type': ['rotate',
                                                                        'rotate',
                                                                        'rotate',
                                                                        'circle',
                                                                        'rotate',
                                                                        'rotate'],
                                                           'norm_bbox': True,
                                                           'out_size_factor': 1,
                                                           'score_threshold': 0.1,
                                                           'tasks': [{'class_names': ['car'],
                                                                      'name': 'car',
                                                                      'num_class': 1},
                                                                     {'class_names': ['truck',
                                                                                      'construction_vehicle'],
                                                                      'name': 'truck',
                                                                      'num_class': 2},
                                                                     {'class_names': ['bus',
                                                                                      'trailer'],
                                                                      'name': 'bus',
                                                                      'num_class': 2},
                                                                     {'class_names': ['barrier'],
                                                                      'name': 'barrier',
                                                                      'num_class': 1},
                                                                     {'class_names': ['motorcycle',
                                                                                      'bicycle'],
                                                                      'name': 'bicycle',
                                                                      'num_class': 2},
                                                                     {'class_names': ['pedestrian',
                                                                                      'traffic_cone'],
                                                                      'name': 'pedestrian',
                                                                      'num_class': 2}],
                                                           'type': 'CenterPointDecoder',
                                                           'use_max_pool': True},
                                               'head': {'common_heads': {'dim': [3,
                                                                                 2],
                                                                         'height': [1,
                                                                                    2],
                                                                         'reg': [2,
                                                                                 2],
                                                                         'rot': [2,
                                                                                 2],
                                                                         'vel': [2,
                                                                                 2]},
                                                        'final_kernel': 3,
                                                        'head_conv_channels': 64,
                                                        'in_channels': 256,
                                                        'init_bias': -2.19,
                                                        'num_heatmap_convs': 2,
                                                        'share_conv_channels': 64,
                                                        'share_conv_num': 1,
                                                        'tasks': [{'class_names': ['car'],
                                                                   'name': 'car',
                                                                   'num_class': 1},
                                                                  {'class_names': ['truck',
                                                                                   'construction_vehicle'],
                                                                   'name': 'truck',
                                                                   'num_class': 2},
                                                                  {'class_names': ['bus',
                                                                                   'trailer'],
                                                                   'name': 'bus',
                                                                   'num_class': 2},
                                                                  {'class_names': ['barrier'],
                                                                   'name': 'barrier',
                                                                   'num_class': 1},
                                                                  {'class_names': ['motorcycle',
                                                                                   'bicycle'],
                                                                   'name': 'bicycle',
                                                                   'num_class': 2},
                                                                  {'class_names': ['pedestrian',
                                                                                   'traffic_cone'],
                                                                   'name': 'pedestrian',
                                                                   'num_class': 2}],
                                                        'type': 'DepthwiseSeparableCenterPointHead'},
                                               'loss_cls': {'loss_weight': 1.0,
                                                            'type': 'GaussianFocalLoss'},
                                               'loss_reg': {'loss_weight': 0.25,
                                                            'type': 'L1Loss'},
                                               'name': 'bev_det',
                                               'point_cloud_range': [-51.2,
                                                                     -51.2,
                                                                     -5.0,
                                                                     51.2,
                                                                     51.2,
                                                                     3.0],
                                               'target': {'bbox_weight': [1.0,
                                                                          1.0,
                                                                          1.0,
                                                                          1.0,
                                                                          1.0,
                                                                          1.0,
                                                                          1.0,
                                                                          1.0,
                                                                          0.2,
                                                                          0.2],
                                                          'class_names': ['car',
                                                                          'truck',
                                                                          'trailer',
                                                                          'bus',
                                                                          'construction_vehicle',
                                                                          'bicycle',
                                                                          'motorcycle',
                                                                          'pedestrian',
                                                                          'traffic_cone',
                                                                          'barrier'],
                                                          'gaussian_overlap': 0.1,
                                                          'max_num': 500,
                                                          'min_radius': 2,
                                                          'norm_bbox': True,
                                                          'out_size_factor': 1,
                                                          'tasks': [{'class_names': ['car'],
                                                                     'name': 'car',
                                                                     'num_class': 1},
                                                                    {'class_names': ['truck',
                                                                                     'construction_vehicle'],
                                                                     'name': 'truck',
                                                                     'num_class': 2},
                                                                    {'class_names': ['bus',
                                                                                     'trailer'],
                                                                     'name': 'bus',
                                                                     'num_class': 2},
                                                                    {'class_names': ['barrier'],
                                                                     'name': 'barrier',
                                                                     'num_class': 1},
                                                                    {'class_names': ['motorcycle',
                                                                                     'bicycle'],
                                                                     'name': 'bicycle',
                                                                     'num_class': 2},
                                                                    {'class_names': ['pedestrian',
                                                                                     'traffic_cone'],
                                                                     'name': 'pedestrian',
                                                                     'num_class': 2}],
                                                          'type': 'CenterPointTarget'},
                                               'task_weight': 1.0,
                                               'type': 'BevFusionCenterPointDetDecoder'}],
                             'bev_h': 128,
                             'bev_w': 128,
                             'camera_network': {'backbone': {'act_layer': ['nn.GELU',
                                                                           'nn.GELU',
                                                                           'nn.GELU',
                                                                           'nn.GELU'],
                                                             'attention_block_num': [0,
                                                                                     0,
                                                                                     0,
                                                                                     0],
                                                             'block_cls': ['GroupDWCB',
                                                                           'GroupDWCB',
                                                                           'AltDWCB',
                                                                           'DWCB'],
                                                             'block_nums': [4,
                                                                            3,
                                                                            8,
                                                                            6],
                                                             'down_cls': ['S2DDown',
                                                                          'S2DDown',
                                                                          'S2DDown',
                                                                          'None'],
                                                             'embed_dims': [64,
                                                                            128,
                                                                            192,
                                                                            384],
                                                             'extra_act': [False,
                                                                           False,
                                                                           False,
                                                                           False],
                                                             'feature_mix_channel': 1024,
                                                             'final_expand_channel': 0,
                                                             'in_channels': 3,
                                                             'include_top': False,
                                                             'layer_scale_init_value': 1e-05,
                                                             'mlp_ratio_attn': 2,
                                                             'mlp_ratios': [2,
                                                                            2,
                                                                            2,
                                                                            3],
                                                             'num_classes': 1000,
                                                             'patch_embed': 'origin',
                                                             'type': 'HENet',
                                                             'use_layer_scale': [True,
                                                                                 True,
                                                                                 True,
                                                                                 True]},
                                                'neck': {'bn_kwargs': {'eps': 1e-05,
                                                                       'momentum': 0.1},
                                                         'in_channels': [384],
                                                         'in_strides': [32],
                                                         'out_channels': [256],
                                                         'out_strides': [32],
                                                         'type': 'FPN'},
                                                'out_indices': [-1],
                                                'type': 'BevFormer',
                                                'view_transformer': {'bev_h': 128,
                                                                     'bev_w': 128,
                                                                     'embed_dims': 256,
                                                                     'encoder': {'bev_h': 128,
                                                                                 'bev_w': 128,
                                                                                 'embed_dims': 256,
                                                                                 'encoder_layer': {'crossattention': {'bev_h': 128,
                                                                                                                      'bev_w': 128,
                                                                                                                      'deformable_attention': {'embed_dims': 256,
                                                                                                                                               'feats_size': [[30,
                                                                                                                                                               16]],
                                                                                                                                               'grid_align_num': 64,
                                                                                                                                               'num_levels': 1,
                                                                                                                                               'num_points': 2,
                                                                                                                                               'type': 'HorizonMultiScaleDeformableAttention3D'},
                                                                                                                      'embed_dims': 256,
                                                                                                                      'max_camoverlap_num': 2,
                                                                                                                      'type': 'HorizonSpatialCrossAttention'},
                                                                                                   'dropout': 0.1,
                                                                                                   'embed_dims': 256,
                                                                                                   'selfattention': {'batch_first': True,
                                                                                                                     'embed_dims': 256,
                                                                                                                     'feats_size': [[128,
                                                                                                                                     128]],
                                                                                                                     'grid_align_num': 4,
                                                                                                                     'num_levels': 1,
                                                                                                                     'num_points': 2,
                                                                                                                     'type': 'HorizonMultiScaleDeformableAttention'},
                                                                                                   'type': 'SingleBEVFormerEncoderLayer'},
                                                                                 'num_layers': 1,
                                                                                 'return_intermediate': False,
                                                                                 'type': 'SingleBEVFormerEncoder'},
                                                                     'in_indices': [-1],
                                                                     'max_camoverlap_num': 2,
                                                                     'num_points_in_pillar': 2,
                                                                     'pc_range': [-51.2,
                                                                                  -51.2,
                                                                                  -5.0,
                                                                                  51.2,
                                                                                  51.2,
                                                                                  3.0],
                                                                     'positional_encoding': {'col_num_embed': 128,
                                                                                             'num_feats': 128,
                                                                                             'row_num_embed': 128,
                                                                                             'type': 'LearnedPositionalEncoding'},
                                                                     'queue_length': 1,
                                                                     'single_bev': True,
                                                                     'type': 'SingleBevFormerViewTransformer',
                                                                     'use_lidar2img': True,
                                                                     'virtual_bev_h': 64,
                                                                     'virtual_bev_w': 80}},
                             'fuse_module': {'fuse_c': 256,
                                             'input_c': 640,
                                             'type': 'BevFuseModule'},
                             'lidar_network': {'backbone': {'num_input_features': 64,
                                                            'quantize': True,
                                                            'type': 'PointPillarScatter',
                                                            'use_horizon_pillar_scatter': True},
                                               'feature_map_shape': array([512, 512,   1]),
                                               'neck': {'bn_kwargs': None,
                                                        'down_layer_channels': [64,
                                                                                128,
                                                                                256],
                                                        'down_layer_nums': [3,
                                                                            5,
                                                                            5],
                                                        'down_layer_strides': [2,
                                                                               2,
                                                                               2],
                                                        'in_feature_channel': 64,
                                                        'quantize': True,
                                                        'type': 'SECONDNeck',
                                                        'up_layer_channels': [128,
                                                                              128,
                                                                              128],
                                                        'up_layer_strides': [0.5,
                                                                             1,
                                                                             2],
                                                        'use_relu6': False},
                                               'pre_process': {'fixed_voxels_num': 30000,
                                                               'max_points_in_voxel': 20,
                                                               'max_voxels_num': [30000,
                                                                                  40000],
                                                               'norm_dims': [0,
                                                                             1,
                                                                             2,
                                                                             3],
                                                               'norm_range': [-51.2,
                                                                              -51.2,
                                                                              -5.0,
                                                                              0.0,
                                                                              51.2,
                                                                              51.2,
                                                                              3.0,
                                                                              255.0],
                                                               'pc_range': [-51.2,
                                                                            -51.2,
                                                                            -5.0,
                                                                            51.2,
                                                                            51.2,
                                                                            3.0],
                                                               'type': 'PaddedCenterPointPreProcess',
                                                               'voxel_size': [0.2,
                                                                              0.2,
                                                                              8]},
                                               'reader': {'bn_kwargs': None,
                                                          'hw_reverse': True,
                                                          'num_filters': [64],
                                                          'num_input_features': 5,
                                                          'pc_range': [-51.2,
                                                                       -51.2,
                                                                       -5.0,
                                                                       51.2,
                                                                       51.2,
                                                                       3.0],
                                                          'pool_size': [20, 1],
                                                          'quantize': True,
                                                          'type': 'PillarFeatureNet',
                                                          'use_4dim': True,
                                                          'use_conv': True,
                                                          'voxel_size': [0.2,
                                                                         0.2,
                                                                         8],
                                                          'with_distance': False},
                                               'type': 'CenterPointDetector'},
                             'type': 'BevFusion'},
                   'model_convert_pipeline': {'converters': [{'type': 'RepModel2Deploy'},
                                                             {'convert_mode': 'jit-strip',
                                                              'example_data_loader': {'batch_size': 1,
                                                                                      'collate_fn': functools.partial(<function collate_bevfusion_centerpoint at 0x7f65b5a76050>, bev_size=(51.2, 51.2, 0.8), point_cloud_range=[-51.2, -51.2, -5.0, 51.2, 51.2, 3.0], max_lidar_points=120000),
                                                                                      'dataset': {'bev_range': [-51.2,
                                                                                                                -51.2,
                                                                                                                -5.0,
                                                                                                                51.2,
                                                                                                                51.2,
                                                                                                                3.0],
                                                                                                  'data_path': 'data/nuscenes/pack/horizon_bevfusion_nuscenes/val_lmdb/',
                                                                                                  'load_dim': 5,
                                                                                                  'map_path': None,
                                                                                                  'map_size': None,
                                                                                                  'need_lidar': True,
                                                                                                  'num_seq': 1,
                                                                                                  'num_sweeps': 9,
                                                                                                  'transforms': [{'size': [512,
                                                                                                                           960],
                                                                                                                  'type': 'MultiViewsImgResize'},
                                                                                                                 {'transforms': [{'type': 'PILToTensor'},
                                                                                                                                 {'divisor': 32,
                                                                                                                                  'type': 'Pad'},
                                                                                                                                 {'rgb_input': True,
                                                                                                                                  'type': 'BgrToYuv444'},
                                                                                                                                 {'mean': 128.0,
                                                                                                                                  'std': 128.0,
                                                                                                                                  'type': 'Normalize'}],
                                                                                                                  'type': 'MultiViewsImgTransformWrapper'}],
                                                                                                  'type': 'NuscenesBevSequenceDataset',
                                                                                                  'use_dim': [0,
                                                                                                              1,
                                                                                                              2,
                                                                                                              3,
                                                                                                              4],
                                                                                                  'with_bev_bboxes': False,
                                                                                                  'with_bev_mask': False,
                                                                                                  'with_ego_bboxes': True,
                                                                                                  'with_lidar_bboxes': True,
                                                                                                  'with_lidar_occ': True},
                                                                                      'num_workers': 0,
                                                                                      'pin_memory': True,
                                                                                      'shuffle': False,
                                                                                      'type': <class 'torch.utils.data.dataloader.DataLoader'>},
                                                              'type': 'Float2QAT'},
                                                             {'allow_miss': True,
                                                              'checkpoint_path': './tmp_models/bevfusion_centerpoint_pointpillar_henet_multisensor_multitask_nuscenes/qat-checkpoint-last.pth.tar',
                                                              'ignore_extra': True,
                                                              'type': 'LoadCheckpoint',
                                                              'verbose': True},
                                                             {'type': 'SetQuantRoundingMode'}],
                                              'qat_mode': 'fuse_bn',
                                              'type': 'ModelConvertPipeline'},
                   'type': 'Predictor'},
 'qat_trainer': {'batch_processor': {'enable_amp': True,
                                     'loss_collector': <function loss_collector at 0x7f65b5a76950>,
                                     'need_grad_update': True,
                                     'type': 'MultiBatchProcessor'},
                 'callbacks': [{'log_freq': 200, 'type': 'StatsMonitor'},
                               {'epoch_log_freq': 1,
                                'log_prefix': 'loss_bevfusion_centerpoint_pointpillar_henet_multisensor_multitask_nuscenes',
                                'metric_update_func': <function update_loss at 0x7f65b5a76a70>,
                                'step_log_freq': 200,
                                'type': 'MetricUpdater'},
                               {'lr_decay_id': [8],
                                'step_log_interval': 500,
                                'type': 'StepDecayLrUpdater'},
                               {'clip_grad_norm': 35,
                                'clip_norm_type': 2,
                                'module_and_scale': [],
                                'type': 'GradScale'},
                               {'batch_processor': {'loss_collector': None,
                                                    'need_grad_update': False,
                                                    'type': 'MultiBatchProcessor'},
                                'callbacks': [{'epoch_log_freq': 1,
                                               'log_prefix': 'Validation '
                                                             'bevfusion_centerpoint_pointpillar_henet_multisensor_multitask_nuscenes',
                                               'metric_update_func': <function update_metric at 0x7f65b5a769e0>,
                                               'step_log_freq': 10000,
                                               'type': 'MetricUpdater'}],
                                'data_loader': {'batch_size': 1,
                                                'collate_fn': functools.partial(<function collate_bevfusion_centerpoint at 0x7f65b5a76050>, bev_size=(51.2, 51.2, 0.8), point_cloud_range=[-51.2, -51.2, -5.0, 51.2, 51.2, 3.0], max_lidar_points=120000),
                                                'dataset': {'bev_range': [-51.2,
                                                                          -51.2,
                                                                          -5.0,
                                                                          51.2,
                                                                          51.2,
                                                                          3.0],
                                                            'data_path': 'data/nuscenes/pack/horizon_bevfusion_nuscenes/val_lmdb/',
                                                            'load_dim': 5,
                                                            'map_path': None,
                                                            'map_size': None,
                                                            'need_lidar': True,
                                                            'num_seq': 1,
                                                            'num_sweeps': 9,
                                                            'transforms': [{'size': [512,
                                                                                     960],
                                                                            'type': 'MultiViewsImgResize'},
                                                                           {'transforms': [{'type': 'PILToTensor'},
                                                                                           {'divisor': 32,
                                                                                            'type': 'Pad'},
                                                                                           {'rgb_input': True,
                                                                                            'type': 'BgrToYuv444'},
                                                                                           {'mean': 128.0,
                                                                                            'std': 128.0,
                                                                                            'type': 'Normalize'}],
                                                                            'type': 'MultiViewsImgTransformWrapper'}],
                                                            'type': 'NuscenesBevSequenceDataset',
                                                            'use_dim': [0,
                                                                        1,
                                                                        2,
                                                                        3,
                                                                        4],
                                                            'with_bev_bboxes': False,
                                                            'with_bev_mask': False,
                                                            'with_ego_bboxes': True,
                                                            'with_lidar_bboxes': True,
                                                            'with_lidar_occ': True},
                                                'num_workers': 4,
                                                'pin_memory': True,
                                                'sampler': {'type': <class 'torch.utils.data.distributed.DistributedSampler'>},
                                                'shuffle': False,
                                                'type': <class 'torch.utils.data.dataloader.DataLoader'>},
                                'log_interval': 200,
                                'type': 'Validation',
                                'val_interval': 1,
                                'val_model': None,
                                'val_on_train_end': False},
                               {'mode': None,
                                'name_prefix': 'float-',
                                'save_dir': './tmp_models/bevfusion_centerpoint_pointpillar_henet_multisensor_multitask_nuscenes',
                                'save_interval': 1,
                                'strict_match': True,
                                'type': 'Checkpoint'}],
                 'data_loader': {'batch_size': 6,
                                 'collate_fn': functools.partial(<function collate_bevfusion_centerpoint at 0x7f65b5a76050>, bev_size=(51.2, 51.2, 0.8), point_cloud_range=[-51.2, -51.2, -5.0, 51.2, 51.2, 3.0], max_lidar_points=120000),
                                 'dataset': {'bev_range': [-51.2,
                                                           -51.2,
                                                           -5.0,
                                                           51.2,
                                                           51.2,
                                                           3.0],
                                             'data_path': 'data/nuscenes/pack/horizon_bevfusion_nuscenes/train_lmdb/',
                                             'load_dim': 5,
                                             'map_path': None,
                                             'map_size': None,
                                             'need_lidar': True,
                                             'num_seq': 1,
                                             'num_sweeps': 9,
                                             'transforms': [{'size': [512, 960],
                                                             'type': 'MultiViewsImgResize'},
                                                            {'type': 'MultiViewsImgFlip'},
                                                            {'rot': [-5.4, 5.4],
                                                             'type': 'MultiViewsImgRotate'},
                                                            {'rotation_3d_range': [-0.3925,
                                                                                   0.3925],
                                                             'type': 'BevBBoxRotation'},
                                                            {'type': 'MultiViewsPhotoMetricDistortion'},
                                                            {'transforms': [{'type': 'PILToTensor'},
                                                                            {'rgb_input': True,
                                                                             'type': 'BgrToYuv444'},
                                                                            {'mean': 128,
                                                                             'std': 128,
                                                                             'type': 'Normalize'}],
                                                             'type': 'MultiViewsImgTransformWrapper'},
                                                            {'max_lidar_points': 120000,
                                                             'type': 'FixedLidarPointsAdapter'},
                                                            {'bev_size': [51.2,
                                                                          51.2,
                                                                          0.8],
                                                             'point_cloud_range': [-51.2,
                                                                                   -51.2,
                                                                                   -5.0,
                                                                                   51.2,
                                                                                   51.2,
                                                                                   3.0],
                                                             'src_key': 'lidar_bboxes_labels',
                                                             'type': 'BevBboxesLabelsAdapter'}],
                                             'type': 'NuscenesBevSequenceDataset',
                                             'use_dim': [0, 1, 2, 3, 4],
                                             'with_bev_bboxes': False,
                                             'with_bev_mask': False,
                                             'with_ego_bboxes': True,
                                             'with_ego_occ': False,
                                             'with_lidar_bboxes': True,
                                             'with_lidar_occ': True},
                                 'num_workers': 4,
                                 'pin_memory': False,
                                 'sampler': {'type': <class 'torch.utils.data.distributed.DistributedSampler'>},
                                 'shuffle': True,
                                 'type': <class 'torch.utils.data.dataloader.DataLoader'>},
                 'device': None,
                 'model': {'bev_decoders': [{'bev_size': [51.2, 51.2, 0.8],
                                             'decode_to_lidar': True,
                                             'decoder': {'bev_size': [51.2,
                                                                      51.2,
                                                                      0.8],
                                                         'class_names': ['car',
                                                                         'truck',
                                                                         'trailer',
                                                                         'bus',
                                                                         'construction_vehicle',
                                                                         'bicycle',
                                                                         'motorcycle',
                                                                         'pedestrian',
                                                                         'traffic_cone',
                                                                         'barrier'],
                                                         'decode_to_ego': False,
                                                         'min_radius': [4,
                                                                        12,
                                                                        10,
                                                                        1,
                                                                        0.85,
                                                                        0.175],
                                                         'nms_threshold': [0.2,
                                                                           0.2,
                                                                           0.2,
                                                                           0.2,
                                                                           0.2,
                                                                           0.5],
                                                         'nms_type': ['rotate',
                                                                      'rotate',
                                                                      'rotate',
                                                                      'circle',
                                                                      'rotate',
                                                                      'rotate'],
                                                         'norm_bbox': True,
                                                         'out_size_factor': 1,
                                                         'score_threshold': 0.1,
                                                         'tasks': [{'class_names': ['car'],
                                                                    'name': 'car',
                                                                    'num_class': 1},
                                                                   {'class_names': ['truck',
                                                                                    'construction_vehicle'],
                                                                    'name': 'truck',
                                                                    'num_class': 2},
                                                                   {'class_names': ['bus',
                                                                                    'trailer'],
                                                                    'name': 'bus',
                                                                    'num_class': 2},
                                                                   {'class_names': ['barrier'],
                                                                    'name': 'barrier',
                                                                    'num_class': 1},
                                                                   {'class_names': ['motorcycle',
                                                                                    'bicycle'],
                                                                    'name': 'bicycle',
                                                                    'num_class': 2},
                                                                   {'class_names': ['pedestrian',
                                                                                    'traffic_cone'],
                                                                    'name': 'pedestrian',
                                                                    'num_class': 2}],
                                                         'type': 'CenterPointDecoder',
                                                         'use_max_pool': True},
                                             'head': {'common_heads': {'dim': [3,
                                                                               2],
                                                                       'height': [1,
                                                                                  2],
                                                                       'reg': [2,
                                                                               2],
                                                                       'rot': [2,
                                                                               2],
                                                                       'vel': [2,
                                                                               2]},
                                                      'final_kernel': 3,
                                                      'head_conv_channels': 64,
                                                      'in_channels': 256,
                                                      'init_bias': -2.19,
                                                      'num_heatmap_convs': 2,
                                                      'share_conv_channels': 64,
                                                      'share_conv_num': 1,
                                                      'tasks': [{'class_names': ['car'],
                                                                 'name': 'car',
                                                                 'num_class': 1},
                                                                {'class_names': ['truck',
                                                                                 'construction_vehicle'],
                                                                 'name': 'truck',
                                                                 'num_class': 2},
                                                                {'class_names': ['bus',
                                                                                 'trailer'],
                                                                 'name': 'bus',
                                                                 'num_class': 2},
                                                                {'class_names': ['barrier'],
                                                                 'name': 'barrier',
                                                                 'num_class': 1},
                                                                {'class_names': ['motorcycle',
                                                                                 'bicycle'],
                                                                 'name': 'bicycle',
                                                                 'num_class': 2},
                                                                {'class_names': ['pedestrian',
                                                                                 'traffic_cone'],
                                                                 'name': 'pedestrian',
                                                                 'num_class': 2}],
                                                      'type': 'DepthwiseSeparableCenterPointHead'},
                                             'loss_cls': {'loss_weight': 1.0,
                                                          'type': 'GaussianFocalLoss'},
                                             'loss_reg': {'loss_weight': 0.25,
                                                          'type': 'L1Loss'},
                                             'name': 'bev_det',
                                             'point_cloud_range': [-51.2,
                                                                   -51.2,
                                                                   -5.0,
                                                                   51.2,
                                                                   51.2,
                                                                   3.0],
                                             'target': {'bbox_weight': [1.0,
                                                                        1.0,
                                                                        1.0,
                                                                        1.0,
                                                                        1.0,
                                                                        1.0,
                                                                        1.0,
                                                                        1.0,
                                                                        0.2,
                                                                        0.2],
                                                        'class_names': ['car',
                                                                        'truck',
                                                                        'trailer',
                                                                        'bus',
                                                                        'construction_vehicle',
                                                                        'bicycle',
                                                                        'motorcycle',
                                                                        'pedestrian',
                                                                        'traffic_cone',
                                                                        'barrier'],
                                                        'gaussian_overlap': 0.1,
                                                        'max_num': 500,
                                                        'min_radius': 2,
                                                        'norm_bbox': True,
                                                        'out_size_factor': 1,
                                                        'tasks': [{'class_names': ['car'],
                                                                   'name': 'car',
                                                                   'num_class': 1},
                                                                  {'class_names': ['truck',
                                                                                   'construction_vehicle'],
                                                                   'name': 'truck',
                                                                   'num_class': 2},
                                                                  {'class_names': ['bus',
                                                                                   'trailer'],
                                                                   'name': 'bus',
                                                                   'num_class': 2},
                                                                  {'class_names': ['barrier'],
                                                                   'name': 'barrier',
                                                                   'num_class': 1},
                                                                  {'class_names': ['motorcycle',
                                                                                   'bicycle'],
                                                                   'name': 'bicycle',
                                                                   'num_class': 2},
                                                                  {'class_names': ['pedestrian',
                                                                                   'traffic_cone'],
                                                                   'name': 'pedestrian',
                                                                   'num_class': 2}],
                                                        'type': 'CenterPointTarget'},
                                             'task_weight': 1.0,
                                             'type': 'BevFusionCenterPointDetDecoder'}],
                           'bev_h': 128,
                           'bev_w': 128,
                           'camera_network': {'backbone': {'act_layer': ['nn.GELU',
                                                                         'nn.GELU',
                                                                         'nn.GELU',
                                                                         'nn.GELU'],
                                                           'attention_block_num': [0,
                                                                                   0,
                                                                                   0,
                                                                                   0],
                                                           'block_cls': ['GroupDWCB',
                                                                         'GroupDWCB',
                                                                         'AltDWCB',
                                                                         'DWCB'],
                                                           'block_nums': [4,
                                                                          3,
                                                                          8,
                                                                          6],
                                                           'down_cls': ['S2DDown',
                                                                        'S2DDown',
                                                                        'S2DDown',
                                                                        'None'],
                                                           'embed_dims': [64,
                                                                          128,
                                                                          192,
                                                                          384],
                                                           'extra_act': [False,
                                                                         False,
                                                                         False,
                                                                         False],
                                                           'feature_mix_channel': 1024,
                                                           'final_expand_channel': 0,
                                                           'in_channels': 3,
                                                           'include_top': False,
                                                           'layer_scale_init_value': 1e-05,
                                                           'mlp_ratio_attn': 2,
                                                           'mlp_ratios': [2,
                                                                          2,
                                                                          2,
                                                                          3],
                                                           'num_classes': 1000,
                                                           'patch_embed': 'origin',
                                                           'type': 'HENet',
                                                           'use_layer_scale': [True,
                                                                               True,
                                                                               True,
                                                                               True]},
                                              'neck': {'bn_kwargs': {'eps': 1e-05,
                                                                     'momentum': 0.1},
                                                       'in_channels': [384],
                                                       'in_strides': [32],
                                                       'out_channels': [256],
                                                       'out_strides': [32],
                                                       'type': 'FPN'},
                                              'out_indices': [-1],
                                              'type': 'BevFormer',
                                              'view_transformer': {'bev_h': 128,
                                                                   'bev_w': 128,
                                                                   'embed_dims': 256,
                                                                   'encoder': {'bev_h': 128,
                                                                               'bev_w': 128,
                                                                               'embed_dims': 256,
                                                                               'encoder_layer': {'crossattention': {'bev_h': 128,
                                                                                                                    'bev_w': 128,
                                                                                                                    'deformable_attention': {'embed_dims': 256,
                                                                                                                                             'feats_size': [[30,
                                                                                                                                                             16]],
                                                                                                                                             'grid_align_num': 64,
                                                                                                                                             'num_levels': 1,
                                                                                                                                             'num_points': 2,
                                                                                                                                             'type': 'HorizonMultiScaleDeformableAttention3D'},
                                                                                                                    'embed_dims': 256,
                                                                                                                    'max_camoverlap_num': 2,
                                                                                                                    'type': 'HorizonSpatialCrossAttention'},
                                                                                                 'dropout': 0.1,
                                                                                                 'embed_dims': 256,
                                                                                                 'selfattention': {'batch_first': True,
                                                                                                                   'embed_dims': 256,
                                                                                                                   'feats_size': [[128,
                                                                                                                                   128]],
                                                                                                                   'grid_align_num': 4,
                                                                                                                   'num_levels': 1,
                                                                                                                   'num_points': 2,
                                                                                                                   'type': 'HorizonMultiScaleDeformableAttention'},
                                                                                                 'type': 'SingleBEVFormerEncoderLayer'},
                                                                               'num_layers': 1,
                                                                               'return_intermediate': False,
                                                                               'type': 'SingleBEVFormerEncoder'},
                                                                   'in_indices': [-1],
                                                                   'max_camoverlap_num': 2,
                                                                   'num_points_in_pillar': 2,
                                                                   'pc_range': [-51.2,
                                                                                -51.2,
                                                                                -5.0,
                                                                                51.2,
                                                                                51.2,
                                                                                3.0],
                                                                   'positional_encoding': {'col_num_embed': 128,
                                                                                           'num_feats': 128,
                                                                                           'row_num_embed': 128,
                                                                                           'type': 'LearnedPositionalEncoding'},
                                                                   'queue_length': 1,
                                                                   'single_bev': True,
                                                                   'type': 'SingleBevFormerViewTransformer',
                                                                   'use_lidar2img': True,
                                                                   'virtual_bev_h': 64,
                                                                   'virtual_bev_w': 80}},
                           'fuse_module': {'fuse_c': 256,
                                           'input_c': 640,
                                           'type': 'BevFuseModule'},
                           'lidar_network': {'backbone': {'num_input_features': 64,
                                                          'quantize': True,
                                                          'type': 'PointPillarScatter',
                                                          'use_horizon_pillar_scatter': True},
                                             'feature_map_shape': array([512, 512,   1]),
                                             'neck': {'bn_kwargs': None,
                                                      'down_layer_channels': [64,
                                                                              128,
                                                                              256],
                                                      'down_layer_nums': [3,
                                                                          5,
                                                                          5],
                                                      'down_layer_strides': [2,
                                                                             2,
                                                                             2],
                                                      'in_feature_channel': 64,
                                                      'quantize': True,
                                                      'type': 'SECONDNeck',
                                                      'up_layer_channels': [128,
                                                                            128,
                                                                            128],
                                                      'up_layer_strides': [0.5,
                                                                           1,
                                                                           2],
                                                      'use_relu6': False},
                                             'pre_process': {'fixed_voxels_num': 30000,
                                                             'max_points_in_voxel': 20,
                                                             'max_voxels_num': [30000,
                                                                                40000],
                                                             'norm_dims': [0,
                                                                           1,
                                                                           2,
                                                                           3],
                                                             'norm_range': [-51.2,
                                                                            -51.2,
                                                                            -5.0,
                                                                            0.0,
                                                                            51.2,
                                                                            51.2,
                                                                            3.0,
                                                                            255.0],
                                                             'pc_range': [-51.2,
                                                                          -51.2,
                                                                          -5.0,
                                                                          51.2,
                                                                          51.2,
                                                                          3.0],
                                                             'type': 'PaddedCenterPointPreProcess',
                                                             'voxel_size': [0.2,
                                                                            0.2,
                                                                            8]},
                                             'reader': {'bn_kwargs': None,
                                                        'hw_reverse': True,
                                                        'num_filters': [64],
                                                        'num_input_features': 5,
                                                        'pc_range': [-51.2,
                                                                     -51.2,
                                                                     -5.0,
                                                                     51.2,
                                                                     51.2,
                                                                     3.0],
                                                        'pool_size': [20, 1],
                                                        'quantize': True,
                                                        'type': 'PillarFeatureNet',
                                                        'use_4dim': True,
                                                        'use_conv': True,
                                                        'voxel_size': [0.2,
                                                                       0.2,
                                                                       8],
                                                        'with_distance': False},
                                             'type': 'CenterPointDetector'},
                           'type': 'BevFusion'},
                 'model_convert_pipeline': {'converters': [{'type': 'RepModel2Deploy'},
                                                           {'convert_mode': 'jit-strip',
                                                            'example_data_loader': {'batch_size': 1,
                                                                                    'collate_fn': functools.partial(<function collate_bevfusion_centerpoint at 0x7f65b5a76050>, bev_size=(51.2, 51.2, 0.8), point_cloud_range=[-51.2, -51.2, -5.0, 51.2, 51.2, 3.0], max_lidar_points=120000),
                                                                                    'dataset': {'bev_range': [-51.2,
                                                                                                              -51.2,
                                                                                                              -5.0,
                                                                                                              51.2,
                                                                                                              51.2,
                                                                                                              3.0],
                                                                                                'data_path': 'data/nuscenes/pack/horizon_bevfusion_nuscenes/val_lmdb/',
                                                                                                'load_dim': 5,
                                                                                                'map_path': None,
                                                                                                'map_size': None,
                                                                                                'need_lidar': True,
                                                                                                'num_seq': 1,
                                                                                                'num_sweeps': 9,
                                                                                                'transforms': [{'size': [512,
                                                                                                                         960],
                                                                                                                'type': 'MultiViewsImgResize'},
                                                                                                               {'transforms': [{'type': 'PILToTensor'},
                                                                                                                               {'divisor': 32,
                                                                                                                                'type': 'Pad'},
                                                                                                                               {'rgb_input': True,
                                                                                                                                'type': 'BgrToYuv444'},
                                                                                                                               {'mean': 128.0,
                                                                                                                                'std': 128.0,
                                                                                                                                'type': 'Normalize'}],
                                                                                                                'type': 'MultiViewsImgTransformWrapper'}],
                                                                                                'type': 'NuscenesBevSequenceDataset',
                                                                                                'use_dim': [0,
                                                                                                            1,
                                                                                                            2,
                                                                                                            3,
                                                                                                            4],
                                                                                                'with_bev_bboxes': False,
                                                                                                'with_bev_mask': False,
                                                                                                'with_ego_bboxes': True,
                                                                                                'with_lidar_bboxes': True,
                                                                                                'with_lidar_occ': True},
                                                                                    'num_workers': 0,
                                                                                    'pin_memory': True,
                                                                                    'shuffle': False,
                                                                                    'type': <class 'torch.utils.data.dataloader.DataLoader'>},
                                                            'type': 'Float2QAT'},
                                                           {'type': 'FixWeightQScale'},
                                                           {'allow_miss': True,
                                                            'checkpoint_path': './tmp_models/bevfusion_centerpoint_pointpillar_henet_multisensor_multitask_nuscenes/calibration-checkpoint-last.pth.tar',
                                                            'ignore_extra': True,
                                                            'type': 'LoadCheckpoint',
                                                            'verbose': True}],
                                            'qat_mode': 'fuse_bn',
                                            'type': 'ModelConvertPipeline'},
                 'num_epochs': 16,
                 'optimizer': {'lr': 2e-05,
                               'type': <class 'torch.optim.adamw.AdamW'>,
                               'weight_decay': 0.001},
                 'train_metrics': {'type': 'LossShow'},
                 'type': 'distributed_data_parallel_trainer',
                 'val_metrics': [{'classes': ['car',
                                              'truck',
                                              'trailer',
                                              'bus',
                                              'construction_vehicle',
                                              'bicycle',
                                              'motorcycle',
                                              'pedestrian',
                                              'traffic_cone',
                                              'barrier'],
                                  'data_root': 'data/nuscenes',
                                  'lidar_key': 'sensor2ego',
                                  'save_prefix': './metric_results/bevfusion_centerpoint_pointpillar_henet_multisensor_multitask_nuscenes',
                                  'trans_lidar_dim': True,
                                  'trans_lidar_rot': False,
                                  'type': 'NuscenesMetric',
                                  'use_lidar': True,
                                  'version': 'v1.0-trainval'}]},
 're': <module 're' from '/usr/lib/python3.10/re.py'>,
 'real_deploy_model_convert_pipeline': {'converters': [{'type': 'RepModel2Deploy'},
                                                       {'convert_mode': 'jit-strip',
                                                        'example_inputs': {'bev_pillar_counts': torch.Size([1, 16384, 1]),
                                                                           'coors': torch.Size([40000, 4]),
                                                                           'features': torch.Size([1, 5, 20, 40000]),
                                                                           'img': torch.Size([6, 3, 512, 960]),
                                                                           'queries_rebatch_grid': torch.Size([6, 64, 80, 2]),
                                                                           'reference_points_rebatch': torch.Size([6, 5120, 2, 2]),
                                                                           'restore_bev_grid': torch.Size([1, 256, 128, 2])},
                                                        'type': 'Float2QAT'},
                                                       {'allow_miss': True,
                                                        'checkpoint_path': './tmp_models/bevfusion_centerpoint_pointpillar_henet_multisensor_multitask_nuscenes/qat-checkpoint-last.pth.tar',
                                                        'ignore_extra': True,
                                                        'type': 'LoadCheckpoint',
                                                        'verbose': True},
                                                       {'type': 'SetQuantRoundingMode'}],
                                        'qat_mode': 'fuse_bn',
                                        'type': 'ModelConvertPipeline'},
 'resize': <function resize at 0x7f6607dd5e10>,
 'resize_homo': <function resize_homo at 0x7f65b5a76dd0>,
 'resize_shape': [3, 512, 960],
 'seed': None,
 'shutil': <module 'shutil' from '/usr/lib/python3.10/shutil.py'>,
 'single_hbir_infer_model': {'deploy_model': {'bev_decoders': [{'bev_size': [51.2,
                                                                             51.2,
                                                                             0.8],
                                                                'decode_to_lidar': True,
                                                                'decoder': {'bev_size': [51.2,
                                                                                         51.2,
                                                                                         0.8],
                                                                            'class_names': ['car',
                                                                                            'truck',
                                                                                            'trailer',
                                                                                            'bus',
                                                                                            'construction_vehicle',
                                                                                            'bicycle',
                                                                                            'motorcycle',
                                                                                            'pedestrian',
                                                                                            'traffic_cone',
                                                                                            'barrier'],
                                                                            'decode_to_ego': False,
                                                                            'min_radius': [4,
                                                                                           12,
                                                                                           10,
                                                                                           1,
                                                                                           0.85,
                                                                                           0.175],
                                                                            'nms_threshold': [0.2,
                                                                                              0.2,
                                                                                              0.2,
                                                                                              0.2,
                                                                                              0.2,
                                                                                              0.5],
                                                                            'nms_type': ['rotate',
                                                                                         'rotate',
                                                                                         'rotate',
                                                                                         'circle',
                                                                                         'rotate',
                                                                                         'rotate'],
                                                                            'norm_bbox': True,
                                                                            'out_size_factor': 1,
                                                                            'score_threshold': 0.1,
                                                                            'tasks': [{'class_names': ['car'],
                                                                                       'name': 'car',
                                                                                       'num_class': 1},
                                                                                      {'class_names': ['truck',
                                                                                                       'construction_vehicle'],
                                                                                       'name': 'truck',
                                                                                       'num_class': 2},
                                                                                      {'class_names': ['bus',
                                                                                                       'trailer'],
                                                                                       'name': 'bus',
                                                                                       'num_class': 2},
                                                                                      {'class_names': ['barrier'],
                                                                                       'name': 'barrier',
                                                                                       'num_class': 1},
                                                                                      {'class_names': ['motorcycle',
                                                                                                       'bicycle'],
                                                                                       'name': 'bicycle',
                                                                                       'num_class': 2},
                                                                                      {'class_names': ['pedestrian',
                                                                                                       'traffic_cone'],
                                                                                       'name': 'pedestrian',
                                                                                       'num_class': 2}],
                                                                            'type': 'CenterPointDecoder',
                                                                            'use_max_pool': True},
                                                                'head': {'common_heads': {'dim': [3,
                                                                                                  2],
                                                                                          'height': [1,
                                                                                                     2],
                                                                                          'reg': [2,
                                                                                                  2],
                                                                                          'rot': [2,
                                                                                                  2],
                                                                                          'vel': [2,
                                                                                                  2]},
                                                                         'final_kernel': 3,
                                                                         'head_conv_channels': 64,
                                                                         'in_channels': 256,
                                                                         'init_bias': -2.19,
                                                                         'num_heatmap_convs': 2,
                                                                         'share_conv_channels': 64,
                                                                         'share_conv_num': 1,
                                                                         'tasks': [{'class_names': ['car'],
                                                                                    'name': 'car',
                                                                                    'num_class': 1},
                                                                                   {'class_names': ['truck',
                                                                                                    'construction_vehicle'],
                                                                                    'name': 'truck',
                                                                                    'num_class': 2},
                                                                                   {'class_names': ['bus',
                                                                                                    'trailer'],
                                                                                    'name': 'bus',
                                                                                    'num_class': 2},
                                                                                   {'class_names': ['barrier'],
                                                                                    'name': 'barrier',
                                                                                    'num_class': 1},
                                                                                   {'class_names': ['motorcycle',
                                                                                                    'bicycle'],
                                                                                    'name': 'bicycle',
                                                                                    'num_class': 2},
                                                                                   {'class_names': ['pedestrian',
                                                                                                    'traffic_cone'],
                                                                                    'name': 'pedestrian',
                                                                                    'num_class': 2}],
                                                                         'type': 'DepthwiseSeparableCenterPointHead'},
                                                                'loss_cls': {'loss_weight': 1.0,
                                                                             'type': 'GaussianFocalLoss'},
                                                                'loss_reg': {'loss_weight': 0.25,
                                                                             'type': 'L1Loss'},
                                                                'name': 'bev_det',
                                                                'point_cloud_range': [-51.2,
                                                                                      -51.2,
                                                                                      -5.0,
                                                                                      51.2,
                                                                                      51.2,
                                                                                      3.0],
                                                                'target': {'bbox_weight': [1.0,
                                                                                           1.0,
                                                                                           1.0,
                                                                                           1.0,
                                                                                           1.0,
                                                                                           1.0,
                                                                                           1.0,
                                                                                           1.0,
                                                                                           0.2,
                                                                                           0.2],
                                                                           'class_names': ['car',
                                                                                           'truck',
                                                                                           'trailer',
                                                                                           'bus',
                                                                                           'construction_vehicle',
                                                                                           'bicycle',
                                                                                           'motorcycle',
                                                                                           'pedestrian',
                                                                                           'traffic_cone',
                                                                                           'barrier'],
                                                                           'gaussian_overlap': 0.1,
                                                                           'max_num': 500,
                                                                           'min_radius': 2,
                                                                           'norm_bbox': True,
                                                                           'out_size_factor': 1,
                                                                           'tasks': [{'class_names': ['car'],
                                                                                      'name': 'car',
                                                                                      'num_class': 1},
                                                                                     {'class_names': ['truck',
                                                                                                      'construction_vehicle'],
                                                                                      'name': 'truck',
                                                                                      'num_class': 2},
                                                                                     {'class_names': ['bus',
                                                                                                      'trailer'],
                                                                                      'name': 'bus',
                                                                                      'num_class': 2},
                                                                                     {'class_names': ['barrier'],
                                                                                      'name': 'barrier',
                                                                                      'num_class': 1},
                                                                                     {'class_names': ['motorcycle',
                                                                                                      'bicycle'],
                                                                                      'name': 'bicycle',
                                                                                      'num_class': 2},
                                                                                     {'class_names': ['pedestrian',
                                                                                                      'traffic_cone'],
                                                                                      'name': 'pedestrian',
                                                                                      'num_class': 2}],
                                                                           'type': 'CenterPointTarget'},
                                                                'task_weight': 1.0,
                                                                'type': 'BevFusionCenterPointDetDecoder'}],
                                              'bev_h': 128,
                                              'bev_w': 128,
                                              'camera_network': {'backbone': {'act_layer': ['nn.GELU',
                                                                                            'nn.GELU',
                                                                                            'nn.GELU',
                                                                                            'nn.GELU'],
                                                                              'attention_block_num': [0,
                                                                                                      0,
                                                                                                      0,
                                                                                                      0],
                                                                              'block_cls': ['GroupDWCB',
                                                                                            'GroupDWCB',
                                                                                            'AltDWCB',
                                                                                            'DWCB'],
                                                                              'block_nums': [4,
                                                                                             3,
                                                                                             8,
                                                                                             6],
                                                                              'down_cls': ['S2DDown',
                                                                                           'S2DDown',
                                                                                           'S2DDown',
                                                                                           'None'],
                                                                              'embed_dims': [64,
                                                                                             128,
                                                                                             192,
                                                                                             384],
                                                                              'extra_act': [False,
                                                                                            False,
                                                                                            False,
                                                                                            False],
                                                                              'feature_mix_channel': 1024,
                                                                              'final_expand_channel': 0,
                                                                              'in_channels': 3,
                                                                              'include_top': False,
                                                                              'layer_scale_init_value': 1e-05,
                                                                              'mlp_ratio_attn': 2,
                                                                              'mlp_ratios': [2,
                                                                                             2,
                                                                                             2,
                                                                                             3],
                                                                              'num_classes': 1000,
                                                                              'patch_embed': 'origin',
                                                                              'type': 'HENet',
                                                                              'use_layer_scale': [True,
                                                                                                  True,
                                                                                                  True,
                                                                                                  True]},
                                                                 'neck': {'bn_kwargs': {'eps': 1e-05,
                                                                                        'momentum': 0.1},
                                                                          'in_channels': [384],
                                                                          'in_strides': [32],
                                                                          'out_channels': [256],
                                                                          'out_strides': [32],
                                                                          'type': 'FPN'},
                                                                 'out_indices': [-1],
                                                                 'type': 'BevFormer',
                                                                 'view_transformer': {'bev_h': 128,
                                                                                      'bev_w': 128,
                                                                                      'embed_dims': 256,
                                                                                      'encoder': {'bev_h': 128,
                                                                                                  'bev_w': 128,
                                                                                                  'embed_dims': 256,
                                                                                                  'encoder_layer': {'crossattention': {'bev_h': 128,
                                                                                                                                       'bev_w': 128,
                                                                                                                                       'deformable_attention': {'embed_dims': 256,
                                                                                                                                                                'feats_size': [[30,
                                                                                                                                                                                16]],
                                                                                                                                                                'grid_align_num': 64,
                                                                                                                                                                'num_levels': 1,
                                                                                                                                                                'num_points': 2,
                                                                                                                                                                'type': 'HorizonMultiScaleDeformableAttention3D'},
                                                                                                                                       'embed_dims': 256,
                                                                                                                                       'max_camoverlap_num': 2,
                                                                                                                                       'type': 'HorizonSpatialCrossAttention'},
                                                                                                                    'dropout': 0.1,
                                                                                                                    'embed_dims': 256,
                                                                                                                    'selfattention': {'batch_first': True,
                                                                                                                                      'embed_dims': 256,
                                                                                                                                      'feats_size': [[128,
                                                                                                                                                      128]],
                                                                                                                                      'grid_align_num': 4,
                                                                                                                                      'num_levels': 1,
                                                                                                                                      'num_points': 2,
                                                                                                                                      'type': 'HorizonMultiScaleDeformableAttention'},
                                                                                                                    'type': 'SingleBEVFormerEncoderLayer'},
                                                                                                  'num_layers': 1,
                                                                                                  'return_intermediate': False,
                                                                                                  'type': 'SingleBEVFormerEncoder'},
                                                                                      'in_indices': [-1],
                                                                                      'max_camoverlap_num': 2,
                                                                                      'num_points_in_pillar': 2,
                                                                                      'pc_range': [-51.2,
                                                                                                   -51.2,
                                                                                                   -5.0,
                                                                                                   51.2,
                                                                                                   51.2,
                                                                                                   3.0],
                                                                                      'positional_encoding': {'col_num_embed': 128,
                                                                                                              'num_feats': 128,
                                                                                                              'row_num_embed': 128,
                                                                                                              'type': 'LearnedPositionalEncoding'},
                                                                                      'queue_length': 1,
                                                                                      'single_bev': True,
                                                                                      'type': 'SingleBevFormerViewTransformer',
                                                                                      'use_lidar2img': True,
                                                                                      'virtual_bev_h': 64,
                                                                                      'virtual_bev_w': 80}},
                                              'fuse_module': {'fuse_c': 256,
                                                              'input_c': 640,
                                                              'type': 'BevFuseModule'},
                                              'lidar_network': {'backbone': {'num_input_features': 64,
                                                                             'quantize': True,
                                                                             'type': 'PointPillarScatter',
                                                                             'use_horizon_pillar_scatter': True},
                                                                'feature_map_shape': array([512, 512,   1]),
                                                                'neck': {'bn_kwargs': None,
                                                                         'down_layer_channels': [64,
                                                                                                 128,
                                                                                                 256],
                                                                         'down_layer_nums': [3,
                                                                                             5,
                                                                                             5],
                                                                         'down_layer_strides': [2,
                                                                                                2,
                                                                                                2],
                                                                         'in_feature_channel': 64,
                                                                         'quantize': True,
                                                                         'type': 'SECONDNeck',
                                                                         'up_layer_channels': [128,
                                                                                               128,
                                                                                               128],
                                                                         'up_layer_strides': [0.5,
                                                                                              1,
                                                                                              2],
                                                                         'use_relu6': False},
                                                                'pre_process': {'fixed_voxels_num': 30000,
                                                                                'max_points_in_voxel': 20,
                                                                                'max_voxels_num': [30000,
                                                                                                   40000],
                                                                                'norm_dims': [0,
                                                                                              1,
                                                                                              2,
                                                                                              3],
                                                                                'norm_range': [-51.2,
                                                                                               -51.2,
                                                                                               -5.0,
                                                                                               0.0,
                                                                                               51.2,
                                                                                               51.2,
                                                                                               3.0,
                                                                                               255.0],
                                                                                'pc_range': [-51.2,
                                                                                             -51.2,
                                                                                             -5.0,
                                                                                             51.2,
                                                                                             51.2,
                                                                                             3.0],
                                                                                'type': 'PaddedCenterPointPreProcess',
                                                                                'voxel_size': [0.2,
                                                                                               0.2,
                                                                                               8]},
                                                                'reader': {'bn_kwargs': None,
                                                                           'hw_reverse': True,
                                                                           'num_filters': [64],
                                                                           'num_input_features': 5,
                                                                           'pc_range': [-51.2,
                                                                                        -51.2,
                                                                                        -5.0,
                                                                                        51.2,
                                                                                        51.2,
                                                                                        3.0],
                                                                           'pool_size': [20,
                                                                                         1],
                                                                           'quantize': True,
                                                                           'type': 'PillarFeatureNet',
                                                                           'use_4dim': True,
                                                                           'use_conv': True,
                                                                           'voxel_size': [0.2,
                                                                                          0.2,
                                                                                          8],
                                                                           'with_distance': False},
                                                                'type': 'CenterPointDetector'},
                                              'type': 'BevFusion'},
                             'ir_model': {'model_path': './tmp_models/bevfusion_centerpoint_pointpillar_henet_multisensor_multitask_nuscenes/quantized.bc',
                                          'type': 'HbirModule'},
                             'type': 'BevFusionHbirInfer'},
 'single_infer_dataset': {'bev_range': [-51.2, -51.2, -5.0, 51.2, 51.2, 3.0],
                          'load_dim': 5,
                          'map_path': None,
                          'map_size': None,
                          'need_lidar': True,
                          'num_seq': 1,
                          'num_sweeps': 9,
                          'split_name': 'val',
                          'src_data_dir': './data/nuscenes',
                          'transforms': None,
                          'type': 'NuscenesFromImageSequence',
                          'use_dim': [0, 1, 2, 3, 4],
                          'version': 'v1.0-trainval',
                          'with_bev_bboxes': False,
                          'with_bev_mask': False,
                          'with_ego_bboxes': True,
                          'with_lidar_bboxes': True,
                          'with_lidar_occ': True},
 'stat_callback': {'log_freq': 200, 'type': 'StatsMonitor'},
 'sys': <module 'sys' (built-in)>,
 'task_name': 'bevfusion_centerpoint_pointpillar_henet_multisensor_multitask_nuscenes',
 'tasks': [{'class_names': ['car'], 'name': 'car', 'num_class': 1},
           {'class_names': ['truck', 'construction_vehicle'],
            'name': 'truck',
            'num_class': 2},
           {'class_names': ['bus', 'trailer'], 'name': 'bus', 'num_class': 2},
           {'class_names': ['barrier'], 'name': 'barrier', 'num_class': 1},
           {'class_names': ['motorcycle', 'bicycle'],
            'name': 'bicycle',
            'num_class': 2},
           {'class_names': ['pedestrian', 'traffic_cone'],
            'name': 'pedestrian',
            'num_class': 2}],
 'torch': <module 'torch' from '/usr/local/lib/python3.10/dist-packages/torch/__init__.py'>,
 'trace_callback': {'save_dir': './tmp_models/bevfusion_centerpoint_pointpillar_henet_multisensor_multitask_nuscenes',
                    'trace_inputs': {'bev_pillar_counts': torch.Size([1, 16384, 1]),
                                     'coors': torch.Size([40000, 4]),
                                     'features': torch.Size([1, 5, 20, 40000]),
                                     'img': torch.Size([6, 3, 512, 960]),
                                     'queries_rebatch_grid': torch.Size([6, 64, 80, 2]),
                                     'reference_points_rebatch': torch.Size([6, 5120, 2, 2]),
                                     'restore_bev_grid': torch.Size([1, 256, 128, 2])},
                    'type': 'SaveTraced'},
 'train_data_path': 'data/nuscenes/pack/horizon_bevfusion_nuscenes/train_lmdb/',
 'train_dataset': {'bev_range': [-51.2, -51.2, -5.0, 51.2, 51.2, 3.0],
                   'data_path': 'data/nuscenes/pack/horizon_bevfusion_nuscenes/train_lmdb/',
                   'load_dim': 5,
                   'map_path': None,
                   'map_size': None,
                   'need_lidar': True,
                   'num_seq': 1,
                   'num_sweeps': 9,
                   'transforms': [{'size': [512, 960],
                                   'type': 'MultiViewsImgResize'},
                                  {'type': 'MultiViewsImgFlip'},
                                  {'rot': [-5.4, 5.4],
                                   'type': 'MultiViewsImgRotate'},
                                  {'rotation_3d_range': [-0.3925, 0.3925],
                                   'type': 'BevBBoxRotation'},
                                  {'type': 'MultiViewsPhotoMetricDistortion'},
                                  {'transforms': [{'type': 'PILToTensor'},
                                                  {'rgb_input': True,
                                                   'type': 'BgrToYuv444'},
                                                  {'mean': 128,
                                                   'std': 128,
                                                   'type': 'Normalize'}],
                                   'type': 'MultiViewsImgTransformWrapper'},
                                  {'max_lidar_points': 120000,
                                   'type': 'FixedLidarPointsAdapter'},
                                  {'bev_size': [51.2, 51.2, 0.8],
                                   'point_cloud_range': [-51.2,
                                                         -51.2,
                                                         -5.0,
                                                         51.2,
                                                         51.2,
                                                         3.0],
                                   'src_key': 'lidar_bboxes_labels',
                                   'type': 'BevBboxesLabelsAdapter'}],
                   'type': 'NuscenesBevSequenceDataset',
                   'use_dim': [0, 1, 2, 3, 4],
                   'with_bev_bboxes': False,
                   'with_bev_mask': False,
                   'with_ego_bboxes': True,
                   'with_ego_occ': False,
                   'with_lidar_bboxes': True,
                   'with_lidar_occ': True},
 'training_step': 'float',
 'update_loss': <function update_loss at 0x7f65b5a76a70>,
 'update_metric': <function update_metric at 0x7f65b5a769e0>,
 'update_state_dict_by_add_prefix': <function update_state_dict_by_add_prefix at 0x7f65fcbbef80>,
 'use_bev_head': True,
 'use_lidar2img': True,
 'use_occ_head': False,
 'val_batch_processor': {'loss_collector': None,
                         'need_grad_update': False,
                         'type': 'MultiBatchProcessor'},
 'val_callback': {'batch_processor': {'loss_collector': None,
                                      'need_grad_update': False,
                                      'type': 'MultiBatchProcessor'},
                  'callbacks': [{'epoch_log_freq': 1,
                                 'log_prefix': 'Validation '
                                               'bevfusion_centerpoint_pointpillar_henet_multisensor_multitask_nuscenes',
                                 'metric_update_func': <function update_metric at 0x7f65b5a769e0>,
                                 'step_log_freq': 10000,
                                 'type': 'MetricUpdater'}],
                  'data_loader': {'batch_size': 1,
                                  'collate_fn': functools.partial(<function collate_bevfusion_centerpoint at 0x7f65b5a76050>, bev_size=(51.2, 51.2, 0.8), point_cloud_range=[-51.2, -51.2, -5.0, 51.2, 51.2, 3.0], max_lidar_points=120000),
                                  'dataset': {'bev_range': [-51.2,
                                                            -51.2,
                                                            -5.0,
                                                            51.2,
                                                            51.2,
                                                            3.0],
                                              'data_path': 'data/nuscenes/pack/horizon_bevfusion_nuscenes/val_lmdb/',
                                              'load_dim': 5,
                                              'map_path': None,
                                              'map_size': None,
                                              'need_lidar': True,
                                              'num_seq': 1,
                                              'num_sweeps': 9,
                                              'transforms': [{'size': [512,
                                                                       960],
                                                              'type': 'MultiViewsImgResize'},
                                                             {'transforms': [{'type': 'PILToTensor'},
                                                                             {'divisor': 32,
                                                                              'type': 'Pad'},
                                                                             {'rgb_input': True,
                                                                              'type': 'BgrToYuv444'},
                                                                             {'mean': 128.0,
                                                                              'std': 128.0,
                                                                              'type': 'Normalize'}],
                                                              'type': 'MultiViewsImgTransformWrapper'}],
                                              'type': 'NuscenesBevSequenceDataset',
                                              'use_dim': [0, 1, 2, 3, 4],
                                              'with_bev_bboxes': False,
                                              'with_bev_mask': False,
                                              'with_ego_bboxes': True,
                                              'with_lidar_bboxes': True,
                                              'with_lidar_occ': True},
                                  'num_workers': 4,
                                  'pin_memory': True,
                                  'sampler': {'type': <class 'torch.utils.data.distributed.DistributedSampler'>},
                                  'shuffle': False,
                                  'type': <class 'torch.utils.data.dataloader.DataLoader'>},
                  'log_interval': 200,
                  'type': 'Validation',
                  'val_interval': 1,
                  'val_model': None,
                  'val_on_train_end': False},
 'val_data_loader': {'batch_size': 1,
                     'collate_fn': functools.partial(<function collate_bevfusion_centerpoint at 0x7f65b5a76050>, bev_size=(51.2, 51.2, 0.8), point_cloud_range=[-51.2, -51.2, -5.0, 51.2, 51.2, 3.0], max_lidar_points=120000),
                     'dataset': {'bev_range': [-51.2,
                                               -51.2,
                                               -5.0,
                                               51.2,
                                               51.2,
                                               3.0],
                                 'data_path': 'data/nuscenes/pack/horizon_bevfusion_nuscenes/val_lmdb/',
                                 'load_dim': 5,
                                 'map_path': None,
                                 'map_size': None,
                                 'need_lidar': True,
                                 'num_seq': 1,
                                 'num_sweeps': 9,
                                 'transforms': [{'size': [512, 960],
                                                 'type': 'MultiViewsImgResize'},
                                                {'transforms': [{'type': 'PILToTensor'},
                                                                {'divisor': 32,
                                                                 'type': 'Pad'},
                                                                {'rgb_input': True,
                                                                 'type': 'BgrToYuv444'},
                                                                {'mean': 128.0,
                                                                 'std': 128.0,
                                                                 'type': 'Normalize'}],
                                                 'type': 'MultiViewsImgTransformWrapper'}],
                                 'type': 'NuscenesBevSequenceDataset',
                                 'use_dim': [0, 1, 2, 3, 4],
                                 'with_bev_bboxes': False,
                                 'with_bev_mask': False,
                                 'with_ego_bboxes': True,
                                 'with_lidar_bboxes': True,
                                 'with_lidar_occ': True},
                     'num_workers': 4,
                     'pin_memory': True,
                     'sampler': {'type': <class 'torch.utils.data.distributed.DistributedSampler'>},
                     'shuffle': False,
                     'type': <class 'torch.utils.data.dataloader.DataLoader'>},
 'val_data_path': 'data/nuscenes/pack/horizon_bevfusion_nuscenes/val_lmdb/',
 'val_data_shape': [3, 512, 960],
 'val_dataset': {'bev_range': [-51.2, -51.2, -5.0, 51.2, 51.2, 3.0],
                 'data_path': 'data/nuscenes/pack/horizon_bevfusion_nuscenes/val_lmdb/',
                 'load_dim': 5,
                 'map_path': None,
                 'map_size': None,
                 'need_lidar': True,
                 'num_seq': 1,
                 'num_sweeps': 9,
                 'transforms': [{'size': [512, 960],
                                 'type': 'MultiViewsImgResize'},
                                {'transforms': [{'type': 'PILToTensor'},
                                                {'divisor': 32, 'type': 'Pad'},
                                                {'rgb_input': True,
                                                 'type': 'BgrToYuv444'},
                                                {'mean': 128.0,
                                                 'std': 128.0,
                                                 'type': 'Normalize'}],
                                 'type': 'MultiViewsImgTransformWrapper'}],
                 'type': 'NuscenesBevSequenceDataset',
                 'use_dim': [0, 1, 2, 3, 4],
                 'with_bev_bboxes': False,
                 'with_bev_mask': False,
                 'with_ego_bboxes': True,
                 'with_lidar_bboxes': True,
                 'with_lidar_occ': True},
 'val_metric_updater': {'epoch_log_freq': 1,
                        'log_prefix': 'Validation '
                                      'bevfusion_centerpoint_pointpillar_henet_multisensor_multitask_nuscenes',
                        'metric_update_func': <function update_metric at 0x7f65b5a769e0>,
                        'step_log_freq': 10000,
                        'type': 'MetricUpdater'},
 'val_metrics': [{'classes': ['car',
                              'truck',
                              'trailer',
                              'bus',
                              'construction_vehicle',
                              'bicycle',
                              'motorcycle',
                              'pedestrian',
                              'traffic_cone',
                              'barrier'],
                  'data_root': 'data/nuscenes',
                  'lidar_key': 'sensor2ego',
                  'save_prefix': './metric_results/bevfusion_centerpoint_pointpillar_henet_multisensor_multitask_nuscenes',
                  'trans_lidar_dim': True,
                  'trans_lidar_rot': False,
                  'type': 'NuscenesMetric',
                  'use_lidar': True,
                  'version': 'v1.0-trainval'}],
 'voxel_size': [0.2, 0.2, 8],
 'with_ego_occ': False}
2026-07-13 14:16:38,681 INFO [logger.py:199] Node[0] ==================================================BEGIN FLOAT STAGE==================================================
2026-07-13 14:16:38,682 INFO [logger.py:199] Node[0] init torch_num_thread is `12`,opencv_num_thread is `12`,openblas_num_thread is `12`,mkl_num_thread is `12`,omp_num_thread is `12`,
2026-07-13 14:16:40,311 WARNING [interpolate.py:231] Node[0] default upsampling behavior when mode=bilinear is changed to align_corners=False since torch 0.4.0. Please specify align_corners=True if the old behavior is desired. 
2026-07-13 14:16:40,401 WARNING [pipelines.py:47] Node[0] qat_mode is set to "fuse_bn" by default
2026-07-13 14:16:40,402 WARNING [grad_scale.py:145] Node[0] [GradScale] No module_and_scale info, please use GradClip.
2026-07-13 14:16:40,406 WARNING [hash.py:218] Node[0] [31mDon not found hash value in name of tmp_models/bevformer_henet_camera_multitask_nuscenes/float-checkpoint-last.pth.tar, will skip check hash...[0m
2026-07-13 14:16:40,629 WARNING [checkpoint.py:76] Node[0] module. is not at the beginning of state dict
2026-07-13 14:16:40,647 INFO [checkpoint.py:410] Node[0] state_dict in checkpoint num: 603
2026-07-13 14:16:40,651 INFO [checkpoint.py:411] Node[0] state_dict in model num: 870
2026-07-13 14:16:40,651 WARNING [checkpoint.py:412] Node[0] miss_key num: 452
2026-07-13 14:16:40,651 WARNING [checkpoint.py:414] Node[0] miss_key: lidar_net.reader.pfn_layers.0.linear.weight lidar_net.reader.pfn_layers.0.norm.weight lidar_net.reader.pfn_layers.0.norm.bias lidar_net.reader.pfn_layers.0.norm.running_mean lidar_net.reader.pfn_layers.0.norm.running_var lidar_net.neck.blocks.0.1.0.weight lidar_net.neck.blocks.0.1.1.weight lidar_net.neck.blocks.0.1.1.bias lidar_net.neck.blocks.0.1.1.running_mean lidar_net.neck.blocks.0.1.1.running_var lidar_net.neck.blocks.0.2.0.weight lidar_net.neck.blocks.0.2.1.weight lidar_net.neck.blocks.0.2.1.bias lidar_net.neck.blocks.0.2.1.running_mean lidar_net.neck.blocks.0.2.1.running_var lidar_net.neck.blocks.0.3.0.weight lidar_net.neck.blocks.0.3.1.weight lidar_net.neck.blocks.0.3.1.bias lidar_net.neck.blocks.0.3.1.running_mean lidar_net.neck.blocks.0.3.1.running_var lidar_net.neck.blocks.0.4.0.weight lidar_net.neck.blocks.0.4.1.weight lidar_net.neck.blocks.0.4.1.bias lidar_net.neck.blocks.0.4.1.running_mean lidar_net.neck.blocks.0.4.1.running_var lidar_net.neck.blocks.1.1.0.weight lidar_net.neck.blocks.1.1.1.weight lidar_net.neck.blocks.1.1.1.bias lidar_net.neck.blocks.1.1.1.running_mean lidar_net.neck.blocks.1.1.1.running_var lidar_net.neck.blocks.1.2.0.weight lidar_net.neck.blocks.1.2.1.weight lidar_net.neck.blocks.1.2.1.bias lidar_net.neck.blocks.1.2.1.running_mean lidar_net.neck.blocks.1.2.1.running_var lidar_net.neck.blocks.1.3.0.weight lidar_net.neck.blocks.1.3.1.weight lidar_net.neck.blocks.1.3.1.bias lidar_net.neck.blocks.1.3.1.running_mean lidar_net.neck.blocks.1.3.1.running_var lidar_net.neck.blocks.1.4.0.weight lidar_net.neck.blocks.1.4.1.weight lidar_net.neck.blocks.1.4.1.bias lidar_net.neck.blocks.1.4.1.running_mean lidar_net.neck.blocks.1.4.1.running_var lidar_net.neck.blocks.1.5.0.weight lidar_net.neck.blocks.1.5.1.weight lidar_net.neck.blocks.1.5.1.bias lidar_net.neck.blocks.1.5.1.running_mean lidar_net.neck.blocks.1.5.1.running_var lidar_net.neck.blocks.1.6.0.weight lidar_net.neck.blocks.1.6.1.weight lidar_net.neck.blocks.1.6.1.bias lidar_net.neck.blocks.1.6.1.running_mean lidar_net.neck.blocks.1.6.1.running_var lidar_net.neck.blocks.2.1.0.weight lidar_net.neck.blocks.2.1.1.weight lidar_net.neck.blocks.2.1.1.bias lidar_net.neck.blocks.2.1.1.running_mean lidar_net.neck.blocks.2.1.1.running_var lidar_net.neck.blocks.2.2.0.weight lidar_net.neck.blocks.2.2.1.weight lidar_net.neck.blocks.2.2.1.bias lidar_net.neck.blocks.2.2.1.running_mean lidar_net.neck.blocks.2.2.1.running_var lidar_net.neck.blocks.2.3.0.weight lidar_net.neck.blocks.2.3.1.weight lidar_net.neck.blocks.2.3.1.bias lidar_net.neck.blocks.2.3.1.running_mean lidar_net.neck.blocks.2.3.1.running_var lidar_net.neck.blocks.2.4.0.weight lidar_net.neck.blocks.2.4.1.weight lidar_net.neck.blocks.2.4.1.bias lidar_net.neck.blocks.2.4.1.running_mean lidar_net.neck.blocks.2.4.1.running_var lidar_net.neck.blocks.2.5.0.weight lidar_net.neck.blocks.2.5.1.weight lidar_net.neck.blocks.2.5.1.bias lidar_net.neck.blocks.2.5.1.running_mean lidar_net.neck.blocks.2.5.1.running_var lidar_net.neck.blocks.2.6.0.weight lidar_net.neck.blocks.2.6.1.weight lidar_net.neck.blocks.2.6.1.bias lidar_net.neck.blocks.2.6.1.running_mean lidar_net.neck.blocks.2.6.1.running_var lidar_net.neck.deblocks.0.0.weight lidar_net.neck.deblocks.0.1.weight lidar_net.neck.deblocks.0.1.bias lidar_net.neck.deblocks.0.1.running_mean lidar_net.neck.deblocks.0.1.running_var lidar_net.neck.deblocks.1.0.weight lidar_net.neck.deblocks.1.1.weight lidar_net.neck.deblocks.1.1.bias lidar_net.neck.deblocks.1.1.running_mean lidar_net.neck.deblocks.1.1.running_var lidar_net.neck.deblocks.2.conv.weight lidar_net.neck.deblocks.2.norm.weight lidar_net.neck.deblocks.2.norm.bias lidar_net.neck.deblocks.2.norm.running_mean lidar_net.neck.deblocks.2.norm.running_var fuse_module.reduce_conv.0.weight fuse_module.reduce_conv.0.bias fuse_module.reduce_conv.1.weight fuse_module.reduce_conv.1.bias fuse_module.reduce_conv.1.running_mean fuse_module.reduce_conv.1.running_var fuse_module.conv2.0.weight fuse_module.conv2.0.bias fuse_module.conv2.1.weight fuse_module.conv2.1.bias fuse_module.conv2.1.running_mean fuse_module.conv2.1.running_var fuse_module.seblock.att.1.weight fuse_module.seblock.att.1.bias bev_decoders.0.head.shared_conv.0.0.0.weight bev_decoders.0.head.shared_conv.0.0.0.bias bev_decoders.0.head.shared_conv.0.1.0.weight bev_decoders.0.head.shared_conv.0.1.0.bias bev_decoders.0.head.shared_conv.0.1.1.weight bev_decoders.0.head.shared_conv.0.1.1.bias bev_decoders.0.head.shared_conv.0.1.1.running_mean bev_decoders.0.head.shared_conv.0.1.1.running_var bev_decoders.0.head.task_heads.0.reg.0.0.0.weight bev_decoders.0.head.task_heads.0.reg.0.0.0.bias bev_decoders.0.head.task_heads.0.reg.0.1.0.weight bev_decoders.0.head.task_heads.0.reg.0.1.0.bias bev_decoders.0.head.task_heads.0.reg.0.1.1.weight bev_decoders.0.head.task_heads.0.reg.0.1.1.bias bev_decoders.0.head.task_heads.0.reg.0.1.1.running_mean bev_decoders.0.head.task_heads.0.reg.0.1.1.running_var bev_decoders.0.head.task_heads.0.reg.1.0.weight bev_decoders.0.head.task_heads.0.height.0.0.0.weight bev_decoders.0.head.task_heads.0.height.0.0.0.bias bev_decoders.0.head.task_heads.0.height.0.1.0.weight bev_decoders.0.head.task_heads.0.height.0.1.0.bias bev_decoders.0.head.task_heads.0.height.0.1.1.weight bev_decoders.0.head.task_heads.0.height.0.1.1.bias bev_decoders.0.head.task_heads.0.height.0.1.1.running_mean bev_decoders.0.head.task_heads.0.height.0.1.1.running_var bev_decoders.0.head.task_heads.0.height.1.0.weight bev_decoders.0.head.task_heads.0.dim.0.0.0.weight bev_decoders.0.head.task_heads.0.dim.0.0.0.bias bev_decoders.0.head.task_heads.0.dim.0.1.0.weight bev_decoders.0.head.task_heads.0.dim.0.1.0.bias bev_decoders.0.head.task_heads.0.dim.0.1.1.weight bev_decoders.0.head.task_heads.0.dim.0.1.1.bias bev_decoders.0.head.task_heads.0.dim.0.1.1.running_mean bev_decoders.0.head.task_heads.0.dim.0.1.1.running_var bev_decoders.0.head.task_heads.0.dim.1.0.weight bev_decoders.0.head.task_heads.0.rot.0.0.0.weight bev_decoders.0.head.task_heads.0.rot.0.0.0.bias bev_decoders.0.head.task_heads.0.rot.0.1.0.weight bev_decoders.0.head.task_heads.0.rot.0.1.0.bias bev_decoders.0.head.task_heads.0.rot.0.1.1.weight bev_decoders.0.head.task_heads.0.rot.0.1.1.bias bev_decoders.0.head.task_heads.0.rot.0.1.1.running_mean bev_decoders.0.head.task_heads.0.rot.0.1.1.running_var bev_decoders.0.head.task_heads.0.rot.1.0.weight bev_decoders.0.head.task_heads.0.vel.0.0.0.weight bev_decoders.0.head.task_heads.0.vel.0.0.0.bias bev_decoders.0.head.task_heads.0.vel.0.1.0.weight bev_decoders.0.head.task_heads.0.vel.0.1.0.bias bev_decoders.0.head.task_heads.0.vel.0.1.1.weight bev_decoders.0.head.task_heads.0.vel.0.1.1.bias bev_decoders.0.head.task_heads.0.vel.0.1.1.running_mean bev_decoders.0.head.task_heads.0.vel.0.1.1.running_var bev_decoders.0.head.task_heads.0.vel.1.0.weight bev_decoders.0.head.task_heads.0.heatmap.0.0.0.weight bev_decoders.0.head.task_heads.0.heatmap.0.0.0.bias bev_decoders.0.head.task_heads.0.heatmap.0.1.0.weight bev_decoders.0.head.task_heads.0.heatmap.0.1.0.bias bev_decoders.0.head.task_heads.0.heatmap.0.1.1.weight bev_decoders.0.head.task_heads.0.heatmap.0.1.1.bias bev_decoders.0.head.task_heads.0.heatmap.0.1.1.running_mean bev_decoders.0.head.task_heads.0.heatmap.0.1.1.running_var bev_decoders.0.head.task_heads.0.heatmap.1.0.weight bev_decoders.0.head.task_heads.0.heatmap.1.0.bias bev_decoders.0.head.task_heads.1.reg.0.0.0.weight bev_decoders.0.head.task_heads.1.reg.0.0.0.bias bev_decoders.0.head.task_heads.1.reg.0.1.0.weight bev_decoders.0.head.task_heads.1.reg.0.1.0.bias bev_decoders.0.head.task_heads.1.reg.0.1.1.weight bev_decoders.0.head.task_heads.1.reg.0.1.1.bias bev_decoders.0.head.task_heads.1.reg.0.1.1.running_mean bev_decoders.0.head.task_heads.1.reg.0.1.1.running_var bev_decoders.0.head.task_heads.1.reg.1.0.weight bev_decoders.0.head.task_heads.1.height.0.0.0.weight bev_decoders.0.head.task_heads.1.height.0.0.0.bias bev_decoders.0.head.task_heads.1.height.0.1.0.weight bev_decoders.0.head.task_heads.1.height.0.1.0.bias bev_decoders.0.head.task_heads.1.height.0.1.1.weight bev_decoders.0.head.task_heads.1.height.0.1.1.bias bev_decoders.0.head.task_heads.1.height.0.1.1.running_mean bev_decoders.0.head.task_heads.1.height.0.1.1.running_var bev_decoders.0.head.task_heads.1.height.1.0.weight bev_decoders.0.head.task_heads.1.dim.0.0.0.weight bev_decoders.0.head.task_heads.1.dim.0.0.0.bias bev_decoders.0.head.task_heads.1.dim.0.1.0.weight bev_decoders.0.head.task_heads.1.dim.0.1.0.bias bev_decoders.0.head.task_heads.1.dim.0.1.1.weight bev_decoders.0.head.task_heads.1.dim.0.1.1.bias bev_decoders.0.head.task_heads.1.dim.0.1.1.running_mean bev_decoders.0.head.task_heads.1.dim.0.1.1.running_var bev_decoders.0.head.task_heads.1.dim.1.0.weight bev_decoders.0.head.task_heads.1.rot.0.0.0.weight bev_decoders.0.head.task_heads.1.rot.0.0.0.bias bev_decoders.0.head.task_heads.1.rot.0.1.0.weight bev_decoders.0.head.task_heads.1.rot.0.1.0.bias bev_decoders.0.head.task_heads.1.rot.0.1.1.weight bev_decoders.0.head.task_heads.1.rot.0.1.1.bias bev_decoders.0.head.task_heads.1.rot.0.1.1.running_mean bev_decoders.0.head.task_heads.1.rot.0.1.1.running_var bev_decoders.0.head.task_heads.1.rot.1.0.weight bev_decoders.0.head.task_heads.1.vel.0.0.0.weight bev_decoders.0.head.task_heads.1.vel.0.0.0.bias bev_decoders.0.head.task_heads.1.vel.0.1.0.weight bev_decoders.0.head.task_heads.1.vel.0.1.0.bias bev_decoders.0.head.task_heads.1.vel.0.1.1.weight bev_decoders.0.head.task_heads.1.vel.0.1.1.bias bev_decoders.0.head.task_heads.1.vel.0.1.1.running_mean bev_decoders.0.head.task_heads.1.vel.0.1.1.running_var bev_decoders.0.head.task_heads.1.vel.1.0.weight bev_decoders.0.head.task_heads.1.heatmap.0.0.0.weight bev_decoders.0.head.task_heads.1.heatmap.0.0.0.bias bev_decoders.0.head.task_heads.1.heatmap.0.1.0.weight bev_decoders.0.head.task_heads.1.heatmap.0.1.0.bias bev_decoders.0.head.task_heads.1.heatmap.0.1.1.weight bev_decoders.0.head.task_heads.1.heatmap.0.1.1.bias bev_decoders.0.head.task_heads.1.heatmap.0.1.1.running_mean bev_decoders.0.head.task_heads.1.heatmap.0.1.1.running_var bev_decoders.0.head.task_heads.1.heatmap.1.0.weight bev_decoders.0.head.task_heads.1.heatmap.1.0.bias bev_decoders.0.head.task_heads.2.reg.0.0.0.weight bev_decoders.0.head.task_heads.2.reg.0.0.0.bias bev_decoders.0.head.task_heads.2.reg.0.1.0.weight bev_decoders.0.head.task_heads.2.reg.0.1.0.bias bev_decoders.0.head.task_heads.2.reg.0.1.1.weight bev_decoders.0.head.task_heads.2.reg.0.1.1.bias bev_decoders.0.head.task_heads.2.reg.0.1.1.running_mean bev_decoders.0.head.task_heads.2.reg.0.1.1.running_var bev_decoders.0.head.task_heads.2.reg.1.0.weight bev_decoders.0.head.task_heads.2.height.0.0.0.weight bev_decoders.0.head.task_heads.2.height.0.0.0.bias bev_decoders.0.head.task_heads.2.height.0.1.0.weight bev_decoders.0.head.task_heads.2.height.0.1.0.bias bev_decoders.0.head.task_heads.2.height.0.1.1.weight bev_decoders.0.head.task_heads.2.height.0.1.1.bias bev_decoders.0.head.task_heads.2.height.0.1.1.running_mean bev_decoders.0.head.task_heads.2.height.0.1.1.running_var bev_decoders.0.head.task_heads.2.height.1.0.weight bev_decoders.0.head.task_heads.2.dim.0.0.0.weight bev_decoders.0.head.task_heads.2.dim.0.0.0.bias bev_decoders.0.head.task_heads.2.dim.0.1.0.weight bev_decoders.0.head.task_heads.2.dim.0.1.0.bias bev_decoders.0.head.task_heads.2.dim.0.1.1.weight bev_decoders.0.head.task_heads.2.dim.0.1.1.bias bev_decoders.0.head.task_heads.2.dim.0.1.1.running_mean bev_decoders.0.head.task_heads.2.dim.0.1.1.running_var bev_decoders.0.head.task_heads.2.dim.1.0.weight bev_decoders.0.head.task_heads.2.rot.0.0.0.weight bev_decoders.0.head.task_heads.2.rot.0.0.0.bias bev_decoders.0.head.task_heads.2.rot.0.1.0.weight bev_decoders.0.head.task_heads.2.rot.0.1.0.bias bev_decoders.0.head.task_heads.2.rot.0.1.1.weight bev_decoders.0.head.task_heads.2.rot.0.1.1.bias bev_decoders.0.head.task_heads.2.rot.0.1.1.running_mean bev_decoders.0.head.task_heads.2.rot.0.1.1.running_var bev_decoders.0.head.task_heads.2.rot.1.0.weight bev_decoders.0.head.task_heads.2.vel.0.0.0.weight bev_decoders.0.head.task_heads.2.vel.0.0.0.bias bev_decoders.0.head.task_heads.2.vel.0.1.0.weight bev_decoders.0.head.task_heads.2.vel.0.1.0.bias bev_decoders.0.head.task_heads.2.vel.0.1.1.weight bev_decoders.0.head.task_heads.2.vel.0.1.1.bias bev_decoders.0.head.task_heads.2.vel.0.1.1.running_mean bev_decoders.0.head.task_heads.2.vel.0.1.1.running_var bev_decoders.0.head.task_heads.2.vel.1.0.weight bev_decoders.0.head.task_heads.2.heatmap.0.0.0.weight bev_decoders.0.head.task_heads.2.heatmap.0.0.0.bias bev_decoders.0.head.task_heads.2.heatmap.0.1.0.weight bev_decoders.0.head.task_heads.2.heatmap.0.1.0.bias bev_decoders.0.head.task_heads.2.heatmap.0.1.1.weight bev_decoders.0.head.task_heads.2.heatmap.0.1.1.bias bev_decoders.0.head.task_heads.2.heatmap.0.1.1.running_mean bev_decoders.0.head.task_heads.2.heatmap.0.1.1.running_var bev_decoders.0.head.task_heads.2.heatmap.1.0.weight bev_decoders.0.head.task_heads.2.heatmap.1.0.bias bev_decoders.0.head.task_heads.3.reg.0.0.0.weight bev_decoders.0.head.task_heads.3.reg.0.0.0.bias bev_decoders.0.head.task_heads.3.reg.0.1.0.weight bev_decoders.0.head.task_heads.3.reg.0.1.0.bias bev_decoders.0.head.task_heads.3.reg.0.1.1.weight bev_decoders.0.head.task_heads.3.reg.0.1.1.bias bev_decoders.0.head.task_heads.3.reg.0.1.1.running_mean bev_decoders.0.head.task_heads.3.reg.0.1.1.running_var bev_decoders.0.head.task_heads.3.reg.1.0.weight bev_decoders.0.head.task_heads.3.height.0.0.0.weight bev_decoders.0.head.task_heads.3.height.0.0.0.bias bev_decoders.0.head.task_heads.3.height.0.1.0.weight bev_decoders.0.head.task_heads.3.height.0.1.0.bias bev_decoders.0.head.task_heads.3.height.0.1.1.weight bev_decoders.0.head.task_heads.3.height.0.1.1.bias bev_decoders.0.head.task_heads.3.height.0.1.1.running_mean bev_decoders.0.head.task_heads.3.height.0.1.1.running_var bev_decoders.0.head.task_heads.3.height.1.0.weight bev_decoders.0.head.task_heads.3.dim.0.0.0.weight bev_decoders.0.head.task_heads.3.dim.0.0.0.bias bev_decoders.0.head.task_heads.3.dim.0.1.0.weight bev_decoders.0.head.task_heads.3.dim.0.1.0.bias bev_decoders.0.head.task_heads.3.dim.0.1.1.weight bev_decoders.0.head.task_heads.3.dim.0.1.1.bias bev_decoders.0.head.task_heads.3.dim.0.1.1.running_mean bev_decoders.0.head.task_heads.3.dim.0.1.1.running_var bev_decoders.0.head.task_heads.3.dim.1.0.weight bev_decoders.0.head.task_heads.3.rot.0.0.0.weight bev_decoders.0.head.task_heads.3.rot.0.0.0.bias bev_decoders.0.head.task_heads.3.rot.0.1.0.weight bev_decoders.0.head.task_heads.3.rot.0.1.0.bias bev_decoders.0.head.task_heads.3.rot.0.1.1.weight bev_decoders.0.head.task_heads.3.rot.0.1.1.bias bev_decoders.0.head.task_heads.3.rot.0.1.1.running_mean bev_decoders.0.head.task_heads.3.rot.0.1.1.running_var bev_decoders.0.head.task_heads.3.rot.1.0.weight bev_decoders.0.head.task_heads.3.vel.0.0.0.weight bev_decoders.0.head.task_heads.3.vel.0.0.0.bias bev_decoders.0.head.task_heads.3.vel.0.1.0.weight bev_decoders.0.head.task_heads.3.vel.0.1.0.bias bev_decoders.0.head.task_heads.3.vel.0.1.1.weight bev_decoders.0.head.task_heads.3.vel.0.1.1.bias bev_decoders.0.head.task_heads.3.vel.0.1.1.running_mean bev_decoders.0.head.task_heads.3.vel.0.1.1.running_var bev_decoders.0.head.task_heads.3.vel.1.0.weight bev_decoders.0.head.task_heads.3.heatmap.0.0.0.weight bev_decoders.0.head.task_heads.3.heatmap.0.0.0.bias bev_decoders.0.head.task_heads.3.heatmap.0.1.0.weight bev_decoders.0.head.task_heads.3.heatmap.0.1.0.bias bev_decoders.0.head.task_heads.3.heatmap.0.1.1.weight bev_decoders.0.head.task_heads.3.heatmap.0.1.1.bias bev_decoders.0.head.task_heads.3.heatmap.0.1.1.running_mean bev_decoders.0.head.task_heads.3.heatmap.0.1.1.running_var bev_decoders.0.head.task_heads.3.heatmap.1.0.weight bev_decoders.0.head.task_heads.3.heatmap.1.0.bias bev_decoders.0.head.task_heads.4.reg.0.0.0.weight bev_decoders.0.head.task_heads.4.reg.0.0.0.bias bev_decoders.0.head.task_heads.4.reg.0.1.0.weight bev_decoders.0.head.task_heads.4.reg.0.1.0.bias bev_decoders.0.head.task_heads.4.reg.0.1.1.weight bev_decoders.0.head.task_heads.4.reg.0.1.1.bias bev_decoders.0.head.task_heads.4.reg.0.1.1.running_mean bev_decoders.0.head.task_heads.4.reg.0.1.1.running_var bev_decoders.0.head.task_heads.4.reg.1.0.weight bev_decoders.0.head.task_heads.4.height.0.0.0.weight bev_decoders.0.head.task_heads.4.height.0.0.0.bias bev_decoders.0.head.task_heads.4.height.0.1.0.weight bev_decoders.0.head.task_heads.4.height.0.1.0.bias bev_decoders.0.head.task_heads.4.height.0.1.1.weight bev_decoders.0.head.task_heads.4.height.0.1.1.bias bev_decoders.0.head.task_heads.4.height.0.1.1.running_mean bev_decoders.0.head.task_heads.4.height.0.1.1.running_var bev_decoders.0.head.task_heads.4.height.1.0.weight bev_decoders.0.head.task_heads.4.dim.0.0.0.weight bev_decoders.0.head.task_heads.4.dim.0.0.0.bias bev_decoders.0.head.task_heads.4.dim.0.1.0.weight bev_decoders.0.head.task_heads.4.dim.0.1.0.bias bev_decoders.0.head.task_heads.4.dim.0.1.1.weight bev_decoders.0.head.task_heads.4.dim.0.1.1.bias bev_decoders.0.head.task_heads.4.dim.0.1.1.running_mean bev_decoders.0.head.task_heads.4.dim.0.1.1.running_var bev_decoders.0.head.task_heads.4.dim.1.0.weight bev_decoders.0.head.task_heads.4.rot.0.0.0.weight bev_decoders.0.head.task_heads.4.rot.0.0.0.bias bev_decoders.0.head.task_heads.4.rot.0.1.0.weight bev_decoders.0.head.task_heads.4.rot.0.1.0.bias bev_decoders.0.head.task_heads.4.rot.0.1.1.weight bev_decoders.0.head.task_heads.4.rot.0.1.1.bias bev_decoders.0.head.task_heads.4.rot.0.1.1.running_mean bev_decoders.0.head.task_heads.4.rot.0.1.1.running_var bev_decoders.0.head.task_heads.4.rot.1.0.weight bev_decoders.0.head.task_heads.4.vel.0.0.0.weight bev_decoders.0.head.task_heads.4.vel.0.0.0.bias bev_decoders.0.head.task_heads.4.vel.0.1.0.weight bev_decoders.0.head.task_heads.4.vel.0.1.0.bias bev_decoders.0.head.task_heads.4.vel.0.1.1.weight bev_decoders.0.head.task_heads.4.vel.0.1.1.bias bev_decoders.0.head.task_heads.4.vel.0.1.1.running_mean bev_decoders.0.head.task_heads.4.vel.0.1.1.running_var bev_decoders.0.head.task_heads.4.vel.1.0.weight bev_decoders.0.head.task_heads.4.heatmap.0.0.0.weight bev_decoders.0.head.task_heads.4.heatmap.0.0.0.bias bev_decoders.0.head.task_heads.4.heatmap.0.1.0.weight bev_decoders.0.head.task_heads.4.heatmap.0.1.0.bias bev_decoders.0.head.task_heads.4.heatmap.0.1.1.weight bev_decoders.0.head.task_heads.4.heatmap.0.1.1.bias bev_decoders.0.head.task_heads.4.heatmap.0.1.1.running_mean bev_decoders.0.head.task_heads.4.heatmap.0.1.1.running_var bev_decoders.0.head.task_heads.4.heatmap.1.0.weight bev_decoders.0.head.task_heads.4.heatmap.1.0.bias bev_decoders.0.head.task_heads.5.reg.0.0.0.weight bev_decoders.0.head.task_heads.5.reg.0.0.0.bias bev_decoders.0.head.task_heads.5.reg.0.1.0.weight bev_decoders.0.head.task_heads.5.reg.0.1.0.bias bev_decoders.0.head.task_heads.5.reg.0.1.1.weight bev_decoders.0.head.task_heads.5.reg.0.1.1.bias bev_decoders.0.head.task_heads.5.reg.0.1.1.running_mean bev_decoders.0.head.task_heads.5.reg.0.1.1.running_var bev_decoders.0.head.task_heads.5.reg.1.0.weight bev_decoders.0.head.task_heads.5.height.0.0.0.weight bev_decoders.0.head.task_heads.5.height.0.0.0.bias bev_decoders.0.head.task_heads.5.height.0.1.0.weight bev_decoders.0.head.task_heads.5.height.0.1.0.bias bev_decoders.0.head.task_heads.5.height.0.1.1.weight bev_decoders.0.head.task_heads.5.height.0.1.1.bias bev_decoders.0.head.task_heads.5.height.0.1.1.running_mean bev_decoders.0.head.task_heads.5.height.0.1.1.running_var bev_decoders.0.head.task_heads.5.height.1.0.weight bev_decoders.0.head.task_heads.5.dim.0.0.0.weight bev_decoders.0.head.task_heads.5.dim.0.0.0.bias bev_decoders.0.head.task_heads.5.dim.0.1.0.weight bev_decoders.0.head.task_heads.5.dim.0.1.0.bias bev_decoders.0.head.task_heads.5.dim.0.1.1.weight bev_decoders.0.head.task_heads.5.dim.0.1.1.bias bev_decoders.0.head.task_heads.5.dim.0.1.1.running_mean bev_decoders.0.head.task_heads.5.dim.0.1.1.running_var bev_decoders.0.head.task_heads.5.dim.1.0.weight bev_decoders.0.head.task_heads.5.rot.0.0.0.weight bev_decoders.0.head.task_heads.5.rot.0.0.0.bias bev_decoders.0.head.task_heads.5.rot.0.1.0.weight bev_decoders.0.head.task_heads.5.rot.0.1.0.bias bev_decoders.0.head.task_heads.5.rot.0.1.1.weight bev_decoders.0.head.task_heads.5.rot.0.1.1.bias bev_decoders.0.head.task_heads.5.rot.0.1.1.running_mean bev_decoders.0.head.task_heads.5.rot.0.1.1.running_var bev_decoders.0.head.task_heads.5.rot.1.0.weight bev_decoders.0.head.task_heads.5.vel.0.0.0.weight bev_decoders.0.head.task_heads.5.vel.0.0.0.bias bev_decoders.0.head.task_heads.5.vel.0.1.0.weight bev_decoders.0.head.task_heads.5.vel.0.1.0.bias bev_decoders.0.head.task_heads.5.vel.0.1.1.weight bev_decoders.0.head.task_heads.5.vel.0.1.1.bias bev_decoders.0.head.task_heads.5.vel.0.1.1.running_mean bev_decoders.0.head.task_heads.5.vel.0.1.1.running_var bev_decoders.0.head.task_heads.5.vel.1.0.weight bev_decoders.0.head.task_heads.5.heatmap.0.0.0.weight bev_decoders.0.head.task_heads.5.heatmap.0.0.0.bias bev_decoders.0.head.task_heads.5.heatmap.0.1.0.weight bev_decoders.0.head.task_heads.5.heatmap.0.1.0.bias bev_decoders.0.head.task_heads.5.heatmap.0.1.1.weight bev_decoders.0.head.task_heads.5.heatmap.0.1.1.bias bev_decoders.0.head.task_heads.5.heatmap.0.1.1.running_mean bev_decoders.0.head.task_heads.5.heatmap.0.1.1.running_var bev_decoders.0.head.task_heads.5.heatmap.1.0.weight bev_decoders.0.head.task_heads.5.heatmap.1.0.bias
2026-07-13 14:16:40,652 WARNING [checkpoint.py:415] Node[0] unexpect_key num: 244
2026-07-13 14:16:40,652 WARNING [checkpoint.py:417] Node[0] unexpect_key: bev_decoders.1.occ_head.final_conv.0.weight bev_decoders.1.occ_head.final_conv.0.bias bev_decoders.1.occ_head.predicter.0.weight bev_decoders.1.occ_head.predicter.0.bias bev_decoders.1.occ_head.predicter.2.weight bev_decoders.1.occ_head.predicter.2.bias bev_decoders.0.criterion.code_weights bev_decoders.0.cls_branches.0.0.weight bev_decoders.0.cls_branches.0.0.bias bev_decoders.0.cls_branches.0.1.weight bev_decoders.0.cls_branches.0.1.bias bev_decoders.0.cls_branches.0.3.weight bev_decoders.0.cls_branches.0.3.bias bev_decoders.0.cls_branches.0.4.weight bev_decoders.0.cls_branches.0.4.bias bev_decoders.0.cls_branches.0.6.weight bev_decoders.0.cls_branches.0.6.bias bev_decoders.0.cls_branches.1.0.weight bev_decoders.0.cls_branches.1.0.bias bev_decoders.0.cls_branches.1.1.weight bev_decoders.0.cls_branches.1.1.bias bev_decoders.0.cls_branches.1.3.weight bev_decoders.0.cls_branches.1.3.bias bev_decoders.0.cls_branches.1.4.weight bev_decoders.0.cls_branches.1.4.bias bev_decoders.0.cls_branches.1.6.weight bev_decoders.0.cls_branches.1.6.bias bev_decoders.0.cls_branches.2.0.weight bev_decoders.0.cls_branches.2.0.bias bev_decoders.0.cls_branches.2.1.weight bev_decoders.0.cls_branches.2.1.bias bev_decoders.0.cls_branches.2.3.weight bev_decoders.0.cls_branches.2.3.bias bev_decoders.0.cls_branches.2.4.weight bev_decoders.0.cls_branches.2.4.bias bev_decoders.0.cls_branches.2.6.weight bev_decoders.0.cls_branches.2.6.bias bev_decoders.0.cls_branches.3.0.weight bev_decoders.0.cls_branches.3.0.bias bev_decoders.0.cls_branches.3.1.weight bev_decoders.0.cls_branches.3.1.bias bev_decoders.0.cls_branches.3.3.weight bev_decoders.0.cls_branches.3.3.bias bev_decoders.0.cls_branches.3.4.weight bev_decoders.0.cls_branches.3.4.bias bev_decoders.0.cls_branches.3.6.weight bev_decoders.0.cls_branches.3.6.bias bev_decoders.0.cls_branches.4.0.weight bev_decoders.0.cls_branches.4.0.bias bev_decoders.0.cls_branches.4.1.weight bev_decoders.0.cls_branches.4.1.bias bev_decoders.0.cls_branches.4.3.weight bev_decoders.0.cls_branches.4.3.bias bev_decoders.0.cls_branches.4.4.weight bev_decoders.0.cls_branches.4.4.bias bev_decoders.0.cls_branches.4.6.weight bev_decoders.0.cls_branches.4.6.bias bev_decoders.0.cls_branches.5.0.weight bev_decoders.0.cls_branches.5.0.bias bev_decoders.0.cls_branches.5.1.weight bev_decoders.0.cls_branches.5.1.bias bev_decoders.0.cls_branches.5.3.weight bev_decoders.0.cls_branches.5.3.bias bev_decoders.0.cls_branches.5.4.weight bev_decoders.0.cls_branches.5.4.bias bev_decoders.0.cls_branches.5.6.weight bev_decoders.0.cls_branches.5.6.bias bev_decoders.0.reg_branches.0.0.weight bev_decoders.0.reg_branches.0.0.bias bev_decoders.0.reg_branches.0.2.weight bev_decoders.0.reg_branches.0.2.bias bev_decoders.0.reg_branches.0.4.weight bev_decoders.0.reg_branches.0.4.bias bev_decoders.0.reg_branches.1.0.weight bev_decoders.0.reg_branches.1.0.bias bev_decoders.0.reg_branches.1.2.weight bev_decoders.0.reg_branches.1.2.bias bev_decoders.0.reg_branches.1.4.weight bev_decoders.0.reg_branches.1.4.bias bev_decoders.0.reg_branches.2.0.weight bev_decoders.0.reg_branches.2.0.bias bev_decoders.0.reg_branches.2.2.weight bev_decoders.0.reg_branches.2.2.bias bev_decoders.0.reg_branches.2.4.weight bev_decoders.0.reg_branches.2.4.bias bev_decoders.0.reg_branches.3.0.weight bev_decoders.0.reg_branches.3.0.bias bev_decoders.0.reg_branches.3.2.weight bev_decoders.0.reg_branches.3.2.bias bev_decoders.0.reg_branches.3.4.weight bev_decoders.0.reg_branches.3.4.bias bev_decoders.0.reg_branches.4.0.weight bev_decoders.0.reg_branches.4.0.bias bev_decoders.0.reg_branches.4.2.weight bev_decoders.0.reg_branches.4.2.bias bev_decoders.0.reg_branches.4.4.weight bev_decoders.0.reg_branches.4.4.bias bev_decoders.0.reg_branches.5.0.weight bev_decoders.0.reg_branches.5.0.bias bev_decoders.0.reg_branches.5.2.weight bev_decoders.0.reg_branches.5.2.bias bev_decoders.0.reg_branches.5.4.weight bev_decoders.0.reg_branches.5.4.bias bev_decoders.0.reference_points.weight bev_decoders.0.reference_points.bias bev_decoders.0.query_embedding.weight bev_decoders.0.decoder.layers.0.sa.in_proj_weight bev_decoders.0.decoder.layers.0.sa.in_proj_bias bev_decoders.0.decoder.layers.0.sa.out_proj.weight bev_decoders.0.decoder.layers.0.sa.out_proj.bias bev_decoders.0.decoder.layers.0.sa_norm.weight bev_decoders.0.decoder.layers.0.sa_norm.bias bev_decoders.0.decoder.layers.0.ca.sampling_offsets.weight bev_decoders.0.decoder.layers.0.ca.sampling_offsets.bias bev_decoders.0.decoder.layers.0.ca.attention_weights.weight bev_decoders.0.decoder.layers.0.ca.attention_weights.bias bev_decoders.0.decoder.layers.0.ca.reduce_sum.weight bev_decoders.0.decoder.layers.0.ca.value_proj.weight bev_decoders.0.decoder.layers.0.ca.value_proj.bias bev_decoders.0.decoder.layers.0.ca.output_proj.weight bev_decoders.0.decoder.layers.0.ca.output_proj.bias bev_decoders.0.decoder.layers.0.ca_norm.weight bev_decoders.0.decoder.layers.0.ca_norm.bias bev_decoders.0.decoder.layers.0.ffn.ffn1.weight bev_decoders.0.decoder.layers.0.ffn.ffn1.bias bev_decoders.0.decoder.layers.0.ffn.ffn2.weight bev_decoders.0.decoder.layers.0.ffn.ffn2.bias bev_decoders.0.decoder.layers.0.ffn_norm.weight bev_decoders.0.decoder.layers.0.ffn_norm.bias bev_decoders.0.decoder.layers.1.sa.in_proj_weight bev_decoders.0.decoder.layers.1.sa.in_proj_bias bev_decoders.0.decoder.layers.1.sa.out_proj.weight bev_decoders.0.decoder.layers.1.sa.out_proj.bias bev_decoders.0.decoder.layers.1.sa_norm.weight bev_decoders.0.decoder.layers.1.sa_norm.bias bev_decoders.0.decoder.layers.1.ca.sampling_offsets.weight bev_decoders.0.decoder.layers.1.ca.sampling_offsets.bias bev_decoders.0.decoder.layers.1.ca.attention_weights.weight bev_decoders.0.decoder.layers.1.ca.attention_weights.bias bev_decoders.0.decoder.layers.1.ca.reduce_sum.weight bev_decoders.0.decoder.layers.1.ca.value_proj.weight bev_decoders.0.decoder.layers.1.ca.value_proj.bias bev_decoders.0.decoder.layers.1.ca.output_proj.weight bev_decoders.0.decoder.layers.1.ca.output_proj.bias bev_decoders.0.decoder.layers.1.ca_norm.weight bev_decoders.0.decoder.layers.1.ca_norm.bias bev_decoders.0.decoder.layers.1.ffn.ffn1.weight bev_decoders.0.decoder.layers.1.ffn.ffn1.bias bev_decoders.0.decoder.layers.1.ffn.ffn2.weight bev_decoders.0.decoder.layers.1.ffn.ffn2.bias bev_decoders.0.decoder.layers.1.ffn_norm.weight bev_decoders.0.decoder.layers.1.ffn_norm.bias bev_decoders.0.decoder.layers.2.sa.in_proj_weight bev_decoders.0.decoder.layers.2.sa.in_proj_bias bev_decoders.0.decoder.layers.2.sa.out_proj.weight bev_decoders.0.decoder.layers.2.sa.out_proj.bias bev_decoders.0.decoder.layers.2.sa_norm.weight bev_decoders.0.decoder.layers.2.sa_norm.bias bev_decoders.0.decoder.layers.2.ca.sampling_offsets.weight bev_decoders.0.decoder.layers.2.ca.sampling_offsets.bias bev_decoders.0.decoder.layers.2.ca.attention_weights.weight bev_decoders.0.decoder.layers.2.ca.attention_weights.bias bev_decoders.0.decoder.layers.2.ca.reduce_sum.weight bev_decoders.0.decoder.layers.2.ca.value_proj.weight bev_decoders.0.decoder.layers.2.ca.value_proj.bias bev_decoders.0.decoder.layers.2.ca.output_proj.weight bev_decoders.0.decoder.layers.2.ca.output_proj.bias bev_decoders.0.decoder.layers.2.ca_norm.weight bev_decoders.0.decoder.layers.2.ca_norm.bias bev_decoders.0.decoder.layers.2.ffn.ffn1.weight bev_decoders.0.decoder.layers.2.ffn.ffn1.bias bev_decoders.0.decoder.layers.2.ffn.ffn2.weight bev_decoders.0.decoder.layers.2.ffn.ffn2.bias bev_decoders.0.decoder.layers.2.ffn_norm.weight bev_decoders.0.decoder.layers.2.ffn_norm.bias bev_decoders.0.decoder.layers.3.sa.in_proj_weight bev_decoders.0.decoder.layers.3.sa.in_proj_bias bev_decoders.0.decoder.layers.3.sa.out_proj.weight bev_decoders.0.decoder.layers.3.sa.out_proj.bias bev_decoders.0.decoder.layers.3.sa_norm.weight bev_decoders.0.decoder.layers.3.sa_norm.bias bev_decoders.0.decoder.layers.3.ca.sampling_offsets.weight bev_decoders.0.decoder.layers.3.ca.sampling_offsets.bias bev_decoders.0.decoder.layers.3.ca.attention_weights.weight bev_decoders.0.decoder.layers.3.ca.attention_weights.bias bev_decoders.0.decoder.layers.3.ca.reduce_sum.weight bev_decoders.0.decoder.layers.3.ca.value_proj.weight bev_decoders.0.decoder.layers.3.ca.value_proj.bias bev_decoders.0.decoder.layers.3.ca.output_proj.weight bev_decoders.0.decoder.layers.3.ca.output_proj.bias bev_decoders.0.decoder.layers.3.ca_norm.weight bev_decoders.0.decoder.layers.3.ca_norm.bias bev_decoders.0.decoder.layers.3.ffn.ffn1.weight bev_decoders.0.decoder.layers.3.ffn.ffn1.bias bev_decoders.0.decoder.layers.3.ffn.ffn2.weight bev_decoders.0.decoder.layers.3.ffn.ffn2.bias bev_decoders.0.decoder.layers.3.ffn_norm.weight bev_decoders.0.decoder.layers.3.ffn_norm.bias bev_decoders.0.decoder.layers.4.sa.in_proj_weight bev_decoders.0.decoder.layers.4.sa.in_proj_bias bev_decoders.0.decoder.layers.4.sa.out_proj.weight bev_decoders.0.decoder.layers.4.sa.out_proj.bias bev_decoders.0.decoder.layers.4.sa_norm.weight bev_decoders.0.decoder.layers.4.sa_norm.bias bev_decoders.0.decoder.layers.4.ca.sampling_offsets.weight bev_decoders.0.decoder.layers.4.ca.sampling_offsets.bias bev_decoders.0.decoder.layers.4.ca.attention_weights.weight bev_decoders.0.decoder.layers.4.ca.attention_weights.bias bev_decoders.0.decoder.layers.4.ca.reduce_sum.weight bev_decoders.0.decoder.layers.4.ca.value_proj.weight bev_decoders.0.decoder.layers.4.ca.value_proj.bias bev_decoders.0.decoder.layers.4.ca.output_proj.weight bev_decoders.0.decoder.layers.4.ca.output_proj.bias bev_decoders.0.decoder.layers.4.ca_norm.weight bev_decoders.0.decoder.layers.4.ca_norm.bias bev_decoders.0.decoder.layers.4.ffn.ffn1.weight bev_decoders.0.decoder.layers.4.ffn.ffn1.bias bev_decoders.0.decoder.layers.4.ffn.ffn2.weight bev_decoders.0.decoder.layers.4.ffn.ffn2.bias bev_decoders.0.decoder.layers.4.ffn_norm.weight bev_decoders.0.decoder.layers.4.ffn_norm.bias bev_decoders.0.decoder.layers.5.sa.in_proj_weight bev_decoders.0.decoder.layers.5.sa.in_proj_bias bev_decoders.0.decoder.layers.5.sa.out_proj.weight bev_decoders.0.decoder.layers.5.sa.out_proj.bias bev_decoders.0.decoder.layers.5.sa_norm.weight bev_decoders.0.decoder.layers.5.sa_norm.bias bev_decoders.0.decoder.layers.5.ca.sampling_offsets.weight bev_decoders.0.decoder.layers.5.ca.sampling_offsets.bias bev_decoders.0.decoder.layers.5.ca.attention_weights.weight bev_decoders.0.decoder.layers.5.ca.attention_weights.bias bev_decoders.0.decoder.layers.5.ca.reduce_sum.weight bev_decoders.0.decoder.layers.5.ca.value_proj.weight bev_decoders.0.decoder.layers.5.ca.value_proj.bias bev_decoders.0.decoder.layers.5.ca.output_proj.weight bev_decoders.0.decoder.layers.5.ca.output_proj.bias bev_decoders.0.decoder.layers.5.ca_norm.weight bev_decoders.0.decoder.layers.5.ca_norm.bias bev_decoders.0.decoder.layers.5.ffn.ffn1.weight bev_decoders.0.decoder.layers.5.ffn.ffn1.bias bev_decoders.0.decoder.layers.5.ffn.ffn2.weight bev_decoders.0.decoder.layers.5.ffn.ffn2.bias bev_decoders.0.decoder.layers.5.ffn_norm.weight bev_decoders.0.decoder.layers.5.ffn_norm.bias
2026-07-13 14:16:40,652 INFO [ckpt_converters.py:88] Node[0] [32mLoad the checkpoint successfully from ./tmp_models/bevformer_henet_camera_multitask_nuscenes/float-checkpoint-last.pth.tar[0m
2026-07-13 14:16:40,652 WARNING [hash.py:218] Node[0] [31mDon not found hash value in name of tmp_pretrained_models/centerpoint_pointpillar_nuscenes/float-checkpoint-last.pth.tar, will skip check hash...[0m
2026-07-13 14:16:40,741 WARNING [checkpoint.py:76] Node[0] module. is not at the beginning of state dict
2026-07-13 14:16:40,746 WARNING [load_state_dict_helper.py:114] Node[0] Do not find version in loaded metadata of module camera_net.backbone.stages.0.block.0.add., use the default version 2.
Most common reason is that the state_dict._metadata is missed when modifying state_dict
2026-07-13 14:16:40,747 WARNING [load_state_dict_helper.py:114] Node[0] Do not find version in loaded metadata of module camera_net.backbone.stages.0.block.0.add_dw., use the default version 2.
Most common reason is that the state_dict._metadata is missed when modifying state_dict
2026-07-13 14:16:40,747 WARNING [load_state_dict_helper.py:114] Node[0] Do not find version in loaded metadata of module camera_net.backbone.stages.0.block.1.add., use the default version 2.
Most common reason is that the state_dict._metadata is missed when modifying state_dict
2026-07-13 14:16:40,747 WARNING [load_state_dict_helper.py:114] Node[0] Do not find version in loaded metadata of module camera_net.backbone.stages.0.block.1.add_dw., use the default version 2.
Most common reason is that the state_dict._metadata is missed when modifying state_dict
2026-07-13 14:16:40,747 WARNING [load_state_dict_helper.py:114] Node[0] Do not find version in loaded metadata of module camera_net.backbone.stages.0.block.2.add., use the default version 2.
Most common reason is that the state_dict._metadata is missed when modifying state_dict
2026-07-13 14:16:40,747 WARNING [load_state_dict_helper.py:114] Node[0] Do not find version in loaded metadata of module camera_net.backbone.stages.0.block.2.add_dw., use the default version 2.
Most common reason is that the state_dict._metadata is missed when modifying state_dict
2026-07-13 14:16:40,747 WARNING [load_state_dict_helper.py:114] Node[0] Do not find version in loaded metadata of module camera_net.backbone.stages.0.block.3.add., use the default version 2.
Most common reason is that the state_dict._metadata is missed when modifying state_dict
2026-07-13 14:16:40,747 WARNING [load_state_dict_helper.py:114] Node[0] Do not find version in loaded metadata of module camera_net.backbone.stages.0.block.3.add_dw., use the default version 2.
Most common reason is that the state_dict._metadata is missed when modifying state_dict
2026-07-13 14:16:40,748 WARNING [load_state_dict_helper.py:114] Node[0] Do not find version in loaded metadata of module camera_net.backbone.stages.1.block.0.add., use the default version 2.
Most common reason is that the state_dict._metadata is missed when modifying state_dict
2026-07-13 14:16:40,748 WARNING [load_state_dict_helper.py:114] Node[0] Do not find version in loaded metadata of module camera_net.backbone.stages.1.block.0.add_dw., use the default version 2.
Most common reason is that the state_dict._metadata is missed when modifying state_dict
2026-07-13 14:16:40,748 WARNING [load_state_dict_helper.py:114] Node[0] Do not find version in loaded metadata of module camera_net.backbone.stages.1.block.1.add., use the default version 2.
Most common reason is that the state_dict._metadata is missed when modifying state_dict
2026-07-13 14:16:40,748 WARNING [load_state_dict_helper.py:114] Node[0] Do not find version in loaded metadata of module camera_net.backbone.stages.1.block.1.add_dw., use the default version 2.
Most common reason is that the state_dict._metadata is missed when modifying state_dict
2026-07-13 14:16:40,748 WARNING [load_state_dict_helper.py:114] Node[0] Do not find version in loaded metadata of module camera_net.backbone.stages.1.block.2.add., use the default version 2.
Most common reason is that the state_dict._metadata is missed when modifying state_dict
2026-07-13 14:16:40,748 WARNING [load_state_dict_helper.py:114] Node[0] Do not find version in loaded metadata of module camera_net.backbone.stages.1.block.2.add_dw., use the default version 2.
Most common reason is that the state_dict._metadata is missed when modifying state_dict
2026-07-13 14:16:40,748 WARNING [load_state_dict_helper.py:114] Node[0] Do not find version in loaded metadata of module camera_net.backbone.stages.2.block.0.add., use the default version 2.
Most common reason is that the state_dict._metadata is missed when modifying state_dict
2026-07-13 14:16:40,748 WARNING [load_state_dict_helper.py:114] Node[0] Do not find version in loaded metadata of module camera_net.backbone.stages.2.block.1.add., use the default version 2.
Most common reason is that the state_dict._metadata is missed when modifying state_dict
2026-07-13 14:16:40,749 WARNING [load_state_dict_helper.py:114] Node[0] Do not find version in loaded metadata of module camera_net.backbone.stages.2.block.2.add., use the default version 2.
Most common reason is that the state_dict._metadata is missed when modifying state_dict
2026-07-13 14:16:40,749 WARNING [load_state_dict_helper.py:114] Node[0] Do not find version in loaded metadata of module camera_net.backbone.stages.2.block.3.add., use the default version 2.
Most common reason is that the state_dict._metadata is missed when modifying state_dict
2026-07-13 14:16:40,749 WARNING [load_state_dict_helper.py:114] Node[0] Do not find version in loaded metadata of module camera_net.backbone.stages.2.block.4.add., use the default version 2.
Most common reason is that the state_dict._metadata is missed when modifying state_dict
2026-07-13 14:16:40,749 WARNING [load_state_dict_helper.py:114] Node[0] Do not find version in loaded metadata of module camera_net.backbone.stages.2.block.5.add., use the default version 2.
Most common reason is that the state_dict._metadata is missed when modifying state_dict
2026-07-13 14:16:40,749 WARNING [load_state_dict_helper.py:114] Node[0] Do not find version in loaded metadata of module camera_net.backbone.stages.2.block.6.add., use the default version 2.
Most common reason is that the state_dict._metadata is missed when modifying state_dict
2026-07-13 14:16:40,749 WARNING [load_state_dict_helper.py:114] Node[0] Do not find version in loaded metadata of module camera_net.backbone.stages.2.block.7.add., use the default version 2.
Most common reason is that the state_dict._metadata is missed when modifying state_dict
2026-07-13 14:16:40,750 WARNING [load_state_dict_helper.py:114] Node[0] Do not find version in loaded metadata of module camera_net.backbone.stages.3.block.0.add., use the default version 2.
Most common reason is that the state_dict._metadata is missed when modifying state_dict
2026-07-13 14:16:40,750 WARNING [load_state_dict_helper.py:114] Node[0] Do not find version in loaded metadata of module camera_net.backbone.stages.3.block.1.add., use the default version 2.
Most common reason is that the state_dict._metadata is missed when modifying state_dict
2026-07-13 14:16:40,750 WARNING [load_state_dict_helper.py:114] Node[0] Do not find version in loaded metadata of module camera_net.backbone.stages.3.block.2.add., use the default version 2.
Most common reason is that the state_dict._metadata is missed when modifying state_dict
2026-07-13 14:16:40,750 WARNING [load_state_dict_helper.py:114] Node[0] Do not find version in loaded metadata of module camera_net.backbone.stages.3.block.3.add., use the default version 2.
Most common reason is that the state_dict._metadata is missed when modifying state_dict
2026-07-13 14:16:40,750 WARNING [load_state_dict_helper.py:114] Node[0] Do not find version in loaded metadata of module camera_net.backbone.stages.3.block.4.add., use the default version 2.
Most common reason is that the state_dict._metadata is missed when modifying state_dict
2026-07-13 14:16:40,750 WARNING [load_state_dict_helper.py:114] Node[0] Do not find version in loaded metadata of module camera_net.backbone.stages.3.block.5.add., use the default version 2.
Most common reason is that the state_dict._metadata is missed when modifying state_dict
2026-07-13 14:16:40,751 WARNING [load_state_dict_helper.py:114] Node[0] Do not find version in loaded metadata of module camera_net.view_transformer.encoder.add_canbus., use the default version 2.
Most common reason is that the state_dict._metadata is missed when modifying state_dict
2026-07-13 14:16:40,751 WARNING [load_state_dict_helper.py:114] Node[0] Do not find version in loaded metadata of module camera_net.view_transformer.encoder.cat_pre_cur_query., use the default version 2.
Most common reason is that the state_dict._metadata is missed when modifying state_dict
2026-07-13 14:16:40,751 WARNING [load_state_dict_helper.py:114] Node[0] Do not find version in loaded metadata of module camera_net.view_transformer.encoder.addcams_embeds.0., use the default version 2.
Most common reason is that the state_dict._metadata is missed when modifying state_dict
2026-07-13 14:16:40,751 WARNING [load_state_dict_helper.py:114] Node[0] Do not find version in loaded metadata of module camera_net.view_transformer.encoder.add_level_embeds.0., use the default version 2.
Most common reason is that the state_dict._metadata is missed when modifying state_dict
2026-07-13 14:16:40,751 WARNING [load_state_dict_helper.py:114] Node[0] Do not find version in loaded metadata of module camera_net.view_transformer.encoder.cat_fl., use the default version 2.
Most common reason is that the state_dict._metadata is missed when modifying state_dict
2026-07-13 14:16:40,751 WARNING [load_state_dict_helper.py:114] Node[0] Do not find version in loaded metadata of module camera_net.view_transformer.encoder.layers.0.sa.norm_offset., use the default version 2.
Most common reason is that the state_dict._metadata is missed when modifying state_dict
2026-07-13 14:16:40,751 WARNING [load_state_dict_helper.py:114] Node[0] Do not find version in loaded metadata of module camera_net.view_transformer.encoder.layers.0.sa.add_offset., use the default version 2.
Most common reason is that the state_dict._metadata is missed when modifying state_dict
2026-07-13 14:16:40,751 WARNING [load_state_dict_helper.py:114] Node[0] Do not find version in loaded metadata of module camera_net.view_transformer.encoder.layers.0.sa.add1., use the default version 2.
Most common reason is that the state_dict._metadata is missed when modifying state_dict
2026-07-13 14:16:40,751 WARNING [load_state_dict_helper.py:114] Node[0] Do not find version in loaded metadata of module camera_net.view_transformer.encoder.layers.0.sa.mul1., use the default version 2.
Most common reason is that the state_dict._metadata is missed when modifying state_dict
2026-07-13 14:16:40,751 WARNING [load_state_dict_helper.py:114] Node[0] Do not find version in loaded metadata of module camera_net.view_transformer.encoder.layers.0.sa.stack_sampling., use the default version 2.
Most common reason is that the state_dict._metadata is missed when modifying state_dict
2026-07-13 14:16:40,751 WARNING [load_state_dict_helper.py:114] Node[0] Do not find version in loaded metadata of module camera_net.view_transformer.encoder.layers.0.sa.mul_attention., use the default version 2.
Most common reason is that the state_dict._metadata is missed when modifying state_dict
2026-07-13 14:16:40,752 WARNING [load_state_dict_helper.py:114] Node[0] Do not find version in loaded metadata of module camera_net.view_transformer.encoder.layers.0.sa.add_pos., use the default version 2.
Most common reason is that the state_dict._metadata is missed when modifying state_dict
2026-07-13 14:16:40,752 WARNING [load_state_dict_helper.py:114] Node[0] Do not find version in loaded metadata of module camera_net.view_transformer.encoder.layers.0.sa.add_res., use the default version 2.
Most common reason is that the state_dict._metadata is missed when modifying state_dict
2026-07-13 14:16:40,752 WARNING [load_state_dict_helper.py:114] Node[0] Do not find version in loaded metadata of module camera_net.view_transformer.encoder.layers.0.ca.deformable_attention.norm_offset., use the default version 2.
Most common reason is that the state_dict._metadata is missed when modifying state_dict
2026-07-13 14:16:40,752 WARNING [load_state_dict_helper.py:114] Node[0] Do not find version in loaded metadata of module camera_net.view_transformer.encoder.layers.0.ca.deformable_attention.add_offset., use the default version 2.
Most common reason is that the state_dict._metadata is missed when modifying state_dict
2026-07-13 14:16:40,752 WARNING [load_state_dict_helper.py:114] Node[0] Do not find version in loaded metadata of module camera_net.view_transformer.encoder.layers.0.ca.deformable_attention.add1., use the default version 2.
Most common reason is that the state_dict._metadata is missed when modifying state_dict
2026-07-13 14:16:40,752 WARNING [load_state_dict_helper.py:114] Node[0] Do not find version in loaded metadata of module camera_net.view_transformer.encoder.layers.0.ca.deformable_attention.mul1., use the default version 2.
Most common reason is that the state_dict._metadata is missed when modifying state_dict
2026-07-13 14:16:40,752 WARNING [load_state_dict_helper.py:114] Node[0] Do not find version in loaded metadata of module camera_net.view_transformer.encoder.layers.0.ca.deformable_attention.stack_sampling., use the default version 2.
Most common reason is that the state_dict._metadata is missed when modifying state_dict
2026-07-13 14:16:40,752 WARNING [load_state_dict_helper.py:114] Node[0] Do not find version in loaded metadata of module camera_net.view_transformer.encoder.layers.0.ca.deformable_attention.mul_attention., use the default version 2.
Most common reason is that the state_dict._metadata is missed when modifying state_dict
2026-07-13 14:16:40,752 WARNING [load_state_dict_helper.py:114] Node[0] Do not find version in loaded metadata of module camera_net.view_transformer.encoder.layers.0.ca.add_res., use the default version 2.
Most common reason is that the state_dict._metadata is missed when modifying state_dict
2026-07-13 14:16:40,752 WARNING [load_state_dict_helper.py:114] Node[0] Do not find version in loaded metadata of module camera_net.view_transformer.encoder.layers.0.ca.add_query_pos., use the default version 2.
Most common reason is that the state_dict._metadata is missed when modifying state_dict
2026-07-13 14:16:40,752 WARNING [load_state_dict_helper.py:114] Node[0] Do not find version in loaded metadata of module camera_net.view_transformer.encoder.layers.0.ca.mul_pillarweight., use the default version 2.
Most common reason is that the state_dict._metadata is missed when modifying state_dict
2026-07-13 14:16:40,752 WARNING [load_state_dict_helper.py:114] Node[0] Do not find version in loaded metadata of module camera_net.view_transformer.encoder.layers.0.ca.sum_views., use the default version 2.
Most common reason is that the state_dict._metadata is missed when modifying state_dict
2026-07-13 14:16:40,752 WARNING [load_state_dict_helper.py:114] Node[0] Do not find version in loaded metadata of module camera_net.view_transformer.encoder.layers.0.ffn.add., use the default version 2.
Most common reason is that the state_dict._metadata is missed when modifying state_dict
2026-07-13 14:16:40,754 INFO [checkpoint.py:410] Node[0] state_dict in checkpoint num: 421
2026-07-13 14:16:40,759 INFO [checkpoint.py:411] Node[0] state_dict in model num: 870
2026-07-13 14:16:40,759 WARNING [checkpoint.py:412] Node[0] miss_key num: 678
2026-07-13 14:16:40,759 WARNING [checkpoint.py:414] Node[0] miss_key: camera_net.backbone.patch_embed.0.0.weight camera_net.backbone.patch_embed.0.0.bias camera_net.backbone.patch_embed.0.1.weight camera_net.backbone.patch_embed.0.1.bias camera_net.backbone.patch_embed.0.1.running_mean camera_net.backbone.patch_embed.0.1.running_var camera_net.backbone.patch_embed.1.0.weight camera_net.backbone.patch_embed.1.0.bias camera_net.backbone.patch_embed.1.1.weight camera_net.backbone.patch_embed.1.1.bias camera_net.backbone.patch_embed.1.1.running_mean camera_net.backbone.patch_embed.1.1.running_var camera_net.backbone.stages.0.block.0.dwconv.0.weight camera_net.backbone.stages.0.block.0.dwconv.0.bias camera_net.backbone.stages.0.block.0.dwconv.1.weight camera_net.backbone.stages.0.block.0.dwconv.1.bias camera_net.backbone.stages.0.block.0.dwconv.1.running_mean camera_net.backbone.stages.0.block.0.dwconv.1.running_var camera_net.backbone.stages.0.block.0.pwconv1.weight camera_net.backbone.stages.0.block.0.pwconv1.bias camera_net.backbone.stages.0.block.0.pwconv2.weight camera_net.backbone.stages.0.block.0.pwconv2.bias camera_net.backbone.stages.0.block.0.layer_scale.weight camera_net.backbone.stages.0.block.1.dwconv.0.weight camera_net.backbone.stages.0.block.1.dwconv.0.bias camera_net.backbone.stages.0.block.1.dwconv.1.weight camera_net.backbone.stages.0.block.1.dwconv.1.bias camera_net.backbone.stages.0.block.1.dwconv.1.running_mean camera_net.backbone.stages.0.block.1.dwconv.1.running_var camera_net.backbone.stages.0.block.1.pwconv1.weight camera_net.backbone.stages.0.block.1.pwconv1.bias camera_net.backbone.stages.0.block.1.pwconv2.weight camera_net.backbone.stages.0.block.1.pwconv2.bias camera_net.backbone.stages.0.block.1.layer_scale.weight camera_net.backbone.stages.0.block.2.dwconv.0.weight camera_net.backbone.stages.0.block.2.dwconv.0.bias camera_net.backbone.stages.0.block.2.dwconv.1.weight camera_net.backbone.stages.0.block.2.dwconv.1.bias camera_net.backbone.stages.0.block.2.dwconv.1.running_mean camera_net.backbone.stages.0.block.2.dwconv.1.running_var camera_net.backbone.stages.0.block.2.pwconv1.weight camera_net.backbone.stages.0.block.2.pwconv1.bias camera_net.backbone.stages.0.block.2.pwconv2.weight camera_net.backbone.stages.0.block.2.pwconv2.bias camera_net.backbone.stages.0.block.2.layer_scale.weight camera_net.backbone.stages.0.block.3.dwconv.0.weight camera_net.backbone.stages.0.block.3.dwconv.0.bias camera_net.backbone.stages.0.block.3.dwconv.1.weight camera_net.backbone.stages.0.block.3.dwconv.1.bias camera_net.backbone.stages.0.block.3.dwconv.1.running_mean camera_net.backbone.stages.0.block.3.dwconv.1.running_var camera_net.backbone.stages.0.block.3.pwconv1.weight camera_net.backbone.stages.0.block.3.pwconv1.bias camera_net.backbone.stages.0.block.3.pwconv2.weight camera_net.backbone.stages.0.block.3.pwconv2.bias camera_net.backbone.stages.0.block.3.layer_scale.weight camera_net.backbone.stages.1.block.0.dwconv.0.weight camera_net.backbone.stages.1.block.0.dwconv.0.bias camera_net.backbone.stages.1.block.0.dwconv.1.weight camera_net.backbone.stages.1.block.0.dwconv.1.bias camera_net.backbone.stages.1.block.0.dwconv.1.running_mean camera_net.backbone.stages.1.block.0.dwconv.1.running_var camera_net.backbone.stages.1.block.0.pwconv1.weight camera_net.backbone.stages.1.block.0.pwconv1.bias camera_net.backbone.stages.1.block.0.pwconv2.weight camera_net.backbone.stages.1.block.0.pwconv2.bias camera_net.backbone.stages.1.block.0.layer_scale.weight camera_net.backbone.stages.1.block.1.dwconv.0.weight camera_net.backbone.stages.1.block.1.dwconv.0.bias camera_net.backbone.stages.1.block.1.dwconv.1.weight camera_net.backbone.stages.1.block.1.dwconv.1.bias camera_net.backbone.stages.1.block.1.dwconv.1.running_mean camera_net.backbone.stages.1.block.1.dwconv.1.running_var camera_net.backbone.stages.1.block.1.pwconv1.weight camera_net.backbone.stages.1.block.1.pwconv1.bias camera_net.backbone.stages.1.block.1.pwconv2.weight camera_net.backbone.stages.1.block.1.pwconv2.bias camera_net.backbone.stages.1.block.1.layer_scale.weight camera_net.backbone.stages.1.block.2.dwconv.0.weight camera_net.backbone.stages.1.block.2.dwconv.0.bias camera_net.backbone.stages.1.block.2.dwconv.1.weight camera_net.backbone.stages.1.block.2.dwconv.1.bias camera_net.backbone.stages.1.block.2.dwconv.1.running_mean camera_net.backbone.stages.1.block.2.dwconv.1.running_var camera_net.backbone.stages.1.block.2.pwconv1.weight camera_net.backbone.stages.1.block.2.pwconv1.bias camera_net.backbone.stages.1.block.2.pwconv2.weight camera_net.backbone.stages.1.block.2.pwconv2.bias camera_net.backbone.stages.1.block.2.layer_scale.weight camera_net.backbone.stages.2.block.0.dwconv.0.0.weight camera_net.backbone.stages.2.block.0.dwconv.0.0.bias camera_net.backbone.stages.2.block.0.dwconv.0.1.weight camera_net.backbone.stages.2.block.0.dwconv.0.1.bias camera_net.backbone.stages.2.block.0.dwconv.0.1.running_mean camera_net.backbone.stages.2.block.0.dwconv.0.1.running_var camera_net.backbone.stages.2.block.0.pwconv1.0.weight camera_net.backbone.stages.2.block.0.pwconv1.0.bias camera_net.backbone.stages.2.block.0.pwconv2.weight camera_net.backbone.stages.2.block.0.pwconv2.bias camera_net.backbone.stages.2.block.0.layer_scale.weight camera_net.backbone.stages.2.block.1.dwconv.0.0.weight camera_net.backbone.stages.2.block.1.dwconv.0.0.bias camera_net.backbone.stages.2.block.1.dwconv.0.1.weight camera_net.backbone.stages.2.block.1.dwconv.0.1.bias camera_net.backbone.stages.2.block.1.dwconv.0.1.running_mean camera_net.backbone.stages.2.block.1.dwconv.0.1.running_var camera_net.backbone.stages.2.block.1.pwconv1.0.weight camera_net.backbone.stages.2.block.1.pwconv1.0.bias camera_net.backbone.stages.2.block.1.pwconv2.weight camera_net.backbone.stages.2.block.1.pwconv2.bias camera_net.backbone.stages.2.block.1.layer_scale.weight camera_net.backbone.stages.2.block.2.dwconv.0.0.weight camera_net.backbone.stages.2.block.2.dwconv.0.0.bias camera_net.backbone.stages.2.block.2.dwconv.0.1.weight camera_net.backbone.stages.2.block.2.dwconv.0.1.bias camera_net.backbone.stages.2.block.2.dwconv.0.1.running_mean camera_net.backbone.stages.2.block.2.dwconv.0.1.running_var camera_net.backbone.stages.2.block.2.pwconv1.0.weight camera_net.backbone.stages.2.block.2.pwconv1.0.bias camera_net.backbone.stages.2.block.2.pwconv2.weight camera_net.backbone.stages.2.block.2.pwconv2.bias camera_net.backbone.stages.2.block.2.layer_scale.weight camera_net.backbone.stages.2.block.3.dwconv.0.0.weight camera_net.backbone.stages.2.block.3.dwconv.0.0.bias camera_net.backbone.stages.2.block.3.dwconv.0.1.weight camera_net.backbone.stages.2.block.3.dwconv.0.1.bias camera_net.backbone.stages.2.block.3.dwconv.0.1.running_mean camera_net.backbone.stages.2.block.3.dwconv.0.1.running_var camera_net.backbone.stages.2.block.3.pwconv1.0.weight camera_net.backbone.stages.2.block.3.pwconv1.0.bias camera_net.backbone.stages.2.block.3.pwconv2.weight camera_net.backbone.stages.2.block.3.pwconv2.bias camera_net.backbone.stages.2.block.3.layer_scale.weight camera_net.backbone.stages.2.block.4.dwconv.0.0.weight camera_net.backbone.stages.2.block.4.dwconv.0.0.bias camera_net.backbone.stages.2.block.4.dwconv.0.1.weight camera_net.backbone.stages.2.block.4.dwconv.0.1.bias camera_net.backbone.stages.2.block.4.dwconv.0.1.running_mean camera_net.backbone.stages.2.block.4.dwconv.0.1.running_var camera_net.backbone.stages.2.block.4.pwconv1.0.weight camera_net.backbone.stages.2.block.4.pwconv1.0.bias camera_net.backbone.stages.2.block.4.pwconv2.weight camera_net.backbone.stages.2.block.4.pwconv2.bias camera_net.backbone.stages.2.block.4.layer_scale.weight camera_net.backbone.stages.2.block.5.dwconv.0.0.weight camera_net.backbone.stages.2.block.5.dwconv.0.0.bias camera_net.backbone.stages.2.block.5.dwconv.0.1.weight camera_net.backbone.stages.2.block.5.dwconv.0.1.bias camera_net.backbone.stages.2.block.5.dwconv.0.1.running_mean camera_net.backbone.stages.2.block.5.dwconv.0.1.running_var camera_net.backbone.stages.2.block.5.pwconv1.0.weight camera_net.backbone.stages.2.block.5.pwconv1.0.bias camera_net.backbone.stages.2.block.5.pwconv2.weight camera_net.backbone.stages.2.block.5.pwconv2.bias camera_net.backbone.stages.2.block.5.layer_scale.weight camera_net.backbone.stages.2.block.6.dwconv.0.0.weight camera_net.backbone.stages.2.block.6.dwconv.0.0.bias camera_net.backbone.stages.2.block.6.dwconv.0.1.weight camera_net.backbone.stages.2.block.6.dwconv.0.1.bias camera_net.backbone.stages.2.block.6.dwconv.0.1.running_mean camera_net.backbone.stages.2.block.6.dwconv.0.1.running_var camera_net.backbone.stages.2.block.6.pwconv1.0.weight camera_net.backbone.stages.2.block.6.pwconv1.0.bias camera_net.backbone.stages.2.block.6.pwconv2.weight camera_net.backbone.stages.2.block.6.pwconv2.bias camera_net.backbone.stages.2.block.6.layer_scale.weight camera_net.backbone.stages.2.block.7.dwconv.0.0.weight camera_net.backbone.stages.2.block.7.dwconv.0.0.bias camera_net.backbone.stages.2.block.7.dwconv.0.1.weight camera_net.backbone.stages.2.block.7.dwconv.0.1.bias camera_net.backbone.stages.2.block.7.dwconv.0.1.running_mean camera_net.backbone.stages.2.block.7.dwconv.0.1.running_var camera_net.backbone.stages.2.block.7.pwconv1.0.weight camera_net.backbone.stages.2.block.7.pwconv1.0.bias camera_net.backbone.stages.2.block.7.pwconv2.weight camera_net.backbone.stages.2.block.7.pwconv2.bias camera_net.backbone.stages.2.block.7.layer_scale.weight camera_net.backbone.stages.3.block.0.dwconv.0.weight camera_net.backbone.stages.3.block.0.dwconv.0.bias camera_net.backbone.stages.3.block.0.dwconv.1.weight camera_net.backbone.stages.3.block.0.dwconv.1.bias camera_net.backbone.stages.3.block.0.dwconv.1.running_mean camera_net.backbone.stages.3.block.0.dwconv.1.running_var camera_net.backbone.stages.3.block.0.pwconv1.weight camera_net.backbone.stages.3.block.0.pwconv1.bias camera_net.backbone.stages.3.block.0.pwconv2.weight camera_net.backbone.stages.3.block.0.pwconv2.bias camera_net.backbone.stages.3.block.0.layer_scale.weight camera_net.backbone.stages.3.block.1.dwconv.0.weight camera_net.backbone.stages.3.block.1.dwconv.0.bias camera_net.backbone.stages.3.block.1.dwconv.1.weight camera_net.backbone.stages.3.block.1.dwconv.1.bias camera_net.backbone.stages.3.block.1.dwconv.1.running_mean camera_net.backbone.stages.3.block.1.dwconv.1.running_var camera_net.backbone.stages.3.block.1.pwconv1.weight camera_net.backbone.stages.3.block.1.pwconv1.bias camera_net.backbone.stages.3.block.1.pwconv2.weight camera_net.backbone.stages.3.block.1.pwconv2.bias camera_net.backbone.stages.3.block.1.layer_scale.weight camera_net.backbone.stages.3.block.2.dwconv.0.weight camera_net.backbone.stages.3.block.2.dwconv.0.bias camera_net.backbone.stages.3.block.2.dwconv.1.weight camera_net.backbone.stages.3.block.2.dwconv.1.bias camera_net.backbone.stages.3.block.2.dwconv.1.running_mean camera_net.backbone.stages.3.block.2.dwconv.1.running_var camera_net.backbone.stages.3.block.2.pwconv1.weight camera_net.backbone.stages.3.block.2.pwconv1.bias camera_net.backbone.stages.3.block.2.pwconv2.weight camera_net.backbone.stages.3.block.2.pwconv2.bias camera_net.backbone.stages.3.block.2.layer_scale.weight camera_net.backbone.stages.3.block.3.dwconv.0.weight camera_net.backbone.stages.3.block.3.dwconv.0.bias camera_net.backbone.stages.3.block.3.dwconv.1.weight camera_net.backbone.stages.3.block.3.dwconv.1.bias camera_net.backbone.stages.3.block.3.dwconv.1.running_mean camera_net.backbone.stages.3.block.3.dwconv.1.running_var camera_net.backbone.stages.3.block.3.pwconv1.weight camera_net.backbone.stages.3.block.3.pwconv1.bias camera_net.backbone.stages.3.block.3.pwconv2.weight camera_net.backbone.stages.3.block.3.pwconv2.bias camera_net.backbone.stages.3.block.3.layer_scale.weight camera_net.backbone.stages.3.block.4.dwconv.0.weight camera_net.backbone.stages.3.block.4.dwconv.0.bias camera_net.backbone.stages.3.block.4.dwconv.1.weight camera_net.backbone.stages.3.block.4.dwconv.1.bias camera_net.backbone.stages.3.block.4.dwconv.1.running_mean camera_net.backbone.stages.3.block.4.dwconv.1.running_var camera_net.backbone.stages.3.block.4.pwconv1.weight camera_net.backbone.stages.3.block.4.pwconv1.bias camera_net.backbone.stages.3.block.4.pwconv2.weight camera_net.backbone.stages.3.block.4.pwconv2.bias camera_net.backbone.stages.3.block.4.layer_scale.weight camera_net.backbone.stages.3.block.5.dwconv.0.weight camera_net.backbone.stages.3.block.5.dwconv.0.bias camera_net.backbone.stages.3.block.5.dwconv.1.weight camera_net.backbone.stages.3.block.5.dwconv.1.bias camera_net.backbone.stages.3.block.5.dwconv.1.running_mean camera_net.backbone.stages.3.block.5.dwconv.1.running_var camera_net.backbone.stages.3.block.5.pwconv1.weight camera_net.backbone.stages.3.block.5.pwconv1.bias camera_net.backbone.stages.3.block.5.pwconv2.weight camera_net.backbone.stages.3.block.5.pwconv2.bias camera_net.backbone.stages.3.block.5.layer_scale.weight camera_net.backbone.downsample_block.0.proj.0.weight camera_net.backbone.downsample_block.0.proj.0.bias camera_net.backbone.downsample_block.0.proj.1.weight camera_net.backbone.downsample_block.0.proj.1.bias camera_net.backbone.downsample_block.0.proj.1.running_mean camera_net.backbone.downsample_block.0.proj.1.running_var camera_net.backbone.downsample_block.1.proj.0.weight camera_net.backbone.downsample_block.1.proj.0.bias camera_net.backbone.downsample_block.1.proj.1.weight camera_net.backbone.downsample_block.1.proj.1.bias camera_net.backbone.downsample_block.1.proj.1.running_mean camera_net.backbone.downsample_block.1.proj.1.running_var camera_net.backbone.downsample_block.2.proj.0.weight camera_net.backbone.downsample_block.2.proj.0.bias camera_net.backbone.downsample_block.2.proj.1.weight camera_net.backbone.downsample_block.2.proj.1.bias camera_net.backbone.downsample_block.2.proj.1.running_mean camera_net.backbone.downsample_block.2.proj.1.running_var camera_net.backbone.norm.weight camera_net.backbone.norm.bias camera_net.backbone.norm.running_mean camera_net.backbone.norm.running_var camera_net.backbone.feature_mix_layer.0.weight camera_net.backbone.feature_mix_layer.1.weight camera_net.backbone.feature_mix_layer.1.bias camera_net.backbone.feature_mix_layer.1.running_mean camera_net.backbone.feature_mix_layer.1.running_var camera_net.backbone.stage_norm.0.weight camera_net.backbone.stage_norm.0.bias camera_net.backbone.stage_norm.0.running_mean camera_net.backbone.stage_norm.0.running_var camera_net.backbone.stage_norm.1.weight camera_net.backbone.stage_norm.1.bias camera_net.backbone.stage_norm.1.running_mean camera_net.backbone.stage_norm.1.running_var camera_net.backbone.stage_norm.2.weight camera_net.backbone.stage_norm.2.bias camera_net.backbone.stage_norm.2.running_mean camera_net.backbone.stage_norm.2.running_var camera_net.backbone.stage_norm.3.weight camera_net.backbone.stage_norm.3.bias camera_net.backbone.stage_norm.3.running_mean camera_net.backbone.stage_norm.3.running_var camera_net.neck.conv_extract.0.0.weight camera_net.neck.conv_extract.0.0.bias camera_net.neck.conv_extract.0.1.weight camera_net.neck.conv_extract.0.1.bias camera_net.neck.conv_extract.0.1.running_mean camera_net.neck.conv_extract.0.1.running_var camera_net.view_transformer.encoder.level_embeds camera_net.view_transformer.encoder.cams_embeds camera_net.view_transformer.encoder.layers.0.sa.sampling_offsets.weight camera_net.view_transformer.encoder.layers.0.sa.sampling_offsets.bias camera_net.view_transformer.encoder.layers.0.sa.attention_weights.weight camera_net.view_transformer.encoder.layers.0.sa.attention_weights.bias camera_net.view_transformer.encoder.layers.0.sa.reduce_sum.weight camera_net.view_transformer.encoder.layers.0.sa.value_proj.weight camera_net.view_transformer.encoder.layers.0.sa.value_proj.bias camera_net.view_transformer.encoder.layers.0.sa.output_proj.weight camera_net.view_transformer.encoder.layers.0.sa.output_proj.bias camera_net.view_transformer.encoder.layers.0.sa_norm.weight camera_net.view_transformer.encoder.layers.0.sa_norm.bias camera_net.view_transformer.encoder.layers.0.ca.deformable_attention.sampling_offsets.weight camera_net.view_transformer.encoder.layers.0.ca.deformable_attention.sampling_offsets.bias camera_net.view_transformer.encoder.layers.0.ca.deformable_attention.attention_weights.weight camera_net.view_transformer.encoder.layers.0.ca.deformable_attention.attention_weights.bias camera_net.view_transformer.encoder.layers.0.ca.deformable_attention.reduce_sum.weight camera_net.view_transformer.encoder.layers.0.ca.deformable_attention.value_proj.weight camera_net.view_transformer.encoder.layers.0.ca.deformable_attention.value_proj.bias camera_net.view_transformer.encoder.layers.0.ca.output_proj.weight camera_net.view_transformer.encoder.layers.0.ca.output_proj.bias camera_net.view_transformer.encoder.layers.0.ca.query_reduce_sum.weight camera_net.view_transformer.encoder.layers.0.ca_norm.weight camera_net.view_transformer.encoder.layers.0.ca_norm.bias camera_net.view_transformer.encoder.layers.0.ffn.ffn1.weight camera_net.view_transformer.encoder.layers.0.ffn.ffn1.bias camera_net.view_transformer.encoder.layers.0.ffn.ffn2.weight camera_net.view_transformer.encoder.layers.0.ffn.ffn2.bias camera_net.view_transformer.encoder.layers.0.ffn_norm.weight camera_net.view_transformer.encoder.layers.0.ffn_norm.bias camera_net.view_transformer.positional_encoding.row_embed.weight camera_net.view_transformer.positional_encoding.col_embed.weight camera_net.view_transformer.bev_embedding.weight fuse_module.reduce_conv.0.weight fuse_module.reduce_conv.0.bias fuse_module.reduce_conv.1.weight fuse_module.reduce_conv.1.bias fuse_module.reduce_conv.1.running_mean fuse_module.reduce_conv.1.running_var fuse_module.conv2.0.weight fuse_module.conv2.0.bias fuse_module.conv2.1.weight fuse_module.conv2.1.bias fuse_module.conv2.1.running_mean fuse_module.conv2.1.running_var fuse_module.seblock.att.1.weight fuse_module.seblock.att.1.bias bev_decoders.0.head.shared_conv.0.0.0.weight bev_decoders.0.head.shared_conv.0.0.0.bias bev_decoders.0.head.shared_conv.0.1.0.weight bev_decoders.0.head.shared_conv.0.1.0.bias bev_decoders.0.head.shared_conv.0.1.1.weight bev_decoders.0.head.shared_conv.0.1.1.bias bev_decoders.0.head.shared_conv.0.1.1.running_mean bev_decoders.0.head.shared_conv.0.1.1.running_var bev_decoders.0.head.task_heads.0.reg.0.0.0.weight bev_decoders.0.head.task_heads.0.reg.0.0.0.bias bev_decoders.0.head.task_heads.0.reg.0.1.0.weight bev_decoders.0.head.task_heads.0.reg.0.1.0.bias bev_decoders.0.head.task_heads.0.reg.0.1.1.weight bev_decoders.0.head.task_heads.0.reg.0.1.1.bias bev_decoders.0.head.task_heads.0.reg.0.1.1.running_mean bev_decoders.0.head.task_heads.0.reg.0.1.1.running_var bev_decoders.0.head.task_heads.0.reg.1.0.weight bev_decoders.0.head.task_heads.0.height.0.0.0.weight bev_decoders.0.head.task_heads.0.height.0.0.0.bias bev_decoders.0.head.task_heads.0.height.0.1.0.weight bev_decoders.0.head.task_heads.0.height.0.1.0.bias bev_decoders.0.head.task_heads.0.height.0.1.1.weight bev_decoders.0.head.task_heads.0.height.0.1.1.bias bev_decoders.0.head.task_heads.0.height.0.1.1.running_mean bev_decoders.0.head.task_heads.0.height.0.1.1.running_var bev_decoders.0.head.task_heads.0.height.1.0.weight bev_decoders.0.head.task_heads.0.dim.0.0.0.weight bev_decoders.0.head.task_heads.0.dim.0.0.0.bias bev_decoders.0.head.task_heads.0.dim.0.1.0.weight bev_decoders.0.head.task_heads.0.dim.0.1.0.bias bev_decoders.0.head.task_heads.0.dim.0.1.1.weight bev_decoders.0.head.task_heads.0.dim.0.1.1.bias bev_decoders.0.head.task_heads.0.dim.0.1.1.running_mean bev_decoders.0.head.task_heads.0.dim.0.1.1.running_var bev_decoders.0.head.task_heads.0.dim.1.0.weight bev_decoders.0.head.task_heads.0.rot.0.0.0.weight bev_decoders.0.head.task_heads.0.rot.0.0.0.bias bev_decoders.0.head.task_heads.0.rot.0.1.0.weight bev_decoders.0.head.task_heads.0.rot.0.1.0.bias bev_decoders.0.head.task_heads.0.rot.0.1.1.weight bev_decoders.0.head.task_heads.0.rot.0.1.1.bias bev_decoders.0.head.task_heads.0.rot.0.1.1.running_mean bev_decoders.0.head.task_heads.0.rot.0.1.1.running_var bev_decoders.0.head.task_heads.0.rot.1.0.weight bev_decoders.0.head.task_heads.0.vel.0.0.0.weight bev_decoders.0.head.task_heads.0.vel.0.0.0.bias bev_decoders.0.head.task_heads.0.vel.0.1.0.weight bev_decoders.0.head.task_heads.0.vel.0.1.0.bias bev_decoders.0.head.task_heads.0.vel.0.1.1.weight bev_decoders.0.head.task_heads.0.vel.0.1.1.bias bev_decoders.0.head.task_heads.0.vel.0.1.1.running_mean bev_decoders.0.head.task_heads.0.vel.0.1.1.running_var bev_decoders.0.head.task_heads.0.vel.1.0.weight bev_decoders.0.head.task_heads.0.heatmap.0.0.0.weight bev_decoders.0.head.task_heads.0.heatmap.0.0.0.bias bev_decoders.0.head.task_heads.0.heatmap.0.1.0.weight bev_decoders.0.head.task_heads.0.heatmap.0.1.0.bias bev_decoders.0.head.task_heads.0.heatmap.0.1.1.weight bev_decoders.0.head.task_heads.0.heatmap.0.1.1.bias bev_decoders.0.head.task_heads.0.heatmap.0.1.1.running_mean bev_decoders.0.head.task_heads.0.heatmap.0.1.1.running_var bev_decoders.0.head.task_heads.0.heatmap.1.0.weight bev_decoders.0.head.task_heads.0.heatmap.1.0.bias bev_decoders.0.head.task_heads.1.reg.0.0.0.weight bev_decoders.0.head.task_heads.1.reg.0.0.0.bias bev_decoders.0.head.task_heads.1.reg.0.1.0.weight bev_decoders.0.head.task_heads.1.reg.0.1.0.bias bev_decoders.0.head.task_heads.1.reg.0.1.1.weight bev_decoders.0.head.task_heads.1.reg.0.1.1.bias bev_decoders.0.head.task_heads.1.reg.0.1.1.running_mean bev_decoders.0.head.task_heads.1.reg.0.1.1.running_var bev_decoders.0.head.task_heads.1.reg.1.0.weight bev_decoders.0.head.task_heads.1.height.0.0.0.weight bev_decoders.0.head.task_heads.1.height.0.0.0.bias bev_decoders.0.head.task_heads.1.height.0.1.0.weight bev_decoders.0.head.task_heads.1.height.0.1.0.bias bev_decoders.0.head.task_heads.1.height.0.1.1.weight bev_decoders.0.head.task_heads.1.height.0.1.1.bias bev_decoders.0.head.task_heads.1.height.0.1.1.running_mean bev_decoders.0.head.task_heads.1.height.0.1.1.running_var bev_decoders.0.head.task_heads.1.height.1.0.weight bev_decoders.0.head.task_heads.1.dim.0.0.0.weight bev_decoders.0.head.task_heads.1.dim.0.0.0.bias bev_decoders.0.head.task_heads.1.dim.0.1.0.weight bev_decoders.0.head.task_heads.1.dim.0.1.0.bias bev_decoders.0.head.task_heads.1.dim.0.1.1.weight bev_decoders.0.head.task_heads.1.dim.0.1.1.bias bev_decoders.0.head.task_heads.1.dim.0.1.1.running_mean bev_decoders.0.head.task_heads.1.dim.0.1.1.running_var bev_decoders.0.head.task_heads.1.dim.1.0.weight bev_decoders.0.head.task_heads.1.rot.0.0.0.weight bev_decoders.0.head.task_heads.1.rot.0.0.0.bias bev_decoders.0.head.task_heads.1.rot.0.1.0.weight bev_decoders.0.head.task_heads.1.rot.0.1.0.bias bev_decoders.0.head.task_heads.1.rot.0.1.1.weight bev_decoders.0.head.task_heads.1.rot.0.1.1.bias bev_decoders.0.head.task_heads.1.rot.0.1.1.running_mean bev_decoders.0.head.task_heads.1.rot.0.1.1.running_var bev_decoders.0.head.task_heads.1.rot.1.0.weight bev_decoders.0.head.task_heads.1.vel.0.0.0.weight bev_decoders.0.head.task_heads.1.vel.0.0.0.bias bev_decoders.0.head.task_heads.1.vel.0.1.0.weight bev_decoders.0.head.task_heads.1.vel.0.1.0.bias bev_decoders.0.head.task_heads.1.vel.0.1.1.weight bev_decoders.0.head.task_heads.1.vel.0.1.1.bias bev_decoders.0.head.task_heads.1.vel.0.1.1.running_mean bev_decoders.0.head.task_heads.1.vel.0.1.1.running_var bev_decoders.0.head.task_heads.1.vel.1.0.weight bev_decoders.0.head.task_heads.1.heatmap.0.0.0.weight bev_decoders.0.head.task_heads.1.heatmap.0.0.0.bias bev_decoders.0.head.task_heads.1.heatmap.0.1.0.weight bev_decoders.0.head.task_heads.1.heatmap.0.1.0.bias bev_decoders.0.head.task_heads.1.heatmap.0.1.1.weight bev_decoders.0.head.task_heads.1.heatmap.0.1.1.bias bev_decoders.0.head.task_heads.1.heatmap.0.1.1.running_mean bev_decoders.0.head.task_heads.1.heatmap.0.1.1.running_var bev_decoders.0.head.task_heads.1.heatmap.1.0.weight bev_decoders.0.head.task_heads.1.heatmap.1.0.bias bev_decoders.0.head.task_heads.2.reg.0.0.0.weight bev_decoders.0.head.task_heads.2.reg.0.0.0.bias bev_decoders.0.head.task_heads.2.reg.0.1.0.weight bev_decoders.0.head.task_heads.2.reg.0.1.0.bias bev_decoders.0.head.task_heads.2.reg.0.1.1.weight bev_decoders.0.head.task_heads.2.reg.0.1.1.bias bev_decoders.0.head.task_heads.2.reg.0.1.1.running_mean bev_decoders.0.head.task_heads.2.reg.0.1.1.running_var bev_decoders.0.head.task_heads.2.reg.1.0.weight bev_decoders.0.head.task_heads.2.height.0.0.0.weight bev_decoders.0.head.task_heads.2.height.0.0.0.bias bev_decoders.0.head.task_heads.2.height.0.1.0.weight bev_decoders.0.head.task_heads.2.height.0.1.0.bias bev_decoders.0.head.task_heads.2.height.0.1.1.weight bev_decoders.0.head.task_heads.2.height.0.1.1.bias bev_decoders.0.head.task_heads.2.height.0.1.1.running_mean bev_decoders.0.head.task_heads.2.height.0.1.1.running_var bev_decoders.0.head.task_heads.2.height.1.0.weight bev_decoders.0.head.task_heads.2.dim.0.0.0.weight bev_decoders.0.head.task_heads.2.dim.0.0.0.bias bev_decoders.0.head.task_heads.2.dim.0.1.0.weight bev_decoders.0.head.task_heads.2.dim.0.1.0.bias bev_decoders.0.head.task_heads.2.dim.0.1.1.weight bev_decoders.0.head.task_heads.2.dim.0.1.1.bias bev_decoders.0.head.task_heads.2.dim.0.1.1.running_mean bev_decoders.0.head.task_heads.2.dim.0.1.1.running_var bev_decoders.0.head.task_heads.2.dim.1.0.weight bev_decoders.0.head.task_heads.2.rot.0.0.0.weight bev_decoders.0.head.task_heads.2.rot.0.0.0.bias bev_decoders.0.head.task_heads.2.rot.0.1.0.weight bev_decoders.0.head.task_heads.2.rot.0.1.0.bias bev_decoders.0.head.task_heads.2.rot.0.1.1.weight bev_decoders.0.head.task_heads.2.rot.0.1.1.bias bev_decoders.0.head.task_heads.2.rot.0.1.1.running_mean bev_decoders.0.head.task_heads.2.rot.0.1.1.running_var bev_decoders.0.head.task_heads.2.rot.1.0.weight bev_decoders.0.head.task_heads.2.vel.0.0.0.weight bev_decoders.0.head.task_heads.2.vel.0.0.0.bias bev_decoders.0.head.task_heads.2.vel.0.1.0.weight bev_decoders.0.head.task_heads.2.vel.0.1.0.bias bev_decoders.0.head.task_heads.2.vel.0.1.1.weight bev_decoders.0.head.task_heads.2.vel.0.1.1.bias bev_decoders.0.head.task_heads.2.vel.0.1.1.running_mean bev_decoders.0.head.task_heads.2.vel.0.1.1.running_var bev_decoders.0.head.task_heads.2.vel.1.0.weight bev_decoders.0.head.task_heads.2.heatmap.0.0.0.weight bev_decoders.0.head.task_heads.2.heatmap.0.0.0.bias bev_decoders.0.head.task_heads.2.heatmap.0.1.0.weight bev_decoders.0.head.task_heads.2.heatmap.0.1.0.bias bev_decoders.0.head.task_heads.2.heatmap.0.1.1.weight bev_decoders.0.head.task_heads.2.heatmap.0.1.1.bias bev_decoders.0.head.task_heads.2.heatmap.0.1.1.running_mean bev_decoders.0.head.task_heads.2.heatmap.0.1.1.running_var bev_decoders.0.head.task_heads.2.heatmap.1.0.weight bev_decoders.0.head.task_heads.2.heatmap.1.0.bias bev_decoders.0.head.task_heads.3.reg.0.0.0.weight bev_decoders.0.head.task_heads.3.reg.0.0.0.bias bev_decoders.0.head.task_heads.3.reg.0.1.0.weight bev_decoders.0.head.task_heads.3.reg.0.1.0.bias bev_decoders.0.head.task_heads.3.reg.0.1.1.weight bev_decoders.0.head.task_heads.3.reg.0.1.1.bias bev_decoders.0.head.task_heads.3.reg.0.1.1.running_mean bev_decoders.0.head.task_heads.3.reg.0.1.1.running_var bev_decoders.0.head.task_heads.3.reg.1.0.weight bev_decoders.0.head.task_heads.3.height.0.0.0.weight bev_decoders.0.head.task_heads.3.height.0.0.0.bias bev_decoders.0.head.task_heads.3.height.0.1.0.weight bev_decoders.0.head.task_heads.3.height.0.1.0.bias bev_decoders.0.head.task_heads.3.height.0.1.1.weight bev_decoders.0.head.task_heads.3.height.0.1.1.bias bev_decoders.0.head.task_heads.3.height.0.1.1.running_mean bev_decoders.0.head.task_heads.3.height.0.1.1.running_var bev_decoders.0.head.task_heads.3.height.1.0.weight bev_decoders.0.head.task_heads.3.dim.0.0.0.weight bev_decoders.0.head.task_heads.3.dim.0.0.0.bias bev_decoders.0.head.task_heads.3.dim.0.1.0.weight bev_decoders.0.head.task_heads.3.dim.0.1.0.bias bev_decoders.0.head.task_heads.3.dim.0.1.1.weight bev_decoders.0.head.task_heads.3.dim.0.1.1.bias bev_decoders.0.head.task_heads.3.dim.0.1.1.running_mean bev_decoders.0.head.task_heads.3.dim.0.1.1.running_var bev_decoders.0.head.task_heads.3.dim.1.0.weight bev_decoders.0.head.task_heads.3.rot.0.0.0.weight bev_decoders.0.head.task_heads.3.rot.0.0.0.bias bev_decoders.0.head.task_heads.3.rot.0.1.0.weight bev_decoders.0.head.task_heads.3.rot.0.1.0.bias bev_decoders.0.head.task_heads.3.rot.0.1.1.weight bev_decoders.0.head.task_heads.3.rot.0.1.1.bias bev_decoders.0.head.task_heads.3.rot.0.1.1.running_mean bev_decoders.0.head.task_heads.3.rot.0.1.1.running_var bev_decoders.0.head.task_heads.3.rot.1.0.weight bev_decoders.0.head.task_heads.3.vel.0.0.0.weight bev_decoders.0.head.task_heads.3.vel.0.0.0.bias bev_decoders.0.head.task_heads.3.vel.0.1.0.weight bev_decoders.0.head.task_heads.3.vel.0.1.0.bias bev_decoders.0.head.task_heads.3.vel.0.1.1.weight bev_decoders.0.head.task_heads.3.vel.0.1.1.bias bev_decoders.0.head.task_heads.3.vel.0.1.1.running_mean bev_decoders.0.head.task_heads.3.vel.0.1.1.running_var bev_decoders.0.head.task_heads.3.vel.1.0.weight bev_decoders.0.head.task_heads.3.heatmap.0.0.0.weight bev_decoders.0.head.task_heads.3.heatmap.0.0.0.bias bev_decoders.0.head.task_heads.3.heatmap.0.1.0.weight bev_decoders.0.head.task_heads.3.heatmap.0.1.0.bias bev_decoders.0.head.task_heads.3.heatmap.0.1.1.weight bev_decoders.0.head.task_heads.3.heatmap.0.1.1.bias bev_decoders.0.head.task_heads.3.heatmap.0.1.1.running_mean bev_decoders.0.head.task_heads.3.heatmap.0.1.1.running_var bev_decoders.0.head.task_heads.3.heatmap.1.0.weight bev_decoders.0.head.task_heads.3.heatmap.1.0.bias bev_decoders.0.head.task_heads.4.reg.0.0.0.weight bev_decoders.0.head.task_heads.4.reg.0.0.0.bias bev_decoders.0.head.task_heads.4.reg.0.1.0.weight bev_decoders.0.head.task_heads.4.reg.0.1.0.bias bev_decoders.0.head.task_heads.4.reg.0.1.1.weight bev_decoders.0.head.task_heads.4.reg.0.1.1.bias bev_decoders.0.head.task_heads.4.reg.0.1.1.running_mean bev_decoders.0.head.task_heads.4.reg.0.1.1.running_var bev_decoders.0.head.task_heads.4.reg.1.0.weight bev_decoders.0.head.task_heads.4.height.0.0.0.weight bev_decoders.0.head.task_heads.4.height.0.0.0.bias bev_decoders.0.head.task_heads.4.height.0.1.0.weight bev_decoders.0.head.task_heads.4.height.0.1.0.bias bev_decoders.0.head.task_heads.4.height.0.1.1.weight bev_decoders.0.head.task_heads.4.height.0.1.1.bias bev_decoders.0.head.task_heads.4.height.0.1.1.running_mean bev_decoders.0.head.task_heads.4.height.0.1.1.running_var bev_decoders.0.head.task_heads.4.height.1.0.weight bev_decoders.0.head.task_heads.4.dim.0.0.0.weight bev_decoders.0.head.task_heads.4.dim.0.0.0.bias bev_decoders.0.head.task_heads.4.dim.0.1.0.weight bev_decoders.0.head.task_heads.4.dim.0.1.0.bias bev_decoders.0.head.task_heads.4.dim.0.1.1.weight bev_decoders.0.head.task_heads.4.dim.0.1.1.bias bev_decoders.0.head.task_heads.4.dim.0.1.1.running_mean bev_decoders.0.head.task_heads.4.dim.0.1.1.running_var bev_decoders.0.head.task_heads.4.dim.1.0.weight bev_decoders.0.head.task_heads.4.rot.0.0.0.weight bev_decoders.0.head.task_heads.4.rot.0.0.0.bias bev_decoders.0.head.task_heads.4.rot.0.1.0.weight bev_decoders.0.head.task_heads.4.rot.0.1.0.bias bev_decoders.0.head.task_heads.4.rot.0.1.1.weight bev_decoders.0.head.task_heads.4.rot.0.1.1.bias bev_decoders.0.head.task_heads.4.rot.0.1.1.running_mean bev_decoders.0.head.task_heads.4.rot.0.1.1.running_var bev_decoders.0.head.task_heads.4.rot.1.0.weight bev_decoders.0.head.task_heads.4.vel.0.0.0.weight bev_decoders.0.head.task_heads.4.vel.0.0.0.bias bev_decoders.0.head.task_heads.4.vel.0.1.0.weight bev_decoders.0.head.task_heads.4.vel.0.1.0.bias bev_decoders.0.head.task_heads.4.vel.0.1.1.weight bev_decoders.0.head.task_heads.4.vel.0.1.1.bias bev_decoders.0.head.task_heads.4.vel.0.1.1.running_mean bev_decoders.0.head.task_heads.4.vel.0.1.1.running_var bev_decoders.0.head.task_heads.4.vel.1.0.weight bev_decoders.0.head.task_heads.4.heatmap.0.0.0.weight bev_decoders.0.head.task_heads.4.heatmap.0.0.0.bias bev_decoders.0.head.task_heads.4.heatmap.0.1.0.weight bev_decoders.0.head.task_heads.4.heatmap.0.1.0.bias bev_decoders.0.head.task_heads.4.heatmap.0.1.1.weight bev_decoders.0.head.task_heads.4.heatmap.0.1.1.bias bev_decoders.0.head.task_heads.4.heatmap.0.1.1.running_mean bev_decoders.0.head.task_heads.4.heatmap.0.1.1.running_var bev_decoders.0.head.task_heads.4.heatmap.1.0.weight bev_decoders.0.head.task_heads.4.heatmap.1.0.bias bev_decoders.0.head.task_heads.5.reg.0.0.0.weight bev_decoders.0.head.task_heads.5.reg.0.0.0.bias bev_decoders.0.head.task_heads.5.reg.0.1.0.weight bev_decoders.0.head.task_heads.5.reg.0.1.0.bias bev_decoders.0.head.task_heads.5.reg.0.1.1.weight bev_decoders.0.head.task_heads.5.reg.0.1.1.bias bev_decoders.0.head.task_heads.5.reg.0.1.1.running_mean bev_decoders.0.head.task_heads.5.reg.0.1.1.running_var bev_decoders.0.head.task_heads.5.reg.1.0.weight bev_decoders.0.head.task_heads.5.height.0.0.0.weight bev_decoders.0.head.task_heads.5.height.0.0.0.bias bev_decoders.0.head.task_heads.5.height.0.1.0.weight bev_decoders.0.head.task_heads.5.height.0.1.0.bias bev_decoders.0.head.task_heads.5.height.0.1.1.weight bev_decoders.0.head.task_heads.5.height.0.1.1.bias bev_decoders.0.head.task_heads.5.height.0.1.1.running_mean bev_decoders.0.head.task_heads.5.height.0.1.1.running_var bev_decoders.0.head.task_heads.5.height.1.0.weight bev_decoders.0.head.task_heads.5.dim.0.0.0.weight bev_decoders.0.head.task_heads.5.dim.0.0.0.bias bev_decoders.0.head.task_heads.5.dim.0.1.0.weight bev_decoders.0.head.task_heads.5.dim.0.1.0.bias bev_decoders.0.head.task_heads.5.dim.0.1.1.weight bev_decoders.0.head.task_heads.5.dim.0.1.1.bias bev_decoders.0.head.task_heads.5.dim.0.1.1.running_mean bev_decoders.0.head.task_heads.5.dim.0.1.1.running_var bev_decoders.0.head.task_heads.5.dim.1.0.weight bev_decoders.0.head.task_heads.5.rot.0.0.0.weight bev_decoders.0.head.task_heads.5.rot.0.0.0.bias bev_decoders.0.head.task_heads.5.rot.0.1.0.weight bev_decoders.0.head.task_heads.5.rot.0.1.0.bias bev_decoders.0.head.task_heads.5.rot.0.1.1.weight bev_decoders.0.head.task_heads.5.rot.0.1.1.bias bev_decoders.0.head.task_heads.5.rot.0.1.1.running_mean bev_decoders.0.head.task_heads.5.rot.0.1.1.running_var bev_decoders.0.head.task_heads.5.rot.1.0.weight bev_decoders.0.head.task_heads.5.vel.0.0.0.weight bev_decoders.0.head.task_heads.5.vel.0.0.0.bias bev_decoders.0.head.task_heads.5.vel.0.1.0.weight bev_decoders.0.head.task_heads.5.vel.0.1.0.bias bev_decoders.0.head.task_heads.5.vel.0.1.1.weight bev_decoders.0.head.task_heads.5.vel.0.1.1.bias bev_decoders.0.head.task_heads.5.vel.0.1.1.running_mean bev_decoders.0.head.task_heads.5.vel.0.1.1.running_var bev_decoders.0.head.task_heads.5.vel.1.0.weight bev_decoders.0.head.task_heads.5.heatmap.0.0.0.weight bev_decoders.0.head.task_heads.5.heatmap.0.0.0.bias bev_decoders.0.head.task_heads.5.heatmap.0.1.0.weight bev_decoders.0.head.task_heads.5.heatmap.0.1.0.bias bev_decoders.0.head.task_heads.5.heatmap.0.1.1.weight bev_decoders.0.head.task_heads.5.heatmap.0.1.1.bias bev_decoders.0.head.task_heads.5.heatmap.0.1.1.running_mean bev_decoders.0.head.task_heads.5.heatmap.0.1.1.running_var bev_decoders.0.head.task_heads.5.heatmap.1.0.weight bev_decoders.0.head.task_heads.5.heatmap.1.0.bias
2026-07-13 14:16:40,759 WARNING [checkpoint.py:415] Node[0] unexpect_key num: 301
2026-07-13 14:16:40,759 WARNING [checkpoint.py:417] Node[0] unexpect_key: lidar_net.head.shared_conv.0.0.weight lidar_net.head.shared_conv.0.0.bias lidar_net.head.shared_conv.0.1.weight lidar_net.head.shared_conv.0.1.bias lidar_net.head.shared_conv.0.1.running_mean lidar_net.head.shared_conv.0.1.running_var lidar_net.head.shared_conv.0.1.num_batches_tracked lidar_net.head.task_heads.0.reg.0.0.weight lidar_net.head.task_heads.0.reg.0.0.bias lidar_net.head.task_heads.0.reg.0.1.weight lidar_net.head.task_heads.0.reg.0.1.bias lidar_net.head.task_heads.0.reg.0.1.running_mean lidar_net.head.task_heads.0.reg.0.1.running_var lidar_net.head.task_heads.0.reg.0.1.num_batches_tracked lidar_net.head.task_heads.0.reg.1.0.weight lidar_net.head.task_heads.0.height.0.0.weight lidar_net.head.task_heads.0.height.0.0.bias lidar_net.head.task_heads.0.height.0.1.weight lidar_net.head.task_heads.0.height.0.1.bias lidar_net.head.task_heads.0.height.0.1.running_mean lidar_net.head.task_heads.0.height.0.1.running_var lidar_net.head.task_heads.0.height.0.1.num_batches_tracked lidar_net.head.task_heads.0.height.1.0.weight lidar_net.head.task_heads.0.dim.0.0.weight lidar_net.head.task_heads.0.dim.0.0.bias lidar_net.head.task_heads.0.dim.0.1.weight lidar_net.head.task_heads.0.dim.0.1.bias lidar_net.head.task_heads.0.dim.0.1.running_mean lidar_net.head.task_heads.0.dim.0.1.running_var lidar_net.head.task_heads.0.dim.0.1.num_batches_tracked lidar_net.head.task_heads.0.dim.1.0.weight lidar_net.head.task_heads.0.rot.0.0.weight lidar_net.head.task_heads.0.rot.0.0.bias lidar_net.head.task_heads.0.rot.0.1.weight lidar_net.head.task_heads.0.rot.0.1.bias lidar_net.head.task_heads.0.rot.0.1.running_mean lidar_net.head.task_heads.0.rot.0.1.running_var lidar_net.head.task_heads.0.rot.0.1.num_batches_tracked lidar_net.head.task_heads.0.rot.1.0.weight lidar_net.head.task_heads.0.vel.0.0.weight lidar_net.head.task_heads.0.vel.0.0.bias lidar_net.head.task_heads.0.vel.0.1.weight lidar_net.head.task_heads.0.vel.0.1.bias lidar_net.head.task_heads.0.vel.0.1.running_mean lidar_net.head.task_heads.0.vel.0.1.running_var lidar_net.head.task_heads.0.vel.0.1.num_batches_tracked lidar_net.head.task_heads.0.vel.1.0.weight lidar_net.head.task_heads.0.heatmap.0.0.weight lidar_net.head.task_heads.0.heatmap.0.0.bias lidar_net.head.task_heads.0.heatmap.0.1.weight lidar_net.head.task_heads.0.heatmap.0.1.bias lidar_net.head.task_heads.0.heatmap.0.1.running_mean lidar_net.head.task_heads.0.heatmap.0.1.running_var lidar_net.head.task_heads.0.heatmap.0.1.num_batches_tracked lidar_net.head.task_heads.0.heatmap.1.0.weight lidar_net.head.task_heads.0.heatmap.1.0.bias lidar_net.head.task_heads.1.reg.0.0.weight lidar_net.head.task_heads.1.reg.0.0.bias lidar_net.head.task_heads.1.reg.0.1.weight lidar_net.head.task_heads.1.reg.0.1.bias lidar_net.head.task_heads.1.reg.0.1.running_mean lidar_net.head.task_heads.1.reg.0.1.running_var lidar_net.head.task_heads.1.reg.0.1.num_batches_tracked lidar_net.head.task_heads.1.reg.1.0.weight lidar_net.head.task_heads.1.height.0.0.weight lidar_net.head.task_heads.1.height.0.0.bias lidar_net.head.task_heads.1.height.0.1.weight lidar_net.head.task_heads.1.height.0.1.bias lidar_net.head.task_heads.1.height.0.1.running_mean lidar_net.head.task_heads.1.height.0.1.running_var lidar_net.head.task_heads.1.height.0.1.num_batches_tracked lidar_net.head.task_heads.1.height.1.0.weight lidar_net.head.task_heads.1.dim.0.0.weight lidar_net.head.task_heads.1.dim.0.0.bias lidar_net.head.task_heads.1.dim.0.1.weight lidar_net.head.task_heads.1.dim.0.1.bias lidar_net.head.task_heads.1.dim.0.1.running_mean lidar_net.head.task_heads.1.dim.0.1.running_var lidar_net.head.task_heads.1.dim.0.1.num_batches_tracked lidar_net.head.task_heads.1.dim.1.0.weight lidar_net.head.task_heads.1.rot.0.0.weight lidar_net.head.task_heads.1.rot.0.0.bias lidar_net.head.task_heads.1.rot.0.1.weight lidar_net.head.task_heads.1.rot.0.1.bias lidar_net.head.task_heads.1.rot.0.1.running_mean lidar_net.head.task_heads.1.rot.0.1.running_var lidar_net.head.task_heads.1.rot.0.1.num_batches_tracked lidar_net.head.task_heads.1.rot.1.0.weight lidar_net.head.task_heads.1.vel.0.0.weight lidar_net.head.task_heads.1.vel.0.0.bias lidar_net.head.task_heads.1.vel.0.1.weight lidar_net.head.task_heads.1.vel.0.1.bias lidar_net.head.task_heads.1.vel.0.1.running_mean lidar_net.head.task_heads.1.vel.0.1.running_var lidar_net.head.task_heads.1.vel.0.1.num_batches_tracked lidar_net.head.task_heads.1.vel.1.0.weight lidar_net.head.task_heads.1.heatmap.0.0.weight lidar_net.head.task_heads.1.heatmap.0.0.bias lidar_net.head.task_heads.1.heatmap.0.1.weight lidar_net.head.task_heads.1.heatmap.0.1.bias lidar_net.head.task_heads.1.heatmap.0.1.running_mean lidar_net.head.task_heads.1.heatmap.0.1.running_var lidar_net.head.task_heads.1.heatmap.0.1.num_batches_tracked lidar_net.head.task_heads.1.heatmap.1.0.weight lidar_net.head.task_heads.1.heatmap.1.0.bias lidar_net.head.task_heads.2.reg.0.0.weight lidar_net.head.task_heads.2.reg.0.0.bias lidar_net.head.task_heads.2.reg.0.1.weight lidar_net.head.task_heads.2.reg.0.1.bias lidar_net.head.task_heads.2.reg.0.1.running_mean lidar_net.head.task_heads.2.reg.0.1.running_var lidar_net.head.task_heads.2.reg.0.1.num_batches_tracked lidar_net.head.task_heads.2.reg.1.0.weight lidar_net.head.task_heads.2.height.0.0.weight lidar_net.head.task_heads.2.height.0.0.bias lidar_net.head.task_heads.2.height.0.1.weight lidar_net.head.task_heads.2.height.0.1.bias lidar_net.head.task_heads.2.height.0.1.running_mean lidar_net.head.task_heads.2.height.0.1.running_var lidar_net.head.task_heads.2.height.0.1.num_batches_tracked lidar_net.head.task_heads.2.height.1.0.weight lidar_net.head.task_heads.2.dim.0.0.weight lidar_net.head.task_heads.2.dim.0.0.bias lidar_net.head.task_heads.2.dim.0.1.weight lidar_net.head.task_heads.2.dim.0.1.bias lidar_net.head.task_heads.2.dim.0.1.running_mean lidar_net.head.task_heads.2.dim.0.1.running_var lidar_net.head.task_heads.2.dim.0.1.num_batches_tracked lidar_net.head.task_heads.2.dim.1.0.weight lidar_net.head.task_heads.2.rot.0.0.weight lidar_net.head.task_heads.2.rot.0.0.bias lidar_net.head.task_heads.2.rot.0.1.weight lidar_net.head.task_heads.2.rot.0.1.bias lidar_net.head.task_heads.2.rot.0.1.running_mean lidar_net.head.task_heads.2.rot.0.1.running_var lidar_net.head.task_heads.2.rot.0.1.num_batches_tracked lidar_net.head.task_heads.2.rot.1.0.weight lidar_net.head.task_heads.2.vel.0.0.weight lidar_net.head.task_heads.2.vel.0.0.bias lidar_net.head.task_heads.2.vel.0.1.weight lidar_net.head.task_heads.2.vel.0.1.bias lidar_net.head.task_heads.2.vel.0.1.running_mean lidar_net.head.task_heads.2.vel.0.1.running_var lidar_net.head.task_heads.2.vel.0.1.num_batches_tracked lidar_net.head.task_heads.2.vel.1.0.weight lidar_net.head.task_heads.2.heatmap.0.0.weight lidar_net.head.task_heads.2.heatmap.0.0.bias lidar_net.head.task_heads.2.heatmap.0.1.weight lidar_net.head.task_heads.2.heatmap.0.1.bias lidar_net.head.task_heads.2.heatmap.0.1.running_mean lidar_net.head.task_heads.2.heatmap.0.1.running_var lidar_net.head.task_heads.2.heatmap.0.1.num_batches_tracked lidar_net.head.task_heads.2.heatmap.1.0.weight lidar_net.head.task_heads.2.heatmap.1.0.bias lidar_net.head.task_heads.3.reg.0.0.weight lidar_net.head.task_heads.3.reg.0.0.bias lidar_net.head.task_heads.3.reg.0.1.weight lidar_net.head.task_heads.3.reg.0.1.bias lidar_net.head.task_heads.3.reg.0.1.running_mean lidar_net.head.task_heads.3.reg.0.1.running_var lidar_net.head.task_heads.3.reg.0.1.num_batches_tracked lidar_net.head.task_heads.3.reg.1.0.weight lidar_net.head.task_heads.3.height.0.0.weight lidar_net.head.task_heads.3.height.0.0.bias lidar_net.head.task_heads.3.height.0.1.weight lidar_net.head.task_heads.3.height.0.1.bias lidar_net.head.task_heads.3.height.0.1.running_mean lidar_net.head.task_heads.3.height.0.1.running_var lidar_net.head.task_heads.3.height.0.1.num_batches_tracked lidar_net.head.task_heads.3.height.1.0.weight lidar_net.head.task_heads.3.dim.0.0.weight lidar_net.head.task_heads.3.dim.0.0.bias lidar_net.head.task_heads.3.dim.0.1.weight lidar_net.head.task_heads.3.dim.0.1.bias lidar_net.head.task_heads.3.dim.0.1.running_mean lidar_net.head.task_heads.3.dim.0.1.running_var lidar_net.head.task_heads.3.dim.0.1.num_batches_tracked lidar_net.head.task_heads.3.dim.1.0.weight lidar_net.head.task_heads.3.rot.0.0.weight lidar_net.head.task_heads.3.rot.0.0.bias lidar_net.head.task_heads.3.rot.0.1.weight lidar_net.head.task_heads.3.rot.0.1.bias lidar_net.head.task_heads.3.rot.0.1.running_mean lidar_net.head.task_heads.3.rot.0.1.running_var lidar_net.head.task_heads.3.rot.0.1.num_batches_tracked lidar_net.head.task_heads.3.rot.1.0.weight lidar_net.head.task_heads.3.vel.0.0.weight lidar_net.head.task_heads.3.vel.0.0.bias lidar_net.head.task_heads.3.vel.0.1.weight lidar_net.head.task_heads.3.vel.0.1.bias lidar_net.head.task_heads.3.vel.0.1.running_mean lidar_net.head.task_heads.3.vel.0.1.running_var lidar_net.head.task_heads.3.vel.0.1.num_batches_tracked lidar_net.head.task_heads.3.vel.1.0.weight lidar_net.head.task_heads.3.heatmap.0.0.weight lidar_net.head.task_heads.3.heatmap.0.0.bias lidar_net.head.task_heads.3.heatmap.0.1.weight lidar_net.head.task_heads.3.heatmap.0.1.bias lidar_net.head.task_heads.3.heatmap.0.1.running_mean lidar_net.head.task_heads.3.heatmap.0.1.running_var lidar_net.head.task_heads.3.heatmap.0.1.num_batches_tracked lidar_net.head.task_heads.3.heatmap.1.0.weight lidar_net.head.task_heads.3.heatmap.1.0.bias lidar_net.head.task_heads.4.reg.0.0.weight lidar_net.head.task_heads.4.reg.0.0.bias lidar_net.head.task_heads.4.reg.0.1.weight lidar_net.head.task_heads.4.reg.0.1.bias lidar_net.head.task_heads.4.reg.0.1.running_mean lidar_net.head.task_heads.4.reg.0.1.running_var lidar_net.head.task_heads.4.reg.0.1.num_batches_tracked lidar_net.head.task_heads.4.reg.1.0.weight lidar_net.head.task_heads.4.height.0.0.weight lidar_net.head.task_heads.4.height.0.0.bias lidar_net.head.task_heads.4.height.0.1.weight lidar_net.head.task_heads.4.height.0.1.bias lidar_net.head.task_heads.4.height.0.1.running_mean lidar_net.head.task_heads.4.height.0.1.running_var lidar_net.head.task_heads.4.height.0.1.num_batches_tracked lidar_net.head.task_heads.4.height.1.0.weight lidar_net.head.task_heads.4.dim.0.0.weight lidar_net.head.task_heads.4.dim.0.0.bias lidar_net.head.task_heads.4.dim.0.1.weight lidar_net.head.task_heads.4.dim.0.1.bias lidar_net.head.task_heads.4.dim.0.1.running_mean lidar_net.head.task_heads.4.dim.0.1.running_var lidar_net.head.task_heads.4.dim.0.1.num_batches_tracked lidar_net.head.task_heads.4.dim.1.0.weight lidar_net.head.task_heads.4.rot.0.0.weight lidar_net.head.task_heads.4.rot.0.0.bias lidar_net.head.task_heads.4.rot.0.1.weight lidar_net.head.task_heads.4.rot.0.1.bias lidar_net.head.task_heads.4.rot.0.1.running_mean lidar_net.head.task_heads.4.rot.0.1.running_var lidar_net.head.task_heads.4.rot.0.1.num_batches_tracked lidar_net.head.task_heads.4.rot.1.0.weight lidar_net.head.task_heads.4.vel.0.0.weight lidar_net.head.task_heads.4.vel.0.0.bias lidar_net.head.task_heads.4.vel.0.1.weight lidar_net.head.task_heads.4.vel.0.1.bias lidar_net.head.task_heads.4.vel.0.1.running_mean lidar_net.head.task_heads.4.vel.0.1.running_var lidar_net.head.task_heads.4.vel.0.1.num_batches_tracked lidar_net.head.task_heads.4.vel.1.0.weight lidar_net.head.task_heads.4.heatmap.0.0.weight lidar_net.head.task_heads.4.heatmap.0.0.bias lidar_net.head.task_heads.4.heatmap.0.1.weight lidar_net.head.task_heads.4.heatmap.0.1.bias lidar_net.head.task_heads.4.heatmap.0.1.running_mean lidar_net.head.task_heads.4.heatmap.0.1.running_var lidar_net.head.task_heads.4.heatmap.0.1.num_batches_tracked lidar_net.head.task_heads.4.heatmap.1.0.weight lidar_net.head.task_heads.4.heatmap.1.0.bias lidar_net.head.task_heads.5.reg.0.0.weight lidar_net.head.task_heads.5.reg.0.0.bias lidar_net.head.task_heads.5.reg.0.1.weight lidar_net.head.task_heads.5.reg.0.1.bias lidar_net.head.task_heads.5.reg.0.1.running_mean lidar_net.head.task_heads.5.reg.0.1.running_var lidar_net.head.task_heads.5.reg.0.1.num_batches_tracked lidar_net.head.task_heads.5.reg.1.0.weight lidar_net.head.task_heads.5.height.0.0.weight lidar_net.head.task_heads.5.height.0.0.bias lidar_net.head.task_heads.5.height.0.1.weight lidar_net.head.task_heads.5.height.0.1.bias lidar_net.head.task_heads.5.height.0.1.running_mean lidar_net.head.task_heads.5.height.0.1.running_var lidar_net.head.task_heads.5.height.0.1.num_batches_tracked lidar_net.head.task_heads.5.height.1.0.weight lidar_net.head.task_heads.5.dim.0.0.weight lidar_net.head.task_heads.5.dim.0.0.bias lidar_net.head.task_heads.5.dim.0.1.weight lidar_net.head.task_heads.5.dim.0.1.bias lidar_net.head.task_heads.5.dim.0.1.running_mean lidar_net.head.task_heads.5.dim.0.1.running_var lidar_net.head.task_heads.5.dim.0.1.num_batches_tracked lidar_net.head.task_heads.5.dim.1.0.weight lidar_net.head.task_heads.5.rot.0.0.weight lidar_net.head.task_heads.5.rot.0.0.bias lidar_net.head.task_heads.5.rot.0.1.weight lidar_net.head.task_heads.5.rot.0.1.bias lidar_net.head.task_heads.5.rot.0.1.running_mean lidar_net.head.task_heads.5.rot.0.1.running_var lidar_net.head.task_heads.5.rot.0.1.num_batches_tracked lidar_net.head.task_heads.5.rot.1.0.weight lidar_net.head.task_heads.5.vel.0.0.weight lidar_net.head.task_heads.5.vel.0.0.bias lidar_net.head.task_heads.5.vel.0.1.weight lidar_net.head.task_heads.5.vel.0.1.bias lidar_net.head.task_heads.5.vel.0.1.running_mean lidar_net.head.task_heads.5.vel.0.1.running_var lidar_net.head.task_heads.5.vel.0.1.num_batches_tracked lidar_net.head.task_heads.5.vel.1.0.weight lidar_net.head.task_heads.5.heatmap.0.0.weight lidar_net.head.task_heads.5.heatmap.0.0.bias lidar_net.head.task_heads.5.heatmap.0.1.weight lidar_net.head.task_heads.5.heatmap.0.1.bias lidar_net.head.task_heads.5.heatmap.0.1.running_mean lidar_net.head.task_heads.5.heatmap.0.1.running_var lidar_net.head.task_heads.5.heatmap.0.1.num_batches_tracked lidar_net.head.task_heads.5.heatmap.1.0.weight lidar_net.head.task_heads.5.heatmap.1.0.bias
2026-07-13 14:16:40,759 INFO [ckpt_converters.py:88] Node[0] [32mLoad the checkpoint successfully from ./tmp_pretrained_models/centerpoint_pointpillar_nuscenes/float-checkpoint-last.pth.tar[0m
2026-07-13 14:16:40,913 WARNING [ddp_trainer.py:61] Node[0] Detected that `torch==2.6.0+cu126`, and `hat.models.SyncBatchNorm `will be used to replace `torch.nn.SyncBatchNorm`, which will be faster during training.
2026-07-13 14:16:41,479 WARNING [request.py:27] Node[0] Train strategy upload failed ! Cannot get USER_TOKEN/JOB_ID/CLUSTER from env.
2026-07-13 14:16:41,479 INFO [loop_base.py:482] Node[0] [32mStart DistributedDataParallelTrainer loop from epoch 0, num_epochs=24[0m
2026-07-13 14:16:41,484 INFO [grad_scale.py:151] Node[0] [GradScale] []
2026-07-13 14:16:41,493 INFO [monitor.py:143] Node[0] Epoch[0] Begin ==================================================
2026-07-13 14:16:41,494 INFO [lr_updater.py:204] Node[0] Epoch[0] Step[0] GlobalStep[0] lr=0.000400
2026-07-13 14:21:15,768 INFO [monitor.py:131] Node[0] Epoch[0] Step[0-199] Cost Time: 274.273s Speed: 4.38 samples/sec Remaining Time: 10:42:05 Remaining step percent: 99.29%
2026-07-13 14:21:17,013 INFO [metric_updater.py:360] Node[0] Epoch[0] Step[199] GlobalStep[199] loss_bevfusion_centerpoint_pointpillar_henet_multisensor_multitask_nuscenes: car_cls_loss[1.3787] car_reg_loss[0.9483] truck_cls_loss[4.9311] truck_reg_loss[1.0531] bus_cls_loss[13.5997] bus_reg_loss[1.1295] barrier_cls_loss[4.8965] barrier_reg_loss[0.8873] bicycle_cls_loss[15.9023] bicycle_reg_loss[0.9259] pedestrian_cls_loss[2.1447] pedestrian_reg_loss[0.9830] 
2026-07-13 14:25:25,999 INFO [monitor.py:131] Node[0] Epoch[0] Step[200-399] Cost Time: 250.230s Speed: 4.80 samples/sec Remaining Time: 9:38:41 Remaining step percent: 98.58%
2026-07-13 14:25:27,242 INFO [metric_updater.py:360] Node[0] Epoch[0] Step[399] GlobalStep[399] loss_bevfusion_centerpoint_pointpillar_henet_multisensor_multitask_nuscenes: car_cls_loss[0.9495] car_reg_loss[0.8020] truck_cls_loss[2.9136] truck_reg_loss[0.8835] bus_cls_loss[7.2240] bus_reg_loss[0.9316] barrier_cls_loss[2.7745] barrier_reg_loss[0.7740] bicycle_cls_loss[8.8550] bicycle_reg_loss[0.8387] pedestrian_cls_loss[1.3186] pedestrian_reg_loss[0.8694] 
2026-07-13 14:27:25,130 INFO [lr_updater.py:204] Node[0] Epoch[0] Step[499] GlobalStep[499] lr=0.000399
2026-07-13 14:29:30,024 INFO [monitor.py:131] Node[0] Epoch[0] Step[400-599] Cost Time: 244.024s Speed: 4.92 samples/sec Remaining Time: 9:20:16 Remaining step percent: 97.87%
2026-07-13 14:29:31,042 INFO [metric_updater.py:360] Node[0] Epoch[0] Step[599] GlobalStep[599] loss_bevfusion_centerpoint_pointpillar_henet_multisensor_multitask_nuscenes: car_cls_loss[0.8020] car_reg_loss[0.7225] truck_cls_loss[2.2141] truck_reg_loss[0.7998] bus_cls_loss[5.0536] bus_reg_loss[0.8474] barrier_cls_loss[2.0520] barrier_reg_loss[0.7180] bicycle_cls_loss[6.2240] bicycle_reg_loss[0.7835] pedestrian_cls_loss[1.0385] pedestrian_reg_loss[0.8193] 
2026-07-13 14:33:39,451 INFO [monitor.py:131] Node[0] Epoch[0] Step[600-799] Cost Time: 249.425s Speed: 4.81 samples/sec Remaining Time: 9:28:31 Remaining step percent: 97.16%
2026-07-13 14:33:40,665 INFO [metric_updater.py:360] Node[0] Epoch[0] Step[799] GlobalStep[799] loss_bevfusion_centerpoint_pointpillar_henet_multisensor_multitask_nuscenes: car_cls_loss[0.7252] car_reg_loss[0.6682] truck_cls_loss[1.8577] truck_reg_loss[0.7455] bus_cls_loss[3.9530] bus_reg_loss[0.7908] barrier_cls_loss[1.6908] barrier_reg_loss[0.6854] bicycle_cls_loss[4.8847] bicycle_reg_loss[0.7521] pedestrian_cls_loss[0.8986] pedestrian_reg_loss[0.7849] 
2026-07-13 14:37:48,983 INFO [monitor.py:131] Node[0] Epoch[0] Step[800-999] Cost Time: 249.531s Speed: 4.81 samples/sec Remaining Time: 9:24:36 Remaining step percent: 96.45%
2026-07-13 14:37:50,026 INFO [metric_updater.py:360] Node[0] Epoch[0] Step[999] GlobalStep[999] loss_bevfusion_centerpoint_pointpillar_henet_multisensor_multitask_nuscenes: car_cls_loss[0.6761] car_reg_loss[0.6292] truck_cls_loss[1.6329] truck_reg_loss[0.7027] bus_cls_loss[3.2844] bus_reg_loss[0.7476] barrier_cls_loss[1.4595] barrier_reg_loss[0.6622] bicycle_cls_loss[4.0730] bicycle_reg_loss[0.7230] pedestrian_cls_loss[0.8108] pedestrian_reg_loss[0.7625] 
2026-07-13 14:41:30,410 INFO [monitor.py:146] Node[0] Epoch[0] End   ==================================================
2026-07-13 14:41:30,412 INFO [monitor.py:149] Node[0] Epoch[0] Cost Time: 1488.918s
2026-07-13 14:41:30,412 INFO [metric_updater.py:360] Node[0] Epoch[0] loss_bevfusion_centerpoint_pointpillar_henet_multisensor_multitask_nuscenes: car_cls_loss[0.6502] car_reg_loss[0.6055] truck_cls_loss[1.5035] truck_reg_loss[0.6767] bus_cls_loss[2.8957] bus_reg_loss[0.7165] barrier_cls_loss[1.3276] barrier_reg_loss[0.6511] bicycle_cls_loss[3.6114] bicycle_reg_loss[0.7037] pedestrian_cls_loss[0.7581] pedestrian_reg_loss[0.7461] 
2026-07-13 14:41:30,412 INFO [validation.py:156] Node[0] [32mUse train `model` as val model.[0m
2026-07-13 14:41:30,567 INFO [loop_base.py:482] Node[0] [32mStart Predictor loop from epoch 0, num_epochs=1[0m
2026-07-13 14:41:30,570 INFO [fake_quantize.py:253] Node[0] Set fake quantize state to FakeQuantState.VALIDATION
2026-07-13 14:41:37,588 INFO [loop_base.py:553] Node[0] 0 / 1505
2026-07-13 14:42:05,581 INFO [loop_base.py:553] Node[0] 200 / 1505
2026-07-13 14:42:30,556 INFO [loop_base.py:553] Node[0] 400 / 1505
2026-07-13 14:42:55,606 INFO [loop_base.py:553] Node[0] 600 / 1505
2026-07-13 14:43:21,635 INFO [loop_base.py:553] Node[0] 800 / 1505
2026-07-13 14:43:46,366 INFO [loop_base.py:553] Node[0] 1000 / 1505
2026-07-13 14:44:12,882 INFO [loop_base.py:553] Node[0] 1200 / 1505
2026-07-13 14:44:37,702 INFO [loop_base.py:553] Node[0] 1400 / 1505
2026-07-13 14:44:52,800 INFO [nuscenes_metric.py:322] Node[0] The length of self.nusc_annos is: 1505
2026-07-13 14:44:55,112 INFO [nuscenes_metric.py:346] Node[0] Results writes to ./metric_results/bevfusion_centerpoint_pointpillar_henet_multisensor_multitask_nuscenes/results_nusc.json
2026-07-13 14:47:01,496 INFO [nuscenes_metric.py:388] Node[0] NDS: 0.5228, mAP:0.4831
car_AP: [0.5]:0.5947  [1.0]:0.8051  [2.0]:0.8582  [4.0]:0.8729 
truck_AP: [0.5]:0.2395  [1.0]:0.4830  [2.0]:0.5952  [4.0]:0.6360 
trailer_AP: [0.5]:0.0363  [1.0]:0.2207  [2.0]:0.4543  [4.0]:0.5419 
bus_AP: [0.5]:0.2883  [1.0]:0.6527  [2.0]:0.7884  [4.0]:0.8240 
construction_vehicle_AP: [0.5]:0.0006  [1.0]:0.1080  [2.0]:0.2940  [4.0]:0.3782 
bicycle_AP: [0.5]:0.1985  [1.0]:0.3438  [2.0]:0.3672  [4.0]:0.3852 
motorcycle_AP: [0.5]:0.3233  [1.0]:0.5965  [2.0]:0.6238  [4.0]:0.6396 
pedestrian_AP: [0.5]:0.3553  [1.0]:0.5461  [2.0]:0.5749  [4.0]:0.6229 
traffic_cone_AP: [0.5]:0.3557  [1.0]:0.5722  [2.0]:0.6224  [4.0]:0.6790 
barrier_AP: [0.5]:0.1443  [1.0]:0.4884  [2.0]:0.5848  [4.0]:0.6288 

2026-07-13 14:47:01,724 WARNING [metric.py:200] Node[0] <class 'hat.metrics.nuscenes_metric.NuscenesMetric'> not ready for distributed environment, should not be used together with DistributedSampler.Might be slow in validation due to resource competition
2026-07-13 14:47:01,724 INFO [metric_updater.py:360] Node[0] Epoch[0] Validation bevfusion_centerpoint_pointpillar_henet_multisensor_multitask_nuscenes: NDS[0.5228] 
2026-07-13 14:47:08,763 INFO [checkpoint.py:233] Node[0] Save model checkpoint: ./tmp_models/bevfusion_centerpoint_pointpillar_henet_multisensor_multitask_nuscenes/float-checkpoint-epoch-0000-ca990bc1.pth.tar
2026-07-13 14:47:09,509 INFO [checkpoint.py:270] Node[0] Save last model checkpoint: ./tmp_models/bevfusion_centerpoint_pointpillar_henet_multisensor_multitask_nuscenes/float-checkpoint-last-adf648fa.pth.tar
2026-07-13 14:47:09,517 INFO [monitor.py:143] Node[0] Epoch[1] Begin ==================================================
2026-07-13 14:47:09,518 INFO [lr_updater.py:204] Node[0] Epoch[1] Step[0] GlobalStep[1173] lr=0.000398
2026-07-13 14:51:50,171 INFO [monitor.py:131] Node[0] Epoch[1] Step[0-199] Cost Time: 280.651s Speed: 4.28 samples/sec Remaining Time: 10:29:26 Remaining step percent: 95.12%
2026-07-13 14:51:51,382 INFO [metric_updater.py:360] Node[0] Epoch[1] Step[199] GlobalStep[1372] loss_bevfusion_centerpoint_pointpillar_henet_multisensor_multitask_nuscenes: car_cls_loss[0.4680] car_reg_loss[0.4553] truck_cls_loss[0.6917] truck_reg_loss[0.5114] bus_cls_loss[0.5584] bus_reg_loss[0.5114] barrier_cls_loss[0.5293] barrier_reg_loss[0.5364] bicycle_cls_loss[0.6829] bicycle_reg_loss[0.5904] pedestrian_cls_loss[0.4311] pedestrian_reg_loss[0.6444] 
2026-07-13 14:56:16,901 INFO [monitor.py:131] Node[0] Epoch[1] Step[200-399] Cost Time: 266.729s Speed: 4.50 samples/sec Remaining Time: 9:50:46 Remaining step percent: 94.41%
2026-07-13 14:56:18,098 INFO [metric_updater.py:360] Node[0] Epoch[1] Step[399] GlobalStep[1572] loss_bevfusion_centerpoint_pointpillar_henet_multisensor_multitask_nuscenes: car_cls_loss[0.4641] car_reg_loss[0.4481] truck_cls_loss[0.6860] truck_reg_loss[0.5010] bus_cls_loss[0.5701] bus_reg_loss[0.5086] barrier_cls_loss[0.5276] barrier_reg_loss[0.5363] bicycle_cls_loss[0.6963] bicycle_reg_loss[0.5689] pedestrian_cls_loss[0.4332] pedestrian_reg_loss[0.6385] 
2026-07-13 15:00:21,803 INFO [monitor.py:131] Node[0] Epoch[1] Step[400-599] Cost Time: 244.900s Speed: 4.90 samples/sec Remaining Time: 8:58:21 Remaining step percent: 93.70%
2026-07-13 15:00:22,952 INFO [metric_updater.py:360] Node[0] Epoch[1] Step[599] GlobalStep[1772] loss_bevfusion_centerpoint_pointpillar_henet_multisensor_multitask_nuscenes: car_cls_loss[0.4632] car_reg_loss[0.4467] truck_cls_loss[0.6922] truck_reg_loss[0.4981] bus_cls_loss[0.5353] bus_reg_loss[0.4957] barrier_cls_loss[0.5287] barrier_reg_loss[0.5349] bicycle_cls_loss[0.7117] bicycle_reg_loss[0.5711] pedestrian_cls_loss[0.4326] pedestrian_reg_loss[0.6353] 
2026-07-13 15:04:35,566 INFO [monitor.py:131] Node[0] Epoch[1] Step[600-799] Cost Time: 253.762s Speed: 4.73 samples/sec Remaining Time: 9:13:36 Remaining step percent: 92.99%
2026-07-13 15:04:36,770 INFO [metric_updater.py:360] Node[0] Epoch[1] Step[799] GlobalStep[1972] loss_bevfusion_centerpoint_pointpillar_henet_multisensor_multitask_nuscenes: car_cls_loss[0.4636] car_reg_loss[0.4436] truck_cls_loss[0.6898] truck_reg_loss[0.4933] bus_cls_loss[0.5310] bus_reg_loss[0.4915] barrier_cls_loss[0.5478] barrier_reg_loss[0.5407] bicycle_cls_loss[0.7022] bicycle_reg_loss[0.5594] pedestrian_cls_loss[0.4314] pedestrian_reg_loss[0.6340] 
2026-07-13 15:08:45,996 INFO [monitor.py:131] Node[0] Epoch[1] Step[800-999] Cost Time: 250.429s Speed: 4.79 samples/sec Remaining Time: 9:02:09 Remaining step percent: 92.28%
2026-07-13 15:08:47,116 INFO [metric_updater.py:360] Node[0] Epoch[1] Step[999] GlobalStep[2172] loss_bevfusion_centerpoint_pointpillar_henet_multisensor_multitask_nuscenes: car_cls_loss[0.4601] car_reg_loss[0.4401] truck_cls_loss[0.6794] truck_reg_loss[0.4881] bus_cls_loss[0.5128] bus_reg_loss[0.4902] barrier_cls_loss[0.5390] barrier_reg_loss[0.5397] bicycle_cls_loss[0.6909] bicycle_reg_loss[0.5535] pedestrian_cls_loss[0.4285] pedestrian_reg_loss[0.6311] 
2026-07-13 15:12:22,665 INFO [monitor.py:146] Node[0] Epoch[1] End   ==================================================
2026-07-13 15:12:22,666 INFO [monitor.py:149] Node[0] Epoch[1] Cost Time: 1513.148s
2026-07-13 15:12:22,666 INFO [metric_updater.py:360] Node[0] Epoch[1] loss_bevfusion_centerpoint_pointpillar_henet_multisensor_multitask_nuscenes: car_cls_loss[0.4582] car_reg_loss[0.4378] truck_cls_loss[0.6798] truck_reg_loss[0.4863] bus_cls_loss[0.5195] bus_reg_loss[0.4892] barrier_cls_loss[0.5307] barrier_reg_loss[0.5349] bicycle_cls_loss[0.6759] bicycle_reg_loss[0.5463] pedestrian_cls_loss[0.4283] pedestrian_reg_loss[0.6286] 
2026-07-13 15:12:22,667 INFO [validation.py:156] Node[0] [32mUse train `model` as val model.[0m
2026-07-13 15:12:22,866 INFO [loop_base.py:482] Node[0] [32mStart Predictor loop from epoch 1, num_epochs=1[0m
2026-07-13 15:12:22,870 INFO [fake_quantize.py:253] Node[0] Set fake quantize state to FakeQuantState.VALIDATION
2026-07-13 15:12:31,651 INFO [loop_base.py:553] Node[0] 0 / 1505
2026-07-13 15:12:58,156 INFO [loop_base.py:553] Node[0] 200 / 1505
2026-07-13 15:13:42,062 INFO [loop_base.py:553] Node[0] 400 / 1505
2026-07-13 15:14:12,877 INFO [loop_base.py:553] Node[0] 600 / 1505
2026-07-13 15:14:43,232 INFO [loop_base.py:553] Node[0] 800 / 1505
2026-07-13 15:15:08,787 INFO [loop_base.py:553] Node[0] 1000 / 1505
2026-07-13 15:15:34,254 INFO [loop_base.py:553] Node[0] 1200 / 1505
2026-07-13 15:15:59,731 INFO [loop_base.py:553] Node[0] 1400 / 1505
2026-07-13 15:16:14,297 INFO [nuscenes_metric.py:322] Node[0] The length of self.nusc_annos is: 1505
2026-07-13 15:16:16,843 INFO [nuscenes_metric.py:346] Node[0] Results writes to ./metric_results/bevfusion_centerpoint_pointpillar_henet_multisensor_multitask_nuscenes/results_nusc.json
2026-07-13 15:18:29,325 INFO [nuscenes_metric.py:388] Node[0] NDS: 0.5513, mAP:0.4907
car_AP: [0.5]:0.6262  [1.0]:0.8057  [2.0]:0.8619  [4.0]:0.8825 
truck_AP: [0.5]:0.2753  [1.0]:0.5206  [2.0]:0.6135  [4.0]:0.6523 
trailer_AP: [0.5]:0.0456  [1.0]:0.2268  [2.0]:0.3683  [4.0]:0.4530 
bus_AP: [0.5]:0.3258  [1.0]:0.6050  [2.0]:0.7358  [4.0]:0.7703 
construction_vehicle_AP: [0.5]:0.0062  [1.0]:0.1106  [2.0]:0.2743  [4.0]:0.3818 
bicycle_AP: [0.5]:0.2534  [1.0]:0.3927  [2.0]:0.4045  [4.0]:0.4188 
motorcycle_AP: [0.5]:0.3498  [1.0]:0.5644  [2.0]:0.6002  [4.0]:0.6124 
pedestrian_AP: [0.5]:0.3885  [1.0]:0.5601  [2.0]:0.5843  [4.0]:0.6275 
traffic_cone_AP: [0.5]:0.4222  [1.0]:0.5785  [2.0]:0.6194  [4.0]:0.6755 
barrier_AP: [0.5]:0.2269  [1.0]:0.5394  [2.0]:0.6189  [4.0]:0.6508 

2026-07-13 15:18:29,556 WARNING [metric.py:200] Node[0] <class 'hat.metrics.nuscenes_metric.NuscenesMetric'> not ready for distributed environment, should not be used together with DistributedSampler.Might be slow in validation due to resource competition
2026-07-13 15:18:29,557 INFO [metric_updater.py:360] Node[0] Epoch[1] Validation bevfusion_centerpoint_pointpillar_henet_multisensor_multitask_nuscenes: NDS[0.5513] 
2026-07-13 15:18:37,943 INFO [checkpoint.py:233] Node[0] Save model checkpoint: ./tmp_models/bevfusion_centerpoint_pointpillar_henet_multisensor_multitask_nuscenes/float-checkpoint-epoch-0001-1e7034dc.pth.tar
2026-07-13 15:18:38,912 INFO [checkpoint.py:270] Node[0] Save last model checkpoint: ./tmp_models/bevfusion_centerpoint_pointpillar_henet_multisensor_multitask_nuscenes/float-checkpoint-last-90ac0359.pth.tar
2026-07-13 15:18:38,922 INFO [monitor.py:143] Node[0] Epoch[2] Begin ==================================================
2026-07-13 15:18:38,922 INFO [lr_updater.py:204] Node[0] Epoch[2] Step[0] GlobalStep[2346] lr=0.000393
2026-07-13 15:23:23,053 INFO [monitor.py:131] Node[0] Epoch[2] Step[0-199] Cost Time: 284.128s Speed: 4.22 samples/sec Remaining Time: 10:09:19 Remaining step percent: 90.96%
2026-07-13 15:23:24,255 INFO [metric_updater.py:360] Node[0] Epoch[2] Step[199] GlobalStep[2545] loss_bevfusion_centerpoint_pointpillar_henet_multisensor_multitask_nuscenes: car_cls_loss[0.4494] car_reg_loss[0.4232] truck_cls_loss[0.6182] truck_reg_loss[0.4592] bus_cls_loss[0.4680] bus_reg_loss[0.4651] barrier_cls_loss[0.4824] barrier_reg_loss[0.5136] bicycle_cls_loss[0.6328] bicycle_reg_loss[0.5135] pedestrian_cls_loss[0.4041] pedestrian_reg_loss[0.6167] 
2026-07-13 15:27:35,189 INFO [monitor.py:131] Node[0] Epoch[2] Step[200-399] Cost Time: 252.135s Speed: 4.76 samples/sec Remaining Time: 8:53:48 Remaining step percent: 90.25%
2026-07-13 15:27:36,289 INFO [metric_updater.py:360] Node[0] Epoch[2] Step[399] GlobalStep[2745] loss_bevfusion_centerpoint_pointpillar_henet_multisensor_multitask_nuscenes: car_cls_loss[0.4487] car_reg_loss[0.4205] truck_cls_loss[0.6222] truck_reg_loss[0.4618] bus_cls_loss[0.4631] bus_reg_loss[0.4630] barrier_cls_loss[0.4688] barrier_reg_loss[0.5247] bicycle_cls_loss[0.6251] bicycle_reg_loss[0.5094] pedestrian_cls_loss[0.4134] pedestrian_reg_loss[0.6182] 
2026-07-13 15:31:43,230 INFO [monitor.py:131] Node[0] Epoch[2] Step[400-599] Cost Time: 248.039s Speed: 4.84 samples/sec Remaining Time: 8:41:00 Remaining step percent: 89.54%
2026-07-13 15:31:44,225 INFO [metric_updater.py:360] Node[0] Epoch[2] Step[599] GlobalStep[2945] loss_bevfusion_centerpoint_pointpillar_henet_multisensor_multitask_nuscenes: car_cls_loss[0.4464] car_reg_loss[0.4194] truck_cls_loss[0.6227] truck_reg_loss[0.4596] bus_cls_loss[0.4561] bus_reg_loss[0.4558] barrier_cls_loss[0.4751] barrier_reg_loss[0.5188] bicycle_cls_loss[0.6025] bicycle_reg_loss[0.4982] pedestrian_cls_loss[0.4161] pedestrian_reg_loss[0.6188] 
2026-07-13 15:35:43,130 INFO [monitor.py:131] Node[0] Epoch[2] Step[600-799] Cost Time: 239.898s Speed: 5.00 samples/sec Remaining Time: 8:19:54 Remaining step percent: 88.82%
2026-07-13 15:35:44,100 INFO [metric_updater.py:360] Node[0] Epoch[2] Step[799] GlobalStep[3145] loss_bevfusion_centerpoint_pointpillar_henet_multisensor_multitask_nuscenes: car_cls_loss[0.4462] car_reg_loss[0.4186] truck_cls_loss[0.6185] truck_reg_loss[0.4555] bus_cls_loss[0.4556] bus_reg_loss[0.4529] barrier_cls_loss[0.4696] barrier_reg_loss[0.5137] bicycle_cls_loss[0.5911] bicycle_reg_loss[0.4932] pedestrian_cls_loss[0.4159] pedestrian_reg_loss[0.6176] 
2026-07-13 15:39:48,941 INFO [monitor.py:131] Node[0] Epoch[2] Step[800-999] Cost Time: 245.810s Speed: 4.88 samples/sec Remaining Time: 8:28:07 Remaining step percent: 88.11%
2026-07-13 15:39:50,070 INFO [metric_updater.py:360] Node[0] Epoch[2] Step[999] GlobalStep[3345] loss_bevfusion_centerpoint_pointpillar_henet_multisensor_multitask_nuscenes: car_cls_loss[0.4459] car_reg_loss[0.4181] truck_cls_loss[0.6157] truck_reg_loss[0.4539] bus_cls_loss[0.4521] bus_reg_loss[0.4500] barrier_cls_loss[0.4714] barrier_reg_loss[0.5105] bicycle_cls_loss[0.5829] bicycle_reg_loss[0.4926] pedestrian_cls_loss[0.4161] pedestrian_reg_loss[0.6163] 
2026-07-13 15:43:22,210 INFO [monitor.py:146] Node[0] Epoch[2] End   ==================================================
2026-07-13 15:43:22,211 INFO [monitor.py:149] Node[0] Epoch[2] Cost Time: 1483.289s
2026-07-13 15:43:22,212 INFO [metric_updater.py:360] Node[0] Epoch[2] loss_bevfusion_centerpoint_pointpillar_henet_multisensor_multitask_nuscenes: car_cls_loss[0.4453] car_reg_loss[0.4169] truck_cls_loss[0.6139] truck_reg_loss[0.4517] bus_cls_loss[0.4502] bus_reg_loss[0.4485] barrier_cls_loss[0.4764] barrier_reg_loss[0.5102] bicycle_cls_loss[0.5858] bicycle_reg_loss[0.4908] pedestrian_cls_loss[0.4124] pedestrian_reg_loss[0.6145] 
2026-07-13 15:43:22,212 INFO [validation.py:156] Node[0] [32mUse train `model` as val model.[0m
2026-07-13 15:43:22,406 INFO [loop_base.py:482] Node[0] [32mStart Predictor loop from epoch 2, num_epochs=1[0m
2026-07-13 15:43:22,410 INFO [fake_quantize.py:253] Node[0] Set fake quantize state to FakeQuantState.VALIDATION
2026-07-13 15:43:30,443 INFO [loop_base.py:553] Node[0] 0 / 1505
2026-07-13 15:43:54,720 INFO [loop_base.py:553] Node[0] 200 / 1505
2026-07-13 15:44:30,141 INFO [loop_base.py:553] Node[0] 400 / 1505
2026-07-13 15:45:13,436 INFO [loop_base.py:553] Node[0] 600 / 1505
2026-07-13 15:45:41,870 INFO [loop_base.py:553] Node[0] 800 / 1505
2026-07-13 15:46:05,586 INFO [loop_base.py:553] Node[0] 1000 / 1505
2026-07-13 15:46:28,338 INFO [loop_base.py:553] Node[0] 1200 / 1505
2026-07-13 15:46:50,412 INFO [loop_base.py:553] Node[0] 1400 / 1505
2026-07-13 15:47:03,204 INFO [nuscenes_metric.py:322] Node[0] The length of self.nusc_annos is: 1505
2026-07-13 15:47:05,568 INFO [nuscenes_metric.py:346] Node[0] Results writes to ./metric_results/bevfusion_centerpoint_pointpillar_henet_multisensor_multitask_nuscenes/results_nusc.json
2026-07-13 15:49:04,216 INFO [nuscenes_metric.py:388] Node[0] NDS: 0.5664, mAP:0.4995
car_AP: [0.5]:0.6438  [1.0]:0.8153  [2.0]:0.8703  [4.0]:0.8900 
truck_AP: [0.5]:0.2840  [1.0]:0.4991  [2.0]:0.6016  [4.0]:0.6361 
trailer_AP: [0.5]:0.0470  [1.0]:0.2535  [2.0]:0.4444  [4.0]:0.5082 
bus_AP: [0.5]:0.3544  [1.0]:0.6383  [2.0]:0.7635  [4.0]:0.7986 
construction_vehicle_AP: [0.5]:0.0069  [1.0]:0.1002  [2.0]:0.2254  [4.0]:0.3166 
bicycle_AP: [0.5]:0.2821  [1.0]:0.4038  [2.0]:0.4165  [4.0]:0.4323 
motorcycle_AP: [0.5]:0.3907  [1.0]:0.6040  [2.0]:0.6324  [4.0]:0.6426 
pedestrian_AP: [0.5]:0.3826  [1.0]:0.5574  [2.0]:0.5821  [4.0]:0.6216 
traffic_cone_AP: [0.5]:0.4229  [1.0]:0.5604  [2.0]:0.6027  [4.0]:0.6520 
barrier_AP: [0.5]:0.2384  [1.0]:0.5532  [2.0]:0.6404  [4.0]:0.6648 

2026-07-13 15:49:04,414 WARNING [metric.py:200] Node[0] <class 'hat.metrics.nuscenes_metric.NuscenesMetric'> not ready for distributed environment, should not be used together with DistributedSampler.Might be slow in validation due to resource competition
2026-07-13 15:49:04,415 INFO [metric_updater.py:360] Node[0] Epoch[2] Validation bevfusion_centerpoint_pointpillar_henet_multisensor_multitask_nuscenes: NDS[0.5664] 
2026-07-13 15:49:10,633 INFO [checkpoint.py:233] Node[0] Save model checkpoint: ./tmp_models/bevfusion_centerpoint_pointpillar_henet_multisensor_multitask_nuscenes/float-checkpoint-epoch-0002-c22ae5b3.pth.tar
2026-07-13 15:49:11,442 INFO [checkpoint.py:270] Node[0] Save last model checkpoint: ./tmp_models/bevfusion_centerpoint_pointpillar_henet_multisensor_multitask_nuscenes/float-checkpoint-last-4bbe451e.pth.tar
2026-07-13 15:49:11,450 INFO [monitor.py:143] Node[0] Epoch[3] Begin ==================================================
2026-07-13 15:49:11,450 INFO [lr_updater.py:204] Node[0] Epoch[3] Step[0] GlobalStep[3519] lr=0.000385
2026-07-13 15:53:32,249 INFO [monitor.py:131] Node[0] Epoch[3] Step[0-199] Cost Time: 260.797s Speed: 4.60 samples/sec Remaining Time: 8:53:40 Remaining step percent: 86.79%
2026-07-13 15:53:33,228 INFO [metric_updater.py:360] Node[0] Epoch[3] Step[199] GlobalStep[3718] loss_bevfusion_centerpoint_pointpillar_henet_multisensor_multitask_nuscenes: car_cls_loss[0.4473] car_reg_loss[0.4100] truck_cls_loss[0.5700] truck_reg_loss[0.4331] bus_cls_loss[0.4192] bus_reg_loss[0.4212] barrier_cls_loss[0.4592] barrier_reg_loss[0.5196] bicycle_cls_loss[0.4634] bicycle_reg_loss[0.4645] pedestrian_cls_loss[0.4076] pedestrian_reg_loss[0.5970] 
2026-07-13 15:57:21,488 INFO [monitor.py:131] Node[0] Epoch[3] Step[200-399] Cost Time: 229.237s Speed: 5.23 samples/sec Remaining Time: 7:42:55 Remaining step percent: 86.08%
2026-07-13 15:57:22,549 INFO [metric_updater.py:360] Node[0] Epoch[3] Step[399] GlobalStep[3918] loss_bevfusion_centerpoint_pointpillar_henet_multisensor_multitask_nuscenes: car_cls_loss[0.4484] car_reg_loss[0.4070] truck_cls_loss[0.5805] truck_reg_loss[0.4337] bus_cls_loss[0.4160] bus_reg_loss[0.4229] barrier_cls_loss[0.4466] barrier_reg_loss[0.5089] bicycle_cls_loss[0.4555] bicycle_reg_loss[0.4501] pedestrian_cls_loss[0.3988] pedestrian_reg_loss[0.6001] 
2026-07-13 16:01:10,987 INFO [monitor.py:131] Node[0] Epoch[3] Step[400-599] Cost Time: 229.498s Speed: 5.23 samples/sec Remaining Time: 7:39:37 Remaining step percent: 85.37%
2026-07-13 16:01:12,021 INFO [metric_updater.py:360] Node[0] Epoch[3] Step[599] GlobalStep[4118] loss_bevfusion_centerpoint_pointpillar_henet_multisensor_multitask_nuscenes: car_cls_loss[0.4455] car_reg_loss[0.4068] truck_cls_loss[0.5720] truck_reg_loss[0.4306] bus_cls_loss[0.4206] bus_reg_loss[0.4188] barrier_cls_loss[0.4344] barrier_reg_loss[0.4979] bicycle_cls_loss[0.4651] bicycle_reg_loss[0.4488] pedestrian_cls_loss[0.3999] pedestrian_reg_loss[0.6011] 
2026-07-13 16:05:01,258 INFO [monitor.py:131] Node[0] Epoch[3] Step[600-799] Cost Time: 230.270s Speed: 5.21 samples/sec Remaining Time: 7:37:20 Remaining step percent: 84.66%
2026-07-13 16:05:02,221 INFO [metric_updater.py:360] Node[0] Epoch[3] Step[799] GlobalStep[4318] loss_bevfusion_centerpoint_pointpillar_henet_multisensor_multitask_nuscenes: car_cls_loss[0.4442] car_reg_loss[0.4061] truck_cls_loss[0.5748] truck_reg_loss[0.4296] bus_cls_loss[0.4260] bus_reg_loss[0.4203] barrier_cls_loss[0.4302] barrier_reg_loss[0.4900] bicycle_cls_loss[0.4709] bicycle_reg_loss[0.4497] pedestrian_cls_loss[0.3991] pedestrian_reg_loss[0.5991] 
2026-07-13 16:08:55,637 INFO [monitor.py:131] Node[0] Epoch[3] Step[800-999] Cost Time: 234.377s Speed: 5.12 samples/sec Remaining Time: 7:41:35 Remaining step percent: 83.95%
2026-07-13 16:08:56,785 INFO [metric_updater.py:360] Node[0] Epoch[3] Step[999] GlobalStep[4518] loss_bevfusion_centerpoint_pointpillar_henet_multisensor_multitask_nuscenes: car_cls_loss[0.4417] car_reg_loss[0.4053] truck_cls_loss[0.5697] truck_reg_loss[0.4272] bus_cls_loss[0.4225] bus_reg_loss[0.4162] barrier_cls_loss[0.4253] barrier_reg_loss[0.4836] bicycle_cls_loss[0.4680] bicycle_reg_loss[0.4524] pedestrian_cls_loss[0.3992] pedestrian_reg_loss[0.5991] 
2026-07-13 16:12:19,675 INFO [monitor.py:146] Node[0] Epoch[3] End   ==================================================
2026-07-13 16:12:19,677 INFO [monitor.py:149] Node[0] Epoch[3] Cost Time: 1388.227s
2026-07-13 16:12:19,677 INFO [metric_updater.py:360] Node[0] Epoch[3] loss_bevfusion_centerpoint_pointpillar_henet_multisensor_multitask_nuscenes: car_cls_loss[0.4405] car_reg_loss[0.4042] truck_cls_loss[0.5680] truck_reg_loss[0.4258] bus_cls_loss[0.4203] bus_reg_loss[0.4148] barrier_cls_loss[0.4277] barrier_reg_loss[0.4836] bicycle_cls_loss[0.4641] bicycle_reg_loss[0.4476] pedestrian_cls_loss[0.4011] pedestrian_reg_loss[0.5989] 
2026-07-13 16:12:19,678 INFO [validation.py:156] Node[0] [32mUse train `model` as val model.[0m
2026-07-13 16:12:19,856 INFO [loop_base.py:482] Node[0] [32mStart Predictor loop from epoch 3, num_epochs=1[0m
2026-07-13 16:12:19,859 INFO [fake_quantize.py:253] Node[0] Set fake quantize state to FakeQuantState.VALIDATION
2026-07-13 16:12:28,434 INFO [loop_base.py:553] Node[0] 0 / 1505
2026-07-13 16:12:52,650 INFO [loop_base.py:553] Node[0] 200 / 1505
2026-07-13 16:13:29,371 INFO [loop_base.py:553] Node[0] 400 / 1505
2026-07-13 16:14:06,036 INFO [loop_base.py:553] Node[0] 600 / 1505
2026-07-13 16:14:45,888 INFO [loop_base.py:553] Node[0] 800 / 1505
2026-07-13 16:15:11,995 INFO [loop_base.py:553] Node[0] 1000 / 1505
2026-07-13 16:15:52,456 INFO [loop_base.py:553] Node[0] 1200 / 1505
2026-07-13 16:16:18,568 INFO [loop_base.py:553] Node[0] 1400 / 1505
2026-07-13 16:16:32,050 INFO [nuscenes_metric.py:322] Node[0] The length of self.nusc_annos is: 1505
2026-07-13 16:16:34,097 INFO [nuscenes_metric.py:346] Node[0] Results writes to ./metric_results/bevfusion_centerpoint_pointpillar_henet_multisensor_multitask_nuscenes/results_nusc.json
2026-07-13 16:18:24,429 INFO [nuscenes_metric.py:388] Node[0] NDS: 0.5618, mAP:0.5046
car_AP: [0.5]:0.6401  [1.0]:0.8114  [2.0]:0.8634  [4.0]:0.8839 
truck_AP: [0.5]:0.2730  [1.0]:0.5155  [2.0]:0.6134  [4.0]:0.6462 
trailer_AP: [0.5]:0.0731  [1.0]:0.2650  [2.0]:0.4246  [4.0]:0.5385 
bus_AP: [0.5]:0.2845  [1.0]:0.6245  [2.0]:0.7755  [4.0]:0.8178 
construction_vehicle_AP: [0.5]:0.0030  [1.0]:0.1067  [2.0]:0.2888  [4.0]:0.3848 
bicycle_AP: [0.5]:0.2654  [1.0]:0.3692  [2.0]:0.3824  [4.0]:0.3941 
motorcycle_AP: [0.5]:0.4028  [1.0]:0.5996  [2.0]:0.6269  [4.0]:0.6339 
pedestrian_AP: [0.5]:0.3986  [1.0]:0.5582  [2.0]:0.5825  [4.0]:0.6291 
traffic_cone_AP: [0.5]:0.4612  [1.0]:0.5935  [2.0]:0.6354  [4.0]:0.6922 
barrier_AP: [0.5]:0.2501  [1.0]:0.5626  [2.0]:0.6409  [4.0]:0.6726 

2026-07-13 16:18:24,588 WARNING [metric.py:200] Node[0] <class 'hat.metrics.nuscenes_metric.NuscenesMetric'> not ready for distributed environment, should not be used together with DistributedSampler.Might be slow in validation due to resource competition
2026-07-13 16:18:24,589 INFO [metric_updater.py:360] Node[0] Epoch[3] Validation bevfusion_centerpoint_pointpillar_henet_multisensor_multitask_nuscenes: NDS[0.5618] 
2026-07-13 16:18:29,837 INFO [checkpoint.py:233] Node[0] Save model checkpoint: ./tmp_models/bevfusion_centerpoint_pointpillar_henet_multisensor_multitask_nuscenes/float-checkpoint-epoch-0003-af2d1bce.pth.tar
2026-07-13 16:18:30,669 INFO [checkpoint.py:270] Node[0] Save last model checkpoint: ./tmp_models/bevfusion_centerpoint_pointpillar_henet_multisensor_multitask_nuscenes/float-checkpoint-last-e484235a.pth.tar
2026-07-13 16:18:30,678 INFO [monitor.py:143] Node[0] Epoch[4] Begin ==================================================
2026-07-13 16:18:30,678 INFO [lr_updater.py:204] Node[0] Epoch[4] Step[0] GlobalStep[4692] lr=0.000373
2026-07-13 16:22:54,285 INFO [monitor.py:131] Node[0] Epoch[4] Step[0-199] Cost Time: 263.606s Speed: 4.55 samples/sec Remaining Time: 8:33:31 Remaining step percent: 82.62%
2026-07-13 16:22:55,399 INFO [metric_updater.py:360] Node[0] Epoch[4] Step[199] GlobalStep[4891] loss_bevfusion_centerpoint_pointpillar_henet_multisensor_multitask_nuscenes: car_cls_loss[0.4297] car_reg_loss[0.4001] truck_cls_loss[0.5222] truck_reg_loss[0.4125] bus_cls_loss[0.3664] bus_reg_loss[0.4001] barrier_cls_loss[0.4207] barrier_reg_loss[0.4790] bicycle_cls_loss[0.4484] bicycle_reg_loss[0.4361] pedestrian_cls_loss[0.3844] pedestrian_reg_loss[0.5932] 
2026-07-13 16:26:47,437 INFO [monitor.py:131] Node[0] Epoch[4] Step[200-399] Cost Time: 233.150s Speed: 5.15 samples/sec Remaining Time: 7:28:02 Remaining step percent: 81.91%
2026-07-13 16:26:48,474 INFO [metric_updater.py:360] Node[0] Epoch[4] Step[399] GlobalStep[5091] loss_bevfusion_centerpoint_pointpillar_henet_multisensor_multitask_nuscenes: car_cls_loss[0.4258] car_reg_loss[0.4004] truck_cls_loss[0.5080] truck_reg_loss[0.4121] bus_cls_loss[0.3773] bus_reg_loss[0.4055] barrier_cls_loss[0.3973] barrier_reg_loss[0.4745] bicycle_cls_loss[0.4343] bicycle_reg_loss[0.4268] pedestrian_cls_loss[0.3878] pedestrian_reg_loss[0.5888] 
2026-07-13 16:30:38,241 INFO [monitor.py:131] Node[0] Epoch[4] Step[400-599] Cost Time: 230.802s Speed: 5.20 samples/sec Remaining Time: 7:19:40 Remaining step percent: 81.20%
2026-07-13 16:30:39,365 INFO [metric_updater.py:360] Node[0] Epoch[4] Step[599] GlobalStep[5291] loss_bevfusion_centerpoint_pointpillar_henet_multisensor_multitask_nuscenes: car_cls_loss[0.4237] car_reg_loss[0.3995] truck_cls_loss[0.5202] truck_reg_loss[0.4168] bus_cls_loss[0.3721] bus_reg_loss[0.3989] barrier_cls_loss[0.3945] barrier_reg_loss[0.4667] bicycle_cls_loss[0.4262] bicycle_reg_loss[0.4229] pedestrian_cls_loss[0.3824] pedestrian_reg_loss[0.5868] 
2026-07-13 16:34:32,564 INFO [monitor.py:131] Node[0] Epoch[4] Step[600-799] Cost Time: 234.322s Speed: 5.12 samples/sec Remaining Time: 7:22:28 Remaining step percent: 80.49%
2026-07-13 16:34:33,616 INFO [metric_updater.py:360] Node[0] Epoch[4] Step[799] GlobalStep[5491] loss_bevfusion_centerpoint_pointpillar_henet_multisensor_multitask_nuscenes: car_cls_loss[0.4248] car_reg_loss[0.3992] truck_cls_loss[0.5278] truck_reg_loss[0.4173] bus_cls_loss[0.3767] bus_reg_loss[0.3999] barrier_cls_loss[0.4009] barrier_reg_loss[0.4680] bicycle_cls_loss[0.4205] bicycle_reg_loss[0.4215] pedestrian_cls_loss[0.3833] pedestrian_reg_loss[0.5860] 
2026-07-13 16:38:26,633 INFO [monitor.py:131] Node[0] Epoch[4] Step[800-999] Cost Time: 234.068s Speed: 5.13 samples/sec Remaining Time: 7:18:05 Remaining step percent: 79.78%
2026-07-13 16:38:27,662 INFO [metric_updater.py:360] Node[0] Epoch[4] Step[999] GlobalStep[5691] loss_bevfusion_centerpoint_pointpillar_henet_multisensor_multitask_nuscenes: car_cls_loss[0.4263] car_reg_loss[0.3985] truck_cls_loss[0.5336] truck_reg_loss[0.4182] bus_cls_loss[0.3768] bus_reg_loss[0.3965] barrier_cls_loss[0.4076] barrier_reg_loss[0.4711] bicycle_cls_loss[0.4220] bicycle_reg_loss[0.4203] pedestrian_cls_loss[0.3857] pedestrian_reg_loss[0.5866] 
2026-07-13 16:41:54,935 INFO [monitor.py:146] Node[0] Epoch[4] End   ==================================================
2026-07-13 16:41:54,937 INFO [monitor.py:149] Node[0] Epoch[4] Cost Time: 1404.259s
2026-07-13 16:41:54,937 INFO [metric_updater.py:360] Node[0] Epoch[4] loss_bevfusion_centerpoint_pointpillar_henet_multisensor_multitask_nuscenes: car_cls_loss[0.4262] car_reg_loss[0.3979] truck_cls_loss[0.5379] truck_reg_loss[0.4180] bus_cls_loss[0.3723] bus_reg_loss[0.3944] barrier_cls_loss[0.4030] barrier_reg_loss[0.4668] bicycle_cls_loss[0.4163] bicycle_reg_loss[0.4205] pedestrian_cls_loss[0.3873] pedestrian_reg_loss[0.5874] 
2026-07-13 16:41:54,937 INFO [validation.py:156] Node[0] [32mUse train `model` as val model.[0m
2026-07-13 16:41:55,114 INFO [loop_base.py:482] Node[0] [32mStart Predictor loop from epoch 4, num_epochs=1[0m
2026-07-13 16:41:55,118 INFO [fake_quantize.py:253] Node[0] Set fake quantize state to FakeQuantState.VALIDATION
2026-07-13 16:42:03,542 INFO [loop_base.py:553] Node[0] 0 / 1505
2026-07-13 16:42:28,417 INFO [loop_base.py:553] Node[0] 200 / 1505
2026-07-13 16:43:09,162 INFO [loop_base.py:553] Node[0] 400 / 1505
2026-07-13 16:43:47,467 INFO [loop_base.py:553] Node[0] 600 / 1505
2026-07-13 16:44:25,619 INFO [loop_base.py:553] Node[0] 800 / 1505
2026-07-13 16:44:58,925 INFO [loop_base.py:553] Node[0] 1000 / 1505
2026-07-13 16:45:30,306 INFO [loop_base.py:553] Node[0] 1200 / 1505
2026-07-13 16:45:54,267 INFO [loop_base.py:553] Node[0] 1400 / 1505
2026-07-13 16:46:08,440 INFO [nuscenes_metric.py:322] Node[0] The length of self.nusc_annos is: 1505
2026-07-13 16:46:11,133 INFO [nuscenes_metric.py:346] Node[0] Results writes to ./metric_results/bevfusion_centerpoint_pointpillar_henet_multisensor_multitask_nuscenes/results_nusc.json
2026-07-13 16:48:09,267 INFO [nuscenes_metric.py:388] Node[0] NDS: 0.5684, mAP:0.4954
car_AP: [0.5]:0.6471  [1.0]:0.8083  [2.0]:0.8562  [4.0]:0.8757 
truck_AP: [0.5]:0.3040  [1.0]:0.5011  [2.0]:0.5997  [4.0]:0.6331 
trailer_AP: [0.5]:0.0562  [1.0]:0.2341  [2.0]:0.4023  [4.0]:0.4804 
bus_AP: [0.5]:0.3480  [1.0]:0.5850  [2.0]:0.7079  [4.0]:0.7411 
construction_vehicle_AP: [0.5]:0.0132  [1.0]:0.1166  [2.0]:0.2842  [4.0]:0.3762 
bicycle_AP: [0.5]:0.3023  [1.0]:0.4096  [2.0]:0.4234  [4.0]:0.4396 
motorcycle_AP: [0.5]:0.3688  [1.0]:0.5625  [2.0]:0.5770  [4.0]:0.5864 
pedestrian_AP: [0.5]:0.3819  [1.0]:0.5508  [2.0]:0.5818  [4.0]:0.6218 
traffic_cone_AP: [0.5]:0.4452  [1.0]:0.5793  [2.0]:0.6235  [4.0]:0.6771 
barrier_AP: [0.5]:0.2884  [1.0]:0.5526  [2.0]:0.6258  [4.0]:0.6481 

2026-07-13 16:48:09,451 WARNING [metric.py:200] Node[0] <class 'hat.metrics.nuscenes_metric.NuscenesMetric'> not ready for distributed environment, should not be used together with DistributedSampler.Might be slow in validation due to resource competition
2026-07-13 16:48:09,451 INFO [metric_updater.py:360] Node[0] Epoch[4] Validation bevfusion_centerpoint_pointpillar_henet_multisensor_multitask_nuscenes: NDS[0.5684] 
2026-07-13 16:48:18,690 INFO [checkpoint.py:233] Node[0] Save model checkpoint: ./tmp_models/bevfusion_centerpoint_pointpillar_henet_multisensor_multitask_nuscenes/float-checkpoint-epoch-0004-a2ffb2f0.pth.tar
2026-07-13 16:48:19,660 INFO [checkpoint.py:270] Node[0] Save last model checkpoint: ./tmp_models/bevfusion_centerpoint_pointpillar_henet_multisensor_multitask_nuscenes/float-checkpoint-last-a7af9783.pth.tar
2026-07-13 16:48:19,669 INFO [monitor.py:143] Node[0] Epoch[5] Begin ==================================================
2026-07-13 16:48:19,669 INFO [lr_updater.py:204] Node[0] Epoch[5] Step[0] GlobalStep[5865] lr=0.000359
2026-07-13 16:52:33,956 INFO [monitor.py:131] Node[0] Epoch[5] Step[0-199] Cost Time: 254.286s Speed: 4.72 samples/sec Remaining Time: 7:50:23 Remaining step percent: 78.46%
2026-07-13 16:52:34,938 INFO [metric_updater.py:360] Node[0] Epoch[5] Step[199] GlobalStep[6064] loss_bevfusion_centerpoint_pointpillar_henet_multisensor_multitask_nuscenes: car_cls_loss[0.4218] car_reg_loss[0.3916] truck_cls_loss[0.4930] truck_reg_loss[0.4058] bus_cls_loss[0.4139] bus_reg_loss[0.4093] barrier_cls_loss[0.4057] barrier_reg_loss[0.4705] bicycle_cls_loss[0.4219] bicycle_reg_loss[0.3948] pedestrian_cls_loss[0.3675] pedestrian_reg_loss[0.5737] 
2026-07-13 16:56:24,849 INFO [monitor.py:131] Node[0] Epoch[5] Step[200-399] Cost Time: 230.891s Speed: 5.20 samples/sec Remaining Time: 7:01:07 Remaining step percent: 77.75%
2026-07-13 16:56:25,788 INFO [metric_updater.py:360] Node[0] Epoch[5] Step[399] GlobalStep[6264] loss_bevfusion_centerpoint_pointpillar_henet_multisensor_multitask_nuscenes: car_cls_loss[0.4200] car_reg_loss[0.3931] truck_cls_loss[0.4848] truck_reg_loss[0.4018] bus_cls_loss[0.3805] bus_reg_loss[0.3930] barrier_cls_loss[0.4031] barrier_reg_loss[0.4693] bicycle_cls_loss[0.3952] bicycle_reg_loss[0.4152] pedestrian_cls_loss[0.3688] pedestrian_reg_loss[0.5788] 
2026-07-13 17:00:19,414 INFO [monitor.py:131] Node[0] Epoch[5] Step[400-599] Cost Time: 234.564s Speed: 5.12 samples/sec Remaining Time: 7:03:54 Remaining step percent: 77.04%
2026-07-13 17:00:20,357 INFO [metric_updater.py:360] Node[0] Epoch[5] Step[599] GlobalStep[6464] loss_bevfusion_centerpoint_pointpillar_henet_multisensor_multitask_nuscenes: car_cls_loss[0.4213] car_reg_loss[0.3922] truck_cls_loss[0.4889] truck_reg_loss[0.4040] bus_cls_loss[0.3769] bus_reg_loss[0.3943] barrier_cls_loss[0.4019] barrier_reg_loss[0.4678] bicycle_cls_loss[0.3968] bicycle_reg_loss[0.4109] pedestrian_cls_loss[0.3760] pedestrian_reg_loss[0.5790] 
2026-07-13 17:04:12,352 INFO [monitor.py:131] Node[0] Epoch[5] Step[600-799] Cost Time: 232.936s Speed: 5.15 samples/sec Remaining Time: 6:57:05 Remaining step percent: 76.32%
2026-07-13 17:04:13,380 INFO [metric_updater.py:360] Node[0] Epoch[5] Step[799] GlobalStep[6664] loss_bevfusion_centerpoint_pointpillar_henet_multisensor_multitask_nuscenes: car_cls_loss[0.4185] car_reg_loss[0.3906] truck_cls_loss[0.4988] truck_reg_loss[0.4045] bus_cls_loss[0.3733] bus_reg_loss[0.3940] barrier_cls_loss[0.4125] barrier_reg_loss[0.4675] bicycle_cls_loss[0.3944] bicycle_reg_loss[0.4092] pedestrian_cls_loss[0.3770] pedestrian_reg_loss[0.5794] 
2026-07-13 17:08:08,722 INFO [monitor.py:131] Node[0] Epoch[5] Step[800-999] Cost Time: 236.369s Speed: 5.08 samples/sec Remaining Time: 6:59:17 Remaining step percent: 75.61%
2026-07-13 17:08:09,708 INFO [metric_updater.py:360] Node[0] Epoch[5] Step[999] GlobalStep[6864] loss_bevfusion_centerpoint_pointpillar_henet_multisensor_multitask_nuscenes: car_cls_loss[0.4175] car_reg_loss[0.3901] truck_cls_loss[0.5049] truck_reg_loss[0.4065] bus_cls_loss[0.3683] bus_reg_loss[0.3920] barrier_cls_loss[0.4089] barrier_reg_loss[0.4640] bicycle_cls_loss[0.3923] bicycle_reg_loss[0.4100] pedestrian_cls_loss[0.3774] pedestrian_reg_loss[0.5799] 
2026-07-13 17:11:33,375 INFO [monitor.py:146] Node[0] Epoch[5] End   ==================================================
2026-07-13 17:11:33,377 INFO [monitor.py:149] Node[0] Epoch[5] Cost Time: 1393.708s
2026-07-13 17:11:33,377 INFO [metric_updater.py:360] Node[0] Epoch[5] loss_bevfusion_centerpoint_pointpillar_henet_multisensor_multitask_nuscenes: car_cls_loss[0.4155] car_reg_loss[0.3898] truck_cls_loss[0.5082] truck_reg_loss[0.4058] bus_cls_loss[0.3645] bus_reg_loss[0.3917] barrier_cls_loss[0.4030] barrier_reg_loss[0.4590] bicycle_cls_loss[0.3826] bicycle_reg_loss[0.4078] pedestrian_cls_loss[0.3771] pedestrian_reg_loss[0.5785] 
2026-07-13 17:11:33,377 INFO [validation.py:156] Node[0] [32mUse train `model` as val model.[0m
2026-07-13 17:11:33,559 INFO [loop_base.py:482] Node[0] [32mStart Predictor loop from epoch 5, num_epochs=1[0m
2026-07-13 17:11:33,562 INFO [fake_quantize.py:253] Node[0] Set fake quantize state to FakeQuantState.VALIDATION
2026-07-13 17:11:41,395 INFO [loop_base.py:553] Node[0] 0 / 1505
2026-07-13 17:12:05,598 INFO [loop_base.py:553] Node[0] 200 / 1505
2026-07-13 17:12:36,907 INFO [loop_base.py:553] Node[0] 400 / 1505
2026-07-13 17:13:13,180 INFO [loop_base.py:553] Node[0] 600 / 1505
2026-07-13 17:13:49,012 INFO [loop_base.py:553] Node[0] 800 / 1505
2026-07-13 17:14:23,382 INFO [loop_base.py:553] Node[0] 1000 / 1505
2026-07-13 17:14:55,842 INFO [loop_base.py:553] Node[0] 1200 / 1505
2026-07-13 17:15:28,317 INFO [loop_base.py:553] Node[0] 1400 / 1505
2026-07-13 17:15:47,863 INFO [nuscenes_metric.py:322] Node[0] The length of self.nusc_annos is: 1505
2026-07-13 17:15:50,322 INFO [nuscenes_metric.py:346] Node[0] Results writes to ./metric_results/bevfusion_centerpoint_pointpillar_henet_multisensor_multitask_nuscenes/results_nusc.json
2026-07-13 17:17:39,314 INFO [nuscenes_metric.py:388] Node[0] NDS: 0.5764, mAP:0.5079
car_AP: [0.5]:0.6571  [1.0]:0.8225  [2.0]:0.8720  [4.0]:0.8918 
truck_AP: [0.5]:0.2902  [1.0]:0.5162  [2.0]:0.6121  [4.0]:0.6413 
trailer_AP: [0.5]:0.0671  [1.0]:0.2682  [2.0]:0.4065  [4.0]:0.5368 
bus_AP: [0.5]:0.3792  [1.0]:0.6383  [2.0]:0.7513  [4.0]:0.7793 
construction_vehicle_AP: [0.5]:0.0069  [1.0]:0.1358  [2.0]:0.2932  [4.0]:0.3604 
bicycle_AP: [0.5]:0.3062  [1.0]:0.4278  [2.0]:0.4450  [4.0]:0.4666 
motorcycle_AP: [0.5]:0.3920  [1.0]:0.5864  [2.0]:0.6223  [4.0]:0.6309 
pedestrian_AP: [0.5]:0.3788  [1.0]:0.5466  [2.0]:0.5711  [4.0]:0.6107 
traffic_cone_AP: [0.5]:0.4396  [1.0]:0.5840  [2.0]:0.6274  [4.0]:0.6801 
barrier_AP: [0.5]:0.2742  [1.0]:0.5451  [2.0]:0.6157  [4.0]:0.6413 

2026-07-13 17:17:39,461 WARNING [metric.py:200] Node[0] <class 'hat.metrics.nuscenes_metric.NuscenesMetric'> not ready for distributed environment, should not be used together with DistributedSampler.Might be slow in validation due to resource competition
2026-07-13 17:17:39,462 INFO [metric_updater.py:360] Node[0] Epoch[5] Validation bevfusion_centerpoint_pointpillar_henet_multisensor_multitask_nuscenes: NDS[0.5764] 
2026-07-13 17:17:44,456 INFO [checkpoint.py:233] Node[0] Save model checkpoint: ./tmp_models/bevfusion_centerpoint_pointpillar_henet_multisensor_multitask_nuscenes/float-checkpoint-epoch-0005-28d93e28.pth.tar
2026-07-13 17:17:45,245 INFO [checkpoint.py:270] Node[0] Save last model checkpoint: ./tmp_models/bevfusion_centerpoint_pointpillar_henet_multisensor_multitask_nuscenes/float-checkpoint-last-1f73296c.pth.tar
2026-07-13 17:17:45,253 INFO [monitor.py:143] Node[0] Epoch[6] Begin ==================================================
2026-07-13 17:17:45,253 INFO [lr_updater.py:204] Node[0] Epoch[6] Step[0] GlobalStep[7038] lr=0.000341
2026-07-13 17:22:13,226 INFO [monitor.py:131] Node[0] Epoch[6] Step[0-199] Cost Time: 267.972s Speed: 4.48 samples/sec Remaining Time: 7:49:22 Remaining step percent: 74.29%
2026-07-13 17:22:14,334 INFO [metric_updater.py:360] Node[0] Epoch[6] Step[199] GlobalStep[7237] loss_bevfusion_centerpoint_pointpillar_henet_multisensor_multitask_nuscenes: car_cls_loss[0.3923] car_reg_loss[0.3823] truck_cls_loss[0.4420] truck_reg_loss[0.3905] bus_cls_loss[0.3214] bus_reg_loss[0.3626] barrier_cls_loss[0.3726] barrier_reg_loss[0.4582] bicycle_cls_loss[0.3413] bicycle_reg_loss[0.3963] pedestrian_cls_loss[0.3474] pedestrian_reg_loss[0.5731] 
2026-07-13 17:26:11,378 INFO [monitor.py:131] Node[0] Epoch[6] Step[200-399] Cost Time: 238.151s Speed: 5.04 samples/sec Remaining Time: 6:51:05 Remaining step percent: 73.58%
2026-07-13 17:26:12,433 INFO [metric_updater.py:360] Node[0] Epoch[6] Step[399] GlobalStep[7437] loss_bevfusion_centerpoint_pointpillar_henet_multisensor_multitask_nuscenes: car_cls_loss[0.4013] car_reg_loss[0.3813] truck_cls_loss[0.4385] truck_reg_loss[0.3888] bus_cls_loss[0.3358] bus_reg_loss[0.3761] barrier_cls_loss[0.3718] barrier_reg_loss[0.4596] bicycle_cls_loss[0.3298] bicycle_reg_loss[0.3935] pedestrian_cls_loss[0.3474] pedestrian_reg_loss[0.5694] 
2026-07-13 17:30:23,278 INFO [monitor.py:131] Node[0] Epoch[6] Step[400-599] Cost Time: 251.897s Speed: 4.76 samples/sec Remaining Time: 7:10:37 Remaining step percent: 72.87%
2026-07-13 17:30:24,413 INFO [metric_updater.py:360] Node[0] Epoch[6] Step[599] GlobalStep[7637] loss_bevfusion_centerpoint_pointpillar_henet_multisensor_multitask_nuscenes: car_cls_loss[0.4029] car_reg_loss[0.3827] truck_cls_loss[0.4539] truck_reg_loss[0.3958] bus_cls_loss[0.3240] bus_reg_loss[0.3748] barrier_cls_loss[0.3656] barrier_reg_loss[0.4556] bicycle_cls_loss[0.3205] bicycle_reg_loss[0.3927] pedestrian_cls_loss[0.3526] pedestrian_reg_loss[0.5700] 
2026-07-13 17:34:19,665 INFO [monitor.py:131] Node[0] Epoch[6] Step[600-799] Cost Time: 236.386s Speed: 5.08 samples/sec Remaining Time: 6:40:09 Remaining step percent: 72.16%
2026-07-13 17:34:20,592 INFO [metric_updater.py:360] Node[0] Epoch[6] Step[799] GlobalStep[7837] loss_bevfusion_centerpoint_pointpillar_henet_multisensor_multitask_nuscenes: car_cls_loss[0.4059] car_reg_loss[0.3827] truck_cls_loss[0.4601] truck_reg_loss[0.3938] bus_cls_loss[0.3238] bus_reg_loss[0.3745] barrier_cls_loss[0.3588] barrier_reg_loss[0.4501] bicycle_cls_loss[0.3206] bicycle_reg_loss[0.3909] pedestrian_cls_loss[0.3550] pedestrian_reg_loss[0.5699] 
2026-07-13 17:38:12,165 INFO [monitor.py:131] Node[0] Epoch[6] Step[800-999] Cost Time: 232.499s Speed: 5.16 samples/sec Remaining Time: 6:29:42 Remaining step percent: 71.45%
2026-07-13 17:38:13,206 INFO [metric_updater.py:360] Node[0] Epoch[6] Step[999] GlobalStep[8037] loss_bevfusion_centerpoint_pointpillar_henet_multisensor_multitask_nuscenes: car_cls_loss[0.4069] car_reg_loss[0.3837] truck_cls_loss[0.4651] truck_reg_loss[0.3930] bus_cls_loss[0.3235] bus_reg_loss[0.3787] barrier_cls_loss[0.3553] barrier_reg_loss[0.4435] bicycle_cls_loss[0.3179] bicycle_reg_loss[0.3879] pedestrian_cls_loss[0.3611] pedestrian_reg_loss[0.5700] 
2026-07-13 17:41:38,412 INFO [monitor.py:146] Node[0] Epoch[6] End   ==================================================
2026-07-13 17:41:38,414 INFO [monitor.py:149] Node[0] Epoch[6] Cost Time: 1433.161s
2026-07-13 17:41:38,414 INFO [metric_updater.py:360] Node[0] Epoch[6] loss_bevfusion_centerpoint_pointpillar_henet_multisensor_multitask_nuscenes: car_cls_loss[0.4073] car_reg_loss[0.3840] truck_cls_loss[0.4662] truck_reg_loss[0.3929] bus_cls_loss[0.3234] bus_reg_loss[0.3768] barrier_cls_loss[0.3642] barrier_reg_loss[0.4478] bicycle_cls_loss[0.3265] bicycle_reg_loss[0.3881] pedestrian_cls_loss[0.3623] pedestrian_reg_loss[0.5720] 
2026-07-13 17:41:38,414 INFO [validation.py:156] Node[0] [32mUse train `model` as val model.[0m
2026-07-13 17:41:38,610 INFO [loop_base.py:482] Node[0] [32mStart Predictor loop from epoch 6, num_epochs=1[0m
2026-07-13 17:41:38,614 INFO [fake_quantize.py:253] Node[0] Set fake quantize state to FakeQuantState.VALIDATION
2026-07-13 17:41:44,382 INFO [loop_base.py:553] Node[0] 0 / 1505
2026-07-13 17:42:15,649 INFO [loop_base.py:553] Node[0] 200 / 1505
2026-07-13 17:42:45,184 INFO [loop_base.py:553] Node[0] 400 / 1505
2026-07-13 17:43:17,068 INFO [loop_base.py:553] Node[0] 600 / 1505
2026-07-13 17:43:48,816 INFO [loop_base.py:553] Node[0] 800 / 1505
2026-07-13 17:44:13,493 INFO [loop_base.py:553] Node[0] 1000 / 1505
2026-07-13 17:44:40,856 INFO [loop_base.py:553] Node[0] 1200 / 1505
2026-07-13 17:45:09,450 INFO [loop_base.py:553] Node[0] 1400 / 1505
2026-07-13 17:45:23,136 INFO [nuscenes_metric.py:322] Node[0] The length of self.nusc_annos is: 1505
2026-07-13 17:45:25,302 INFO [nuscenes_metric.py:346] Node[0] Results writes to ./metric_results/bevfusion_centerpoint_pointpillar_henet_multisensor_multitask_nuscenes/results_nusc.json
2026-07-13 17:47:19,982 INFO [nuscenes_metric.py:388] Node[0] NDS: 0.5797, mAP:0.5056
car_AP: [0.5]:0.6742  [1.0]:0.8343  [2.0]:0.8827  [4.0]:0.8966 
truck_AP: [0.5]:0.2765  [1.0]:0.5032  [2.0]:0.6090  [4.0]:0.6421 
trailer_AP: [0.5]:0.0749  [1.0]:0.2564  [2.0]:0.3932  [4.0]:0.4769 
bus_AP: [0.5]:0.3543  [1.0]:0.6447  [2.0]:0.7658  [4.0]:0.8097 
construction_vehicle_AP: [0.5]:0.0028  [1.0]:0.1192  [2.0]:0.2739  [4.0]:0.3370 
bicycle_AP: [0.5]:0.2747  [1.0]:0.3879  [2.0]:0.4008  [4.0]:0.4164 
motorcycle_AP: [0.5]:0.3861  [1.0]:0.5893  [2.0]:0.6183  [4.0]:0.6277 
pedestrian_AP: [0.5]:0.3992  [1.0]:0.5690  [2.0]:0.5956  [4.0]:0.6388 
traffic_cone_AP: [0.5]:0.4601  [1.0]:0.5819  [2.0]:0.6229  [4.0]:0.6779 
barrier_AP: [0.5]:0.2917  [1.0]:0.5696  [2.0]:0.6324  [4.0]:0.6570 

2026-07-13 17:47:20,167 WARNING [metric.py:200] Node[0] <class 'hat.metrics.nuscenes_metric.NuscenesMetric'> not ready for distributed environment, should not be used together with DistributedSampler.Might be slow in validation due to resource competition
2026-07-13 17:47:20,168 INFO [metric_updater.py:360] Node[0] Epoch[6] Validation bevfusion_centerpoint_pointpillar_henet_multisensor_multitask_nuscenes: NDS[0.5797] 
2026-07-13 17:47:27,209 INFO [checkpoint.py:233] Node[0] Save model checkpoint: ./tmp_models/bevfusion_centerpoint_pointpillar_henet_multisensor_multitask_nuscenes/float-checkpoint-epoch-0006-596c5cbd.pth.tar
2026-07-13 17:47:28,186 INFO [checkpoint.py:270] Node[0] Save last model checkpoint: ./tmp_models/bevfusion_centerpoint_pointpillar_henet_multisensor_multitask_nuscenes/float-checkpoint-last-80996990.pth.tar
2026-07-13 17:47:28,199 INFO [monitor.py:143] Node[0] Epoch[7] Begin ==================================================
2026-07-13 17:47:28,200 INFO [lr_updater.py:204] Node[0] Epoch[7] Step[0] GlobalStep[8211] lr=0.000322
2026-07-13 17:51:52,586 INFO [monitor.py:131] Node[0] Epoch[7] Step[0-199] Cost Time: 264.386s Speed: 4.54 samples/sec Remaining Time: 7:17:07 Remaining step percent: 70.12%
2026-07-13 17:51:53,844 INFO [metric_updater.py:360] Node[0] Epoch[7] Step[199] GlobalStep[8410] loss_bevfusion_centerpoint_pointpillar_henet_multisensor_multitask_nuscenes: car_cls_loss[0.4045] car_reg_loss[0.3814] truck_cls_loss[0.4458] truck_reg_loss[0.3897] bus_cls_loss[0.3199] bus_reg_loss[0.3687] barrier_cls_loss[0.3687] barrier_reg_loss[0.4539] bicycle_cls_loss[0.2552] bicycle_reg_loss[0.3682] pedestrian_cls_loss[0.3446] pedestrian_reg_loss[0.5601] 
2026-07-13 17:56:10,317 INFO [monitor.py:131] Node[0] Epoch[7] Step[200-399] Cost Time: 257.730s Speed: 4.66 samples/sec Remaining Time: 6:59:41 Remaining step percent: 69.41%
2026-07-13 17:56:11,519 INFO [metric_updater.py:360] Node[0] Epoch[7] Step[399] GlobalStep[8610] loss_bevfusion_centerpoint_pointpillar_henet_multisensor_multitask_nuscenes: car_cls_loss[0.3944] car_reg_loss[0.3783] truck_cls_loss[0.4447] truck_reg_loss[0.3870] bus_cls_loss[0.3273] bus_reg_loss[0.3676] barrier_cls_loss[0.3583] barrier_reg_loss[0.4483] bicycle_cls_loss[0.2818] bicycle_reg_loss[0.3745] pedestrian_cls_loss[0.3522] pedestrian_reg_loss[0.5631] 
2026-07-13 18:00:24,513 INFO [monitor.py:131] Node[0] Epoch[7] Step[400-599] Cost Time: 254.193s Speed: 4.72 samples/sec Remaining Time: 6:49:41 Remaining step percent: 68.70%
2026-07-13 18:00:25,594 INFO [metric_updater.py:360] Node[0] Epoch[7] Step[599] GlobalStep[8810] loss_bevfusion_centerpoint_pointpillar_henet_multisensor_multitask_nuscenes: car_cls_loss[0.3928] car_reg_loss[0.3774] truck_cls_loss[0.4436] truck_reg_loss[0.3856] bus_cls_loss[0.3217] bus_reg_loss[0.3626] barrier_cls_loss[0.3474] barrier_reg_loss[0.4408] bicycle_cls_loss[0.3020] bicycle_reg_loss[0.3763] pedestrian_cls_loss[0.3499] pedestrian_reg_loss[0.5631] 
2026-07-13 18:04:41,083 INFO [monitor.py:131] Node[0] Epoch[7] Step[600-799] Cost Time: 256.569s Speed: 4.68 samples/sec Remaining Time: 6:49:14 Remaining step percent: 67.99%
2026-07-13 18:04:42,253 INFO [metric_updater.py:360] Node[0] Epoch[7] Step[799] GlobalStep[9010] loss_bevfusion_centerpoint_pointpillar_henet_multisensor_multitask_nuscenes: car_cls_loss[0.3927] car_reg_loss[0.3781] truck_cls_loss[0.4418] truck_reg_loss[0.3843] bus_cls_loss[0.3174] bus_reg_loss[0.3636] barrier_cls_loss[0.3356] barrier_reg_loss[0.4293] bicycle_cls_loss[0.3117] bicycle_reg_loss[0.3736] pedestrian_cls_loss[0.3525] pedestrian_reg_loss[0.5637] 
2026-07-13 18:08:52,735 INFO [monitor.py:131] Node[0] Epoch[7] Step[800-999] Cost Time: 251.651s Speed: 4.77 samples/sec Remaining Time: 6:37:12 Remaining step percent: 67.28%
2026-07-13 18:08:54,018 INFO [metric_updater.py:360] Node[0] Epoch[7] Step[999] GlobalStep[9210] loss_bevfusion_centerpoint_pointpillar_henet_multisensor_multitask_nuscenes: car_cls_loss[0.3935] car_reg_loss[0.3792] truck_cls_loss[0.4428] truck_reg_loss[0.3821] bus_cls_loss[0.3159] bus_reg_loss[0.3616] barrier_cls_loss[0.3407] barrier_reg_loss[0.4299] bicycle_cls_loss[0.3111] bicycle_reg_loss[0.3742] pedestrian_cls_loss[0.3521] pedestrian_reg_loss[0.5633] 
2026-07-13 18:12:36,807 INFO [monitor.py:146] Node[0] Epoch[7] End   ==================================================
2026-07-13 18:12:36,809 INFO [monitor.py:149] Node[0] Epoch[7] Cost Time: 1508.610s
2026-07-13 18:12:36,809 INFO [metric_updater.py:360] Node[0] Epoch[7] loss_bevfusion_centerpoint_pointpillar_henet_multisensor_multitask_nuscenes: car_cls_loss[0.3929] car_reg_loss[0.3787] truck_cls_loss[0.4414] truck_reg_loss[0.3822] bus_cls_loss[0.3134] bus_reg_loss[0.3591] barrier_cls_loss[0.3364] barrier_reg_loss[0.4294] bicycle_cls_loss[0.3073] bicycle_reg_loss[0.3755] pedestrian_cls_loss[0.3495] pedestrian_reg_loss[0.5623] 
2026-07-13 18:12:36,810 INFO [validation.py:156] Node[0] [32mUse train `model` as val model.[0m
2026-07-13 18:12:37,072 INFO [loop_base.py:482] Node[0] [32mStart Predictor loop from epoch 7, num_epochs=1[0m
2026-07-13 18:12:37,077 INFO [fake_quantize.py:253] Node[0] Set fake quantize state to FakeQuantState.VALIDATION
2026-07-13 18:12:46,137 INFO [loop_base.py:553] Node[0] 0 / 1505
2026-07-13 18:13:12,482 INFO [loop_base.py:553] Node[0] 200 / 1505
2026-07-13 18:13:54,216 INFO [loop_base.py:553] Node[0] 400 / 1505
2026-07-13 18:14:33,330 INFO [loop_base.py:553] Node[0] 600 / 1505
2026-07-13 18:15:04,786 INFO [loop_base.py:553] Node[0] 800 / 1505
2026-07-13 18:15:29,783 INFO [loop_base.py:553] Node[0] 1000 / 1505
2026-07-13 18:15:54,137 INFO [loop_base.py:553] Node[0] 1200 / 1505
2026-07-13 18:16:20,594 INFO [loop_base.py:553] Node[0] 1400 / 1505
2026-07-13 18:16:36,843 INFO [nuscenes_metric.py:322] Node[0] The length of self.nusc_annos is: 1505
2026-07-13 18:16:39,233 INFO [nuscenes_metric.py:346] Node[0] Results writes to ./metric_results/bevfusion_centerpoint_pointpillar_henet_multisensor_multitask_nuscenes/results_nusc.json
2026-07-13 18:18:45,609 INFO [nuscenes_metric.py:388] Node[0] NDS: 0.5878, mAP:0.5168
car_AP: [0.5]:0.6724  [1.0]:0.8297  [2.0]:0.8783  [4.0]:0.8976 
truck_AP: [0.5]:0.3055  [1.0]:0.5213  [2.0]:0.6322  [4.0]:0.6648 
trailer_AP: [0.5]:0.0686  [1.0]:0.2710  [2.0]:0.4413  [4.0]:0.5627 
bus_AP: [0.5]:0.4180  [1.0]:0.6654  [2.0]:0.7873  [4.0]:0.8240 
construction_vehicle_AP: [0.5]:0.0032  [1.0]:0.1079  [2.0]:0.2648  [4.0]:0.3551 
bicycle_AP: [0.5]:0.2907  [1.0]:0.3870  [2.0]:0.3984  [4.0]:0.4144 
motorcycle_AP: [0.5]:0.4015  [1.0]:0.5792  [2.0]:0.6179  [4.0]:0.6286 
pedestrian_AP: [0.5]:0.3905  [1.0]:0.5608  [2.0]:0.5879  [4.0]:0.6267 
traffic_cone_AP: [0.5]:0.4658  [1.0]:0.5892  [2.0]:0.6301  [4.0]:0.6829 
barrier_AP: [0.5]:0.3199  [1.0]:0.5875  [2.0]:0.6565  [4.0]:0.6871 

2026-07-13 18:18:45,794 WARNING [metric.py:200] Node[0] <class 'hat.metrics.nuscenes_metric.NuscenesMetric'> not ready for distributed environment, should not be used together with DistributedSampler.Might be slow in validation due to resource competition
2026-07-13 18:18:45,795 INFO [metric_updater.py:360] Node[0] Epoch[7] Validation bevfusion_centerpoint_pointpillar_henet_multisensor_multitask_nuscenes: NDS[0.5878] 
2026-07-13 18:18:53,796 INFO [checkpoint.py:233] Node[0] Save model checkpoint: ./tmp_models/bevfusion_centerpoint_pointpillar_henet_multisensor_multitask_nuscenes/float-checkpoint-epoch-0007-ef2e3385.pth.tar
2026-07-13 18:18:54,630 INFO [checkpoint.py:270] Node[0] Save last model checkpoint: ./tmp_models/bevfusion_centerpoint_pointpillar_henet_multisensor_multitask_nuscenes/float-checkpoint-last-511ddbbc.pth.tar
2026-07-13 18:18:54,638 INFO [monitor.py:143] Node[0] Epoch[8] Begin ==================================================
2026-07-13 18:18:54,638 INFO [lr_updater.py:204] Node[0] Epoch[8] Step[0] GlobalStep[9384] lr=0.000300
2026-07-13 18:23:21,816 INFO [monitor.py:131] Node[0] Epoch[8] Step[0-199] Cost Time: 267.177s Speed: 4.49 samples/sec Remaining Time: 6:55:29 Remaining step percent: 65.96%
2026-07-13 18:23:23,119 INFO [metric_updater.py:360] Node[0] Epoch[8] Step[199] GlobalStep[9583] loss_bevfusion_centerpoint_pointpillar_henet_multisensor_multitask_nuscenes: car_cls_loss[0.3872] car_reg_loss[0.3754] truck_cls_loss[0.3965] truck_reg_loss[0.3689] bus_cls_loss[0.2513] bus_reg_loss[0.3492] barrier_cls_loss[0.3095] barrier_reg_loss[0.4168] bicycle_cls_loss[0.2680] bicycle_reg_loss[0.3599] pedestrian_cls_loss[0.3425] pedestrian_reg_loss[0.5532] 
2026-07-13 18:27:31,638 INFO [monitor.py:131] Node[0] Epoch[8] Step[200-399] Cost Time: 249.820s Speed: 4.80 samples/sec Remaining Time: 6:22:23 Remaining step percent: 65.25%
2026-07-13 18:27:32,832 INFO [metric_updater.py:360] Node[0] Epoch[8] Step[399] GlobalStep[9783] loss_bevfusion_centerpoint_pointpillar_henet_multisensor_multitask_nuscenes: car_cls_loss[0.3897] car_reg_loss[0.3734] truck_cls_loss[0.3963] truck_reg_loss[0.3672] bus_cls_loss[0.2756] bus_reg_loss[0.3534] barrier_cls_loss[0.3097] barrier_reg_loss[0.4157] bicycle_cls_loss[0.2627] bicycle_reg_loss[0.3607] pedestrian_cls_loss[0.3349] pedestrian_reg_loss[0.5545] 
2026-07-13 18:31:35,882 INFO [monitor.py:131] Node[0] Epoch[8] Step[400-599] Cost Time: 244.242s Speed: 4.91 samples/sec Remaining Time: 6:09:46 Remaining step percent: 64.54%
2026-07-13 18:31:37,104 INFO [metric_updater.py:360] Node[0] Epoch[8] Step[599] GlobalStep[9983] loss_bevfusion_centerpoint_pointpillar_henet_multisensor_multitask_nuscenes: car_cls_loss[0.3887] car_reg_loss[0.3739] truck_cls_loss[0.3991] truck_reg_loss[0.3686] bus_cls_loss[0.2796] bus_reg_loss[0.3569] barrier_cls_loss[0.3160] barrier_reg_loss[0.4204] bicycle_cls_loss[0.2779] bicycle_reg_loss[0.3625] pedestrian_cls_loss[0.3361] pedestrian_reg_loss[0.5556] 
2026-07-13 18:35:45,099 INFO [monitor.py:131] Node[0] Epoch[8] Step[600-799] Cost Time: 249.216s Speed: 4.82 samples/sec Remaining Time: 6:13:09 Remaining step percent: 63.82%
2026-07-13 18:35:46,211 INFO [metric_updater.py:360] Node[0] Epoch[8] Step[799] GlobalStep[10183] loss_bevfusion_centerpoint_pointpillar_henet_multisensor_multitask_nuscenes: car_cls_loss[0.3910] car_reg_loss[0.3757] truck_cls_loss[0.4003] truck_reg_loss[0.3691] bus_cls_loss[0.2781] bus_reg_loss[0.3533] barrier_cls_loss[0.3258] barrier_reg_loss[0.4240] bicycle_cls_loss[0.2797] bicycle_reg_loss[0.3658] pedestrian_cls_loss[0.3385] pedestrian_reg_loss[0.5563] 
2026-07-13 18:40:08,462 INFO [monitor.py:131] Node[0] Epoch[8] Step[800-999] Cost Time: 263.361s Speed: 4.56 samples/sec Remaining Time: 6:29:57 Remaining step percent: 63.11%
2026-07-13 18:40:09,536 INFO [metric_updater.py:360] Node[0] Epoch[8] Step[999] GlobalStep[10383] loss_bevfusion_centerpoint_pointpillar_henet_multisensor_multitask_nuscenes: car_cls_loss[0.3936] car_reg_loss[0.3757] truck_cls_loss[0.4051] truck_reg_loss[0.3695] bus_cls_loss[0.2795] bus_reg_loss[0.3521] barrier_cls_loss[0.3256] barrier_reg_loss[0.4241] bicycle_cls_loss[0.2812] bicycle_reg_loss[0.3675] pedestrian_cls_loss[0.3380] pedestrian_reg_loss[0.5552] 
2026-07-13 18:43:43,195 INFO [monitor.py:146] Node[0] Epoch[8] End   ==================================================
2026-07-13 18:43:43,196 INFO [monitor.py:149] Node[0] Epoch[8] Cost Time: 1488.558s
2026-07-13 18:43:43,196 INFO [metric_updater.py:360] Node[0] Epoch[8] loss_bevfusion_centerpoint_pointpillar_henet_multisensor_multitask_nuscenes: car_cls_loss[0.3921] car_reg_loss[0.3741] truck_cls_loss[0.4063] truck_reg_loss[0.3693] bus_cls_loss[0.2791] bus_reg_loss[0.3481] barrier_cls_loss[0.3262] barrier_reg_loss[0.4223] bicycle_cls_loss[0.2837] bicycle_reg_loss[0.3662] pedestrian_cls_loss[0.3380] pedestrian_reg_loss[0.5537] 
2026-07-13 18:43:43,196 INFO [validation.py:156] Node[0] [32mUse train `model` as val model.[0m
2026-07-13 18:43:43,324 INFO [loop_base.py:482] Node[0] [32mStart Predictor loop from epoch 8, num_epochs=1[0m
2026-07-13 18:43:43,327 INFO [fake_quantize.py:253] Node[0] Set fake quantize state to FakeQuantState.VALIDATION
2026-07-13 18:43:52,337 INFO [loop_base.py:553] Node[0] 0 / 1505
2026-07-13 18:44:26,278 INFO [loop_base.py:553] Node[0] 200 / 1505
2026-07-13 18:45:26,541 INFO [loop_base.py:553] Node[0] 400 / 1505
2026-07-13 18:45:51,746 INFO [loop_base.py:553] Node[0] 600 / 1505
2026-07-13 18:46:19,205 INFO [loop_base.py:553] Node[0] 800 / 1505
2026-07-13 18:46:57,454 INFO [loop_base.py:553] Node[0] 1000 / 1505
2026-07-13 18:47:24,862 INFO [loop_base.py:553] Node[0] 1200 / 1505
2026-07-13 18:47:50,742 INFO [loop_base.py:553] Node[0] 1400 / 1505
2026-07-13 18:48:05,884 INFO [nuscenes_metric.py:322] Node[0] The length of self.nusc_annos is: 1505
2026-07-13 18:48:08,156 INFO [nuscenes_metric.py:346] Node[0] Results writes to ./metric_results/bevfusion_centerpoint_pointpillar_henet_multisensor_multitask_nuscenes/results_nusc.json
2026-07-13 18:50:01,445 INFO [nuscenes_metric.py:388] Node[0] NDS: 0.5829, mAP:0.4987
car_AP: [0.5]:0.6768  [1.0]:0.8337  [2.0]:0.8779  [4.0]:0.8969 
truck_AP: [0.5]:0.2854  [1.0]:0.4936  [2.0]:0.5896  [4.0]:0.6222 
trailer_AP: [0.5]:0.0654  [1.0]:0.2738  [2.0]:0.4266  [4.0]:0.5146 
bus_AP: [0.5]:0.4031  [1.0]:0.6385  [2.0]:0.7481  [4.0]:0.8005 
construction_vehicle_AP: [0.5]:0.0050  [1.0]:0.1218  [2.0]:0.2697  [4.0]:0.3468 
bicycle_AP: [0.5]:0.2464  [1.0]:0.3359  [2.0]:0.3470  [4.0]:0.3571 
motorcycle_AP: [0.5]:0.3488  [1.0]:0.5543  [2.0]:0.5819  [4.0]:0.5921 
pedestrian_AP: [0.5]:0.3967  [1.0]:0.5608  [2.0]:0.5890  [4.0]:0.6248 
traffic_cone_AP: [0.5]:0.4667  [1.0]:0.5836  [2.0]:0.6197  [4.0]:0.6703 
barrier_AP: [0.5]:0.3237  [1.0]:0.5677  [2.0]:0.6331  [4.0]:0.6574 

2026-07-13 18:50:01,592 WARNING [metric.py:200] Node[0] <class 'hat.metrics.nuscenes_metric.NuscenesMetric'> not ready for distributed environment, should not be used together with DistributedSampler.Might be slow in validation due to resource competition
2026-07-13 18:50:01,592 INFO [metric_updater.py:360] Node[0] Epoch[8] Validation bevfusion_centerpoint_pointpillar_henet_multisensor_multitask_nuscenes: NDS[0.5829] 
2026-07-13 18:50:08,560 INFO [checkpoint.py:233] Node[0] Save model checkpoint: ./tmp_models/bevfusion_centerpoint_pointpillar_henet_multisensor_multitask_nuscenes/float-checkpoint-epoch-0008-d81fc0ac.pth.tar
2026-07-13 18:50:09,371 INFO [checkpoint.py:270] Node[0] Save last model checkpoint: ./tmp_models/bevfusion_centerpoint_pointpillar_henet_multisensor_multitask_nuscenes/float-checkpoint-last-bc030f8a.pth.tar
2026-07-13 18:50:09,379 INFO [monitor.py:143] Node[0] Epoch[9] Begin ==================================================
2026-07-13 18:50:09,379 INFO [lr_updater.py:204] Node[0] Epoch[9] Step[0] GlobalStep[10557] lr=0.000277
2026-07-13 18:54:47,372 INFO [monitor.py:131] Node[0] Epoch[9] Step[0-199] Cost Time: 277.990s Speed: 4.32 samples/sec Remaining Time: 6:44:59 Remaining step percent: 61.79%
2026-07-13 18:54:48,556 INFO [metric_updater.py:360] Node[0] Epoch[9] Step[199] GlobalStep[10756] loss_bevfusion_centerpoint_pointpillar_henet_multisensor_multitask_nuscenes: car_cls_loss[0.3908] car_reg_loss[0.3788] truck_cls_loss[0.3832] truck_reg_loss[0.3651] bus_cls_loss[0.2316] bus_reg_loss[0.3437] barrier_cls_loss[0.2897] barrier_reg_loss[0.4289] bicycle_cls_loss[0.3038] bicycle_reg_loss[0.3486] pedestrian_cls_loss[0.3281] pedestrian_reg_loss[0.5480] 
2026-07-13 18:58:53,117 INFO [monitor.py:131] Node[0] Epoch[9] Step[200-399] Cost Time: 245.744s Speed: 4.88 samples/sec Remaining Time: 5:52:07 Remaining step percent: 61.08%
2026-07-13 18:58:54,142 INFO [metric_updater.py:360] Node[0] Epoch[9] Step[399] GlobalStep[10956] loss_bevfusion_centerpoint_pointpillar_henet_multisensor_multitask_nuscenes: car_cls_loss[0.3823] car_reg_loss[0.3740] truck_cls_loss[0.3847] truck_reg_loss[0.3674] bus_cls_loss[0.2488] bus_reg_loss[0.3449] barrier_cls_loss[0.3119] barrier_reg_loss[0.4353] bicycle_cls_loss[0.2594] bicycle_reg_loss[0.3428] pedestrian_cls_loss[0.3186] pedestrian_reg_loss[0.5484] 
2026-07-13 19:03:02,540 INFO [monitor.py:131] Node[0] Epoch[9] Step[400-599] Cost Time: 249.422s Speed: 4.81 samples/sec Remaining Time: 5:53:14 Remaining step percent: 60.37%
2026-07-13 19:03:03,715 INFO [metric_updater.py:360] Node[0] Epoch[9] Step[599] GlobalStep[11156] loss_bevfusion_centerpoint_pointpillar_henet_multisensor_multitask_nuscenes: car_cls_loss[0.3801] car_reg_loss[0.3726] truck_cls_loss[0.3872] truck_reg_loss[0.3661] bus_cls_loss[0.2513] bus_reg_loss[0.3410] barrier_cls_loss[0.3138] barrier_reg_loss[0.4278] bicycle_cls_loss[0.2626] bicycle_reg_loss[0.3442] pedestrian_cls_loss[0.3173] pedestrian_reg_loss[0.5478] 
2026-07-13 19:07:12,495 INFO [monitor.py:131] Node[0] Epoch[9] Step[600-799] Cost Time: 249.954s Speed: 4.80 samples/sec Remaining Time: 5:49:49 Remaining step percent: 59.66%
2026-07-13 19:07:13,615 INFO [metric_updater.py:360] Node[0] Epoch[9] Step[799] GlobalStep[11356] loss_bevfusion_centerpoint_pointpillar_henet_multisensor_multitask_nuscenes: car_cls_loss[0.3834] car_reg_loss[0.3728] truck_cls_loss[0.3851] truck_reg_loss[0.3642] bus_cls_loss[0.2579] bus_reg_loss[0.3374] barrier_cls_loss[0.3131] barrier_reg_loss[0.4261] bicycle_cls_loss[0.2667] bicycle_reg_loss[0.3492] pedestrian_cls_loss[0.3223] pedestrian_reg_loss[0.5477] 
2026-07-13 19:11:22,969 INFO [monitor.py:131] Node[0] Epoch[9] Step[800-999] Cost Time: 250.472s Speed: 4.79 samples/sec Remaining Time: 5:46:22 Remaining step percent: 58.95%
2026-07-13 19:11:24,098 INFO [metric_updater.py:360] Node[0] Epoch[9] Step[999] GlobalStep[11556] loss_bevfusion_centerpoint_pointpillar_henet_multisensor_multitask_nuscenes: car_cls_loss[0.3826] car_reg_loss[0.3715] truck_cls_loss[0.3893] truck_reg_loss[0.3649] bus_cls_loss[0.2666] bus_reg_loss[0.3417] barrier_cls_loss[0.3147] barrier_reg_loss[0.4299] bicycle_cls_loss[0.2603] bicycle_reg_loss[0.3509] pedestrian_cls_loss[0.3229] pedestrian_reg_loss[0.5485] 
2026-07-13 19:15:11,702 INFO [monitor.py:146] Node[0] Epoch[9] End   ==================================================
2026-07-13 19:15:11,703 INFO [monitor.py:149] Node[0] Epoch[9] Cost Time: 1502.324s
2026-07-13 19:15:11,703 INFO [metric_updater.py:360] Node[0] Epoch[9] loss_bevfusion_centerpoint_pointpillar_henet_multisensor_multitask_nuscenes: car_cls_loss[0.3841] car_reg_loss[0.3715] truck_cls_loss[0.3861] truck_reg_loss[0.3646] bus_cls_loss[0.2667] bus_reg_loss[0.3427] barrier_cls_loss[0.3132] barrier_reg_loss[0.4265] bicycle_cls_loss[0.2570] bicycle_reg_loss[0.3495] pedestrian_cls_loss[0.3233] pedestrian_reg_loss[0.5480] 
2026-07-13 19:15:11,704 INFO [validation.py:156] Node[0] [32mUse train `model` as val model.[0m
2026-07-13 19:15:11,915 INFO [loop_base.py:482] Node[0] [32mStart Predictor loop from epoch 9, num_epochs=1[0m
2026-07-13 19:15:11,918 INFO [fake_quantize.py:253] Node[0] Set fake quantize state to FakeQuantState.VALIDATION
2026-07-13 19:15:20,667 INFO [loop_base.py:553] Node[0] 0 / 1505
2026-07-13 19:15:50,060 INFO [loop_base.py:553] Node[0] 200 / 1505
2026-07-13 19:16:28,162 INFO [loop_base.py:553] Node[0] 400 / 1505
2026-07-13 19:17:11,664 INFO [loop_base.py:553] Node[0] 600 / 1505
2026-07-13 19:17:43,107 INFO [loop_base.py:553] Node[0] 800 / 1505
2026-07-13 19:18:25,451 INFO [loop_base.py:553] Node[0] 1000 / 1505
2026-07-13 19:18:49,266 INFO [loop_base.py:553] Node[0] 1200 / 1505
2026-07-13 19:19:17,563 INFO [loop_base.py:553] Node[0] 1400 / 1505
2026-07-13 19:19:36,231 INFO [nuscenes_metric.py:322] Node[0] The length of self.nusc_annos is: 1505
2026-07-13 19:19:38,795 INFO [nuscenes_metric.py:346] Node[0] Results writes to ./metric_results/bevfusion_centerpoint_pointpillar_henet_multisensor_multitask_nuscenes/results_nusc.json
2026-07-13 19:21:36,731 INFO [nuscenes_metric.py:388] Node[0] NDS: 0.5903, mAP:0.5138
car_AP: [0.5]:0.6836  [1.0]:0.8398  [2.0]:0.8820  [4.0]:0.9008 
truck_AP: [0.5]:0.2926  [1.0]:0.5006  [2.0]:0.6155  [4.0]:0.6490 
trailer_AP: [0.5]:0.0786  [1.0]:0.2799  [2.0]:0.4164  [4.0]:0.5325 
bus_AP: [0.5]:0.4192  [1.0]:0.6316  [2.0]:0.7637  [4.0]:0.8024 
construction_vehicle_AP: [0.5]:0.0145  [1.0]:0.1332  [2.0]:0.2936  [4.0]:0.3601 
bicycle_AP: [0.5]:0.2845  [1.0]:0.3712  [2.0]:0.3766  [4.0]:0.3872 
motorcycle_AP: [0.5]:0.3898  [1.0]:0.5859  [2.0]:0.6150  [4.0]:0.6258 
pedestrian_AP: [0.5]:0.3968  [1.0]:0.5630  [2.0]:0.5932  [4.0]:0.6293 
traffic_cone_AP: [0.5]:0.4601  [1.0]:0.5876  [2.0]:0.6291  [4.0]:0.6823 
barrier_AP: [0.5]:0.3299  [1.0]:0.5990  [2.0]:0.6624  [4.0]:0.6943 

2026-07-13 19:21:36,894 WARNING [metric.py:200] Node[0] <class 'hat.metrics.nuscenes_metric.NuscenesMetric'> not ready for distributed environment, should not be used together with DistributedSampler.Might be slow in validation due to resource competition
2026-07-13 19:21:36,895 INFO [metric_updater.py:360] Node[0] Epoch[9] Validation bevfusion_centerpoint_pointpillar_henet_multisensor_multitask_nuscenes: NDS[0.5903] 
2026-07-13 19:21:44,411 INFO [checkpoint.py:233] Node[0] Save model checkpoint: ./tmp_models/bevfusion_centerpoint_pointpillar_henet_multisensor_multitask_nuscenes/float-checkpoint-epoch-0009-b39cc896.pth.tar
2026-07-13 19:21:45,445 INFO [checkpoint.py:270] Node[0] Save last model checkpoint: ./tmp_models/bevfusion_centerpoint_pointpillar_henet_multisensor_multitask_nuscenes/float-checkpoint-last-81e47570.pth.tar
2026-07-13 19:21:45,454 INFO [monitor.py:143] Node[0] Epoch[10] Begin ==================================================
2026-07-13 19:21:45,454 INFO [lr_updater.py:204] Node[0] Epoch[10] Step[0] GlobalStep[11730] lr=0.000252
2026-07-13 19:26:26,965 INFO [monitor.py:131] Node[0] Epoch[10] Step[0-199] Cost Time: 281.508s Speed: 4.26 samples/sec Remaining Time: 6:22:27 Remaining step percent: 57.62%
2026-07-13 19:26:28,003 INFO [metric_updater.py:360] Node[0] Epoch[10] Step[199] GlobalStep[11929] loss_bevfusion_centerpoint_pointpillar_henet_multisensor_multitask_nuscenes: car_cls_loss[0.3734] car_reg_loss[0.3623] truck_cls_loss[0.3570] truck_reg_loss[0.3568] bus_cls_loss[0.2546] bus_reg_loss[0.3339] barrier_cls_loss[0.3011] barrier_reg_loss[0.4061] bicycle_cls_loss[0.2269] bicycle_reg_loss[0.3364] pedestrian_cls_loss[0.3130] pedestrian_reg_loss[0.5384] 
2026-07-13 19:30:37,751 INFO [monitor.py:131] Node[0] Epoch[10] Step[200-399] Cost Time: 250.784s Speed: 4.78 samples/sec Remaining Time: 5:34:50 Remaining step percent: 56.91%
2026-07-13 19:30:38,842 INFO [metric_updater.py:360] Node[0] Epoch[10] Step[399] GlobalStep[12129] loss_bevfusion_centerpoint_pointpillar_henet_multisensor_multitask_nuscenes: car_cls_loss[0.3733] car_reg_loss[0.3643] truck_cls_loss[0.3501] truck_reg_loss[0.3551] bus_cls_loss[0.2517] bus_reg_loss[0.3432] barrier_cls_loss[0.2906] barrier_reg_loss[0.4027] bicycle_cls_loss[0.2376] bicycle_reg_loss[0.3314] pedestrian_cls_loss[0.3095] pedestrian_reg_loss[0.5359] 
2026-07-13 19:34:55,755 INFO [monitor.py:131] Node[0] Epoch[10] Step[400-599] Cost Time: 258.003s Speed: 4.65 samples/sec Remaining Time: 5:40:10 Remaining step percent: 56.20%
2026-07-13 19:34:56,831 INFO [metric_updater.py:360] Node[0] Epoch[10] Step[599] GlobalStep[12329] loss_bevfusion_centerpoint_pointpillar_henet_multisensor_multitask_nuscenes: car_cls_loss[0.3672] car_reg_loss[0.3631] truck_cls_loss[0.3491] truck_reg_loss[0.3559] bus_cls_loss[0.2574] bus_reg_loss[0.3422] barrier_cls_loss[0.2945] barrier_reg_loss[0.4075] bicycle_cls_loss[0.2314] bicycle_reg_loss[0.3323] pedestrian_cls_loss[0.3132] pedestrian_reg_loss[0.5381] 
2026-07-13 19:39:05,608 INFO [monitor.py:131] Node[0] Epoch[10] Step[600-799] Cost Time: 249.851s Speed: 4.80 samples/sec Remaining Time: 5:25:15 Remaining step percent: 55.49%
2026-07-13 19:39:06,876 INFO [metric_updater.py:360] Node[0] Epoch[10] Step[799] GlobalStep[12529] loss_bevfusion_centerpoint_pointpillar_henet_multisensor_multitask_nuscenes: car_cls_loss[0.3708] car_reg_loss[0.3649] truck_cls_loss[0.3555] truck_reg_loss[0.3564] bus_cls_loss[0.2563] bus_reg_loss[0.3416] barrier_cls_loss[0.3057] barrier_reg_loss[0.4027] bicycle_cls_loss[0.2222] bicycle_reg_loss[0.3284] pedestrian_cls_loss[0.3150] pedestrian_reg_loss[0.5377] 
2026-07-13 19:43:15,510 INFO [monitor.py:131] Node[0] Epoch[10] Step[800-999] Cost Time: 249.900s Speed: 4.80 samples/sec Remaining Time: 5:21:09 Remaining step percent: 54.78%
2026-07-13 19:43:16,717 INFO [metric_updater.py:360] Node[0] Epoch[10] Step[999] GlobalStep[12729] loss_bevfusion_centerpoint_pointpillar_henet_multisensor_multitask_nuscenes: car_cls_loss[0.3714] car_reg_loss[0.3645] truck_cls_loss[0.3561] truck_reg_loss[0.3553] bus_cls_loss[0.2490] bus_reg_loss[0.3407] barrier_cls_loss[0.3047] barrier_reg_loss[0.4041] bicycle_cls_loss[0.2229] bicycle_reg_loss[0.3332] pedestrian_cls_loss[0.3160] pedestrian_reg_loss[0.5387] 
2026-07-13 19:47:24,727 INFO [monitor.py:146] Node[0] Epoch[10] End   ==================================================
2026-07-13 19:47:24,728 INFO [monitor.py:149] Node[0] Epoch[10] Cost Time: 1539.274s
2026-07-13 19:47:24,728 INFO [metric_updater.py:360] Node[0] Epoch[10] loss_bevfusion_centerpoint_pointpillar_henet_multisensor_multitask_nuscenes: car_cls_loss[0.3725] car_reg_loss[0.3646] truck_cls_loss[0.3586] truck_reg_loss[0.3550] bus_cls_loss[0.2493] bus_reg_loss[0.3392] barrier_cls_loss[0.3019] barrier_reg_loss[0.4068] bicycle_cls_loss[0.2228] bicycle_reg_loss[0.3330] pedestrian_cls_loss[0.3152] pedestrian_reg_loss[0.5382] 
2026-07-13 19:47:24,728 INFO [validation.py:156] Node[0] [32mUse train `model` as val model.[0m
2026-07-13 19:47:24,915 INFO [loop_base.py:482] Node[0] [32mStart Predictor loop from epoch 10, num_epochs=1[0m
2026-07-13 19:47:24,918 INFO [fake_quantize.py:253] Node[0] Set fake quantize state to FakeQuantState.VALIDATION
2026-07-13 19:47:32,125 INFO [loop_base.py:553] Node[0] 0 / 1505
2026-07-13 19:48:06,614 INFO [loop_base.py:553] Node[0] 200 / 1505
2026-07-13 19:48:31,284 INFO [loop_base.py:553] Node[0] 400 / 1505
2026-07-13 19:49:02,136 INFO [loop_base.py:553] Node[0] 600 / 1505
2026-07-13 19:49:25,502 INFO [loop_base.py:553] Node[0] 800 / 1505
2026-07-13 19:49:52,699 INFO [loop_base.py:553] Node[0] 1000 / 1505
2026-07-13 19:50:17,628 INFO [loop_base.py:553] Node[0] 1200 / 1505
2026-07-13 19:50:42,532 INFO [loop_base.py:553] Node[0] 1400 / 1505
2026-07-13 19:50:57,415 INFO [nuscenes_metric.py:322] Node[0] The length of self.nusc_annos is: 1505
2026-07-13 19:50:59,684 INFO [nuscenes_metric.py:346] Node[0] Results writes to ./metric_results/bevfusion_centerpoint_pointpillar_henet_multisensor_multitask_nuscenes/results_nusc.json
2026-07-13 19:53:02,141 INFO [nuscenes_metric.py:388] Node[0] NDS: 0.5833, mAP:0.5053
car_AP: [0.5]:0.6874  [1.0]:0.8402  [2.0]:0.8831  [4.0]:0.8970 
truck_AP: [0.5]:0.2898  [1.0]:0.4986  [2.0]:0.6085  [4.0]:0.6412 
trailer_AP: [0.5]:0.0898  [1.0]:0.2602  [2.0]:0.4192  [4.0]:0.5216 
bus_AP: [0.5]:0.3943  [1.0]:0.6391  [2.0]:0.7540  [4.0]:0.7859 
construction_vehicle_AP: [0.5]:0.0116  [1.0]:0.1288  [2.0]:0.2743  [4.0]:0.3384 
bicycle_AP: [0.5]:0.2815  [1.0]:0.3687  [2.0]:0.3791  [4.0]:0.3865 
motorcycle_AP: [0.5]:0.3668  [1.0]:0.5670  [2.0]:0.5863  [4.0]:0.5953 
pedestrian_AP: [0.5]:0.3971  [1.0]:0.5676  [2.0]:0.5942  [4.0]:0.6351 
traffic_cone_AP: [0.5]:0.4623  [1.0]:0.5773  [2.0]:0.6249  [4.0]:0.6791 
barrier_AP: [0.5]:0.3159  [1.0]:0.5736  [2.0]:0.6345  [4.0]:0.6566 

2026-07-13 19:53:02,368 WARNING [metric.py:200] Node[0] <class 'hat.metrics.nuscenes_metric.NuscenesMetric'> not ready for distributed environment, should not be used together with DistributedSampler.Might be slow in validation due to resource competition
2026-07-13 19:53:02,369 INFO [metric_updater.py:360] Node[0] Epoch[10] Validation bevfusion_centerpoint_pointpillar_henet_multisensor_multitask_nuscenes: NDS[0.5833] 
2026-07-13 19:53:10,733 INFO [checkpoint.py:233] Node[0] Save model checkpoint: ./tmp_models/bevfusion_centerpoint_pointpillar_henet_multisensor_multitask_nuscenes/float-checkpoint-epoch-0010-98953140.pth.tar
2026-07-13 19:53:11,712 INFO [checkpoint.py:270] Node[0] Save last model checkpoint: ./tmp_models/bevfusion_centerpoint_pointpillar_henet_multisensor_multitask_nuscenes/float-checkpoint-last-abc0ded7.pth.tar
2026-07-13 19:53:11,722 INFO [monitor.py:143] Node[0] Epoch[11] Begin ==================================================
2026-07-13 19:53:11,722 INFO [lr_updater.py:204] Node[0] Epoch[11] Step[0] GlobalStep[12903] lr=0.000226
2026-07-13 19:57:44,286 INFO [monitor.py:131] Node[0] Epoch[11] Step[0-199] Cost Time: 272.562s Speed: 4.40 samples/sec Remaining Time: 5:43:31 Remaining step percent: 53.46%
2026-07-13 19:57:45,420 INFO [metric_updater.py:360] Node[0] Epoch[11] Step[199] GlobalStep[13102] loss_bevfusion_centerpoint_pointpillar_henet_multisensor_multitask_nuscenes: car_cls_loss[0.3606] car_reg_loss[0.3600] truck_cls_loss[0.3392] truck_reg_loss[0.3467] bus_cls_loss[0.2439] bus_reg_loss[0.3173] barrier_cls_loss[0.2791] barrier_reg_loss[0.4033] bicycle_cls_loss[0.2048] bicycle_reg_loss[0.3403] pedestrian_cls_loss[0.2936] pedestrian_reg_loss[0.5338] 
2026-07-13 20:01:57,864 INFO [monitor.py:131] Node[0] Epoch[11] Step[200-399] Cost Time: 253.577s Speed: 4.73 samples/sec Remaining Time: 5:13:46 Remaining step percent: 52.75%
2026-07-13 20:01:58,999 INFO [metric_updater.py:360] Node[0] Epoch[11] Step[399] GlobalStep[13302] loss_bevfusion_centerpoint_pointpillar_henet_multisensor_multitask_nuscenes: car_cls_loss[0.3645] car_reg_loss[0.3594] truck_cls_loss[0.3360] truck_reg_loss[0.3453] bus_cls_loss[0.2505] bus_reg_loss[0.3218] barrier_cls_loss[0.2767] barrier_reg_loss[0.4029] bicycle_cls_loss[0.2083] bicycle_reg_loss[0.3298] pedestrian_cls_loss[0.2936] pedestrian_reg_loss[0.5321] 
2026-07-13 20:06:06,860 INFO [monitor.py:131] Node[0] Epoch[11] Step[400-599] Cost Time: 248.994s Speed: 4.82 samples/sec Remaining Time: 5:03:57 Remaining step percent: 52.04%
2026-07-13 20:06:08,109 INFO [metric_updater.py:360] Node[0] Epoch[11] Step[599] GlobalStep[13502] loss_bevfusion_centerpoint_pointpillar_henet_multisensor_multitask_nuscenes: car_cls_loss[0.3645] car_reg_loss[0.3609] truck_cls_loss[0.3382] truck_reg_loss[0.3462] bus_cls_loss[0.2452] bus_reg_loss[0.3258] barrier_cls_loss[0.2747] barrier_reg_loss[0.3956] bicycle_cls_loss[0.2097] bicycle_reg_loss[0.3349] pedestrian_cls_loss[0.2927] pedestrian_reg_loss[0.5348] 
2026-07-13 20:10:28,861 INFO [monitor.py:131] Node[0] Epoch[11] Step[600-799] Cost Time: 262.000s Speed: 4.58 samples/sec Remaining Time: 5:15:28 Remaining step percent: 51.32%
2026-07-13 20:10:30,085 INFO [metric_updater.py:360] Node[0] Epoch[11] Step[799] GlobalStep[13702] loss_bevfusion_centerpoint_pointpillar_henet_multisensor_multitask_nuscenes: car_cls_loss[0.3660] car_reg_loss[0.3607] truck_cls_loss[0.3370] truck_reg_loss[0.3483] bus_cls_loss[0.2532] bus_reg_loss[0.3275] barrier_cls_loss[0.2776] barrier_reg_loss[0.4001] bicycle_cls_loss[0.2093] bicycle_reg_loss[0.3329] pedestrian_cls_loss[0.2927] pedestrian_reg_loss[0.5337] 
2026-07-13 20:14:55,530 INFO [monitor.py:131] Node[0] Epoch[11] Step[800-999] Cost Time: 266.667s Speed: 4.50 samples/sec Remaining Time: 5:16:38 Remaining step percent: 50.61%
2026-07-13 20:14:56,529 INFO [metric_updater.py:360] Node[0] Epoch[11] Step[999] GlobalStep[13902] loss_bevfusion_centerpoint_pointpillar_henet_multisensor_multitask_nuscenes: car_cls_loss[0.3647] car_reg_loss[0.3605] truck_cls_loss[0.3422] truck_reg_loss[0.3497] bus_cls_loss[0.2511] bus_reg_loss[0.3261] barrier_cls_loss[0.2813] barrier_reg_loss[0.4007] bicycle_cls_loss[0.2093] bicycle_reg_loss[0.3344] pedestrian_cls_loss[0.2949] pedestrian_reg_loss[0.5337] 
2026-07-13 20:18:42,437 INFO [monitor.py:146] Node[0] Epoch[11] End   ==================================================
2026-07-13 20:18:42,439 INFO [monitor.py:149] Node[0] Epoch[11] Cost Time: 1530.717s
2026-07-13 20:18:42,439 INFO [metric_updater.py:360] Node[0] Epoch[11] loss_bevfusion_centerpoint_pointpillar_henet_multisensor_multitask_nuscenes: car_cls_loss[0.3660] car_reg_loss[0.3612] truck_cls_loss[0.3406] truck_reg_loss[0.3491] bus_cls_loss[0.2465] bus_reg_loss[0.3254] barrier_cls_loss[0.2869] barrier_reg_loss[0.4029] bicycle_cls_loss[0.2110] bicycle_reg_loss[0.3365] pedestrian_cls_loss[0.2974] pedestrian_reg_loss[0.5315] 
2026-07-13 20:18:42,439 INFO [validation.py:156] Node[0] [32mUse train `model` as val model.[0m
2026-07-13 20:18:42,675 INFO [loop_base.py:482] Node[0] [32mStart Predictor loop from epoch 11, num_epochs=1[0m
2026-07-13 20:18:42,678 INFO [fake_quantize.py:253] Node[0] Set fake quantize state to FakeQuantState.VALIDATION
2026-07-13 20:18:50,910 INFO [loop_base.py:553] Node[0] 0 / 1505
2026-07-13 20:19:23,313 INFO [loop_base.py:553] Node[0] 200 / 1505
2026-07-13 20:19:51,689 INFO [loop_base.py:553] Node[0] 400 / 1505
2026-07-13 20:20:17,326 INFO [loop_base.py:553] Node[0] 600 / 1505
2026-07-13 20:20:50,464 INFO [loop_base.py:553] Node[0] 800 / 1505
2026-07-13 20:21:30,308 INFO [loop_base.py:553] Node[0] 1000 / 1505
2026-07-13 20:22:00,140 INFO [loop_base.py:553] Node[0] 1200 / 1505
2026-07-13 20:22:40,795 INFO [loop_base.py:553] Node[0] 1400 / 1505
2026-07-13 20:22:55,725 INFO [nuscenes_metric.py:322] Node[0] The length of self.nusc_annos is: 1505
2026-07-13 20:22:57,574 INFO [nuscenes_metric.py:346] Node[0] Results writes to ./metric_results/bevfusion_centerpoint_pointpillar_henet_multisensor_multitask_nuscenes/results_nusc.json
2026-07-13 20:24:53,331 INFO [nuscenes_metric.py:388] Node[0] NDS: 0.5822, mAP:0.4979
car_AP: [0.5]:0.6878  [1.0]:0.8389  [2.0]:0.8806  [4.0]:0.8940 
truck_AP: [0.5]:0.3100  [1.0]:0.5031  [2.0]:0.6020  [4.0]:0.6335 
trailer_AP: [0.5]:0.0820  [1.0]:0.2701  [2.0]:0.4219  [4.0]:0.5291 
bus_AP: [0.5]:0.4186  [1.0]:0.6597  [2.0]:0.7600  [4.0]:0.8019 
construction_vehicle_AP: [0.5]:0.0139  [1.0]:0.1226  [2.0]:0.2845  [4.0]:0.3664 
bicycle_AP: [0.5]:0.2367  [1.0]:0.3281  [2.0]:0.3368  [4.0]:0.3387 
motorcycle_AP: [0.5]:0.3445  [1.0]:0.5108  [2.0]:0.5423  [4.0]:0.5441 
pedestrian_AP: [0.5]:0.3906  [1.0]:0.5532  [2.0]:0.5871  [4.0]:0.6177 
traffic_cone_AP: [0.5]:0.4553  [1.0]:0.5767  [2.0]:0.6167  [4.0]:0.6687 
barrier_AP: [0.5]:0.3126  [1.0]:0.5748  [2.0]:0.6383  [4.0]:0.6622 

2026-07-13 20:24:53,512 WARNING [metric.py:200] Node[0] <class 'hat.metrics.nuscenes_metric.NuscenesMetric'> not ready for distributed environment, should not be used together with DistributedSampler.Might be slow in validation due to resource competition
2026-07-13 20:24:53,512 INFO [metric_updater.py:360] Node[0] Epoch[11] Validation bevfusion_centerpoint_pointpillar_henet_multisensor_multitask_nuscenes: NDS[0.5822] 
2026-07-13 20:24:59,727 INFO [checkpoint.py:233] Node[0] Save model checkpoint: ./tmp_models/bevfusion_centerpoint_pointpillar_henet_multisensor_multitask_nuscenes/float-checkpoint-epoch-0011-031f4249.pth.tar
2026-07-13 20:25:00,583 INFO [checkpoint.py:270] Node[0] Save last model checkpoint: ./tmp_models/bevfusion_centerpoint_pointpillar_henet_multisensor_multitask_nuscenes/float-checkpoint-last-60af7003.pth.tar
2026-07-13 20:25:00,591 INFO [monitor.py:143] Node[0] Epoch[12] Begin ==================================================
2026-07-13 20:25:00,592 INFO [lr_updater.py:204] Node[0] Epoch[12] Step[0] GlobalStep[14076] lr=0.000200
2026-07-13 20:29:40,533 INFO [monitor.py:131] Node[0] Epoch[12] Step[0-199] Cost Time: 279.939s Speed: 4.29 samples/sec Remaining Time: 5:25:19 Remaining step percent: 49.29%
2026-07-13 20:29:41,644 INFO [metric_updater.py:360] Node[0] Epoch[12] Step[199] GlobalStep[14275] loss_bevfusion_centerpoint_pointpillar_henet_multisensor_multitask_nuscenes: car_cls_loss[0.3609] car_reg_loss[0.3626] truck_cls_loss[0.3078] truck_reg_loss[0.3398] bus_cls_loss[0.2183] bus_reg_loss[0.3216] barrier_cls_loss[0.2661] barrier_reg_loss[0.4013] bicycle_cls_loss[0.1855] bicycle_reg_loss[0.3259] pedestrian_cls_loss[0.3046] pedestrian_reg_loss[0.5273] 
2026-07-13 20:33:48,198 INFO [monitor.py:131] Node[0] Epoch[12] Step[200-399] Cost Time: 247.661s Speed: 4.85 samples/sec Remaining Time: 4:42:15 Remaining step percent: 48.58%
2026-07-13 20:33:49,416 INFO [metric_updater.py:360] Node[0] Epoch[12] Step[399] GlobalStep[14475] loss_bevfusion_centerpoint_pointpillar_henet_multisensor_multitask_nuscenes: car_cls_loss[0.3578] car_reg_loss[0.3587] truck_cls_loss[0.3143] truck_reg_loss[0.3411] bus_cls_loss[0.2093] bus_reg_loss[0.3157] barrier_cls_loss[0.2783] barrier_reg_loss[0.4039] bicycle_cls_loss[0.1868] bicycle_reg_loss[0.3254] pedestrian_cls_loss[0.2972] pedestrian_reg_loss[0.5258] 
2026-07-13 20:37:58,239 INFO [monitor.py:131] Node[0] Epoch[12] Step[400-599] Cost Time: 250.039s Speed: 4.80 samples/sec Remaining Time: 4:40:47 Remaining step percent: 47.87%
2026-07-13 20:37:59,300 INFO [metric_updater.py:360] Node[0] Epoch[12] Step[599] GlobalStep[14675] loss_bevfusion_centerpoint_pointpillar_henet_multisensor_multitask_nuscenes: car_cls_loss[0.3531] car_reg_loss[0.3572] truck_cls_loss[0.3194] truck_reg_loss[0.3437] bus_cls_loss[0.2267] bus_reg_loss[0.3207] barrier_cls_loss[0.2839] barrier_reg_loss[0.4020] bicycle_cls_loss[0.1834] bicycle_reg_loss[0.3210] pedestrian_cls_loss[0.2967] pedestrian_reg_loss[0.5266] 
2026-07-13 20:42:07,522 INFO [monitor.py:131] Node[0] Epoch[12] Step[600-799] Cost Time: 249.281s Speed: 4.81 samples/sec Remaining Time: 4:35:47 Remaining step percent: 47.16%
2026-07-13 20:42:08,672 INFO [metric_updater.py:360] Node[0] Epoch[12] Step[799] GlobalStep[14875] loss_bevfusion_centerpoint_pointpillar_henet_multisensor_multitask_nuscenes: car_cls_loss[0.3560] car_reg_loss[0.3570] truck_cls_loss[0.3166] truck_reg_loss[0.3406] bus_cls_loss[0.2190] bus_reg_loss[0.3160] barrier_cls_loss[0.2832] barrier_reg_loss[0.4005] bicycle_cls_loss[0.1861] bicycle_reg_loss[0.3249] pedestrian_cls_loss[0.2940] pedestrian_reg_loss[0.5252] 
2026-07-13 20:46:18,724 INFO [monitor.py:131] Node[0] Epoch[12] Step[800-999] Cost Time: 251.200s Speed: 4.78 samples/sec Remaining Time: 4:33:43 Remaining step percent: 46.45%
2026-07-13 20:46:19,923 INFO [metric_updater.py:360] Node[0] Epoch[12] Step[999] GlobalStep[15075] loss_bevfusion_centerpoint_pointpillar_henet_multisensor_multitask_nuscenes: car_cls_loss[0.3555] car_reg_loss[0.3567] truck_cls_loss[0.3138] truck_reg_loss[0.3401] bus_cls_loss[0.2194] bus_reg_loss[0.3173] barrier_cls_loss[0.2812] barrier_reg_loss[0.3998] bicycle_cls_loss[0.1857] bicycle_reg_loss[0.3227] pedestrian_cls_loss[0.2938] pedestrian_reg_loss[0.5268] 
2026-07-13 20:49:58,716 INFO [monitor.py:146] Node[0] Epoch[12] End   ==================================================
2026-07-13 20:49:58,718 INFO [monitor.py:149] Node[0] Epoch[12] Cost Time: 1498.127s
2026-07-13 20:49:58,718 INFO [metric_updater.py:360] Node[0] Epoch[12] loss_bevfusion_centerpoint_pointpillar_henet_multisensor_multitask_nuscenes: car_cls_loss[0.3565] car_reg_loss[0.3574] truck_cls_loss[0.3144] truck_reg_loss[0.3402] bus_cls_loss[0.2191] bus_reg_loss[0.3165] barrier_cls_loss[0.2823] barrier_reg_loss[0.3986] bicycle_cls_loss[0.1819] bicycle_reg_loss[0.3216] pedestrian_cls_loss[0.2931] pedestrian_reg_loss[0.5259] 
2026-07-13 20:49:58,719 INFO [validation.py:156] Node[0] [32mUse train `model` as val model.[0m
2026-07-13 20:49:58,902 INFO [loop_base.py:482] Node[0] [32mStart Predictor loop from epoch 12, num_epochs=1[0m
2026-07-13 20:49:58,905 INFO [fake_quantize.py:253] Node[0] Set fake quantize state to FakeQuantState.VALIDATION
2026-07-13 20:50:07,789 INFO [loop_base.py:553] Node[0] 0 / 1505
2026-07-13 20:50:34,129 INFO [loop_base.py:553] Node[0] 200 / 1505
2026-07-13 20:51:08,801 INFO [loop_base.py:553] Node[0] 400 / 1505
2026-07-13 20:51:54,476 INFO [loop_base.py:553] Node[0] 600 / 1505
2026-07-13 20:52:30,932 INFO [loop_base.py:553] Node[0] 800 / 1505
2026-07-13 20:53:13,969 INFO [loop_base.py:553] Node[0] 1000 / 1505
2026-07-13 20:53:39,445 INFO [loop_base.py:553] Node[0] 1200 / 1505
2026-07-13 20:54:07,421 INFO [loop_base.py:553] Node[0] 1400 / 1505
2026-07-13 20:54:24,033 INFO [nuscenes_metric.py:322] Node[0] The length of self.nusc_annos is: 1505
2026-07-13 20:54:26,159 INFO [nuscenes_metric.py:346] Node[0] Results writes to ./metric_results/bevfusion_centerpoint_pointpillar_henet_multisensor_multitask_nuscenes/results_nusc.json
2026-07-13 20:56:20,647 INFO [nuscenes_metric.py:388] Node[0] NDS: 0.5829, mAP:0.4947
car_AP: [0.5]:0.6857  [1.0]:0.8343  [2.0]:0.8776  [4.0]:0.8972 
truck_AP: [0.5]:0.3045  [1.0]:0.5072  [2.0]:0.6047  [4.0]:0.6300 
trailer_AP: [0.5]:0.0756  [1.0]:0.2600  [2.0]:0.4052  [4.0]:0.4980 
bus_AP: [0.5]:0.3842  [1.0]:0.6360  [2.0]:0.7490  [4.0]:0.7898 
construction_vehicle_AP: [0.5]:0.0100  [1.0]:0.1182  [2.0]:0.2640  [4.0]:0.3418 
bicycle_AP: [0.5]:0.2760  [1.0]:0.3494  [2.0]:0.3606  [4.0]:0.3705 
motorcycle_AP: [0.5]:0.3554  [1.0]:0.5305  [2.0]:0.5692  [4.0]:0.5708 
pedestrian_AP: [0.5]:0.3707  [1.0]:0.5556  [2.0]:0.5932  [4.0]:0.6342 
traffic_cone_AP: [0.5]:0.4495  [1.0]:0.5763  [2.0]:0.6210  [4.0]:0.6745 
barrier_AP: [0.5]:0.2816  [1.0]:0.5468  [2.0]:0.6028  [4.0]:0.6260 

2026-07-13 20:56:20,798 WARNING [metric.py:200] Node[0] <class 'hat.metrics.nuscenes_metric.NuscenesMetric'> not ready for distributed environment, should not be used together with DistributedSampler.Might be slow in validation due to resource competition
2026-07-13 20:56:20,799 INFO [metric_updater.py:360] Node[0] Epoch[12] Validation bevfusion_centerpoint_pointpillar_henet_multisensor_multitask_nuscenes: NDS[0.5829] 
2026-07-13 20:56:27,329 INFO [checkpoint.py:233] Node[0] Save model checkpoint: ./tmp_models/bevfusion_centerpoint_pointpillar_henet_multisensor_multitask_nuscenes/float-checkpoint-epoch-0012-aa119c93.pth.tar
2026-07-13 20:56:28,171 INFO [checkpoint.py:270] Node[0] Save last model checkpoint: ./tmp_models/bevfusion_centerpoint_pointpillar_henet_multisensor_multitask_nuscenes/float-checkpoint-last-3823f255.pth.tar
2026-07-13 20:56:28,179 INFO [monitor.py:143] Node[0] Epoch[13] Begin ==================================================
2026-07-13 20:56:28,180 INFO [lr_updater.py:204] Node[0] Epoch[13] Step[0] GlobalStep[15249] lr=0.000174
2026-07-13 21:01:24,017 INFO [monitor.py:131] Node[0] Epoch[13] Step[0-199] Cost Time: 295.835s Speed: 4.06 samples/sec Remaining Time: 5:14:44 Remaining step percent: 45.12%
2026-07-13 21:01:25,076 INFO [metric_updater.py:360] Node[0] Epoch[13] Step[199] GlobalStep[15448] loss_bevfusion_centerpoint_pointpillar_henet_multisensor_multitask_nuscenes: car_cls_loss[0.3427] car_reg_loss[0.3486] truck_cls_loss[0.3183] truck_reg_loss[0.3404] bus_cls_loss[0.2117] bus_reg_loss[0.3056] barrier_cls_loss[0.2419] barrier_reg_loss[0.3840] bicycle_cls_loss[0.1700] bicycle_reg_loss[0.3132] pedestrian_cls_loss[0.2806] pedestrian_reg_loss[0.5133] 
2026-07-13 21:05:37,411 INFO [monitor.py:131] Node[0] Epoch[13] Step[200-399] Cost Time: 253.391s Speed: 4.74 samples/sec Remaining Time: 4:24:00 Remaining step percent: 44.41%
2026-07-13 21:05:38,446 INFO [metric_updater.py:360] Node[0] Epoch[13] Step[399] GlobalStep[15648] loss_bevfusion_centerpoint_pointpillar_henet_multisensor_multitask_nuscenes: car_cls_loss[0.3459] car_reg_loss[0.3499] truck_cls_loss[0.3025] truck_reg_loss[0.3363] bus_cls_loss[0.2092] bus_reg_loss[0.3041] barrier_cls_loss[0.2494] barrier_reg_loss[0.3964] bicycle_cls_loss[0.1705] bicycle_reg_loss[0.3155] pedestrian_cls_loss[0.2834] pedestrian_reg_loss[0.5181] 
2026-07-13 21:09:43,296 INFO [monitor.py:131] Node[0] Epoch[13] Step[400-599] Cost Time: 245.884s Speed: 4.88 samples/sec Remaining Time: 4:12:05 Remaining step percent: 43.70%
2026-07-13 21:09:44,453 INFO [metric_updater.py:360] Node[0] Epoch[13] Step[599] GlobalStep[15848] loss_bevfusion_centerpoint_pointpillar_henet_multisensor_multitask_nuscenes: car_cls_loss[0.3488] car_reg_loss[0.3527] truck_cls_loss[0.2979] truck_reg_loss[0.3359] bus_cls_loss[0.2028] bus_reg_loss[0.3074] barrier_cls_loss[0.2551] barrier_reg_loss[0.3956] bicycle_cls_loss[0.1707] bicycle_reg_loss[0.3172] pedestrian_cls_loss[0.2818] pedestrian_reg_loss[0.5206] 
2026-07-13 21:13:49,380 INFO [monitor.py:131] Node[0] Epoch[13] Step[600-799] Cost Time: 246.084s Speed: 4.88 samples/sec Remaining Time: 4:08:11 Remaining step percent: 42.99%
2026-07-13 21:13:50,594 INFO [metric_updater.py:360] Node[0] Epoch[13] Step[799] GlobalStep[16048] loss_bevfusion_centerpoint_pointpillar_henet_multisensor_multitask_nuscenes: car_cls_loss[0.3493] car_reg_loss[0.3527] truck_cls_loss[0.2966] truck_reg_loss[0.3355] bus_cls_loss[0.2095] bus_reg_loss[0.3081] barrier_cls_loss[0.2567] barrier_reg_loss[0.3950] bicycle_cls_loss[0.1713] bicycle_reg_loss[0.3156] pedestrian_cls_loss[0.2798] pedestrian_reg_loss[0.5210] 
2026-07-13 21:18:29,161 INFO [monitor.py:131] Node[0] Epoch[13] Step[800-999] Cost Time: 279.779s Speed: 4.29 samples/sec Remaining Time: 4:37:31 Remaining step percent: 42.28%
2026-07-13 21:18:30,231 INFO [metric_updater.py:360] Node[0] Epoch[13] Step[999] GlobalStep[16248] loss_bevfusion_centerpoint_pointpillar_henet_multisensor_multitask_nuscenes: car_cls_loss[0.3501] car_reg_loss[0.3529] truck_cls_loss[0.2950] truck_reg_loss[0.3341] bus_cls_loss[0.2044] bus_reg_loss[0.3042] barrier_cls_loss[0.2612] barrier_reg_loss[0.3915] bicycle_cls_loss[0.1723] bicycle_reg_loss[0.3169] pedestrian_cls_loss[0.2800] pedestrian_reg_loss[0.5215] 
2026-07-13 21:22:10,269 INFO [monitor.py:146] Node[0] Epoch[13] End   ==================================================
2026-07-13 21:22:10,271 INFO [monitor.py:149] Node[0] Epoch[13] Cost Time: 1542.091s
2026-07-13 21:22:10,271 INFO [metric_updater.py:360] Node[0] Epoch[13] loss_bevfusion_centerpoint_pointpillar_henet_multisensor_multitask_nuscenes: car_cls_loss[0.3517] car_reg_loss[0.3538] truck_cls_loss[0.2937] truck_reg_loss[0.3341] bus_cls_loss[0.2041] bus_reg_loss[0.3036] barrier_cls_loss[0.2617] barrier_reg_loss[0.3904] bicycle_cls_loss[0.1721] bicycle_reg_loss[0.3191] pedestrian_cls_loss[0.2810] pedestrian_reg_loss[0.5212] 
2026-07-13 21:22:10,271 INFO [validation.py:156] Node[0] [32mUse train `model` as val model.[0m
2026-07-13 21:22:10,450 INFO [loop_base.py:482] Node[0] [32mStart Predictor loop from epoch 13, num_epochs=1[0m
2026-07-13 21:22:10,453 INFO [fake_quantize.py:253] Node[0] Set fake quantize state to FakeQuantState.VALIDATION
2026-07-13 21:22:19,324 INFO [loop_base.py:553] Node[0] 0 / 1505
2026-07-13 21:22:46,565 INFO [loop_base.py:553] Node[0] 200 / 1505
2026-07-13 21:23:32,744 INFO [loop_base.py:553] Node[0] 400 / 1505
2026-07-13 21:24:05,067 INFO [loop_base.py:553] Node[0] 600 / 1505
2026-07-13 21:24:39,320 INFO [loop_base.py:553] Node[0] 800 / 1505
2026-07-13 21:25:26,467 INFO [loop_base.py:553] Node[0] 1000 / 1505
2026-07-13 21:26:02,571 INFO [loop_base.py:553] Node[0] 1200 / 1505
2026-07-13 21:26:39,510 INFO [loop_base.py:553] Node[0] 1400 / 1505
2026-07-13 21:26:54,359 INFO [nuscenes_metric.py:322] Node[0] The length of self.nusc_annos is: 1505
2026-07-13 21:26:56,521 INFO [nuscenes_metric.py:346] Node[0] Results writes to ./metric_results/bevfusion_centerpoint_pointpillar_henet_multisensor_multitask_nuscenes/results_nusc.json
2026-07-13 21:28:48,447 INFO [nuscenes_metric.py:388] Node[0] NDS: 0.5851, mAP:0.5035
car_AP: [0.5]:0.6899  [1.0]:0.8370  [2.0]:0.8790  [4.0]:0.8980 
truck_AP: [0.5]:0.2896  [1.0]:0.4978  [2.0]:0.5997  [4.0]:0.6254 
trailer_AP: [0.5]:0.0803  [1.0]:0.2632  [2.0]:0.3848  [4.0]:0.5065 
bus_AP: [0.5]:0.3679  [1.0]:0.6322  [2.0]:0.7282  [4.0]:0.7659 
construction_vehicle_AP: [0.5]:0.0124  [1.0]:0.1459  [2.0]:0.2895  [4.0]:0.3595 
bicycle_AP: [0.5]:0.3089  [1.0]:0.3968  [2.0]:0.4086  [4.0]:0.4164 
motorcycle_AP: [0.5]:0.3723  [1.0]:0.5480  [2.0]:0.5809  [4.0]:0.5909 
pedestrian_AP: [0.5]:0.3949  [1.0]:0.5601  [2.0]:0.5947  [4.0]:0.6311 
traffic_cone_AP: [0.5]:0.4528  [1.0]:0.5769  [2.0]:0.6226  [4.0]:0.6771 
barrier_AP: [0.5]:0.3075  [1.0]:0.5645  [2.0]:0.6301  [4.0]:0.6527 

2026-07-13 21:28:48,594 WARNING [metric.py:200] Node[0] <class 'hat.metrics.nuscenes_metric.NuscenesMetric'> not ready for distributed environment, should not be used together with DistributedSampler.Might be slow in validation due to resource competition
2026-07-13 21:28:48,595 INFO [metric_updater.py:360] Node[0] Epoch[13] Validation bevfusion_centerpoint_pointpillar_henet_multisensor_multitask_nuscenes: NDS[0.5851] 
2026-07-13 21:28:53,984 INFO [checkpoint.py:233] Node[0] Save model checkpoint: ./tmp_models/bevfusion_centerpoint_pointpillar_henet_multisensor_multitask_nuscenes/float-checkpoint-epoch-0013-1ccca3f3.pth.tar
2026-07-13 21:28:54,843 INFO [checkpoint.py:270] Node[0] Save last model checkpoint: ./tmp_models/bevfusion_centerpoint_pointpillar_henet_multisensor_multitask_nuscenes/float-checkpoint-last-65a86c56.pth.tar
2026-07-13 21:28:54,851 INFO [monitor.py:143] Node[0] Epoch[14] Begin ==================================================
2026-07-13 21:28:54,852 INFO [lr_updater.py:204] Node[0] Epoch[14] Step[0] GlobalStep[16422] lr=0.000148
2026-07-13 21:33:47,244 INFO [monitor.py:131] Node[0] Epoch[14] Step[0-199] Cost Time: 292.390s Speed: 4.10 samples/sec Remaining Time: 4:42:20 Remaining step percent: 40.96%
2026-07-13 21:33:48,397 INFO [metric_updater.py:360] Node[0] Epoch[14] Step[199] GlobalStep[16621] loss_bevfusion_centerpoint_pointpillar_henet_multisensor_multitask_nuscenes: car_cls_loss[0.3427] car_reg_loss[0.3468] truck_cls_loss[0.2774] truck_reg_loss[0.3236] bus_cls_loss[0.1620] bus_reg_loss[0.2767] barrier_cls_loss[0.2481] barrier_reg_loss[0.3826] bicycle_cls_loss[0.1534] bicycle_reg_loss[0.2909] pedestrian_cls_loss[0.2703] pedestrian_reg_loss[0.5141] 
2026-07-13 21:37:59,011 INFO [monitor.py:131] Node[0] Epoch[14] Step[200-399] Cost Time: 251.765s Speed: 4.77 samples/sec Remaining Time: 3:57:42 Remaining step percent: 40.25%
2026-07-13 21:38:00,873 INFO [metric_updater.py:360] Node[0] Epoch[14] Step[399] GlobalStep[16821] loss_bevfusion_centerpoint_pointpillar_henet_multisensor_multitask_nuscenes: car_cls_loss[0.3436] car_reg_loss[0.3479] truck_cls_loss[0.2777] truck_reg_loss[0.3279] bus_cls_loss[0.1642] bus_reg_loss[0.2833] barrier_cls_loss[0.2420] barrier_reg_loss[0.3774] bicycle_cls_loss[0.1702] bicycle_reg_loss[0.3016] pedestrian_cls_loss[0.2724] pedestrian_reg_loss[0.5178] 
2026-07-13 21:42:09,076 INFO [monitor.py:131] Node[0] Epoch[14] Step[400-599] Cost Time: 250.064s Speed: 4.80 samples/sec Remaining Time: 3:51:56 Remaining step percent: 39.54%
2026-07-13 21:42:10,226 INFO [metric_updater.py:360] Node[0] Epoch[14] Step[599] GlobalStep[17021] loss_bevfusion_centerpoint_pointpillar_henet_multisensor_multitask_nuscenes: car_cls_loss[0.3409] car_reg_loss[0.3495] truck_cls_loss[0.2784] truck_reg_loss[0.3296] bus_cls_loss[0.1706] bus_reg_loss[0.2848] barrier_cls_loss[0.2442] barrier_reg_loss[0.3776] bicycle_cls_loss[0.1644] bicycle_reg_loss[0.3003] pedestrian_cls_loss[0.2703] pedestrian_reg_loss[0.5160] 
2026-07-13 21:46:30,511 INFO [monitor.py:131] Node[0] Epoch[14] Step[600-799] Cost Time: 261.433s Speed: 4.59 samples/sec Remaining Time: 3:58:07 Remaining step percent: 38.82%
2026-07-13 21:46:31,781 INFO [metric_updater.py:360] Node[0] Epoch[14] Step[799] GlobalStep[17221] loss_bevfusion_centerpoint_pointpillar_henet_multisensor_multitask_nuscenes: car_cls_loss[0.3412] car_reg_loss[0.3507] truck_cls_loss[0.2747] truck_reg_loss[0.3278] bus_cls_loss[0.1780] bus_reg_loss[0.2834] barrier_cls_loss[0.2460] barrier_reg_loss[0.3804] bicycle_cls_loss[0.1594] bicycle_reg_loss[0.3014] pedestrian_cls_loss[0.2702] pedestrian_reg_loss[0.5142] 
2026-07-13 21:50:41,626 INFO [monitor.py:131] Node[0] Epoch[14] Step[800-999] Cost Time: 251.113s Speed: 4.78 samples/sec Remaining Time: 3:44:32 Remaining step percent: 38.11%
2026-07-13 21:50:42,814 INFO [metric_updater.py:360] Node[0] Epoch[14] Step[999] GlobalStep[17421] loss_bevfusion_centerpoint_pointpillar_henet_multisensor_multitask_nuscenes: car_cls_loss[0.3418] car_reg_loss[0.3505] truck_cls_loss[0.2735] truck_reg_loss[0.3277] bus_cls_loss[0.1780] bus_reg_loss[0.2858] barrier_cls_loss[0.2495] barrier_reg_loss[0.3788] bicycle_cls_loss[0.1629] bicycle_reg_loss[0.3030] pedestrian_cls_loss[0.2687] pedestrian_reg_loss[0.5133] 
2026-07-13 21:54:22,661 INFO [monitor.py:146] Node[0] Epoch[14] End   ==================================================
2026-07-13 21:54:22,662 INFO [monitor.py:149] Node[0] Epoch[14] Cost Time: 1527.811s
2026-07-13 21:54:22,662 INFO [metric_updater.py:360] Node[0] Epoch[14] loss_bevfusion_centerpoint_pointpillar_henet_multisensor_multitask_nuscenes: car_cls_loss[0.3408] car_reg_loss[0.3496] truck_cls_loss[0.2734] truck_reg_loss[0.3276] bus_cls_loss[0.1818] bus_reg_loss[0.2901] barrier_cls_loss[0.2516] barrier_reg_loss[0.3788] bicycle_cls_loss[0.1618] bicycle_reg_loss[0.3012] pedestrian_cls_loss[0.2704] pedestrian_reg_loss[0.5128] 
2026-07-13 21:54:22,662 INFO [validation.py:156] Node[0] [32mUse train `model` as val model.[0m
2026-07-13 21:54:22,794 INFO [loop_base.py:482] Node[0] [32mStart Predictor loop from epoch 14, num_epochs=1[0m
2026-07-13 21:54:22,797 INFO [fake_quantize.py:253] Node[0] Set fake quantize state to FakeQuantState.VALIDATION
2026-07-13 21:54:31,677 INFO [loop_base.py:553] Node[0] 0 / 1505
2026-07-13 21:55:15,235 INFO [loop_base.py:553] Node[0] 200 / 1505
2026-07-13 21:55:52,510 INFO [loop_base.py:553] Node[0] 400 / 1505
2026-07-13 21:56:33,976 INFO [loop_base.py:553] Node[0] 600 / 1505
2026-07-13 21:57:11,297 INFO [loop_base.py:553] Node[0] 800 / 1505
2026-07-13 21:57:51,896 INFO [loop_base.py:553] Node[0] 1000 / 1505
2026-07-13 21:58:21,039 INFO [loop_base.py:553] Node[0] 1200 / 1505
2026-07-13 21:58:48,994 INFO [loop_base.py:553] Node[0] 1400 / 1505
2026-07-13 21:59:10,176 INFO [nuscenes_metric.py:322] Node[0] The length of self.nusc_annos is: 1505
2026-07-13 21:59:12,412 INFO [nuscenes_metric.py:346] Node[0] Results writes to ./metric_results/bevfusion_centerpoint_pointpillar_henet_multisensor_multitask_nuscenes/results_nusc.json
2026-07-13 22:01:04,549 INFO [nuscenes_metric.py:388] Node[0] NDS: 0.5868, mAP:0.5019
car_AP: [0.5]:0.6952  [1.0]:0.8412  [2.0]:0.8839  [4.0]:0.8978 
truck_AP: [0.5]:0.3238  [1.0]:0.5071  [2.0]:0.6013  [4.0]:0.6304 
trailer_AP: [0.5]:0.0605  [1.0]:0.2431  [2.0]:0.3702  [4.0]:0.4695 
bus_AP: [0.5]:0.4155  [1.0]:0.6323  [2.0]:0.7447  [4.0]:0.7761 
construction_vehicle_AP: [0.5]:0.0138  [1.0]:0.1367  [2.0]:0.2758  [4.0]:0.3539 
bicycle_AP: [0.5]:0.2799  [1.0]:0.3552  [2.0]:0.3650  [4.0]:0.3671 
motorcycle_AP: [0.5]:0.3804  [1.0]:0.5408  [2.0]:0.5705  [4.0]:0.5822 
pedestrian_AP: [0.5]:0.3868  [1.0]:0.5564  [2.0]:0.5884  [4.0]:0.6239 
traffic_cone_AP: [0.5]:0.4647  [1.0]:0.5789  [2.0]:0.6229  [4.0]:0.6755 
barrier_AP: [0.5]:0.3238  [1.0]:0.5989  [2.0]:0.6597  [4.0]:0.6831 

2026-07-13 22:01:04,699 WARNING [metric.py:200] Node[0] <class 'hat.metrics.nuscenes_metric.NuscenesMetric'> not ready for distributed environment, should not be used together with DistributedSampler.Might be slow in validation due to resource competition
2026-07-13 22:01:04,700 INFO [metric_updater.py:360] Node[0] Epoch[14] Validation bevfusion_centerpoint_pointpillar_henet_multisensor_multitask_nuscenes: NDS[0.5868] 
2026-07-13 22:01:10,585 INFO [checkpoint.py:233] Node[0] Save model checkpoint: ./tmp_models/bevfusion_centerpoint_pointpillar_henet_multisensor_multitask_nuscenes/float-checkpoint-epoch-0014-e3ef016f.pth.tar
2026-07-13 22:01:11,435 INFO [checkpoint.py:270] Node[0] Save last model checkpoint: ./tmp_models/bevfusion_centerpoint_pointpillar_henet_multisensor_multitask_nuscenes/float-checkpoint-last-824408fe.pth.tar
2026-07-13 22:01:11,444 INFO [monitor.py:143] Node[0] Epoch[15] Begin ==================================================
2026-07-13 22:01:11,444 INFO [lr_updater.py:204] Node[0] Epoch[15] Step[0] GlobalStep[17595] lr=0.000124
2026-07-13 22:06:00,209 INFO [monitor.py:131] Node[0] Epoch[15] Step[0-199] Cost Time: 288.762s Speed: 4.16 samples/sec Remaining Time: 4:10:28 Remaining step percent: 36.79%
2026-07-13 22:06:01,502 INFO [metric_updater.py:360] Node[0] Epoch[15] Step[199] GlobalStep[17794] loss_bevfusion_centerpoint_pointpillar_henet_multisensor_multitask_nuscenes: car_cls_loss[0.3323] car_reg_loss[0.3454] truck_cls_loss[0.2682] truck_reg_loss[0.3265] bus_cls_loss[0.1760] bus_reg_loss[0.2888] barrier_cls_loss[0.2609] barrier_reg_loss[0.3972] bicycle_cls_loss[0.1547] bicycle_reg_loss[0.2965] pedestrian_cls_loss[0.2703] pedestrian_reg_loss[0.5155] 
2026-07-13 22:10:16,383 INFO [monitor.py:131] Node[0] Epoch[15] Step[200-399] Cost Time: 256.173s Speed: 4.68 samples/sec Remaining Time: 3:36:49 Remaining step percent: 36.08%
2026-07-13 22:10:17,567 INFO [metric_updater.py:360] Node[0] Epoch[15] Step[399] GlobalStep[17994] loss_bevfusion_centerpoint_pointpillar_henet_multisensor_multitask_nuscenes: car_cls_loss[0.3379] car_reg_loss[0.3503] truck_cls_loss[0.2685] truck_reg_loss[0.3247] bus_cls_loss[0.1879] bus_reg_loss[0.2909] barrier_cls_loss[0.2586] barrier_reg_loss[0.3855] bicycle_cls_loss[0.1539] bicycle_reg_loss[0.2945] pedestrian_cls_loss[0.2651] pedestrian_reg_loss[0.5048] 
2026-07-13 22:14:33,136 INFO [monitor.py:131] Node[0] Epoch[15] Step[400-599] Cost Time: 256.751s Speed: 4.67 samples/sec Remaining Time: 3:33:02 Remaining step percent: 35.37%
2026-07-13 22:14:34,223 INFO [metric_updater.py:360] Node[0] Epoch[15] Step[599] GlobalStep[18194] loss_bevfusion_centerpoint_pointpillar_henet_multisensor_multitask_nuscenes: car_cls_loss[0.3358] car_reg_loss[0.3472] truck_cls_loss[0.2645] truck_reg_loss[0.3229] bus_cls_loss[0.1767] bus_reg_loss[0.2865] barrier_cls_loss[0.2496] barrier_reg_loss[0.3799] bicycle_cls_loss[0.1579] bicycle_reg_loss[0.2978] pedestrian_cls_loss[0.2627] pedestrian_reg_loss[0.5043] 
2026-07-13 22:18:43,527 INFO [monitor.py:131] Node[0] Epoch[15] Step[600-799] Cost Time: 250.389s Speed: 4.79 samples/sec Remaining Time: 3:23:35 Remaining step percent: 34.66%
2026-07-13 22:18:44,562 INFO [metric_updater.py:360] Node[0] Epoch[15] Step[799] GlobalStep[18394] loss_bevfusion_centerpoint_pointpillar_henet_multisensor_multitask_nuscenes: car_cls_loss[0.3390] car_reg_loss[0.3469] truck_cls_loss[0.2637] truck_reg_loss[0.3231] bus_cls_loss[0.1735] bus_reg_loss[0.2839] barrier_cls_loss[0.2507] barrier_reg_loss[0.3770] bicycle_cls_loss[0.1553] bicycle_reg_loss[0.2961] pedestrian_cls_loss[0.2630] pedestrian_reg_loss[0.5055] 
2026-07-13 22:22:54,737 INFO [monitor.py:131] Node[0] Epoch[15] Step[800-999] Cost Time: 251.209s Speed: 4.78 samples/sec Remaining Time: 3:20:04 Remaining step percent: 33.95%
2026-07-13 22:22:55,921 INFO [metric_updater.py:360] Node[0] Epoch[15] Step[999] GlobalStep[18594] loss_bevfusion_centerpoint_pointpillar_henet_multisensor_multitask_nuscenes: car_cls_loss[0.3378] car_reg_loss[0.3460] truck_cls_loss[0.2631] truck_reg_loss[0.3233] bus_cls_loss[0.1775] bus_reg_loss[0.2860] barrier_cls_loss[0.2538] barrier_reg_loss[0.3746] bicycle_cls_loss[0.1540] bicycle_reg_loss[0.2964] pedestrian_cls_loss[0.2622] pedestrian_reg_loss[0.5050] 
2026-07-13 22:26:43,419 INFO [monitor.py:146] Node[0] Epoch[15] End   ==================================================
2026-07-13 22:26:43,421 INFO [monitor.py:149] Node[0] Epoch[15] Cost Time: 1531.977s
2026-07-13 22:26:43,421 INFO [metric_updater.py:360] Node[0] Epoch[15] loss_bevfusion_centerpoint_pointpillar_henet_multisensor_multitask_nuscenes: car_cls_loss[0.3381] car_reg_loss[0.3460] truck_cls_loss[0.2620] truck_reg_loss[0.3218] bus_cls_loss[0.1787] bus_reg_loss[0.2845] barrier_cls_loss[0.2534] barrier_reg_loss[0.3759] bicycle_cls_loss[0.1522] bicycle_reg_loss[0.2937] pedestrian_cls_loss[0.2614] pedestrian_reg_loss[0.5044] 
2026-07-13 22:26:43,421 INFO [validation.py:156] Node[0] [32mUse train `model` as val model.[0m
2026-07-13 22:26:43,614 INFO [loop_base.py:482] Node[0] [32mStart Predictor loop from epoch 15, num_epochs=1[0m
2026-07-13 22:26:43,617 INFO [fake_quantize.py:253] Node[0] Set fake quantize state to FakeQuantState.VALIDATION
2026-07-13 22:26:51,819 INFO [loop_base.py:553] Node[0] 0 / 1505
2026-07-13 22:27:27,486 INFO [loop_base.py:553] Node[0] 200 / 1505
2026-07-13 22:28:06,578 INFO [loop_base.py:553] Node[0] 400 / 1505
2026-07-13 22:28:49,636 INFO [loop_base.py:553] Node[0] 600 / 1505
2026-07-13 22:29:21,874 INFO [loop_base.py:553] Node[0] 800 / 1505
2026-07-13 22:30:03,940 INFO [loop_base.py:553] Node[0] 1000 / 1505
2026-07-13 22:30:33,640 INFO [loop_base.py:553] Node[0] 1200 / 1505
2026-07-13 22:31:03,080 INFO [loop_base.py:553] Node[0] 1400 / 1505
2026-07-13 22:31:17,683 INFO [nuscenes_metric.py:322] Node[0] The length of self.nusc_annos is: 1505
2026-07-13 22:31:19,263 INFO [nuscenes_metric.py:346] Node[0] Results writes to ./metric_results/bevfusion_centerpoint_pointpillar_henet_multisensor_multitask_nuscenes/results_nusc.json
2026-07-13 22:33:12,298 INFO [nuscenes_metric.py:388] Node[0] NDS: 0.5893, mAP:0.4974
car_AP: [0.5]:0.6872  [1.0]:0.8357  [2.0]:0.8784  [4.0]:0.8977 
truck_AP: [0.5]:0.3022  [1.0]:0.5038  [2.0]:0.5990  [4.0]:0.6291 
trailer_AP: [0.5]:0.0747  [1.0]:0.2477  [2.0]:0.3929  [4.0]:0.5145 
bus_AP: [0.5]:0.4334  [1.0]:0.6504  [2.0]:0.7620  [4.0]:0.7929 
construction_vehicle_AP: [0.5]:0.0117  [1.0]:0.1250  [2.0]:0.2982  [4.0]:0.3592 
bicycle_AP: [0.5]:0.2703  [1.0]:0.3503  [2.0]:0.3600  [4.0]:0.3684 
motorcycle_AP: [0.5]:0.3473  [1.0]:0.5281  [2.0]:0.5647  [4.0]:0.5658 
pedestrian_AP: [0.5]:0.3854  [1.0]:0.5515  [2.0]:0.5858  [4.0]:0.6223 
traffic_cone_AP: [0.5]:0.4517  [1.0]:0.5719  [2.0]:0.6160  [4.0]:0.6704 
barrier_AP: [0.5]:0.2924  [1.0]:0.5521  [2.0]:0.6161  [4.0]:0.6313 

2026-07-13 22:33:12,471 WARNING [metric.py:200] Node[0] <class 'hat.metrics.nuscenes_metric.NuscenesMetric'> not ready for distributed environment, should not be used together with DistributedSampler.Might be slow in validation due to resource competition
2026-07-13 22:33:12,472 INFO [metric_updater.py:360] Node[0] Epoch[15] Validation bevfusion_centerpoint_pointpillar_henet_multisensor_multitask_nuscenes: NDS[0.5893] 
2026-07-13 22:33:18,429 INFO [checkpoint.py:233] Node[0] Save model checkpoint: ./tmp_models/bevfusion_centerpoint_pointpillar_henet_multisensor_multitask_nuscenes/float-checkpoint-epoch-0015-d1131ff0.pth.tar
2026-07-13 22:33:19,398 INFO [checkpoint.py:270] Node[0] Save last model checkpoint: ./tmp_models/bevfusion_centerpoint_pointpillar_henet_multisensor_multitask_nuscenes/float-checkpoint-last-969adef8.pth.tar
2026-07-13 22:33:19,409 INFO [monitor.py:143] Node[0] Epoch[16] Begin ==================================================
2026-07-13 22:33:19,409 INFO [lr_updater.py:204] Node[0] Epoch[16] Step[0] GlobalStep[18768] lr=0.000100
2026-07-13 22:37:59,504 INFO [monitor.py:131] Node[0] Epoch[16] Step[0-199] Cost Time: 280.093s Speed: 4.28 samples/sec Remaining Time: 3:35:26 Remaining step percent: 32.62%
2026-07-13 22:38:00,502 INFO [metric_updater.py:360] Node[0] Epoch[16] Step[199] GlobalStep[18967] loss_bevfusion_centerpoint_pointpillar_henet_multisensor_multitask_nuscenes: car_cls_loss[0.3302] car_reg_loss[0.3427] truck_cls_loss[0.2524] truck_reg_loss[0.3139] bus_cls_loss[0.1724] bus_reg_loss[0.2832] barrier_cls_loss[0.2396] barrier_reg_loss[0.3792] bicycle_cls_loss[0.1205] bicycle_reg_loss[0.2951] pedestrian_cls_loss[0.2466] pedestrian_reg_loss[0.4942] 
2026-07-13 22:42:13,020 INFO [monitor.py:131] Node[0] Epoch[16] Step[200-399] Cost Time: 253.513s Speed: 4.73 samples/sec Remaining Time: 3:09:47 Remaining step percent: 31.91%
2026-07-13 22:42:14,091 INFO [metric_updater.py:360] Node[0] Epoch[16] Step[399] GlobalStep[19167] loss_bevfusion_centerpoint_pointpillar_henet_multisensor_multitask_nuscenes: car_cls_loss[0.3310] car_reg_loss[0.3451] truck_cls_loss[0.2538] truck_reg_loss[0.3135] bus_cls_loss[0.1790] bus_reg_loss[0.2921] barrier_cls_loss[0.2492] barrier_reg_loss[0.3687] bicycle_cls_loss[0.1343] bicycle_reg_loss[0.2863] pedestrian_cls_loss[0.2551] pedestrian_reg_loss[0.5004] 
2026-07-13 22:46:19,738 INFO [monitor.py:131] Node[0] Epoch[16] Step[400-599] Cost Time: 246.717s Speed: 4.86 samples/sec Remaining Time: 3:00:35 Remaining step percent: 31.20%
2026-07-13 22:46:20,770 INFO [metric_updater.py:360] Node[0] Epoch[16] Step[599] GlobalStep[19367] loss_bevfusion_centerpoint_pointpillar_henet_multisensor_multitask_nuscenes: car_cls_loss[0.3333] car_reg_loss[0.3455] truck_cls_loss[0.2468] truck_reg_loss[0.3142] bus_cls_loss[0.1717] bus_reg_loss[0.2876] barrier_cls_loss[0.2465] barrier_reg_loss[0.3676] bicycle_cls_loss[0.1475] bicycle_reg_loss[0.2870] pedestrian_cls_loss[0.2534] pedestrian_reg_loss[0.5006] 
2026-07-13 22:50:34,210 INFO [monitor.py:131] Node[0] Epoch[16] Step[600-799] Cost Time: 254.470s Speed: 4.72 samples/sec Remaining Time: 3:02:01 Remaining step percent: 30.49%
2026-07-13 22:50:35,235 INFO [metric_updater.py:360] Node[0] Epoch[16] Step[799] GlobalStep[19567] loss_bevfusion_centerpoint_pointpillar_henet_multisensor_multitask_nuscenes: car_cls_loss[0.3339] car_reg_loss[0.3468] truck_cls_loss[0.2471] truck_reg_loss[0.3157] bus_cls_loss[0.1707] bus_reg_loss[0.2811] barrier_cls_loss[0.2500] barrier_reg_loss[0.3705] bicycle_cls_loss[0.1462] bicycle_reg_loss[0.2866] pedestrian_cls_loss[0.2534] pedestrian_reg_loss[0.5013] 
2026-07-13 22:54:47,395 INFO [monitor.py:131] Node[0] Epoch[16] Step[800-999] Cost Time: 253.183s Speed: 4.74 samples/sec Remaining Time: 2:56:53 Remaining step percent: 29.78%
2026-07-13 22:54:48,409 INFO [metric_updater.py:360] Node[0] Epoch[16] Step[999] GlobalStep[19767] loss_bevfusion_centerpoint_pointpillar_henet_multisensor_multitask_nuscenes: car_cls_loss[0.3327] car_reg_loss[0.3458] truck_cls_loss[0.2462] truck_reg_loss[0.3153] bus_cls_loss[0.1719] bus_reg_loss[0.2814] barrier_cls_loss[0.2445] barrier_reg_loss[0.3697] bicycle_cls_loss[0.1431] bicycle_reg_loss[0.2865] pedestrian_cls_loss[0.2528] pedestrian_reg_loss[0.5003] 
2026-07-13 22:58:54,339 INFO [monitor.py:146] Node[0] Epoch[16] End   ==================================================
2026-07-13 22:58:54,341 INFO [monitor.py:149] Node[0] Epoch[16] Cost Time: 1534.932s
2026-07-13 22:58:54,341 INFO [metric_updater.py:360] Node[0] Epoch[16] loss_bevfusion_centerpoint_pointpillar_henet_multisensor_multitask_nuscenes: car_cls_loss[0.3324] car_reg_loss[0.3453] truck_cls_loss[0.2469] truck_reg_loss[0.3160] bus_cls_loss[0.1725] bus_reg_loss[0.2815] barrier_cls_loss[0.2411] barrier_reg_loss[0.3645] bicycle_cls_loss[0.1447] bicycle_reg_loss[0.2894] pedestrian_cls_loss[0.2544] pedestrian_reg_loss[0.5010] 
2026-07-13 22:58:54,342 INFO [validation.py:156] Node[0] [32mUse train `model` as val model.[0m
2026-07-13 22:58:54,500 INFO [loop_base.py:482] Node[0] [32mStart Predictor loop from epoch 16, num_epochs=1[0m
2026-07-13 22:58:54,503 INFO [fake_quantize.py:253] Node[0] Set fake quantize state to FakeQuantState.VALIDATION
2026-07-13 22:59:02,951 INFO [loop_base.py:553] Node[0] 0 / 1505
2026-07-13 22:59:37,670 INFO [loop_base.py:553] Node[0] 200 / 1505
2026-07-13 23:00:16,232 INFO [loop_base.py:553] Node[0] 400 / 1505
2026-07-13 23:00:52,227 INFO [loop_base.py:553] Node[0] 600 / 1505
2026-07-13 23:01:25,397 INFO [loop_base.py:553] Node[0] 800 / 1505
2026-07-13 23:01:50,593 INFO [loop_base.py:553] Node[0] 1000 / 1505
2026-07-13 23:02:25,353 INFO [loop_base.py:553] Node[0] 1200 / 1505
2026-07-13 23:02:53,376 INFO [loop_base.py:553] Node[0] 1400 / 1505
2026-07-13 23:03:08,465 INFO [nuscenes_metric.py:322] Node[0] The length of self.nusc_annos is: 1505
2026-07-13 23:03:10,837 INFO [nuscenes_metric.py:346] Node[0] Results writes to ./metric_results/bevfusion_centerpoint_pointpillar_henet_multisensor_multitask_nuscenes/results_nusc.json
2026-07-13 23:05:03,372 INFO [nuscenes_metric.py:388] Node[0] NDS: 0.5891, mAP:0.5010
car_AP: [0.5]:0.6908  [1.0]:0.8447  [2.0]:0.8868  [4.0]:0.8999 
truck_AP: [0.5]:0.3000  [1.0]:0.4999  [2.0]:0.5944  [4.0]:0.6195 
trailer_AP: [0.5]:0.0766  [1.0]:0.2445  [2.0]:0.3837  [4.0]:0.5172 
bus_AP: [0.5]:0.3954  [1.0]:0.6403  [2.0]:0.7484  [4.0]:0.7888 
construction_vehicle_AP: [0.5]:0.0098  [1.0]:0.1300  [2.0]:0.2937  [4.0]:0.3633 
bicycle_AP: [0.5]:0.3050  [1.0]:0.3845  [2.0]:0.3938  [4.0]:0.3956 
motorcycle_AP: [0.5]:0.3569  [1.0]:0.5239  [2.0]:0.5568  [4.0]:0.5586 
pedestrian_AP: [0.5]:0.3859  [1.0]:0.5557  [2.0]:0.5879  [4.0]:0.6232 
traffic_cone_AP: [0.5]:0.4563  [1.0]:0.5755  [2.0]:0.6217  [4.0]:0.6686 
barrier_AP: [0.5]:0.3023  [1.0]:0.5692  [2.0]:0.6335  [4.0]:0.6565 

2026-07-13 23:05:03,553 WARNING [metric.py:200] Node[0] <class 'hat.metrics.nuscenes_metric.NuscenesMetric'> not ready for distributed environment, should not be used together with DistributedSampler.Might be slow in validation due to resource competition
2026-07-13 23:05:03,554 INFO [metric_updater.py:360] Node[0] Epoch[16] Validation bevfusion_centerpoint_pointpillar_henet_multisensor_multitask_nuscenes: NDS[0.5891] 
2026-07-13 23:05:11,296 INFO [checkpoint.py:233] Node[0] Save model checkpoint: ./tmp_models/bevfusion_centerpoint_pointpillar_henet_multisensor_multitask_nuscenes/float-checkpoint-epoch-0016-ccc71078.pth.tar
2026-07-13 23:05:12,121 INFO [checkpoint.py:270] Node[0] Save last model checkpoint: ./tmp_models/bevfusion_centerpoint_pointpillar_henet_multisensor_multitask_nuscenes/float-checkpoint-last-978cb47d.pth.tar
2026-07-13 23:05:12,130 INFO [monitor.py:143] Node[0] Epoch[17] Begin ==================================================
2026-07-13 23:05:12,131 INFO [lr_updater.py:204] Node[0] Epoch[17] Step[0] GlobalStep[19941] lr=0.000078
2026-07-13 23:09:53,555 INFO [monitor.py:131] Node[0] Epoch[17] Step[0-199] Cost Time: 281.422s Speed: 4.26 samples/sec Remaining Time: 3:08:48 Remaining step percent: 28.46%
2026-07-13 23:09:54,631 INFO [metric_updater.py:360] Node[0] Epoch[17] Step[199] GlobalStep[20140] loss_bevfusion_centerpoint_pointpillar_henet_multisensor_multitask_nuscenes: car_cls_loss[0.3146] car_reg_loss[0.3372] truck_cls_loss[0.2271] truck_reg_loss[0.3109] bus_cls_loss[0.1380] bus_reg_loss[0.2745] barrier_cls_loss[0.2432] barrier_reg_loss[0.3982] bicycle_cls_loss[0.1359] bicycle_reg_loss[0.2877] pedestrian_cls_loss[0.2438] pedestrian_reg_loss[0.5082] 
2026-07-13 23:14:04,506 INFO [monitor.py:131] Node[0] Epoch[17] Step[200-399] Cost Time: 250.949s Speed: 4.78 samples/sec Remaining Time: 2:43:20 Remaining step percent: 27.75%
2026-07-13 23:14:05,532 INFO [metric_updater.py:360] Node[0] Epoch[17] Step[399] GlobalStep[20340] loss_bevfusion_centerpoint_pointpillar_henet_multisensor_multitask_nuscenes: car_cls_loss[0.3174] car_reg_loss[0.3359] truck_cls_loss[0.2352] truck_reg_loss[0.3129] bus_cls_loss[0.1534] bus_reg_loss[0.2812] barrier_cls_loss[0.2465] barrier_reg_loss[0.3838] bicycle_cls_loss[0.1286] bicycle_reg_loss[0.2799] pedestrian_cls_loss[0.2425] pedestrian_reg_loss[0.5028] 
2026-07-13 23:18:21,022 INFO [monitor.py:131] Node[0] Epoch[17] Step[400-599] Cost Time: 256.515s Speed: 4.68 samples/sec Remaining Time: 2:42:41 Remaining step percent: 27.04%
2026-07-13 23:18:22,242 INFO [metric_updater.py:360] Node[0] Epoch[17] Step[599] GlobalStep[20540] loss_bevfusion_centerpoint_pointpillar_henet_multisensor_multitask_nuscenes: car_cls_loss[0.3212] car_reg_loss[0.3380] truck_cls_loss[0.2317] truck_reg_loss[0.3100] bus_cls_loss[0.1527] bus_reg_loss[0.2766] barrier_cls_loss[0.2467] barrier_reg_loss[0.3823] bicycle_cls_loss[0.1354] bicycle_reg_loss[0.2774] pedestrian_cls_loss[0.2420] pedestrian_reg_loss[0.4994] 
2026-07-13 23:22:37,633 INFO [monitor.py:131] Node[0] Epoch[17] Step[600-799] Cost Time: 256.608s Speed: 4.68 samples/sec Remaining Time: 2:38:28 Remaining step percent: 26.32%
2026-07-13 23:22:38,944 INFO [metric_updater.py:360] Node[0] Epoch[17] Step[799] GlobalStep[20740] loss_bevfusion_centerpoint_pointpillar_henet_multisensor_multitask_nuscenes: car_cls_loss[0.3236] car_reg_loss[0.3393] truck_cls_loss[0.2320] truck_reg_loss[0.3100] bus_cls_loss[0.1562] bus_reg_loss[0.2765] barrier_cls_loss[0.2432] barrier_reg_loss[0.3794] bicycle_cls_loss[0.1402] bicycle_reg_loss[0.2821] pedestrian_cls_loss[0.2390] pedestrian_reg_loss[0.4989] 
2026-07-13 23:26:58,268 INFO [monitor.py:131] Node[0] Epoch[17] Step[800-999] Cost Time: 260.633s Speed: 4.60 samples/sec Remaining Time: 2:36:37 Remaining step percent: 25.61%
2026-07-13 23:26:59,200 INFO [metric_updater.py:360] Node[0] Epoch[17] Step[999] GlobalStep[20940] loss_bevfusion_centerpoint_pointpillar_henet_multisensor_multitask_nuscenes: car_cls_loss[0.3230] car_reg_loss[0.3390] truck_cls_loss[0.2326] truck_reg_loss[0.3104] bus_cls_loss[0.1568] bus_reg_loss[0.2743] barrier_cls_loss[0.2408] barrier_reg_loss[0.3771] bicycle_cls_loss[0.1403] bicycle_reg_loss[0.2853] pedestrian_cls_loss[0.2411] pedestrian_reg_loss[0.4969] 
2026-07-13 23:30:38,568 INFO [monitor.py:146] Node[0] Epoch[17] End   ==================================================
2026-07-13 23:30:38,570 INFO [monitor.py:149] Node[0] Epoch[17] Cost Time: 1526.440s
2026-07-13 23:30:38,571 INFO [metric_updater.py:360] Node[0] Epoch[17] loss_bevfusion_centerpoint_pointpillar_henet_multisensor_multitask_nuscenes: car_cls_loss[0.3238] car_reg_loss[0.3388] truck_cls_loss[0.2303] truck_reg_loss[0.3099] bus_cls_loss[0.1571] bus_reg_loss[0.2738] barrier_cls_loss[0.2406] barrier_reg_loss[0.3758] bicycle_cls_loss[0.1407] bicycle_reg_loss[0.2827] pedestrian_cls_loss[0.2419] pedestrian_reg_loss[0.4969] 
2026-07-13 23:30:38,571 INFO [validation.py:156] Node[0] [32mUse train `model` as val model.[0m
2026-07-13 23:30:38,792 INFO [loop_base.py:482] Node[0] [32mStart Predictor loop from epoch 17, num_epochs=1[0m
2026-07-13 23:30:38,796 INFO [fake_quantize.py:253] Node[0] Set fake quantize state to FakeQuantState.VALIDATION
2026-07-13 23:30:47,349 INFO [loop_base.py:553] Node[0] 0 / 1505
2026-07-13 23:31:17,265 INFO [loop_base.py:553] Node[0] 200 / 1505
2026-07-13 23:31:49,569 INFO [loop_base.py:553] Node[0] 400 / 1505
2026-07-13 23:32:19,467 INFO [loop_base.py:553] Node[0] 600 / 1505
2026-07-13 23:32:52,572 INFO [loop_base.py:553] Node[0] 800 / 1505
2026-07-13 23:33:32,273 INFO [loop_base.py:553] Node[0] 1000 / 1505
2026-07-13 23:34:05,249 INFO [loop_base.py:553] Node[0] 1200 / 1505
2026-07-13 23:34:33,959 INFO [loop_base.py:553] Node[0] 1400 / 1505
2026-07-13 23:34:48,336 INFO [nuscenes_metric.py:322] Node[0] The length of self.nusc_annos is: 1505
2026-07-13 23:34:50,322 INFO [nuscenes_metric.py:346] Node[0] Results writes to ./metric_results/bevfusion_centerpoint_pointpillar_henet_multisensor_multitask_nuscenes/results_nusc.json
2026-07-13 23:36:49,557 INFO [nuscenes_metric.py:388] Node[0] NDS: 0.5882, mAP:0.4954
car_AP: [0.5]:0.6910  [1.0]:0.8368  [2.0]:0.8846  [4.0]:0.8981 
truck_AP: [0.5]:0.2927  [1.0]:0.4915  [2.0]:0.5843  [4.0]:0.6094 
trailer_AP: [0.5]:0.0880  [1.0]:0.2591  [2.0]:0.4059  [4.0]:0.5036 
bus_AP: [0.5]:0.4125  [1.0]:0.6312  [2.0]:0.7353  [4.0]:0.7673 
construction_vehicle_AP: [0.5]:0.0140  [1.0]:0.1362  [2.0]:0.2886  [4.0]:0.3619 
bicycle_AP: [0.5]:0.2494  [1.0]:0.3311  [2.0]:0.3396  [4.0]:0.3411 
motorcycle_AP: [0.5]:0.3640  [1.0]:0.5239  [2.0]:0.5550  [4.0]:0.5563 
pedestrian_AP: [0.5]:0.3878  [1.0]:0.5501  [2.0]:0.5810  [4.0]:0.6176 
traffic_cone_AP: [0.5]:0.4474  [1.0]:0.5702  [2.0]:0.6150  [4.0]:0.6638 
barrier_AP: [0.5]:0.3125  [1.0]:0.5949  [2.0]:0.6503  [4.0]:0.6739 

2026-07-13 23:36:49,717 WARNING [metric.py:200] Node[0] <class 'hat.metrics.nuscenes_metric.NuscenesMetric'> not ready for distributed environment, should not be used together with DistributedSampler.Might be slow in validation due to resource competition
2026-07-13 23:36:49,719 INFO [metric_updater.py:360] Node[0] Epoch[17] Validation bevfusion_centerpoint_pointpillar_henet_multisensor_multitask_nuscenes: NDS[0.5882] 
2026-07-13 23:36:58,168 INFO [checkpoint.py:233] Node[0] Save model checkpoint: ./tmp_models/bevfusion_centerpoint_pointpillar_henet_multisensor_multitask_nuscenes/float-checkpoint-epoch-0017-d5ae88b5.pth.tar
2026-07-13 23:36:59,037 INFO [checkpoint.py:270] Node[0] Save last model checkpoint: ./tmp_models/bevfusion_centerpoint_pointpillar_henet_multisensor_multitask_nuscenes/float-checkpoint-last-0b793d21.pth.tar
2026-07-13 23:36:59,046 INFO [monitor.py:143] Node[0] Epoch[18] Begin ==================================================
2026-07-13 23:36:59,047 INFO [lr_updater.py:204] Node[0] Epoch[18] Step[0] GlobalStep[21114] lr=0.000059
2026-07-13 23:41:45,036 INFO [monitor.py:131] Node[0] Epoch[18] Step[0-199] Cost Time: 285.986s Speed: 4.20 samples/sec Remaining Time: 2:43:46 Remaining step percent: 24.29%
2026-07-13 23:41:46,275 INFO [metric_updater.py:360] Node[0] Epoch[18] Step[199] GlobalStep[21313] loss_bevfusion_centerpoint_pointpillar_henet_multisensor_multitask_nuscenes: car_cls_loss[0.3151] car_reg_loss[0.3362] truck_cls_loss[0.2161] truck_reg_loss[0.3028] bus_cls_loss[0.1391] bus_reg_loss[0.2665] barrier_cls_loss[0.2153] barrier_reg_loss[0.3479] bicycle_cls_loss[0.1178] bicycle_reg_loss[0.2611] pedestrian_cls_loss[0.2294] pedestrian_reg_loss[0.4837] 
2026-07-13 23:46:00,947 INFO [monitor.py:131] Node[0] Epoch[18] Step[200-399] Cost Time: 255.909s Speed: 4.69 samples/sec Remaining Time: 2:21:33 Remaining step percent: 23.58%
2026-07-13 23:46:02,144 INFO [metric_updater.py:360] Node[0] Epoch[18] Step[399] GlobalStep[21513] loss_bevfusion_centerpoint_pointpillar_henet_multisensor_multitask_nuscenes: car_cls_loss[0.3133] car_reg_loss[0.3364] truck_cls_loss[0.2182] truck_reg_loss[0.3042] bus_cls_loss[0.1453] bus_reg_loss[0.2638] barrier_cls_loss[0.2193] barrier_reg_loss[0.3505] bicycle_cls_loss[0.1200] bicycle_reg_loss[0.2789] pedestrian_cls_loss[0.2307] pedestrian_reg_loss[0.4872] 
2026-07-13 23:50:10,880 INFO [monitor.py:131] Node[0] Epoch[18] Step[400-599] Cost Time: 249.931s Speed: 4.80 samples/sec Remaining Time: 2:14:05 Remaining step percent: 22.87%
2026-07-13 23:50:12,083 INFO [metric_updater.py:360] Node[0] Epoch[18] Step[599] GlobalStep[21713] loss_bevfusion_centerpoint_pointpillar_henet_multisensor_multitask_nuscenes: car_cls_loss[0.3115] car_reg_loss[0.3360] truck_cls_loss[0.2170] truck_reg_loss[0.3033] bus_cls_loss[0.1459] bus_reg_loss[0.2680] barrier_cls_loss[0.2141] barrier_reg_loss[0.3487] bicycle_cls_loss[0.1238] bicycle_reg_loss[0.2842] pedestrian_cls_loss[0.2318] pedestrian_reg_loss[0.4869] 
2026-07-13 23:54:21,987 INFO [monitor.py:131] Node[0] Epoch[18] Step[600-799] Cost Time: 251.106s Speed: 4.78 samples/sec Remaining Time: 2:10:31 Remaining step percent: 22.16%
2026-07-13 23:54:23,241 INFO [metric_updater.py:360] Node[0] Epoch[18] Step[799] GlobalStep[21913] loss_bevfusion_centerpoint_pointpillar_henet_multisensor_multitask_nuscenes: car_cls_loss[0.3108] car_reg_loss[0.3347] truck_cls_loss[0.2165] truck_reg_loss[0.3024] bus_cls_loss[0.1439] bus_reg_loss[0.2654] barrier_cls_loss[0.2152] barrier_reg_loss[0.3541] bicycle_cls_loss[0.1245] bicycle_reg_loss[0.2855] pedestrian_cls_loss[0.2309] pedestrian_reg_loss[0.4874] 
2026-07-13 23:58:43,217 INFO [monitor.py:131] Node[0] Epoch[18] Step[800-999] Cost Time: 261.227s Speed: 4.59 samples/sec Remaining Time: 2:11:26 Remaining step percent: 21.45%
2026-07-13 23:58:44,566 INFO [metric_updater.py:360] Node[0] Epoch[18] Step[999] GlobalStep[22113] loss_bevfusion_centerpoint_pointpillar_henet_multisensor_multitask_nuscenes: car_cls_loss[0.3133] car_reg_loss[0.3357] truck_cls_loss[0.2167] truck_reg_loss[0.3030] bus_cls_loss[0.1435] bus_reg_loss[0.2669] barrier_cls_loss[0.2158] barrier_reg_loss[0.3549] bicycle_cls_loss[0.1249] bicycle_reg_loss[0.2857] pedestrian_cls_loss[0.2324] pedestrian_reg_loss[0.4885] 
2026-07-14 00:02:33,286 INFO [monitor.py:146] Node[0] Epoch[18] End   ==================================================
2026-07-14 00:02:33,288 INFO [monitor.py:149] Node[0] Epoch[18] Cost Time: 1534.241s
2026-07-14 00:02:33,288 INFO [metric_updater.py:360] Node[0] Epoch[18] loss_bevfusion_centerpoint_pointpillar_henet_multisensor_multitask_nuscenes: car_cls_loss[0.3139] car_reg_loss[0.3356] truck_cls_loss[0.2155] truck_reg_loss[0.3025] bus_cls_loss[0.1472] bus_reg_loss[0.2697] barrier_cls_loss[0.2162] barrier_reg_loss[0.3536] bicycle_cls_loss[0.1223] bicycle_reg_loss[0.2825] pedestrian_cls_loss[0.2334] pedestrian_reg_loss[0.4884] 
2026-07-14 00:02:33,288 INFO [validation.py:156] Node[0] [32mUse train `model` as val model.[0m
2026-07-14 00:02:33,473 INFO [loop_base.py:482] Node[0] [32mStart Predictor loop from epoch 18, num_epochs=1[0m
2026-07-14 00:02:33,476 INFO [fake_quantize.py:253] Node[0] Set fake quantize state to FakeQuantState.VALIDATION
2026-07-14 00:02:42,519 INFO [loop_base.py:553] Node[0] 0 / 1505
2026-07-14 00:03:08,757 INFO [loop_base.py:553] Node[0] 200 / 1505
2026-07-14 00:03:57,233 INFO [loop_base.py:553] Node[0] 400 / 1505
2026-07-14 00:04:40,721 INFO [loop_base.py:553] Node[0] 600 / 1505
2026-07-14 00:05:19,079 INFO [loop_base.py:553] Node[0] 800 / 1505
2026-07-14 00:05:58,521 INFO [loop_base.py:553] Node[0] 1000 / 1505
2026-07-14 00:06:32,713 INFO [loop_base.py:553] Node[0] 1200 / 1505
2026-07-14 00:06:58,304 INFO [loop_base.py:553] Node[0] 1400 / 1505
2026-07-14 00:07:12,374 INFO [nuscenes_metric.py:322] Node[0] The length of self.nusc_annos is: 1505
2026-07-14 00:07:14,153 INFO [nuscenes_metric.py:346] Node[0] Results writes to ./metric_results/bevfusion_centerpoint_pointpillar_henet_multisensor_multitask_nuscenes/results_nusc.json
2026-07-14 00:09:05,702 INFO [nuscenes_metric.py:388] Node[0] NDS: 0.5875, mAP:0.4930
car_AP: [0.5]:0.6954  [1.0]:0.8424  [2.0]:0.8844  [4.0]:0.8980 
truck_AP: [0.5]:0.2903  [1.0]:0.4823  [2.0]:0.5798  [4.0]:0.6044 
trailer_AP: [0.5]:0.0862  [1.0]:0.2570  [2.0]:0.4083  [4.0]:0.4826 
bus_AP: [0.5]:0.4162  [1.0]:0.6397  [2.0]:0.7349  [4.0]:0.7785 
construction_vehicle_AP: [0.5]:0.0095  [1.0]:0.1275  [2.0]:0.2509  [4.0]:0.3115 
bicycle_AP: [0.5]:0.2649  [1.0]:0.3506  [2.0]:0.3537  [4.0]:0.3627 
motorcycle_AP: [0.5]:0.3528  [1.0]:0.5298  [2.0]:0.5648  [4.0]:0.5658 
pedestrian_AP: [0.5]:0.3813  [1.0]:0.5444  [2.0]:0.5814  [4.0]:0.6122 
traffic_cone_AP: [0.5]:0.4529  [1.0]:0.5701  [2.0]:0.6106  [4.0]:0.6588 
barrier_AP: [0.5]:0.3120  [1.0]:0.5732  [2.0]:0.6368  [4.0]:0.6604 

2026-07-14 00:09:05,836 WARNING [metric.py:200] Node[0] <class 'hat.metrics.nuscenes_metric.NuscenesMetric'> not ready for distributed environment, should not be used together with DistributedSampler.Might be slow in validation due to resource competition
2026-07-14 00:09:05,837 INFO [metric_updater.py:360] Node[0] Epoch[18] Validation bevfusion_centerpoint_pointpillar_henet_multisensor_multitask_nuscenes: NDS[0.5875] 
2026-07-14 00:09:12,104 INFO [checkpoint.py:233] Node[0] Save model checkpoint: ./tmp_models/bevfusion_centerpoint_pointpillar_henet_multisensor_multitask_nuscenes/float-checkpoint-epoch-0018-9dbeed48.pth.tar
2026-07-14 00:09:12,954 INFO [checkpoint.py:270] Node[0] Save last model checkpoint: ./tmp_models/bevfusion_centerpoint_pointpillar_henet_multisensor_multitask_nuscenes/float-checkpoint-last-cf23028a.pth.tar
2026-07-14 00:09:12,964 INFO [monitor.py:143] Node[0] Epoch[19] Begin ==================================================
2026-07-14 00:09:12,964 INFO [lr_updater.py:204] Node[0] Epoch[19] Step[0] GlobalStep[22287] lr=0.000042
2026-07-14 00:13:55,697 INFO [monitor.py:131] Node[0] Epoch[19] Step[0-199] Cost Time: 282.730s Speed: 4.24 samples/sec Remaining Time: 2:14:08 Remaining step percent: 20.12%
2026-07-14 00:13:56,951 INFO [metric_updater.py:360] Node[0] Epoch[19] Step[199] GlobalStep[22486] loss_bevfusion_centerpoint_pointpillar_henet_multisensor_multitask_nuscenes: car_cls_loss[0.3072] car_reg_loss[0.3349] truck_cls_loss[0.2110] truck_reg_loss[0.3030] bus_cls_loss[0.1450] bus_reg_loss[0.2703] barrier_cls_loss[0.2306] barrier_reg_loss[0.3795] bicycle_cls_loss[0.1136] bicycle_reg_loss[0.2660] pedestrian_cls_loss[0.2315] pedestrian_reg_loss[0.4875] 
2026-07-14 00:18:05,425 INFO [monitor.py:131] Node[0] Epoch[19] Step[200-399] Cost Time: 249.727s Speed: 4.81 samples/sec Remaining Time: 1:53:43 Remaining step percent: 19.41%
2026-07-14 00:18:06,536 INFO [metric_updater.py:360] Node[0] Epoch[19] Step[399] GlobalStep[22686] loss_bevfusion_centerpoint_pointpillar_henet_multisensor_multitask_nuscenes: car_cls_loss[0.3153] car_reg_loss[0.3367] truck_cls_loss[0.2070] truck_reg_loss[0.3001] bus_cls_loss[0.1539] bus_reg_loss[0.2720] barrier_cls_loss[0.2161] barrier_reg_loss[0.3653] bicycle_cls_loss[0.1297] bicycle_reg_loss[0.2726] pedestrian_cls_loss[0.2270] pedestrian_reg_loss[0.4864] 
2026-07-14 00:22:14,421 INFO [monitor.py:131] Node[0] Epoch[19] Step[400-599] Cost Time: 248.994s Speed: 4.82 samples/sec Remaining Time: 1:49:14 Remaining step percent: 18.70%
2026-07-14 00:22:15,521 INFO [metric_updater.py:360] Node[0] Epoch[19] Step[599] GlobalStep[22886] loss_bevfusion_centerpoint_pointpillar_henet_multisensor_multitask_nuscenes: car_cls_loss[0.3107] car_reg_loss[0.3359] truck_cls_loss[0.2068] truck_reg_loss[0.2998] bus_cls_loss[0.1494] bus_reg_loss[0.2673] barrier_cls_loss[0.2273] barrier_reg_loss[0.3668] bicycle_cls_loss[0.1183] bicycle_reg_loss[0.2673] pedestrian_cls_loss[0.2299] pedestrian_reg_loss[0.4857] 
2026-07-14 00:26:23,374 INFO [monitor.py:131] Node[0] Epoch[19] Step[600-799] Cost Time: 248.951s Speed: 4.82 samples/sec Remaining Time: 1:45:04 Remaining step percent: 17.99%
2026-07-14 00:26:24,565 INFO [metric_updater.py:360] Node[0] Epoch[19] Step[799] GlobalStep[23086] loss_bevfusion_centerpoint_pointpillar_henet_multisensor_multitask_nuscenes: car_cls_loss[0.3114] car_reg_loss[0.3357] truck_cls_loss[0.2076] truck_reg_loss[0.2993] bus_cls_loss[0.1428] bus_reg_loss[0.2625] barrier_cls_loss[0.2230] barrier_reg_loss[0.3660] bicycle_cls_loss[0.1207] bicycle_reg_loss[0.2679] pedestrian_cls_loss[0.2294] pedestrian_reg_loss[0.4855] 
2026-07-14 00:30:35,595 INFO [monitor.py:131] Node[0] Epoch[19] Step[800-999] Cost Time: 252.218s Speed: 4.76 samples/sec Remaining Time: 1:42:15 Remaining step percent: 17.28%
2026-07-14 00:30:36,670 INFO [metric_updater.py:360] Node[0] Epoch[19] Step[999] GlobalStep[23286] loss_bevfusion_centerpoint_pointpillar_henet_multisensor_multitask_nuscenes: car_cls_loss[0.3113] car_reg_loss[0.3347] truck_cls_loss[0.2056] truck_reg_loss[0.2988] bus_cls_loss[0.1413] bus_reg_loss[0.2621] barrier_cls_loss[0.2235] barrier_reg_loss[0.3648] bicycle_cls_loss[0.1223] bicycle_reg_loss[0.2713] pedestrian_cls_loss[0.2299] pedestrian_reg_loss[0.4859] 
2026-07-14 00:34:17,135 INFO [monitor.py:146] Node[0] Epoch[19] End   ==================================================
2026-07-14 00:34:17,137 INFO [monitor.py:149] Node[0] Epoch[19] Cost Time: 1504.174s
2026-07-14 00:34:17,138 INFO [metric_updater.py:360] Node[0] Epoch[19] loss_bevfusion_centerpoint_pointpillar_henet_multisensor_multitask_nuscenes: car_cls_loss[0.3124] car_reg_loss[0.3348] truck_cls_loss[0.2072] truck_reg_loss[0.2992] bus_cls_loss[0.1421] bus_reg_loss[0.2625] barrier_cls_loss[0.2230] barrier_reg_loss[0.3658] bicycle_cls_loss[0.1229] bicycle_reg_loss[0.2724] pedestrian_cls_loss[0.2286] pedestrian_reg_loss[0.4860] 
2026-07-14 00:34:17,138 INFO [validation.py:156] Node[0] [32mUse train `model` as val model.[0m
2026-07-14 00:34:17,333 INFO [loop_base.py:482] Node[0] [32mStart Predictor loop from epoch 19, num_epochs=1[0m
2026-07-14 00:34:17,337 INFO [fake_quantize.py:253] Node[0] Set fake quantize state to FakeQuantState.VALIDATION
2026-07-14 00:34:25,988 INFO [loop_base.py:553] Node[0] 0 / 1505
2026-07-14 00:34:54,137 INFO [loop_base.py:553] Node[0] 200 / 1505
2026-07-14 00:35:20,693 INFO [loop_base.py:553] Node[0] 400 / 1505
2026-07-14 00:35:57,385 INFO [loop_base.py:553] Node[0] 600 / 1505
2026-07-14 00:36:28,701 INFO [loop_base.py:553] Node[0] 800 / 1505
2026-07-14 00:37:11,222 INFO [loop_base.py:553] Node[0] 1000 / 1505
2026-07-14 00:37:37,479 INFO [loop_base.py:553] Node[0] 1200 / 1505
2026-07-14 00:38:02,659 INFO [loop_base.py:553] Node[0] 1400 / 1505
2026-07-14 00:38:17,448 INFO [nuscenes_metric.py:322] Node[0] The length of self.nusc_annos is: 1505
2026-07-14 00:38:19,187 INFO [nuscenes_metric.py:346] Node[0] Results writes to ./metric_results/bevfusion_centerpoint_pointpillar_henet_multisensor_multitask_nuscenes/results_nusc.json
2026-07-14 00:40:13,825 INFO [nuscenes_metric.py:388] Node[0] NDS: 0.5872, mAP:0.4912
car_AP: [0.5]:0.6916  [1.0]:0.8385  [2.0]:0.8801  [4.0]:0.8996 
truck_AP: [0.5]:0.2939  [1.0]:0.4924  [2.0]:0.5978  [4.0]:0.6154 
trailer_AP: [0.5]:0.0883  [1.0]:0.2487  [2.0]:0.3920  [4.0]:0.4849 
bus_AP: [0.5]:0.4256  [1.0]:0.6442  [2.0]:0.7504  [4.0]:0.7770 
construction_vehicle_AP: [0.5]:0.0094  [1.0]:0.1114  [2.0]:0.2614  [4.0]:0.3216 
bicycle_AP: [0.5]:0.2666  [1.0]:0.3442  [2.0]:0.3547  [4.0]:0.3563 
motorcycle_AP: [0.5]:0.3598  [1.0]:0.5112  [2.0]:0.5457  [4.0]:0.5549 
pedestrian_AP: [0.5]:0.3791  [1.0]:0.5435  [2.0]:0.5812  [4.0]:0.6119 
traffic_cone_AP: [0.5]:0.4485  [1.0]:0.5694  [2.0]:0.6096  [4.0]:0.6575 
barrier_AP: [0.5]:0.2981  [1.0]:0.5619  [2.0]:0.6281  [4.0]:0.6429 

2026-07-14 00:40:13,966 WARNING [metric.py:200] Node[0] <class 'hat.metrics.nuscenes_metric.NuscenesMetric'> not ready for distributed environment, should not be used together with DistributedSampler.Might be slow in validation due to resource competition
2026-07-14 00:40:13,967 INFO [metric_updater.py:360] Node[0] Epoch[19] Validation bevfusion_centerpoint_pointpillar_henet_multisensor_multitask_nuscenes: NDS[0.5872] 
2026-07-14 00:40:22,886 INFO [checkpoint.py:233] Node[0] Save model checkpoint: ./tmp_models/bevfusion_centerpoint_pointpillar_henet_multisensor_multitask_nuscenes/float-checkpoint-epoch-0019-9e93bcc3.pth.tar
2026-07-14 00:40:23,850 INFO [checkpoint.py:270] Node[0] Save last model checkpoint: ./tmp_models/bevfusion_centerpoint_pointpillar_henet_multisensor_multitask_nuscenes/float-checkpoint-last-227d22f5.pth.tar
2026-07-14 00:40:23,864 INFO [monitor.py:143] Node[0] Epoch[20] Begin ==================================================
2026-07-14 00:40:23,865 INFO [lr_updater.py:204] Node[0] Epoch[20] Step[0] GlobalStep[23460] lr=0.000027
2026-07-14 00:45:14,519 INFO [monitor.py:131] Node[0] Epoch[20] Step[0-199] Cost Time: 290.651s Speed: 4.13 samples/sec Remaining Time: 1:49:20 Remaining step percent: 15.96%
2026-07-14 00:45:15,699 INFO [metric_updater.py:360] Node[0] Epoch[20] Step[199] GlobalStep[23659] loss_bevfusion_centerpoint_pointpillar_henet_multisensor_multitask_nuscenes: car_cls_loss[0.3006] car_reg_loss[0.3321] truck_cls_loss[0.1945] truck_reg_loss[0.2977] bus_cls_loss[0.1484] bus_reg_loss[0.2737] barrier_cls_loss[0.2172] barrier_reg_loss[0.3686] bicycle_cls_loss[0.1061] bicycle_reg_loss[0.2733] pedestrian_cls_loss[0.2239] pedestrian_reg_loss[0.4789] 
2026-07-14 00:49:37,692 INFO [monitor.py:131] Node[0] Epoch[20] Step[200-399] Cost Time: 263.169s Speed: 4.56 samples/sec Remaining Time: 1:34:07 Remaining step percent: 15.25%
2026-07-14 00:49:38,713 INFO [metric_updater.py:360] Node[0] Epoch[20] Step[399] GlobalStep[23859] loss_bevfusion_centerpoint_pointpillar_henet_multisensor_multitask_nuscenes: car_cls_loss[0.3059] car_reg_loss[0.3321] truck_cls_loss[0.1990] truck_reg_loss[0.2996] bus_cls_loss[0.1434] bus_reg_loss[0.2664] barrier_cls_loss[0.2096] barrier_reg_loss[0.3631] bicycle_cls_loss[0.1097] bicycle_reg_loss[0.2704] pedestrian_cls_loss[0.2228] pedestrian_reg_loss[0.4786] 
2026-07-14 00:53:58,065 INFO [monitor.py:131] Node[0] Epoch[20] Step[400-599] Cost Time: 260.372s Speed: 4.61 samples/sec Remaining Time: 1:28:47 Remaining step percent: 14.54%
2026-07-14 00:53:59,147 INFO [metric_updater.py:360] Node[0] Epoch[20] Step[599] GlobalStep[24059] loss_bevfusion_centerpoint_pointpillar_henet_multisensor_multitask_nuscenes: car_cls_loss[0.3067] car_reg_loss[0.3326] truck_cls_loss[0.2005] truck_reg_loss[0.2988] bus_cls_loss[0.1355] bus_reg_loss[0.2621] barrier_cls_loss[0.2153] barrier_reg_loss[0.3655] bicycle_cls_loss[0.1112] bicycle_reg_loss[0.2679] pedestrian_cls_loss[0.2279] pedestrian_reg_loss[0.4839] 
2026-07-14 00:58:13,520 INFO [monitor.py:131] Node[0] Epoch[20] Step[600-799] Cost Time: 255.452s Speed: 4.70 samples/sec Remaining Time: 1:22:51 Remaining step percent: 13.82%
2026-07-14 00:58:14,572 INFO [metric_updater.py:360] Node[0] Epoch[20] Step[799] GlobalStep[24259] loss_bevfusion_centerpoint_pointpillar_henet_multisensor_multitask_nuscenes: car_cls_loss[0.3051] car_reg_loss[0.3323] truck_cls_loss[0.1989] truck_reg_loss[0.2985] bus_cls_loss[0.1353] bus_reg_loss[0.2611] barrier_cls_loss[0.2153] barrier_reg_loss[0.3589] bicycle_cls_loss[0.1102] bicycle_reg_loss[0.2665] pedestrian_cls_loss[0.2268] pedestrian_reg_loss[0.4846] 
2026-07-14 01:02:54,421 INFO [monitor.py:131] Node[0] Epoch[20] Step[800-999] Cost Time: 280.900s Speed: 4.27 samples/sec Remaining Time: 1:26:25 Remaining step percent: 13.11%
2026-07-14 01:02:55,435 INFO [metric_updater.py:360] Node[0] Epoch[20] Step[999] GlobalStep[24459] loss_bevfusion_centerpoint_pointpillar_henet_multisensor_multitask_nuscenes: car_cls_loss[0.3053] car_reg_loss[0.3325] truck_cls_loss[0.1974] truck_reg_loss[0.2982] bus_cls_loss[0.1374] bus_reg_loss[0.2611] barrier_cls_loss[0.2159] barrier_reg_loss[0.3584] bicycle_cls_loss[0.1098] bicycle_reg_loss[0.2651] pedestrian_cls_loss[0.2268] pedestrian_reg_loss[0.4850] 
2026-07-14 01:06:37,613 INFO [monitor.py:146] Node[0] Epoch[20] End   ==================================================
2026-07-14 01:06:37,616 INFO [monitor.py:149] Node[0] Epoch[20] Cost Time: 1573.751s
2026-07-14 01:06:37,616 INFO [metric_updater.py:360] Node[0] Epoch[20] loss_bevfusion_centerpoint_pointpillar_henet_multisensor_multitask_nuscenes: car_cls_loss[0.3056] car_reg_loss[0.3322] truck_cls_loss[0.1965] truck_reg_loss[0.2972] bus_cls_loss[0.1379] bus_reg_loss[0.2605] barrier_cls_loss[0.2141] barrier_reg_loss[0.3575] bicycle_cls_loss[0.1084] bicycle_reg_loss[0.2643] pedestrian_cls_loss[0.2266] pedestrian_reg_loss[0.4849] 
2026-07-14 01:06:37,617 INFO [validation.py:156] Node[0] [32mUse train `model` as val model.[0m
2026-07-14 01:06:37,801 INFO [loop_base.py:482] Node[0] [32mStart Predictor loop from epoch 20, num_epochs=1[0m
2026-07-14 01:06:37,804 INFO [fake_quantize.py:253] Node[0] Set fake quantize state to FakeQuantState.VALIDATION
2026-07-14 01:06:46,754 INFO [loop_base.py:553] Node[0] 0 / 1505
2026-07-14 01:07:18,810 INFO [loop_base.py:553] Node[0] 200 / 1505
2026-07-14 01:08:13,051 INFO [loop_base.py:553] Node[0] 400 / 1505
2026-07-14 01:08:52,111 INFO [loop_base.py:553] Node[0] 600 / 1505
2026-07-14 01:09:23,101 INFO [loop_base.py:553] Node[0] 800 / 1505
2026-07-14 01:09:48,849 INFO [loop_base.py:553] Node[0] 1000 / 1505
2026-07-14 01:10:21,200 INFO [loop_base.py:553] Node[0] 1200 / 1505
2026-07-14 01:10:50,405 INFO [loop_base.py:553] Node[0] 1400 / 1505
2026-07-14 01:11:05,210 INFO [nuscenes_metric.py:322] Node[0] The length of self.nusc_annos is: 1505
2026-07-14 01:11:06,993 INFO [nuscenes_metric.py:346] Node[0] Results writes to ./metric_results/bevfusion_centerpoint_pointpillar_henet_multisensor_multitask_nuscenes/results_nusc.json
2026-07-14 01:13:00,630 INFO [nuscenes_metric.py:388] Node[0] NDS: 0.5855, mAP:0.4867
car_AP: [0.5]:0.6921  [1.0]:0.8386  [2.0]:0.8800  [4.0]:0.8996 
truck_AP: [0.5]:0.2984  [1.0]:0.4960  [2.0]:0.5915  [4.0]:0.6165 
trailer_AP: [0.5]:0.0880  [1.0]:0.2489  [2.0]:0.3852  [4.0]:0.4860 
bus_AP: [0.5]:0.4049  [1.0]:0.6381  [2.0]:0.7338  [4.0]:0.7707 
construction_vehicle_AP: [0.5]:0.0094  [1.0]:0.1119  [2.0]:0.2411  [4.0]:0.2917 
bicycle_AP: [0.5]:0.2682  [1.0]:0.3477  [2.0]:0.3559  [4.0]:0.3574 
motorcycle_AP: [0.5]:0.3546  [1.0]:0.5142  [2.0]:0.5383  [4.0]:0.5387 
pedestrian_AP: [0.5]:0.3686  [1.0]:0.5416  [2.0]:0.5747  [4.0]:0.6047 
traffic_cone_AP: [0.5]:0.4451  [1.0]:0.5630  [2.0]:0.6031  [4.0]:0.6525 
barrier_AP: [0.5]:0.2936  [1.0]:0.5591  [2.0]:0.6248  [4.0]:0.6402 

2026-07-14 01:13:00,803 WARNING [metric.py:200] Node[0] <class 'hat.metrics.nuscenes_metric.NuscenesMetric'> not ready for distributed environment, should not be used together with DistributedSampler.Might be slow in validation due to resource competition
2026-07-14 01:13:00,804 INFO [metric_updater.py:360] Node[0] Epoch[20] Validation bevfusion_centerpoint_pointpillar_henet_multisensor_multitask_nuscenes: NDS[0.5855] 
2026-07-14 01:13:08,579 INFO [checkpoint.py:233] Node[0] Save model checkpoint: ./tmp_models/bevfusion_centerpoint_pointpillar_henet_multisensor_multitask_nuscenes/float-checkpoint-epoch-0020-2b2e2380.pth.tar
2026-07-14 01:13:09,498 INFO [checkpoint.py:270] Node[0] Save last model checkpoint: ./tmp_models/bevfusion_centerpoint_pointpillar_henet_multisensor_multitask_nuscenes/float-checkpoint-last-c5e562dd.pth.tar
2026-07-14 01:13:09,508 INFO [monitor.py:143] Node[0] Epoch[21] Begin ==================================================
2026-07-14 01:13:09,509 INFO [lr_updater.py:204] Node[0] Epoch[21] Step[0] GlobalStep[24633] lr=0.000015
2026-07-14 01:18:07,088 INFO [monitor.py:131] Node[0] Epoch[21] Step[0-199] Cost Time: 297.575s Speed: 4.03 samples/sec Remaining Time: 1:22:43 Remaining step percent: 11.79%
2026-07-14 01:18:08,288 INFO [metric_updater.py:360] Node[0] Epoch[21] Step[199] GlobalStep[24832] loss_bevfusion_centerpoint_pointpillar_henet_multisensor_multitask_nuscenes: car_cls_loss[0.3137] car_reg_loss[0.3375] truck_cls_loss[0.2154] truck_reg_loss[0.2970] bus_cls_loss[0.1363] bus_reg_loss[0.2566] barrier_cls_loss[0.2205] barrier_reg_loss[0.3642] bicycle_cls_loss[0.0980] bicycle_reg_loss[0.2668] pedestrian_cls_loss[0.2229] pedestrian_reg_loss[0.4857] 
2026-07-14 01:22:30,959 INFO [monitor.py:131] Node[0] Epoch[21] Step[200-399] Cost Time: 263.869s Speed: 4.55 samples/sec Remaining Time: 1:08:35 Remaining step percent: 11.08%
2026-07-14 01:22:32,076 INFO [metric_updater.py:360] Node[0] Epoch[21] Step[399] GlobalStep[25032] loss_bevfusion_centerpoint_pointpillar_henet_multisensor_multitask_nuscenes: car_cls_loss[0.3092] car_reg_loss[0.3344] truck_cls_loss[0.2037] truck_reg_loss[0.2961] bus_cls_loss[0.1293] bus_reg_loss[0.2470] barrier_cls_loss[0.2151] barrier_reg_loss[0.3630] bicycle_cls_loss[0.1008] bicycle_reg_loss[0.2585] pedestrian_cls_loss[0.2229] pedestrian_reg_loss[0.4787] 
2026-07-14 01:26:39,995 INFO [monitor.py:131] Node[0] Epoch[21] Step[400-599] Cost Time: 249.034s Speed: 4.82 samples/sec Remaining Time: 1:00:34 Remaining step percent: 10.37%
2026-07-14 01:26:41,038 INFO [metric_updater.py:360] Node[0] Epoch[21] Step[599] GlobalStep[25232] loss_bevfusion_centerpoint_pointpillar_henet_multisensor_multitask_nuscenes: car_cls_loss[0.3090] car_reg_loss[0.3326] truck_cls_loss[0.2031] truck_reg_loss[0.2962] bus_cls_loss[0.1305] bus_reg_loss[0.2503] barrier_cls_loss[0.2169] barrier_reg_loss[0.3622] bicycle_cls_loss[0.1017] bicycle_reg_loss[0.2586] pedestrian_cls_loss[0.2218] pedestrian_reg_loss[0.4796] 
2026-07-14 01:31:08,617 INFO [monitor.py:131] Node[0] Epoch[21] Step[600-799] Cost Time: 268.621s Speed: 4.47 samples/sec Remaining Time: 1:00:51 Remaining step percent: 9.66%
2026-07-14 01:31:09,773 INFO [metric_updater.py:360] Node[0] Epoch[21] Step[799] GlobalStep[25432] loss_bevfusion_centerpoint_pointpillar_henet_multisensor_multitask_nuscenes: car_cls_loss[0.3046] car_reg_loss[0.3320] truck_cls_loss[0.2009] truck_reg_loss[0.2952] bus_cls_loss[0.1331] bus_reg_loss[0.2532] barrier_cls_loss[0.2168] barrier_reg_loss[0.3663] bicycle_cls_loss[0.1033] bicycle_reg_loss[0.2628] pedestrian_cls_loss[0.2226] pedestrian_reg_loss[0.4808] 
2026-07-14 01:35:19,762 INFO [monitor.py:131] Node[0] Epoch[21] Step[800-999] Cost Time: 251.144s Speed: 4.78 samples/sec Remaining Time: 0:52:43 Remaining step percent: 8.95%
2026-07-14 01:35:20,866 INFO [metric_updater.py:360] Node[0] Epoch[21] Step[999] GlobalStep[25632] loss_bevfusion_centerpoint_pointpillar_henet_multisensor_multitask_nuscenes: car_cls_loss[0.3049] car_reg_loss[0.3325] truck_cls_loss[0.2009] truck_reg_loss[0.2961] bus_cls_loss[0.1355] bus_reg_loss[0.2542] barrier_cls_loss[0.2141] barrier_reg_loss[0.3626] bicycle_cls_loss[0.1065] bicycle_reg_loss[0.2619] pedestrian_cls_loss[0.2231] pedestrian_reg_loss[0.4804] 
2026-07-14 01:39:07,789 INFO [monitor.py:146] Node[0] Epoch[21] End   ==================================================
2026-07-14 01:39:07,790 INFO [monitor.py:149] Node[0] Epoch[21] Cost Time: 1558.282s
2026-07-14 01:39:07,791 INFO [metric_updater.py:360] Node[0] Epoch[21] loss_bevfusion_centerpoint_pointpillar_henet_multisensor_multitask_nuscenes: car_cls_loss[0.3031] car_reg_loss[0.3320] truck_cls_loss[0.2001] truck_reg_loss[0.2954] bus_cls_loss[0.1347] bus_reg_loss[0.2534] barrier_cls_loss[0.2144] barrier_reg_loss[0.3658] bicycle_cls_loss[0.1066] bicycle_reg_loss[0.2625] pedestrian_cls_loss[0.2214] pedestrian_reg_loss[0.4799] 
2026-07-14 01:39:07,791 INFO [validation.py:156] Node[0] [32mUse train `model` as val model.[0m
2026-07-14 01:39:07,974 INFO [loop_base.py:482] Node[0] [32mStart Predictor loop from epoch 21, num_epochs=1[0m
2026-07-14 01:39:07,977 INFO [fake_quantize.py:253] Node[0] Set fake quantize state to FakeQuantState.VALIDATION
2026-07-14 01:39:15,841 INFO [loop_base.py:553] Node[0] 0 / 1505
2026-07-14 01:39:54,137 INFO [loop_base.py:553] Node[0] 200 / 1505
2026-07-14 01:40:40,116 INFO [loop_base.py:553] Node[0] 400 / 1505
2026-07-14 01:41:07,784 INFO [loop_base.py:553] Node[0] 600 / 1505
2026-07-14 01:41:32,303 INFO [loop_base.py:553] Node[0] 800 / 1505
2026-07-14 01:42:04,712 INFO [loop_base.py:553] Node[0] 1000 / 1505
2026-07-14 01:42:29,775 INFO [loop_base.py:553] Node[0] 1200 / 1505
2026-07-14 01:42:54,333 INFO [loop_base.py:553] Node[0] 1400 / 1505
2026-07-14 01:43:08,910 INFO [nuscenes_metric.py:322] Node[0] The length of self.nusc_annos is: 1505
2026-07-14 01:43:10,697 INFO [nuscenes_metric.py:346] Node[0] Results writes to ./metric_results/bevfusion_centerpoint_pointpillar_henet_multisensor_multitask_nuscenes/results_nusc.json
2026-07-14 01:45:02,538 INFO [nuscenes_metric.py:388] Node[0] NDS: 0.5851, mAP:0.4891
car_AP: [0.5]:0.6911  [1.0]:0.8382  [2.0]:0.8792  [4.0]:0.8990 
truck_AP: [0.5]:0.2977  [1.0]:0.4964  [2.0]:0.5856  [4.0]:0.6098 
trailer_AP: [0.5]:0.0871  [1.0]:0.2573  [2.0]:0.3925  [4.0]:0.4956 
bus_AP: [0.5]:0.4075  [1.0]:0.6361  [2.0]:0.7500  [4.0]:0.7796 
construction_vehicle_AP: [0.5]:0.0104  [1.0]:0.1198  [2.0]:0.2632  [4.0]:0.3176 
bicycle_AP: [0.5]:0.2584  [1.0]:0.3374  [2.0]:0.3470  [4.0]:0.3482 
motorcycle_AP: [0.5]:0.3445  [1.0]:0.5032  [2.0]:0.5385  [4.0]:0.5493 
pedestrian_AP: [0.5]:0.3705  [1.0]:0.5425  [2.0]:0.5812  [4.0]:0.6120 
traffic_cone_AP: [0.5]:0.4442  [1.0]:0.5653  [2.0]:0.6044  [4.0]:0.6531 
barrier_AP: [0.5]:0.3028  [1.0]:0.5672  [2.0]:0.6325  [4.0]:0.6479 

2026-07-14 01:45:02,708 WARNING [metric.py:200] Node[0] <class 'hat.metrics.nuscenes_metric.NuscenesMetric'> not ready for distributed environment, should not be used together with DistributedSampler.Might be slow in validation due to resource competition
2026-07-14 01:45:02,709 INFO [metric_updater.py:360] Node[0] Epoch[21] Validation bevfusion_centerpoint_pointpillar_henet_multisensor_multitask_nuscenes: NDS[0.5851] 
2026-07-14 01:45:10,770 INFO [checkpoint.py:233] Node[0] Save model checkpoint: ./tmp_models/bevfusion_centerpoint_pointpillar_henet_multisensor_multitask_nuscenes/float-checkpoint-epoch-0021-cde83178.pth.tar
2026-07-14 01:45:11,598 INFO [checkpoint.py:270] Node[0] Save last model checkpoint: ./tmp_models/bevfusion_centerpoint_pointpillar_henet_multisensor_multitask_nuscenes/float-checkpoint-last-51395640.pth.tar
2026-07-14 01:45:11,607 INFO [monitor.py:143] Node[0] Epoch[22] Begin ==================================================
2026-07-14 01:45:11,607 INFO [lr_updater.py:204] Node[0] Epoch[22] Step[0] GlobalStep[25806] lr=0.000007
2026-07-14 01:49:47,694 INFO [monitor.py:131] Node[0] Epoch[22] Step[0-199] Cost Time: 276.084s Speed: 4.35 samples/sec Remaining Time: 0:49:37 Remaining step percent: 7.62%
2026-07-14 01:49:48,990 INFO [metric_updater.py:360] Node[0] Epoch[22] Step[199] GlobalStep[26005] loss_bevfusion_centerpoint_pointpillar_henet_multisensor_multitask_nuscenes: car_cls_loss[0.3099] car_reg_loss[0.3297] truck_cls_loss[0.1816] truck_reg_loss[0.2931] bus_cls_loss[0.1233] bus_reg_loss[0.2528] barrier_cls_loss[0.2072] barrier_reg_loss[0.3509] bicycle_cls_loss[0.1119] bicycle_reg_loss[0.2643] pedestrian_cls_loss[0.2252] pedestrian_reg_loss[0.4814] 
2026-07-14 01:53:51,018 INFO [monitor.py:131] Node[0] Epoch[22] Step[200-399] Cost Time: 243.322s Speed: 4.93 samples/sec Remaining Time: 0:39:27 Remaining step percent: 6.91%
2026-07-14 01:53:52,102 INFO [metric_updater.py:360] Node[0] Epoch[22] Step[399] GlobalStep[26205] loss_bevfusion_centerpoint_pointpillar_henet_multisensor_multitask_nuscenes: car_cls_loss[0.3079] car_reg_loss[0.3302] truck_cls_loss[0.1833] truck_reg_loss[0.2939] bus_cls_loss[0.1307] bus_reg_loss[0.2534] barrier_cls_loss[0.2084] barrier_reg_loss[0.3416] bicycle_cls_loss[0.1087] bicycle_reg_loss[0.2586] pedestrian_cls_loss[0.2262] pedestrian_reg_loss[0.4831] 
2026-07-14 01:57:58,594 INFO [monitor.py:131] Node[0] Epoch[22] Step[400-599] Cost Time: 247.575s Speed: 4.85 samples/sec Remaining Time: 0:36:01 Remaining step percent: 6.20%
2026-07-14 01:57:59,824 INFO [metric_updater.py:360] Node[0] Epoch[22] Step[599] GlobalStep[26405] loss_bevfusion_centerpoint_pointpillar_henet_multisensor_multitask_nuscenes: car_cls_loss[0.3067] car_reg_loss[0.3302] truck_cls_loss[0.1874] truck_reg_loss[0.2957] bus_cls_loss[0.1279] bus_reg_loss[0.2550] barrier_cls_loss[0.2036] barrier_reg_loss[0.3446] bicycle_cls_loss[0.1116] bicycle_reg_loss[0.2609] pedestrian_cls_loss[0.2246] pedestrian_reg_loss[0.4818] 
2026-07-14 02:02:13,959 INFO [monitor.py:131] Node[0] Epoch[22] Step[600-799] Cost Time: 255.363s Speed: 4.70 samples/sec Remaining Time: 0:32:53 Remaining step percent: 5.49%
2026-07-14 02:02:15,457 INFO [metric_updater.py:360] Node[0] Epoch[22] Step[799] GlobalStep[26605] loss_bevfusion_centerpoint_pointpillar_henet_multisensor_multitask_nuscenes: car_cls_loss[0.3075] car_reg_loss[0.3307] truck_cls_loss[0.1913] truck_reg_loss[0.2951] bus_cls_loss[0.1294] bus_reg_loss[0.2542] barrier_cls_loss[0.2050] barrier_reg_loss[0.3462] bicycle_cls_loss[0.1110] bicycle_reg_loss[0.2633] pedestrian_cls_loss[0.2222] pedestrian_reg_loss[0.4814] 
2026-07-14 02:06:24,413 INFO [monitor.py:131] Node[0] Epoch[22] Step[800-999] Cost Time: 250.452s Speed: 4.79 samples/sec Remaining Time: 0:28:05 Remaining step percent: 4.78%
2026-07-14 02:06:25,696 INFO [metric_updater.py:360] Node[0] Epoch[22] Step[999] GlobalStep[26805] loss_bevfusion_centerpoint_pointpillar_henet_multisensor_multitask_nuscenes: car_cls_loss[0.3079] car_reg_loss[0.3308] truck_cls_loss[0.1959] truck_reg_loss[0.2958] bus_cls_loss[0.1286] bus_reg_loss[0.2519] barrier_cls_loss[0.2051] barrier_reg_loss[0.3473] bicycle_cls_loss[0.1081] bicycle_reg_loss[0.2591] pedestrian_cls_loss[0.2217] pedestrian_reg_loss[0.4800] 
2026-07-14 02:10:08,024 INFO [monitor.py:146] Node[0] Epoch[22] End   ==================================================
2026-07-14 02:10:08,025 INFO [monitor.py:149] Node[0] Epoch[22] Cost Time: 1496.419s
2026-07-14 02:10:08,026 INFO [metric_updater.py:360] Node[0] Epoch[22] loss_bevfusion_centerpoint_pointpillar_henet_multisensor_multitask_nuscenes: car_cls_loss[0.3068] car_reg_loss[0.3307] truck_cls_loss[0.1979] truck_reg_loss[0.2956] bus_cls_loss[0.1291] bus_reg_loss[0.2539] barrier_cls_loss[0.2045] barrier_reg_loss[0.3460] bicycle_cls_loss[0.1085] bicycle_reg_loss[0.2595] pedestrian_cls_loss[0.2201] pedestrian_reg_loss[0.4805] 
2026-07-14 02:10:08,026 INFO [validation.py:156] Node[0] [32mUse train `model` as val model.[0m
2026-07-14 02:10:08,221 INFO [loop_base.py:482] Node[0] [32mStart Predictor loop from epoch 22, num_epochs=1[0m
2026-07-14 02:10:08,224 INFO [fake_quantize.py:253] Node[0] Set fake quantize state to FakeQuantState.VALIDATION
2026-07-14 02:10:16,822 INFO [loop_base.py:553] Node[0] 0 / 1505
2026-07-14 02:10:43,944 INFO [loop_base.py:553] Node[0] 200 / 1505
2026-07-14 02:11:34,022 INFO [loop_base.py:553] Node[0] 400 / 1505
2026-07-14 02:12:06,650 INFO [loop_base.py:553] Node[0] 600 / 1505
2026-07-14 02:12:51,559 INFO [loop_base.py:553] Node[0] 800 / 1505
2026-07-14 02:13:27,907 INFO [loop_base.py:553] Node[0] 1000 / 1505
2026-07-14 02:13:59,880 INFO [loop_base.py:553] Node[0] 1200 / 1505
2026-07-14 02:14:35,440 INFO [loop_base.py:553] Node[0] 1400 / 1505
2026-07-14 02:14:50,454 INFO [nuscenes_metric.py:322] Node[0] The length of self.nusc_annos is: 1505
2026-07-14 02:14:52,237 INFO [nuscenes_metric.py:346] Node[0] Results writes to ./metric_results/bevfusion_centerpoint_pointpillar_henet_multisensor_multitask_nuscenes/results_nusc.json
2026-07-14 02:16:46,278 INFO [nuscenes_metric.py:388] Node[0] NDS: 0.5848, mAP:0.4863
car_AP: [0.5]:0.6908  [1.0]:0.8373  [2.0]:0.8788  [4.0]:0.8985 
truck_AP: [0.5]:0.2922  [1.0]:0.4896  [2.0]:0.5846  [4.0]:0.6090 
trailer_AP: [0.5]:0.0934  [1.0]:0.2557  [2.0]:0.3814  [4.0]:0.4900 
bus_AP: [0.5]:0.4114  [1.0]:0.6367  [2.0]:0.7401  [4.0]:0.7698 
construction_vehicle_AP: [0.5]:0.0100  [1.0]:0.1074  [2.0]:0.2478  [4.0]:0.3044 
bicycle_AP: [0.5]:0.2589  [1.0]:0.3284  [2.0]:0.3375  [4.0]:0.3388 
motorcycle_AP: [0.5]:0.3612  [1.0]:0.5127  [2.0]:0.5376  [4.0]:0.5495 
pedestrian_AP: [0.5]:0.3712  [1.0]:0.5419  [2.0]:0.5753  [4.0]:0.6055 
traffic_cone_AP: [0.5]:0.4445  [1.0]:0.5608  [2.0]:0.6059  [4.0]:0.6538 
barrier_AP: [0.5]:0.2977  [1.0]:0.5645  [2.0]:0.6313  [4.0]:0.6467 

2026-07-14 02:16:46,423 WARNING [metric.py:200] Node[0] <class 'hat.metrics.nuscenes_metric.NuscenesMetric'> not ready for distributed environment, should not be used together with DistributedSampler.Might be slow in validation due to resource competition
2026-07-14 02:16:46,424 INFO [metric_updater.py:360] Node[0] Epoch[22] Validation bevfusion_centerpoint_pointpillar_henet_multisensor_multitask_nuscenes: NDS[0.5848] 
2026-07-14 02:16:54,260 INFO [checkpoint.py:233] Node[0] Save model checkpoint: ./tmp_models/bevfusion_centerpoint_pointpillar_henet_multisensor_multitask_nuscenes/float-checkpoint-epoch-0022-b59f5ec9.pth.tar
2026-07-14 02:16:55,307 INFO [checkpoint.py:270] Node[0] Save last model checkpoint: ./tmp_models/bevfusion_centerpoint_pointpillar_henet_multisensor_multitask_nuscenes/float-checkpoint-last-3546dde2.pth.tar
2026-07-14 02:16:55,319 INFO [monitor.py:143] Node[0] Epoch[23] Begin ==================================================
2026-07-14 02:16:55,320 INFO [lr_updater.py:204] Node[0] Epoch[23] Step[0] GlobalStep[26979] lr=0.000002
2026-07-14 02:21:26,165 INFO [monitor.py:131] Node[0] Epoch[23] Step[0-199] Cost Time: 270.843s Speed: 4.43 samples/sec Remaining Time: 0:22:04 Remaining step percent: 3.46%
2026-07-14 02:21:27,244 INFO [metric_updater.py:360] Node[0] Epoch[23] Step[199] GlobalStep[27178] loss_bevfusion_centerpoint_pointpillar_henet_multisensor_multitask_nuscenes: car_cls_loss[0.3064] car_reg_loss[0.3314] truck_cls_loss[0.1962] truck_reg_loss[0.2907] bus_cls_loss[0.1260] bus_reg_loss[0.2494] barrier_cls_loss[0.2103] barrier_reg_loss[0.3474] bicycle_cls_loss[0.1001] bicycle_reg_loss[0.2644] pedestrian_cls_loss[0.2189] pedestrian_reg_loss[0.4807] 
2026-07-14 02:25:43,554 INFO [monitor.py:131] Node[0] Epoch[23] Step[200-399] Cost Time: 257.387s Speed: 4.66 samples/sec Remaining Time: 0:16:34 Remaining step percent: 2.75%
2026-07-14 02:25:44,817 INFO [metric_updater.py:360] Node[0] Epoch[23] Step[399] GlobalStep[27378] loss_bevfusion_centerpoint_pointpillar_henet_multisensor_multitask_nuscenes: car_cls_loss[0.3037] car_reg_loss[0.3306] truck_cls_loss[0.1961] truck_reg_loss[0.2961] bus_cls_loss[0.1234] bus_reg_loss[0.2464] barrier_cls_loss[0.2036] barrier_reg_loss[0.3394] bicycle_cls_loss[0.0994] bicycle_reg_loss[0.2579] pedestrian_cls_loss[0.2176] pedestrian_reg_loss[0.4829] 
2026-07-14 02:29:56,472 INFO [monitor.py:131] Node[0] Epoch[23] Step[400-599] Cost Time: 252.916s Speed: 4.74 samples/sec Remaining Time: 0:12:04 Remaining step percent: 2.04%
2026-07-14 02:29:57,532 INFO [metric_updater.py:360] Node[0] Epoch[23] Step[599] GlobalStep[27578] loss_bevfusion_centerpoint_pointpillar_henet_multisensor_multitask_nuscenes: car_cls_loss[0.3052] car_reg_loss[0.3321] truck_cls_loss[0.1916] truck_reg_loss[0.2932] bus_cls_loss[0.1204] bus_reg_loss[0.2461] barrier_cls_loss[0.2029] barrier_reg_loss[0.3447] bicycle_cls_loss[0.1003] bicycle_reg_loss[0.2586] pedestrian_cls_loss[0.2211] pedestrian_reg_loss[0.4841] 
2026-07-14 02:34:12,304 INFO [monitor.py:131] Node[0] Epoch[23] Step[600-799] Cost Time: 255.830s Speed: 4.69 samples/sec Remaining Time: 0:07:57 Remaining step percent: 1.32%
2026-07-14 02:34:13,497 INFO [metric_updater.py:360] Node[0] Epoch[23] Step[799] GlobalStep[27778] loss_bevfusion_centerpoint_pointpillar_henet_multisensor_multitask_nuscenes: car_cls_loss[0.3040] car_reg_loss[0.3304] truck_cls_loss[0.1918] truck_reg_loss[0.2936] bus_cls_loss[0.1215] bus_reg_loss[0.2480] barrier_cls_loss[0.2080] barrier_reg_loss[0.3507] bicycle_cls_loss[0.0992] bicycle_reg_loss[0.2594] pedestrian_cls_loss[0.2197] pedestrian_reg_loss[0.4818] 
2026-07-14 02:38:31,282 INFO [monitor.py:131] Node[0] Epoch[23] Step[800-999] Cost Time: 258.976s Speed: 4.63 samples/sec Remaining Time: 0:03:44 Remaining step percent: 0.61%
2026-07-14 02:38:32,225 INFO [metric_updater.py:360] Node[0] Epoch[23] Step[999] GlobalStep[27978] loss_bevfusion_centerpoint_pointpillar_henet_multisensor_multitask_nuscenes: car_cls_loss[0.3029] car_reg_loss[0.3297] truck_cls_loss[0.1927] truck_reg_loss[0.2939] bus_cls_loss[0.1263] bus_reg_loss[0.2493] barrier_cls_loss[0.2048] barrier_reg_loss[0.3485] bicycle_cls_loss[0.0996] bicycle_reg_loss[0.2588] pedestrian_cls_loss[0.2199] pedestrian_reg_loss[0.4809] 
2026-07-14 02:42:13,087 INFO [monitor.py:146] Node[0] Epoch[23] End   ==================================================
2026-07-14 02:42:13,089 INFO [monitor.py:149] Node[0] Epoch[23] Cost Time: 1517.770s
2026-07-14 02:42:13,089 INFO [metric_updater.py:360] Node[0] Epoch[23] loss_bevfusion_centerpoint_pointpillar_henet_multisensor_multitask_nuscenes: car_cls_loss[0.3033] car_reg_loss[0.3301] truck_cls_loss[0.1929] truck_reg_loss[0.2935] bus_cls_loss[0.1270] bus_reg_loss[0.2491] barrier_cls_loss[0.2066] barrier_reg_loss[0.3500] bicycle_cls_loss[0.0997] bicycle_reg_loss[0.2592] pedestrian_cls_loss[0.2197] pedestrian_reg_loss[0.4804] 
2026-07-14 02:42:13,090 INFO [validation.py:156] Node[0] [32mUse train `model` as val model.[0m
2026-07-14 02:42:13,271 INFO [loop_base.py:482] Node[0] [32mStart Predictor loop from epoch 23, num_epochs=1[0m
2026-07-14 02:42:13,275 INFO [fake_quantize.py:253] Node[0] Set fake quantize state to FakeQuantState.VALIDATION
2026-07-14 02:42:22,512 INFO [loop_base.py:553] Node[0] 0 / 1505
2026-07-14 02:42:49,519 INFO [loop_base.py:553] Node[0] 200 / 1505
2026-07-14 02:43:35,476 INFO [loop_base.py:553] Node[0] 400 / 1505
2026-07-14 02:44:12,439 INFO [loop_base.py:553] Node[0] 600 / 1505
2026-07-14 02:44:37,502 INFO [loop_base.py:553] Node[0] 800 / 1505
2026-07-14 02:45:02,410 INFO [loop_base.py:553] Node[0] 1000 / 1505
2026-07-14 02:45:27,443 INFO [loop_base.py:553] Node[0] 1200 / 1505
2026-07-14 02:45:52,593 INFO [loop_base.py:553] Node[0] 1400 / 1505
2026-07-14 02:46:06,797 INFO [nuscenes_metric.py:322] Node[0] The length of self.nusc_annos is: 1505
2026-07-14 02:46:08,750 INFO [nuscenes_metric.py:346] Node[0] Results writes to ./metric_results/bevfusion_centerpoint_pointpillar_henet_multisensor_multitask_nuscenes/results_nusc.json
2026-07-14 02:48:01,248 INFO [nuscenes_metric.py:388] Node[0] NDS: 0.5854, mAP:0.4881
car_AP: [0.5]:0.6966  [1.0]:0.8376  [2.0]:0.8793  [4.0]:0.8989 
truck_AP: [0.5]:0.2953  [1.0]:0.4878  [2.0]:0.5844  [4.0]:0.6087 
trailer_AP: [0.5]:0.0874  [1.0]:0.2572  [2.0]:0.3917  [4.0]:0.4880 
bus_AP: [0.5]:0.4314  [1.0]:0.6356  [2.0]:0.7396  [4.0]:0.7700 
construction_vehicle_AP: [0.5]:0.0083  [1.0]:0.1098  [2.0]:0.2450  [4.0]:0.3053 
bicycle_AP: [0.5]:0.2609  [1.0]:0.3367  [2.0]:0.3460  [4.0]:0.3473 
motorcycle_AP: [0.5]:0.3486  [1.0]:0.5096  [2.0]:0.5454  [4.0]:0.5459 
pedestrian_AP: [0.5]:0.3758  [1.0]:0.5421  [2.0]:0.5812  [4.0]:0.6118 
traffic_cone_AP: [0.5]:0.4432  [1.0]:0.5600  [2.0]:0.6060  [4.0]:0.6546 
barrier_AP: [0.5]:0.3018  [1.0]:0.5649  [2.0]:0.6302  [4.0]:0.6535 

2026-07-14 02:48:01,419 WARNING [metric.py:200] Node[0] <class 'hat.metrics.nuscenes_metric.NuscenesMetric'> not ready for distributed environment, should not be used together with DistributedSampler.Might be slow in validation due to resource competition
2026-07-14 02:48:01,420 INFO [metric_updater.py:360] Node[0] Epoch[23] Validation bevfusion_centerpoint_pointpillar_henet_multisensor_multitask_nuscenes: NDS[0.5854] 
2026-07-14 02:48:08,463 INFO [checkpoint.py:233] Node[0] Save model checkpoint: ./tmp_models/bevfusion_centerpoint_pointpillar_henet_multisensor_multitask_nuscenes/float-checkpoint-epoch-0023-6f600da7.pth.tar
2026-07-14 02:48:09,356 INFO [checkpoint.py:270] Node[0] Save last model checkpoint: ./tmp_models/bevfusion_centerpoint_pointpillar_henet_multisensor_multitask_nuscenes/float-checkpoint-last-1bf17616.pth.tar
