2026-07-15 09:16:53,734 INFO [logger.py:199] Node[0] {'ClampedGaussianFocalLoss': <class 'bevfusion_centerpoint_bboxes_adapter_opt.ClampedGaussianFocalLoss'>,
 'ConfigVersion': <enum 'ConfigVersion'>,
 'Image': <module 'PIL.Image' from '/usr/local/lib/python3.10/dist-packages/PIL/Image.py'>,
 'March': <class 'horizon_plugin_pytorch.march.March'>,
 'MixVarGENetConfig': <class 'hat.models.backbones.mixvargenet.MixVarGENetConfig'>,
 'VERSION': <ConfigVersion.v2: 2>,
 '_dim_': 256,
 '_num_levels_': 1,
 '_pos_dim_': 128,
 '_tools_dir': '/open_explorer/samples/ai_toolchain/horizon_model_train_sample/scripts/tools',
 'align_bpu_data_loader': {'batch_size': 1,
                           'collate_fn': functools.partial(<function collate_bevfusion_centerpoint at 0x7f9b02efa170>, bev_size=(51.2, 51.2, 0.8), point_cloud_range=[-51.2, -51.2, -5.0, 51.2, 51.2, 3.0], max_lidar_points=120000),
                           'dataset': {'bev_range': [-51.2,
                                                     -51.2,
                                                     -5.0,
                                                     51.2,
                                                     51.2,
                                                     3.0],
                                       'load_dim': 5,
                                       'map_path': None,
                                       'map_size': None,
                                       'need_lidar': True,
                                       'num_seq': 1,
                                       'num_sweeps': 9,
                                       'split_name': 'val',
                                       'src_data_dir': './data/nuscenes',
                                       'transforms': [{'size': [512, 960],
                                                       'type': 'MultiViewsImgResize'},
                                                      {'transforms': [{'type': 'PILToTensor'},
                                                                      {'divisor': 32,
                                                                       'type': 'Pad'},
                                                                      {'rgb_input': True,
                                                                       'type': 'BgrToYuv444'},
                                                                      {'mean': 128.0,
                                                                       'std': 128.0,
                                                                       'type': 'Normalize'}],
                                                       'type': 'MultiViewsImgTransformWrapper'}],
                                       'type': 'NuscenesFromImageSequence',
                                       'use_dim': [0, 1, 2, 3, 4],
                                       'version': 'v1.0-trainval',
                                       'with_bev_bboxes': False,
                                       'with_bev_mask': False,
                                       'with_ego_bboxes': True,
                                       'with_lidar_bboxes': True,
                                       'with_lidar_occ': True},
                           'num_workers': 2,
                           'pin_memory': True,
                           'shuffle': False,
                           'type': <class 'torch.utils.data.dataloader.DataLoader'>},
 'align_bpu_predictor': {'batch_processor': {'need_grad_update': False,
                                             'type': 'BasicBatchProcessor'},
                         'callbacks': [{'epoch_log_freq': 1,
                                        'log_prefix': 'Validation '
                                                      'bevfusion_centerpoint_pointpillar_henet_multisensor_multitask_nuscenes_opt',
                                        'metric_update_func': <function update_metric at 0x7f9b02efaef0>,
                                        'step_log_freq': 10000,
                                        'type': 'MetricUpdater'}],
                         'data_loader': {'batch_size': 1,
                                         'collate_fn': functools.partial(<function collate_bevfusion_centerpoint at 0x7f9b02efa170>, bev_size=(51.2, 51.2, 0.8), point_cloud_range=[-51.2, -51.2, -5.0, 51.2, 51.2, 3.0], max_lidar_points=120000),
                                         'dataset': {'bev_range': [-51.2,
                                                                   -51.2,
                                                                   -5.0,
                                                                   51.2,
                                                                   51.2,
                                                                   3.0],
                                                     'load_dim': 5,
                                                     'map_path': None,
                                                     'map_size': None,
                                                     'need_lidar': True,
                                                     'num_seq': 1,
                                                     'num_sweeps': 9,
                                                     'split_name': 'val',
                                                     'src_data_dir': './data/nuscenes',
                                                     'transforms': [{'size': [512,
                                                                              960],
                                                                     'type': 'MultiViewsImgResize'},
                                                                    {'transforms': [{'type': 'PILToTensor'},
                                                                                    {'divisor': 32,
                                                                                     'type': 'Pad'},
                                                                                    {'rgb_input': True,
                                                                                     'type': 'BgrToYuv444'},
                                                                                    {'mean': 128.0,
                                                                                     'std': 128.0,
                                                                                     'type': 'Normalize'}],
                                                                     'type': 'MultiViewsImgTransformWrapper'}],
                                                     'type': 'NuscenesFromImageSequence',
                                                     'use_dim': [0, 1, 2, 3, 4],
                                                     'version': 'v1.0-trainval',
                                                     'with_bev_bboxes': False,
                                                     'with_bev_mask': False,
                                                     'with_ego_bboxes': True,
                                                     'with_lidar_bboxes': True,
                                                     'with_lidar_occ': True},
                                         'num_workers': 2,
                                         'pin_memory': True,
                                         'shuffle': False,
                                         'type': <class 'torch.utils.data.dataloader.DataLoader'>},
                         'device': None,
                         'log_interval': 1,
                         'metrics': [{'classes': ['car',
                                                  'truck',
                                                  'trailer',
                                                  'bus',
                                                  'construction_vehicle',
                                                  'bicycle',
                                                  'motorcycle',
                                                  'pedestrian',
                                                  'traffic_cone',
                                                  'barrier'],
                                      'data_root': 'data/nuscenes',
                                      'lidar_key': 'sensor2ego',
                                      'save_prefix': './metric_results/bevfusion_centerpoint_pointpillar_henet_multisensor_multitask_nuscenes_opt',
                                      'trans_lidar_dim': True,
                                      'trans_lidar_rot': False,
                                      'type': 'NuscenesMetric',
                                      'use_lidar': True,
                                      'version': 'v1.0-trainval'},
                                     {'ignore_index': 17,
                                      'seg_class': ['others',
                                                    'barrier',
                                                    'bicycle',
                                                    'bus',
                                                    'car',
                                                    'construction_vehicle',
                                                    'motorcycle',
                                                    'pedestrian',
                                                    'traffic_cone',
                                                    'trailer',
                                                    'truck',
                                                    'driveable_surface',
                                                    'other_flat',
                                                    'sidewalk',
                                                    'terrain',
                                                    'manmade',
                                                    'vegetation'],
                                      'type': 'MeanIOU'}],
                         'model': {'deploy_model': {'bev_decoders': [{'bev_size': [51.2,
                                                                                   51.2,
                                                                                   0.8],
                                                                      'decode_to_lidar': True,
                                                                      'decoder': {'bev_size': [51.2,
                                                                                               51.2,
                                                                                               0.8],
                                                                                  'class_names': ['car',
                                                                                                  'truck',
                                                                                                  'trailer',
                                                                                                  'bus',
                                                                                                  'construction_vehicle',
                                                                                                  'bicycle',
                                                                                                  'motorcycle',
                                                                                                  'pedestrian',
                                                                                                  'traffic_cone',
                                                                                                  'barrier'],
                                                                                  'decode_to_ego': False,
                                                                                  'min_radius': [4,
                                                                                                 12,
                                                                                                 10,
                                                                                                 1,
                                                                                                 0.85,
                                                                                                 0.175],
                                                                                  'nms_threshold': [0.2,
                                                                                                    0.2,
                                                                                                    0.2,
                                                                                                    0.2,
                                                                                                    0.2,
                                                                                                    0.5],
                                                                                  'nms_type': ['rotate',
                                                                                               'rotate',
                                                                                               'rotate',
                                                                                               'circle',
                                                                                               'rotate',
                                                                                               'rotate'],
                                                                                  'norm_bbox': True,
                                                                                  'out_size_factor': 1,
                                                                                  'score_threshold': 0.08,
                                                                                  'tasks': [{'class_names': ['car'],
                                                                                             'name': 'car',
                                                                                             'num_class': 1},
                                                                                            {'class_names': ['truck',
                                                                                                             'construction_vehicle'],
                                                                                             'name': 'truck',
                                                                                             'num_class': 2},
                                                                                            {'class_names': ['bus',
                                                                                                             'trailer'],
                                                                                             'name': 'bus',
                                                                                             'num_class': 2},
                                                                                            {'class_names': ['barrier'],
                                                                                             'name': 'barrier',
                                                                                             'num_class': 1},
                                                                                            {'class_names': ['motorcycle',
                                                                                                             'bicycle'],
                                                                                             'name': 'bicycle',
                                                                                             'num_class': 2},
                                                                                            {'class_names': ['pedestrian',
                                                                                                             'traffic_cone'],
                                                                                             'name': 'pedestrian',
                                                                                             'num_class': 2}],
                                                                                  'type': 'CenterPointDecoder',
                                                                                  'use_max_pool': True},
                                                                      'head': {'common_heads': {'dim': [3,
                                                                                                        2],
                                                                                                'height': [1,
                                                                                                           2],
                                                                                                'reg': [2,
                                                                                                        2],
                                                                                                'rot': [2,
                                                                                                        2],
                                                                                                'vel': [2,
                                                                                                        2]},
                                                                               'final_kernel': 3,
                                                                               'head_conv_channels': 64,
                                                                               'in_channels': 256,
                                                                               'init_bias': -2.19,
                                                                               'share_conv_channels': 64,
                                                                               'share_conv_num': 1,
                                                                               'tasks': [{'class_names': ['car'],
                                                                                          'name': 'car',
                                                                                          'num_class': 1},
                                                                                         {'class_names': ['truck',
                                                                                                          'construction_vehicle'],
                                                                                          'name': 'truck',
                                                                                          'num_class': 2},
                                                                                         {'class_names': ['bus',
                                                                                                          'trailer'],
                                                                                          'name': 'bus',
                                                                                          'num_class': 2},
                                                                                         {'class_names': ['barrier'],
                                                                                          'name': 'barrier',
                                                                                          'num_class': 1},
                                                                                         {'class_names': ['motorcycle',
                                                                                                          'bicycle'],
                                                                                          'name': 'bicycle',
                                                                                          'num_class': 2},
                                                                                         {'class_names': ['pedestrian',
                                                                                                          'traffic_cone'],
                                                                                          'name': 'pedestrian',
                                                                                          'num_class': 2}],
                                                                               'type': 'CenterPointHead'},
                                                                      'loss_cls': {'eps': 0.0001,
                                                                                   'loss_weight': 1.0,
                                                                                   'type': 'ClampedGaussianFocalLoss'},
                                                                      'loss_reg': {'loss_weight': 0.25,
                                                                                   'type': 'L1Loss'},
                                                                      'name': 'bev_det',
                                                                      'point_cloud_range': [-51.2,
                                                                                            -51.2,
                                                                                            -5.0,
                                                                                            51.2,
                                                                                            51.2,
                                                                                            3.0],
                                                                      'target': {'bbox_weight': [1.0,
                                                                                                 1.0,
                                                                                                 1.0,
                                                                                                 1.0,
                                                                                                 1.0,
                                                                                                 1.0,
                                                                                                 1.0,
                                                                                                 1.0,
                                                                                                 0.2,
                                                                                                 0.2],
                                                                                 'class_names': ['car',
                                                                                                 'truck',
                                                                                                 'trailer',
                                                                                                 'bus',
                                                                                                 'construction_vehicle',
                                                                                                 'bicycle',
                                                                                                 'motorcycle',
                                                                                                 'pedestrian',
                                                                                                 'traffic_cone',
                                                                                                 'barrier'],
                                                                                 'gaussian_overlap': 0.1,
                                                                                 'max_num': 500,
                                                                                 'min_radius': 2,
                                                                                 'norm_bbox': True,
                                                                                 'out_size_factor': 1,
                                                                                 'tasks': [{'class_names': ['car'],
                                                                                            'name': 'car',
                                                                                            'num_class': 1},
                                                                                           {'class_names': ['truck',
                                                                                                            'construction_vehicle'],
                                                                                            'name': 'truck',
                                                                                            'num_class': 2},
                                                                                           {'class_names': ['bus',
                                                                                                            'trailer'],
                                                                                            'name': 'bus',
                                                                                            'num_class': 2},
                                                                                           {'class_names': ['barrier'],
                                                                                            'name': 'barrier',
                                                                                            'num_class': 1},
                                                                                           {'class_names': ['motorcycle',
                                                                                                            'bicycle'],
                                                                                            'name': 'bicycle',
                                                                                            'num_class': 2},
                                                                                           {'class_names': ['pedestrian',
                                                                                                            'traffic_cone'],
                                                                                            'name': 'pedestrian',
                                                                                            'num_class': 2}],
                                                                                 'type': 'CenterPointTarget'},
                                                                      'task_weight': 1.0,
                                                                      'type': 'BevFusionCenterPointDetDecoder'},
                                                                     {'camera_input': True,
                                                                      'lidar_input': True,
                                                                      'loss_occ': {'ignore_index': 255,
                                                                                   'loss_weight': 6.0,
                                                                                   'type': 'CrossEntropyLoss',
                                                                                   'use_sigmoid': False},
                                                                      'num_classes': 18,
                                                                      'occ_head': {'Dz': 16,
                                                                                   'in_dim': 256,
                                                                                   'num_classes': 18,
                                                                                   'out_dim': 128,
                                                                                   'type': 'BEVOCCHead2D',
                                                                                   'use_predicter': True,
                                                                                   'use_upsample': True},
                                                                      'roi_resizer': {'in_strides': [1],
                                                                                      'roi_resize_cfgs': [{'in_stride': 1,
                                                                                                           'roi_box': [14,
                                                                                                                       14,
                                                                                                                       114,
                                                                                                                       114]}],
                                                                                      'type': 'RoiResize'},
                                                                      'type': 'BevformerOccDetDecoder',
                                                                      'use_mask': True}],
                                                    'bev_h': 128,
                                                    'bev_w': 128,
                                                    'camera_network': {'backbone': {'act_layer': ['nn.GELU',
                                                                                                  'nn.GELU',
                                                                                                  'nn.GELU',
                                                                                                  'nn.GELU'],
                                                                                    'attention_block_num': [0,
                                                                                                            0,
                                                                                                            0,
                                                                                                            0],
                                                                                    'block_cls': ['GroupDWCB',
                                                                                                  'GroupDWCB',
                                                                                                  'AltDWCB',
                                                                                                  'DWCB'],
                                                                                    'block_nums': [4,
                                                                                                   3,
                                                                                                   8,
                                                                                                   6],
                                                                                    'down_cls': ['S2DDown',
                                                                                                 'S2DDown',
                                                                                                 'S2DDown',
                                                                                                 'None'],
                                                                                    'embed_dims': [64,
                                                                                                   128,
                                                                                                   192,
                                                                                                   384],
                                                                                    'extra_act': [False,
                                                                                                  False,
                                                                                                  False,
                                                                                                  False],
                                                                                    'feature_mix_channel': 1024,
                                                                                    'final_expand_channel': 0,
                                                                                    'in_channels': 3,
                                                                                    'include_top': False,
                                                                                    'layer_scale_init_value': 1e-05,
                                                                                    'mlp_ratio_attn': 2,
                                                                                    'mlp_ratios': [2,
                                                                                                   2,
                                                                                                   2,
                                                                                                   3],
                                                                                    'num_classes': 1000,
                                                                                    'patch_embed': 'origin',
                                                                                    'type': 'HENet',
                                                                                    'use_layer_scale': [True,
                                                                                                        True,
                                                                                                        True,
                                                                                                        True]},
                                                                       'neck': {'bn_kwargs': {'eps': 1e-05,
                                                                                              'momentum': 0.1},
                                                                                'in_channels': [384],
                                                                                'in_strides': [32],
                                                                                'out_channels': [256],
                                                                                'out_strides': [32],
                                                                                'type': 'FPN'},
                                                                       'out_indices': [-1],
                                                                       'type': 'BevFormer',
                                                                       'view_transformer': {'bev_h': 128,
                                                                                            'bev_w': 128,
                                                                                            'embed_dims': 256,
                                                                                            'encoder': {'bev_h': 128,
                                                                                                        'bev_w': 128,
                                                                                                        'embed_dims': 256,
                                                                                                        'encoder_layer': {'crossattention': {'bev_h': 128,
                                                                                                                                             'bev_w': 128,
                                                                                                                                             'deformable_attention': {'embed_dims': 256,
                                                                                                                                                                      'feats_size': [[30,
                                                                                                                                                                                      16]],
                                                                                                                                                                      'grid_align_num': 64,
                                                                                                                                                                      'num_levels': 1,
                                                                                                                                                                      'num_points': 2,
                                                                                                                                                                      'type': 'HorizonMultiScaleDeformableAttention3D'},
                                                                                                                                             'embed_dims': 256,
                                                                                                                                             'max_camoverlap_num': 2,
                                                                                                                                             'type': 'HorizonSpatialCrossAttention'},
                                                                                                                          'dropout': 0.1,
                                                                                                                          'embed_dims': 256,
                                                                                                                          'selfattention': {'batch_first': True,
                                                                                                                                            'embed_dims': 256,
                                                                                                                                            'feats_size': [[128,
                                                                                                                                                            128]],
                                                                                                                                            'grid_align_num': 4,
                                                                                                                                            'num_levels': 1,
                                                                                                                                            'num_points': 2,
                                                                                                                                            'type': 'HorizonMultiScaleDeformableAttention'},
                                                                                                                          'type': 'SingleBEVFormerEncoderLayer'},
                                                                                                        'num_layers': 1,
                                                                                                        'return_intermediate': False,
                                                                                                        'type': 'SingleBEVFormerEncoder'},
                                                                                            'in_indices': [-1],
                                                                                            'max_camoverlap_num': 2,
                                                                                            'num_points_in_pillar': 2,
                                                                                            'pc_range': [-51.2,
                                                                                                         -51.2,
                                                                                                         -5.0,
                                                                                                         51.2,
                                                                                                         51.2,
                                                                                                         3.0],
                                                                                            'positional_encoding': {'col_num_embed': 128,
                                                                                                                    'num_feats': 128,
                                                                                                                    'row_num_embed': 128,
                                                                                                                    'type': 'LearnedPositionalEncoding'},
                                                                                            'queue_length': 1,
                                                                                            'single_bev': True,
                                                                                            'type': 'SingleBevFormerViewTransformer',
                                                                                            'use_lidar2img': True,
                                                                                            'virtual_bev_h': 64,
                                                                                            'virtual_bev_w': 80}},
                                                    'fuse_module': {'fuse_c': 256,
                                                                    'input_c': 640,
                                                                    'type': 'BevFuseModule'},
                                                    'lidar_network': {'backbone': {'num_input_features': 64,
                                                                                   'quantize': True,
                                                                                   'type': 'PointPillarScatter',
                                                                                   'use_horizon_pillar_scatter': True},
                                                                      'feature_map_shape': array([512, 512,   1]),
                                                                      'neck': {'bn_kwargs': None,
                                                                               'down_layer_channels': [64,
                                                                                                       128,
                                                                                                       256],
                                                                               'down_layer_nums': [3,
                                                                                                   5,
                                                                                                   5],
                                                                               'down_layer_strides': [2,
                                                                                                      2,
                                                                                                      2],
                                                                               'in_feature_channel': 64,
                                                                               'quantize': True,
                                                                               'type': 'SECONDNeck',
                                                                               'up_layer_channels': [128,
                                                                                                     128,
                                                                                                     128],
                                                                               'up_layer_strides': [0.5,
                                                                                                    1,
                                                                                                    2],
                                                                               'use_relu6': False},
                                                                      'pre_process': {'fixed_voxels_num': 30000,
                                                                                      'max_points_in_voxel': 20,
                                                                                      'max_voxels_num': [30000,
                                                                                                         40000],
                                                                                      'norm_dims': [0,
                                                                                                    1,
                                                                                                    2,
                                                                                                    3],
                                                                                      'norm_range': [-51.2,
                                                                                                     -51.2,
                                                                                                     -5.0,
                                                                                                     0.0,
                                                                                                     51.2,
                                                                                                     51.2,
                                                                                                     3.0,
                                                                                                     255.0],
                                                                                      'pc_range': [-51.2,
                                                                                                   -51.2,
                                                                                                   -5.0,
                                                                                                   51.2,
                                                                                                   51.2,
                                                                                                   3.0],
                                                                                      'type': 'PaddedCenterPointPreProcess',
                                                                                      'voxel_size': [0.2,
                                                                                                     0.2,
                                                                                                     8]},
                                                                      'reader': {'bn_kwargs': None,
                                                                                 'hw_reverse': True,
                                                                                 'num_filters': [64],
                                                                                 'num_input_features': 5,
                                                                                 'pc_range': [-51.2,
                                                                                              -51.2,
                                                                                              -5.0,
                                                                                              51.2,
                                                                                              51.2,
                                                                                              3.0],
                                                                                 'pool_size': [20,
                                                                                               1],
                                                                                 'quantize': True,
                                                                                 'type': 'PillarFeatureNet',
                                                                                 'use_4dim': True,
                                                                                 'use_conv': True,
                                                                                 'voxel_size': [0.2,
                                                                                                0.2,
                                                                                                8],
                                                                                 'with_distance': False},
                                                                      'type': 'CenterPointDetector'},
                                                    'type': 'BevFusion'},
                                   'ir_model': {'model_path': './tmp_models/bevfusion_centerpoint_pointpillar_henet_multisensor_multitask_nuscenes_opt/quantized.bc',
                                                'type': 'HbirModule'},
                                   'type': 'BevFusionHbirInfer'},
                         'type': 'Predictor'},
 'batch_processor': {'enable_amp': True,
                     'loss_collector': <function loss_collector at 0x7f9b02efae60>,
                     'need_grad_update': True,
                     'type': 'MultiBatchProcessor'},
 'batch_size_per_gpu': 4,
 'bev_decoders': [{'bev_size': [51.2, 51.2, 0.8],
                   'decode_to_lidar': True,
                   'decoder': {'bev_size': [51.2, 51.2, 0.8],
                               'class_names': ['car',
                                               'truck',
                                               'trailer',
                                               'bus',
                                               'construction_vehicle',
                                               'bicycle',
                                               'motorcycle',
                                               'pedestrian',
                                               'traffic_cone',
                                               'barrier'],
                               'decode_to_ego': False,
                               'min_radius': [4, 12, 10, 1, 0.85, 0.175],
                               'nms_threshold': [0.2, 0.2, 0.2, 0.2, 0.2, 0.5],
                               'nms_type': ['rotate',
                                            'rotate',
                                            'rotate',
                                            'circle',
                                            'rotate',
                                            'rotate'],
                               'norm_bbox': True,
                               'out_size_factor': 1,
                               'score_threshold': 0.08,
                               'tasks': [{'class_names': ['car'],
                                          'name': 'car',
                                          'num_class': 1},
                                         {'class_names': ['truck',
                                                          'construction_vehicle'],
                                          'name': 'truck',
                                          'num_class': 2},
                                         {'class_names': ['bus', 'trailer'],
                                          'name': 'bus',
                                          'num_class': 2},
                                         {'class_names': ['barrier'],
                                          'name': 'barrier',
                                          'num_class': 1},
                                         {'class_names': ['motorcycle',
                                                          'bicycle'],
                                          'name': 'bicycle',
                                          'num_class': 2},
                                         {'class_names': ['pedestrian',
                                                          'traffic_cone'],
                                          'name': 'pedestrian',
                                          'num_class': 2}],
                               'type': 'CenterPointDecoder',
                               'use_max_pool': True},
                   'head': {'common_heads': {'dim': [3, 2],
                                             'height': [1, 2],
                                             'reg': [2, 2],
                                             'rot': [2, 2],
                                             'vel': [2, 2]},
                            'final_kernel': 3,
                            'head_conv_channels': 64,
                            'in_channels': 256,
                            'init_bias': -2.19,
                            'share_conv_channels': 64,
                            'share_conv_num': 1,
                            'tasks': [{'class_names': ['car'],
                                       'name': 'car',
                                       'num_class': 1},
                                      {'class_names': ['truck',
                                                       'construction_vehicle'],
                                       'name': 'truck',
                                       'num_class': 2},
                                      {'class_names': ['bus', 'trailer'],
                                       'name': 'bus',
                                       'num_class': 2},
                                      {'class_names': ['barrier'],
                                       'name': 'barrier',
                                       'num_class': 1},
                                      {'class_names': ['motorcycle', 'bicycle'],
                                       'name': 'bicycle',
                                       'num_class': 2},
                                      {'class_names': ['pedestrian',
                                                       'traffic_cone'],
                                       'name': 'pedestrian',
                                       'num_class': 2}],
                            'type': 'CenterPointHead'},
                   'loss_cls': {'eps': 0.0001,
                                'loss_weight': 1.0,
                                'type': 'ClampedGaussianFocalLoss'},
                   'loss_reg': {'loss_weight': 0.25, 'type': 'L1Loss'},
                   'name': 'bev_det',
                   'point_cloud_range': [-51.2, -51.2, -5.0, 51.2, 51.2, 3.0],
                   'target': {'bbox_weight': [1.0,
                                              1.0,
                                              1.0,
                                              1.0,
                                              1.0,
                                              1.0,
                                              1.0,
                                              1.0,
                                              0.2,
                                              0.2],
                              'class_names': ['car',
                                              'truck',
                                              'trailer',
                                              'bus',
                                              'construction_vehicle',
                                              'bicycle',
                                              'motorcycle',
                                              'pedestrian',
                                              'traffic_cone',
                                              'barrier'],
                              'gaussian_overlap': 0.1,
                              'max_num': 500,
                              'min_radius': 2,
                              'norm_bbox': True,
                              'out_size_factor': 1,
                              'tasks': [{'class_names': ['car'],
                                         'name': 'car',
                                         'num_class': 1},
                                        {'class_names': ['truck',
                                                         'construction_vehicle'],
                                         'name': 'truck',
                                         'num_class': 2},
                                        {'class_names': ['bus', 'trailer'],
                                         'name': 'bus',
                                         'num_class': 2},
                                        {'class_names': ['barrier'],
                                         'name': 'barrier',
                                         'num_class': 1},
                                        {'class_names': ['motorcycle',
                                                         'bicycle'],
                                         'name': 'bicycle',
                                         'num_class': 2},
                                        {'class_names': ['pedestrian',
                                                         'traffic_cone'],
                                         'name': 'pedestrian',
                                         'num_class': 2}],
                              'type': 'CenterPointTarget'},
                   'task_weight': 1.0,
                   'type': 'BevFusionCenterPointDetDecoder'},
                  {'camera_input': True,
                   'lidar_input': True,
                   'loss_occ': {'ignore_index': 255,
                                'loss_weight': 6.0,
                                'type': 'CrossEntropyLoss',
                                'use_sigmoid': False},
                   'num_classes': 18,
                   'occ_head': {'Dz': 16,
                                'in_dim': 256,
                                'num_classes': 18,
                                'out_dim': 128,
                                'type': 'BEVOCCHead2D',
                                'use_predicter': True,
                                'use_upsample': True},
                   'roi_resizer': {'in_strides': [1],
                                   'roi_resize_cfgs': [{'in_stride': 1,
                                                        'roi_box': [14,
                                                                    14,
                                                                    114,
                                                                    114]}],
                                   'type': 'RoiResize'},
                   'type': 'BevformerOccDetDecoder',
                   'use_mask': True}],
 'bev_h_': 128,
 'bev_head': {'bev_size': [51.2, 51.2, 0.8],
              'decode_to_lidar': True,
              'decoder': {'bev_size': [51.2, 51.2, 0.8],
                          'class_names': ['car',
                                          'truck',
                                          'trailer',
                                          'bus',
                                          'construction_vehicle',
                                          'bicycle',
                                          'motorcycle',
                                          'pedestrian',
                                          'traffic_cone',
                                          'barrier'],
                          'decode_to_ego': False,
                          'min_radius': [4, 12, 10, 1, 0.85, 0.175],
                          'nms_threshold': [0.2, 0.2, 0.2, 0.2, 0.2, 0.5],
                          'nms_type': ['rotate',
                                       'rotate',
                                       'rotate',
                                       'circle',
                                       'rotate',
                                       'rotate'],
                          'norm_bbox': True,
                          'out_size_factor': 1,
                          'score_threshold': 0.08,
                          'tasks': [{'class_names': ['car'],
                                     'name': 'car',
                                     'num_class': 1},
                                    {'class_names': ['truck',
                                                     'construction_vehicle'],
                                     'name': 'truck',
                                     'num_class': 2},
                                    {'class_names': ['bus', 'trailer'],
                                     'name': 'bus',
                                     'num_class': 2},
                                    {'class_names': ['barrier'],
                                     'name': 'barrier',
                                     'num_class': 1},
                                    {'class_names': ['motorcycle', 'bicycle'],
                                     'name': 'bicycle',
                                     'num_class': 2},
                                    {'class_names': ['pedestrian',
                                                     'traffic_cone'],
                                     'name': 'pedestrian',
                                     'num_class': 2}],
                          'type': 'CenterPointDecoder',
                          'use_max_pool': True},
              'head': {'common_heads': {'dim': [3, 2],
                                        'height': [1, 2],
                                        'reg': [2, 2],
                                        'rot': [2, 2],
                                        'vel': [2, 2]},
                       'final_kernel': 3,
                       'head_conv_channels': 64,
                       'in_channels': 256,
                       'init_bias': -2.19,
                       'share_conv_channels': 64,
                       'share_conv_num': 1,
                       'tasks': [{'class_names': ['car'],
                                  'name': 'car',
                                  'num_class': 1},
                                 {'class_names': ['truck',
                                                  'construction_vehicle'],
                                  'name': 'truck',
                                  'num_class': 2},
                                 {'class_names': ['bus', 'trailer'],
                                  'name': 'bus',
                                  'num_class': 2},
                                 {'class_names': ['barrier'],
                                  'name': 'barrier',
                                  'num_class': 1},
                                 {'class_names': ['motorcycle', 'bicycle'],
                                  'name': 'bicycle',
                                  'num_class': 2},
                                 {'class_names': ['pedestrian', 'traffic_cone'],
                                  'name': 'pedestrian',
                                  'num_class': 2}],
                       'type': 'CenterPointHead'},
              'loss_cls': {'eps': 0.0001,
                           'loss_weight': 1.0,
                           'type': 'ClampedGaussianFocalLoss'},
              'loss_reg': {'loss_weight': 0.25, 'type': 'L1Loss'},
              'name': 'bev_det',
              'point_cloud_range': [-51.2, -51.2, -5.0, 51.2, 51.2, 3.0],
              'target': {'bbox_weight': [1.0,
                                         1.0,
                                         1.0,
                                         1.0,
                                         1.0,
                                         1.0,
                                         1.0,
                                         1.0,
                                         0.2,
                                         0.2],
                         'class_names': ['car',
                                         'truck',
                                         'trailer',
                                         'bus',
                                         'construction_vehicle',
                                         'bicycle',
                                         'motorcycle',
                                         'pedestrian',
                                         'traffic_cone',
                                         'barrier'],
                         'gaussian_overlap': 0.1,
                         'max_num': 500,
                         'min_radius': 2,
                         'norm_bbox': True,
                         'out_size_factor': 1,
                         'tasks': [{'class_names': ['car'],
                                    'name': 'car',
                                    'num_class': 1},
                                   {'class_names': ['truck',
                                                    'construction_vehicle'],
                                    'name': 'truck',
                                    'num_class': 2},
                                   {'class_names': ['bus', 'trailer'],
                                    'name': 'bus',
                                    'num_class': 2},
                                   {'class_names': ['barrier'],
                                    'name': 'barrier',
                                    'num_class': 1},
                                   {'class_names': ['motorcycle', 'bicycle'],
                                    'name': 'bicycle',
                                    'num_class': 2},
                                   {'class_names': ['pedestrian',
                                                    'traffic_cone'],
                                    'name': 'pedestrian',
                                    'num_class': 2}],
                         'type': 'CenterPointTarget'},
              'task_weight': 1.0,
              'type': 'BevFusionCenterPointDetDecoder'},
 'bev_size': [51.2, 51.2, 0.8],
 'bev_size_occ': [40, 40],
 'bev_sparse_rate': 0.4,
 'bev_val_nuscenes_metric': {'classes': ['car',
                                         'truck',
                                         'trailer',
                                         'bus',
                                         'construction_vehicle',
                                         'bicycle',
                                         'motorcycle',
                                         'pedestrian',
                                         'traffic_cone',
                                         'barrier'],
                             'data_root': 'data/nuscenes',
                             'lidar_key': 'sensor2ego',
                             'save_prefix': './metric_results/bevfusion_centerpoint_pointpillar_henet_multisensor_multitask_nuscenes_opt',
                             'trans_lidar_dim': True,
                             'trans_lidar_rot': False,
                             'type': 'NuscenesMetric',
                             'use_lidar': True,
                             'version': 'v1.0-trainval'},
 'bev_w_': 128,
 'bevfusion_centerpoint_bboxes_adapter_opt': <module 'bevfusion_centerpoint_bboxes_adapter_opt' from '/open_explorer/samples/ai_toolchain/horizon_model_train_sample/scripts/tools/bevfusion_centerpoint_bboxes_adapter_opt.py'>,
 'bn_kwargs': {'eps': 2e-05, 'momentum': 0.1},
 'calibration_batch_processor': {'loss_collector': None,
                                 'need_grad_update': False,
                                 'type': 'MultiBatchProcessor'},
 'calibration_data_loader': {'batch_size': 1,
                             'collate_fn': functools.partial(<function collate_bevfusion_centerpoint at 0x7f9b02efa170>, bev_size=(51.2, 51.2, 0.8), point_cloud_range=[-51.2, -51.2, -5.0, 51.2, 51.2, 3.0], max_lidar_points=120000),
                             'dataset': {'bev_range': [-51.2,
                                                       -51.2,
                                                       -5.0,
                                                       51.2,
                                                       51.2,
                                                       3.0],
                                         'data_path': 'data/nuscenes/pack/horizon_bevfusion_nuscenes/val_lmdb/',
                                         'load_dim': 5,
                                         'map_path': None,
                                         'map_size': None,
                                         'need_lidar': True,
                                         'num_seq': 1,
                                         'num_sweeps': 9,
                                         'transforms': [{'size': [512, 960],
                                                         'type': 'MultiViewsImgResize'},
                                                        {'transforms': [{'type': 'PILToTensor'},
                                                                        {'divisor': 32,
                                                                         'type': 'Pad'},
                                                                        {'rgb_input': True,
                                                                         'type': 'BgrToYuv444'},
                                                                        {'mean': 128.0,
                                                                         'std': 128.0,
                                                                         'type': 'Normalize'}],
                                                         'type': 'MultiViewsImgTransformWrapper'}],
                                         'type': 'NuscenesBevSequenceDataset',
                                         'use_dim': [0, 1, 2, 3, 4],
                                         'with_bev_bboxes': False,
                                         'with_bev_mask': False,
                                         'with_ego_bboxes': True,
                                         'with_lidar_bboxes': True,
                                         'with_lidar_occ': True},
                             'num_workers': 4,
                             'pin_memory': True,
                             'shuffle': False,
                             'type': <class 'torch.utils.data.dataloader.DataLoader'>},
 'calibration_example_data_loader': {'batch_size': 1,
                                     'collate_fn': functools.partial(<function collate_bevfusion_centerpoint at 0x7f9b02efa170>, bev_size=(51.2, 51.2, 0.8), point_cloud_range=[-51.2, -51.2, -5.0, 51.2, 51.2, 3.0], max_lidar_points=120000),
                                     'dataset': {'bev_range': [-51.2,
                                                               -51.2,
                                                               -5.0,
                                                               51.2,
                                                               51.2,
                                                               3.0],
                                                 'data_path': 'data/nuscenes/pack/horizon_bevfusion_nuscenes/val_lmdb/',
                                                 'load_dim': 5,
                                                 'map_path': None,
                                                 'map_size': None,
                                                 'need_lidar': True,
                                                 'num_seq': 1,
                                                 'num_sweeps': 9,
                                                 'transforms': [{'size': [512,
                                                                          960],
                                                                 'type': 'MultiViewsImgResize'},
                                                                {'transforms': [{'type': 'PILToTensor'},
                                                                                {'divisor': 32,
                                                                                 'type': 'Pad'},
                                                                                {'rgb_input': True,
                                                                                 'type': 'BgrToYuv444'},
                                                                                {'mean': 128.0,
                                                                                 'std': 128.0,
                                                                                 'type': 'Normalize'}],
                                                                 'type': 'MultiViewsImgTransformWrapper'}],
                                                 'type': 'NuscenesBevSequenceDataset',
                                                 'use_dim': [0, 1, 2, 3, 4],
                                                 'with_bev_bboxes': False,
                                                 'with_bev_mask': False,
                                                 'with_ego_bboxes': True,
                                                 'with_lidar_bboxes': True,
                                                 'with_lidar_occ': True},
                                     'num_workers': 0,
                                     'pin_memory': True,
                                     'shuffle': False,
                                     'type': <class 'torch.utils.data.dataloader.DataLoader'>},
 'calibration_predictor': {'batch_processor': {'loss_collector': None,
                                               'need_grad_update': False,
                                               'type': 'MultiBatchProcessor'},
                           'callbacks': [{'epoch_log_freq': 1,
                                          'log_prefix': 'Validation '
                                                        'bevfusion_centerpoint_pointpillar_henet_multisensor_multitask_nuscenes_opt',
                                          'metric_update_func': <function update_metric at 0x7f9b02efaef0>,
                                          'step_log_freq': 10000,
                                          'type': 'MetricUpdater'}],
                           'data_loader': [{'batch_size': 1,
                                            'collate_fn': functools.partial(<function collate_bevfusion_centerpoint at 0x7f9b02efa170>, bev_size=(51.2, 51.2, 0.8), point_cloud_range=[-51.2, -51.2, -5.0, 51.2, 51.2, 3.0], max_lidar_points=120000),
                                            'dataset': {'bev_range': [-51.2,
                                                                      -51.2,
                                                                      -5.0,
                                                                      51.2,
                                                                      51.2,
                                                                      3.0],
                                                        'data_path': 'data/nuscenes/pack/horizon_bevfusion_nuscenes/val_lmdb/',
                                                        'load_dim': 5,
                                                        'map_path': None,
                                                        'map_size': None,
                                                        'need_lidar': True,
                                                        'num_seq': 1,
                                                        'num_sweeps': 9,
                                                        'transforms': [{'size': [512,
                                                                                 960],
                                                                        'type': 'MultiViewsImgResize'},
                                                                       {'transforms': [{'type': 'PILToTensor'},
                                                                                       {'divisor': 32,
                                                                                        'type': 'Pad'},
                                                                                       {'rgb_input': True,
                                                                                        'type': 'BgrToYuv444'},
                                                                                       {'mean': 128.0,
                                                                                        'std': 128.0,
                                                                                        'type': 'Normalize'}],
                                                                        'type': 'MultiViewsImgTransformWrapper'}],
                                                        'type': 'NuscenesBevSequenceDataset',
                                                        'use_dim': [0,
                                                                    1,
                                                                    2,
                                                                    3,
                                                                    4],
                                                        'with_bev_bboxes': False,
                                                        'with_bev_mask': False,
                                                        'with_ego_bboxes': True,
                                                        'with_lidar_bboxes': True,
                                                        'with_lidar_occ': True},
                                            'num_workers': 4,
                                            'pin_memory': True,
                                            'sampler': {'type': <class 'torch.utils.data.distributed.DistributedSampler'>},
                                            'shuffle': False,
                                            'type': <class 'torch.utils.data.dataloader.DataLoader'>}],
                           'device': None,
                           'log_interval': 100,
                           'metrics': [{'classes': ['car',
                                                    'truck',
                                                    'trailer',
                                                    'bus',
                                                    'construction_vehicle',
                                                    'bicycle',
                                                    'motorcycle',
                                                    'pedestrian',
                                                    'traffic_cone',
                                                    'barrier'],
                                        'data_root': 'data/nuscenes',
                                        'lidar_key': 'sensor2ego',
                                        'save_prefix': './metric_results/bevfusion_centerpoint_pointpillar_henet_multisensor_multitask_nuscenes_opt',
                                        'trans_lidar_dim': True,
                                        'trans_lidar_rot': False,
                                        'type': 'NuscenesMetric',
                                        'use_lidar': True,
                                        'version': 'v1.0-trainval'},
                                       {'ignore_index': 17,
                                        'seg_class': ['others',
                                                      'barrier',
                                                      'bicycle',
                                                      'bus',
                                                      'car',
                                                      'construction_vehicle',
                                                      'motorcycle',
                                                      'pedestrian',
                                                      'traffic_cone',
                                                      'trailer',
                                                      'truck',
                                                      'driveable_surface',
                                                      'other_flat',
                                                      'sidewalk',
                                                      'terrain',
                                                      'manmade',
                                                      'vegetation'],
                                        'type': 'MeanIOU'}],
                           'model': {'bev_decoders': [{'bev_size': [51.2,
                                                                    51.2,
                                                                    0.8],
                                                       'decode_to_lidar': True,
                                                       'decoder': {'bev_size': [51.2,
                                                                                51.2,
                                                                                0.8],
                                                                   'class_names': ['car',
                                                                                   'truck',
                                                                                   'trailer',
                                                                                   'bus',
                                                                                   'construction_vehicle',
                                                                                   'bicycle',
                                                                                   'motorcycle',
                                                                                   'pedestrian',
                                                                                   'traffic_cone',
                                                                                   'barrier'],
                                                                   'decode_to_ego': False,
                                                                   'min_radius': [4,
                                                                                  12,
                                                                                  10,
                                                                                  1,
                                                                                  0.85,
                                                                                  0.175],
                                                                   'nms_threshold': [0.2,
                                                                                     0.2,
                                                                                     0.2,
                                                                                     0.2,
                                                                                     0.2,
                                                                                     0.5],
                                                                   'nms_type': ['rotate',
                                                                                'rotate',
                                                                                'rotate',
                                                                                'circle',
                                                                                'rotate',
                                                                                'rotate'],
                                                                   'norm_bbox': True,
                                                                   'out_size_factor': 1,
                                                                   'score_threshold': 0.08,
                                                                   'tasks': [{'class_names': ['car'],
                                                                              'name': 'car',
                                                                              'num_class': 1},
                                                                             {'class_names': ['truck',
                                                                                              'construction_vehicle'],
                                                                              'name': 'truck',
                                                                              'num_class': 2},
                                                                             {'class_names': ['bus',
                                                                                              'trailer'],
                                                                              'name': 'bus',
                                                                              'num_class': 2},
                                                                             {'class_names': ['barrier'],
                                                                              'name': 'barrier',
                                                                              'num_class': 1},
                                                                             {'class_names': ['motorcycle',
                                                                                              'bicycle'],
                                                                              'name': 'bicycle',
                                                                              'num_class': 2},
                                                                             {'class_names': ['pedestrian',
                                                                                              'traffic_cone'],
                                                                              'name': 'pedestrian',
                                                                              'num_class': 2}],
                                                                   'type': 'CenterPointDecoder',
                                                                   'use_max_pool': True},
                                                       'head': {'common_heads': {'dim': [3,
                                                                                         2],
                                                                                 'height': [1,
                                                                                            2],
                                                                                 'reg': [2,
                                                                                         2],
                                                                                 'rot': [2,
                                                                                         2],
                                                                                 'vel': [2,
                                                                                         2]},
                                                                'final_kernel': 3,
                                                                'head_conv_channels': 64,
                                                                'in_channels': 256,
                                                                'init_bias': -2.19,
                                                                'share_conv_channels': 64,
                                                                'share_conv_num': 1,
                                                                'tasks': [{'class_names': ['car'],
                                                                           'name': 'car',
                                                                           'num_class': 1},
                                                                          {'class_names': ['truck',
                                                                                           'construction_vehicle'],
                                                                           'name': 'truck',
                                                                           'num_class': 2},
                                                                          {'class_names': ['bus',
                                                                                           'trailer'],
                                                                           'name': 'bus',
                                                                           'num_class': 2},
                                                                          {'class_names': ['barrier'],
                                                                           'name': 'barrier',
                                                                           'num_class': 1},
                                                                          {'class_names': ['motorcycle',
                                                                                           'bicycle'],
                                                                           'name': 'bicycle',
                                                                           'num_class': 2},
                                                                          {'class_names': ['pedestrian',
                                                                                           'traffic_cone'],
                                                                           'name': 'pedestrian',
                                                                           'num_class': 2}],
                                                                'type': 'CenterPointHead'},
                                                       'loss_cls': {'eps': 0.0001,
                                                                    'loss_weight': 1.0,
                                                                    'type': 'ClampedGaussianFocalLoss'},
                                                       'loss_reg': {'loss_weight': 0.25,
                                                                    'type': 'L1Loss'},
                                                       'name': 'bev_det',
                                                       'point_cloud_range': [-51.2,
                                                                             -51.2,
                                                                             -5.0,
                                                                             51.2,
                                                                             51.2,
                                                                             3.0],
                                                       'target': {'bbox_weight': [1.0,
                                                                                  1.0,
                                                                                  1.0,
                                                                                  1.0,
                                                                                  1.0,
                                                                                  1.0,
                                                                                  1.0,
                                                                                  1.0,
                                                                                  0.2,
                                                                                  0.2],
                                                                  'class_names': ['car',
                                                                                  'truck',
                                                                                  'trailer',
                                                                                  'bus',
                                                                                  'construction_vehicle',
                                                                                  'bicycle',
                                                                                  'motorcycle',
                                                                                  'pedestrian',
                                                                                  'traffic_cone',
                                                                                  'barrier'],
                                                                  'gaussian_overlap': 0.1,
                                                                  'max_num': 500,
                                                                  'min_radius': 2,
                                                                  'norm_bbox': True,
                                                                  'out_size_factor': 1,
                                                                  'tasks': [{'class_names': ['car'],
                                                                             'name': 'car',
                                                                             'num_class': 1},
                                                                            {'class_names': ['truck',
                                                                                             'construction_vehicle'],
                                                                             'name': 'truck',
                                                                             'num_class': 2},
                                                                            {'class_names': ['bus',
                                                                                             'trailer'],
                                                                             'name': 'bus',
                                                                             'num_class': 2},
                                                                            {'class_names': ['barrier'],
                                                                             'name': 'barrier',
                                                                             'num_class': 1},
                                                                            {'class_names': ['motorcycle',
                                                                                             'bicycle'],
                                                                             'name': 'bicycle',
                                                                             'num_class': 2},
                                                                            {'class_names': ['pedestrian',
                                                                                             'traffic_cone'],
                                                                             'name': 'pedestrian',
                                                                             'num_class': 2}],
                                                                  'type': 'CenterPointTarget'},
                                                       'task_weight': 1.0,
                                                       'type': 'BevFusionCenterPointDetDecoder'},
                                                      {'camera_input': True,
                                                       'lidar_input': True,
                                                       'loss_occ': {'ignore_index': 255,
                                                                    'loss_weight': 6.0,
                                                                    'type': 'CrossEntropyLoss',
                                                                    'use_sigmoid': False},
                                                       'num_classes': 18,
                                                       'occ_head': {'Dz': 16,
                                                                    'in_dim': 256,
                                                                    'num_classes': 18,
                                                                    'out_dim': 128,
                                                                    'type': 'BEVOCCHead2D',
                                                                    'use_predicter': True,
                                                                    'use_upsample': True},
                                                       'roi_resizer': {'in_strides': [1],
                                                                       'roi_resize_cfgs': [{'in_stride': 1,
                                                                                            'roi_box': [14,
                                                                                                        14,
                                                                                                        114,
                                                                                                        114]}],
                                                                       'type': 'RoiResize'},
                                                       'type': 'BevformerOccDetDecoder',
                                                       'use_mask': True}],
                                     'bev_h': 128,
                                     'bev_w': 128,
                                     'camera_network': {'backbone': {'act_layer': ['nn.GELU',
                                                                                   'nn.GELU',
                                                                                   'nn.GELU',
                                                                                   'nn.GELU'],
                                                                     'attention_block_num': [0,
                                                                                             0,
                                                                                             0,
                                                                                             0],
                                                                     'block_cls': ['GroupDWCB',
                                                                                   'GroupDWCB',
                                                                                   'AltDWCB',
                                                                                   'DWCB'],
                                                                     'block_nums': [4,
                                                                                    3,
                                                                                    8,
                                                                                    6],
                                                                     'down_cls': ['S2DDown',
                                                                                  'S2DDown',
                                                                                  'S2DDown',
                                                                                  'None'],
                                                                     'embed_dims': [64,
                                                                                    128,
                                                                                    192,
                                                                                    384],
                                                                     'extra_act': [False,
                                                                                   False,
                                                                                   False,
                                                                                   False],
                                                                     'feature_mix_channel': 1024,
                                                                     'final_expand_channel': 0,
                                                                     'in_channels': 3,
                                                                     'include_top': False,
                                                                     'layer_scale_init_value': 1e-05,
                                                                     'mlp_ratio_attn': 2,
                                                                     'mlp_ratios': [2,
                                                                                    2,
                                                                                    2,
                                                                                    3],
                                                                     'num_classes': 1000,
                                                                     'patch_embed': 'origin',
                                                                     'type': 'HENet',
                                                                     'use_layer_scale': [True,
                                                                                         True,
                                                                                         True,
                                                                                         True]},
                                                        'neck': {'bn_kwargs': {'eps': 1e-05,
                                                                               'momentum': 0.1},
                                                                 'in_channels': [384],
                                                                 'in_strides': [32],
                                                                 'out_channels': [256],
                                                                 'out_strides': [32],
                                                                 'type': 'FPN'},
                                                        'out_indices': [-1],
                                                        'type': 'BevFormer',
                                                        'view_transformer': {'bev_h': 128,
                                                                             'bev_w': 128,
                                                                             'embed_dims': 256,
                                                                             'encoder': {'bev_h': 128,
                                                                                         'bev_w': 128,
                                                                                         'embed_dims': 256,
                                                                                         'encoder_layer': {'crossattention': {'bev_h': 128,
                                                                                                                              'bev_w': 128,
                                                                                                                              'deformable_attention': {'embed_dims': 256,
                                                                                                                                                       'feats_size': [[30,
                                                                                                                                                                       16]],
                                                                                                                                                       'grid_align_num': 64,
                                                                                                                                                       'num_levels': 1,
                                                                                                                                                       'num_points': 2,
                                                                                                                                                       'type': 'HorizonMultiScaleDeformableAttention3D'},
                                                                                                                              'embed_dims': 256,
                                                                                                                              'max_camoverlap_num': 2,
                                                                                                                              'type': 'HorizonSpatialCrossAttention'},
                                                                                                           'dropout': 0.1,
                                                                                                           'embed_dims': 256,
                                                                                                           'selfattention': {'batch_first': True,
                                                                                                                             'embed_dims': 256,
                                                                                                                             'feats_size': [[128,
                                                                                                                                             128]],
                                                                                                                             'grid_align_num': 4,
                                                                                                                             'num_levels': 1,
                                                                                                                             'num_points': 2,
                                                                                                                             'type': 'HorizonMultiScaleDeformableAttention'},
                                                                                                           'type': 'SingleBEVFormerEncoderLayer'},
                                                                                         'num_layers': 1,
                                                                                         'return_intermediate': False,
                                                                                         'type': 'SingleBEVFormerEncoder'},
                                                                             'in_indices': [-1],
                                                                             'max_camoverlap_num': 2,
                                                                             'num_points_in_pillar': 2,
                                                                             'pc_range': [-51.2,
                                                                                          -51.2,
                                                                                          -5.0,
                                                                                          51.2,
                                                                                          51.2,
                                                                                          3.0],
                                                                             'positional_encoding': {'col_num_embed': 128,
                                                                                                     'num_feats': 128,
                                                                                                     'row_num_embed': 128,
                                                                                                     'type': 'LearnedPositionalEncoding'},
                                                                             'queue_length': 1,
                                                                             'single_bev': True,
                                                                             'type': 'SingleBevFormerViewTransformer',
                                                                             'use_lidar2img': True,
                                                                             'virtual_bev_h': 64,
                                                                             'virtual_bev_w': 80}},
                                     'fuse_module': {'fuse_c': 256,
                                                     'input_c': 640,
                                                     'type': 'BevFuseModule'},
                                     'lidar_network': {'backbone': {'num_input_features': 64,
                                                                    'quantize': True,
                                                                    'type': 'PointPillarScatter',
                                                                    'use_horizon_pillar_scatter': True},
                                                       'feature_map_shape': array([512, 512,   1]),
                                                       'neck': {'bn_kwargs': None,
                                                                'down_layer_channels': [64,
                                                                                        128,
                                                                                        256],
                                                                'down_layer_nums': [3,
                                                                                    5,
                                                                                    5],
                                                                'down_layer_strides': [2,
                                                                                       2,
                                                                                       2],
                                                                'in_feature_channel': 64,
                                                                'quantize': True,
                                                                'type': 'SECONDNeck',
                                                                'up_layer_channels': [128,
                                                                                      128,
                                                                                      128],
                                                                'up_layer_strides': [0.5,
                                                                                     1,
                                                                                     2],
                                                                'use_relu6': False},
                                                       'pre_process': {'fixed_voxels_num': 30000,
                                                                       'max_points_in_voxel': 20,
                                                                       'max_voxels_num': [30000,
                                                                                          40000],
                                                                       'norm_dims': [0,
                                                                                     1,
                                                                                     2,
                                                                                     3],
                                                                       'norm_range': [-51.2,
                                                                                      -51.2,
                                                                                      -5.0,
                                                                                      0.0,
                                                                                      51.2,
                                                                                      51.2,
                                                                                      3.0,
                                                                                      255.0],
                                                                       'pc_range': [-51.2,
                                                                                    -51.2,
                                                                                    -5.0,
                                                                                    51.2,
                                                                                    51.2,
                                                                                    3.0],
                                                                       'type': 'PaddedCenterPointPreProcess',
                                                                       'voxel_size': [0.2,
                                                                                      0.2,
                                                                                      8]},
                                                       'reader': {'bn_kwargs': None,
                                                                  'hw_reverse': True,
                                                                  'num_filters': [64],
                                                                  'num_input_features': 5,
                                                                  'pc_range': [-51.2,
                                                                               -51.2,
                                                                               -5.0,
                                                                               51.2,
                                                                               51.2,
                                                                               3.0],
                                                                  'pool_size': [20,
                                                                                1],
                                                                  'quantize': True,
                                                                  'type': 'PillarFeatureNet',
                                                                  'use_4dim': True,
                                                                  'use_conv': True,
                                                                  'voxel_size': [0.2,
                                                                                 0.2,
                                                                                 8],
                                                                  'with_distance': False},
                                                       'type': 'CenterPointDetector'},
                                     'type': 'BevFusion'},
                           'model_convert_pipeline': {'converters': [{'type': 'RepModel2Deploy'},
                                                                     {'convert_mode': 'jit-strip',
                                                                      'example_data_loader': {'batch_size': 1,
                                                                                              'collate_fn': functools.partial(<function collate_bevfusion_centerpoint at 0x7f9b02efa170>, bev_size=(51.2, 51.2, 0.8), point_cloud_range=[-51.2, -51.2, -5.0, 51.2, 51.2, 3.0], max_lidar_points=120000),
                                                                                              'dataset': {'bev_range': [-51.2,
                                                                                                                        -51.2,
                                                                                                                        -5.0,
                                                                                                                        51.2,
                                                                                                                        51.2,
                                                                                                                        3.0],
                                                                                                          'data_path': 'data/nuscenes/pack/horizon_bevfusion_nuscenes/val_lmdb/',
                                                                                                          'load_dim': 5,
                                                                                                          'map_path': None,
                                                                                                          'map_size': None,
                                                                                                          'need_lidar': True,
                                                                                                          'num_seq': 1,
                                                                                                          'num_sweeps': 9,
                                                                                                          'transforms': [{'size': [512,
                                                                                                                                   960],
                                                                                                                          'type': 'MultiViewsImgResize'},
                                                                                                                         {'transforms': [{'type': 'PILToTensor'},
                                                                                                                                         {'divisor': 32,
                                                                                                                                          'type': 'Pad'},
                                                                                                                                         {'rgb_input': True,
                                                                                                                                          'type': 'BgrToYuv444'},
                                                                                                                                         {'mean': 128.0,
                                                                                                                                          'std': 128.0,
                                                                                                                                          'type': 'Normalize'}],
                                                                                                                          'type': 'MultiViewsImgTransformWrapper'}],
                                                                                                          'type': 'NuscenesBevSequenceDataset',
                                                                                                          'use_dim': [0,
                                                                                                                      1,
                                                                                                                      2,
                                                                                                                      3,
                                                                                                                      4],
                                                                                                          'with_bev_bboxes': False,
                                                                                                          'with_bev_mask': False,
                                                                                                          'with_ego_bboxes': True,
                                                                                                          'with_lidar_bboxes': True,
                                                                                                          'with_lidar_occ': True},
                                                                                              'num_workers': 0,
                                                                                              'pin_memory': True,
                                                                                              'shuffle': False,
                                                                                              'type': <class 'torch.utils.data.dataloader.DataLoader'>},
                                                                      'type': 'Float2QAT'},
                                                                     {'allow_miss': True,
                                                                      'checkpoint_path': './tmp_models/bevfusion_centerpoint_pointpillar_henet_multisensor_multitask_nuscenes_opt/calibration-checkpoint-last.pth.tar',
                                                                      'ignore_extra': True,
                                                                      'type': 'LoadCheckpoint',
                                                                      'verbose': True}],
                                                      'qat_mode': 'fuse_bn',
                                                      'type': 'ModelConvertPipeline'},
                           'type': 'Predictor'},
 'calibration_trainer': {'batch_processor': {'loss_collector': None,
                                             'need_grad_update': False,
                                             'type': 'MultiBatchProcessor'},
                         'callbacks': [{'log_freq': 200,
                                        'type': 'StatsMonitor'},
                                       {'batch_processor': {'loss_collector': None,
                                                            'need_grad_update': False,
                                                            'type': 'MultiBatchProcessor'},
                                        'callbacks': [{'epoch_log_freq': 1,
                                                       'log_prefix': 'Validation '
                                                                     'bevfusion_centerpoint_pointpillar_henet_multisensor_multitask_nuscenes_opt',
                                                       'metric_update_func': <function update_metric at 0x7f9b02efaef0>,
                                                       'step_log_freq': 10000,
                                                       'type': 'MetricUpdater'}],
                                        'data_loader': {'batch_size': 1,
                                                        'collate_fn': functools.partial(<function collate_bevfusion_centerpoint at 0x7f9b02efa170>, bev_size=(51.2, 51.2, 0.8), point_cloud_range=[-51.2, -51.2, -5.0, 51.2, 51.2, 3.0], max_lidar_points=120000),
                                                        'dataset': {'bev_range': [-51.2,
                                                                                  -51.2,
                                                                                  -5.0,
                                                                                  51.2,
                                                                                  51.2,
                                                                                  3.0],
                                                                    'data_path': 'data/nuscenes/pack/horizon_bevfusion_nuscenes/val_lmdb/',
                                                                    'load_dim': 5,
                                                                    'map_path': None,
                                                                    'map_size': None,
                                                                    'need_lidar': True,
                                                                    'num_seq': 1,
                                                                    'num_sweeps': 9,
                                                                    'transforms': [{'size': [512,
                                                                                             960],
                                                                                    'type': 'MultiViewsImgResize'},
                                                                                   {'transforms': [{'type': 'PILToTensor'},
                                                                                                   {'divisor': 32,
                                                                                                    'type': 'Pad'},
                                                                                                   {'rgb_input': True,
                                                                                                    'type': 'BgrToYuv444'},
                                                                                                   {'mean': 128.0,
                                                                                                    'std': 128.0,
                                                                                                    'type': 'Normalize'}],
                                                                                    'type': 'MultiViewsImgTransformWrapper'}],
                                                                    'type': 'NuscenesBevSequenceDataset',
                                                                    'use_dim': [0,
                                                                                1,
                                                                                2,
                                                                                3,
                                                                                4],
                                                                    'with_bev_bboxes': False,
                                                                    'with_bev_mask': False,
                                                                    'with_ego_bboxes': True,
                                                                    'with_lidar_bboxes': True,
                                                                    'with_lidar_occ': True},
                                                        'num_workers': 4,
                                                        'pin_memory': True,
                                                        'sampler': {'type': <class 'torch.utils.data.distributed.DistributedSampler'>},
                                                        'shuffle': False,
                                                        'type': <class 'torch.utils.data.dataloader.DataLoader'>},
                                        'log_interval': 200,
                                        'type': 'Validation',
                                        'val_interval': 1,
                                        'val_model': None,
                                        'val_on_train_end': False},
                                       {'mode': None,
                                        'name_prefix': 'float-',
                                        'save_dir': './tmp_models/bevfusion_centerpoint_pointpillar_henet_multisensor_multitask_nuscenes_opt',
                                        'save_interval': 1,
                                        'strict_match': True,
                                        'type': 'Checkpoint'}],
                         'data_loader': {'batch_size': 1,
                                         'collate_fn': functools.partial(<function collate_bevfusion_centerpoint at 0x7f9b02efa170>, bev_size=(51.2, 51.2, 0.8), point_cloud_range=[-51.2, -51.2, -5.0, 51.2, 51.2, 3.0], max_lidar_points=120000),
                                         'dataset': {'bev_range': [-51.2,
                                                                   -51.2,
                                                                   -5.0,
                                                                   51.2,
                                                                   51.2,
                                                                   3.0],
                                                     'data_path': 'data/nuscenes/pack/horizon_bevfusion_nuscenes/val_lmdb/',
                                                     'load_dim': 5,
                                                     'map_path': None,
                                                     'map_size': None,
                                                     'need_lidar': True,
                                                     'num_seq': 1,
                                                     'num_sweeps': 9,
                                                     'transforms': [{'size': [512,
                                                                              960],
                                                                     'type': 'MultiViewsImgResize'},
                                                                    {'transforms': [{'type': 'PILToTensor'},
                                                                                    {'divisor': 32,
                                                                                     'type': 'Pad'},
                                                                                    {'rgb_input': True,
                                                                                     'type': 'BgrToYuv444'},
                                                                                    {'mean': 128.0,
                                                                                     'std': 128.0,
                                                                                     'type': 'Normalize'}],
                                                                     'type': 'MultiViewsImgTransformWrapper'}],
                                                     'type': 'NuscenesBevSequenceDataset',
                                                     'use_dim': [0, 1, 2, 3, 4],
                                                     'with_bev_bboxes': False,
                                                     'with_bev_mask': False,
                                                     'with_ego_bboxes': True,
                                                     'with_lidar_bboxes': True,
                                                     'with_lidar_occ': True},
                                         'num_workers': 4,
                                         'pin_memory': True,
                                         'shuffle': False,
                                         'type': <class 'torch.utils.data.dataloader.DataLoader'>},
                         'device': None,
                         'log_interval': 20,
                         'model': {'bev_decoders': [{'bev_size': [51.2,
                                                                  51.2,
                                                                  0.8],
                                                     'decode_to_lidar': True,
                                                     'decoder': {'bev_size': [51.2,
                                                                              51.2,
                                                                              0.8],
                                                                 'class_names': ['car',
                                                                                 'truck',
                                                                                 'trailer',
                                                                                 'bus',
                                                                                 'construction_vehicle',
                                                                                 'bicycle',
                                                                                 'motorcycle',
                                                                                 'pedestrian',
                                                                                 'traffic_cone',
                                                                                 'barrier'],
                                                                 'decode_to_ego': False,
                                                                 'min_radius': [4,
                                                                                12,
                                                                                10,
                                                                                1,
                                                                                0.85,
                                                                                0.175],
                                                                 'nms_threshold': [0.2,
                                                                                   0.2,
                                                                                   0.2,
                                                                                   0.2,
                                                                                   0.2,
                                                                                   0.5],
                                                                 'nms_type': ['rotate',
                                                                              'rotate',
                                                                              'rotate',
                                                                              'circle',
                                                                              'rotate',
                                                                              'rotate'],
                                                                 'norm_bbox': True,
                                                                 'out_size_factor': 1,
                                                                 'score_threshold': 0.08,
                                                                 'tasks': [{'class_names': ['car'],
                                                                            'name': 'car',
                                                                            'num_class': 1},
                                                                           {'class_names': ['truck',
                                                                                            'construction_vehicle'],
                                                                            'name': 'truck',
                                                                            'num_class': 2},
                                                                           {'class_names': ['bus',
                                                                                            'trailer'],
                                                                            'name': 'bus',
                                                                            'num_class': 2},
                                                                           {'class_names': ['barrier'],
                                                                            'name': 'barrier',
                                                                            'num_class': 1},
                                                                           {'class_names': ['motorcycle',
                                                                                            'bicycle'],
                                                                            'name': 'bicycle',
                                                                            'num_class': 2},
                                                                           {'class_names': ['pedestrian',
                                                                                            'traffic_cone'],
                                                                            'name': 'pedestrian',
                                                                            'num_class': 2}],
                                                                 'type': 'CenterPointDecoder',
                                                                 'use_max_pool': True},
                                                     'head': {'common_heads': {'dim': [3,
                                                                                       2],
                                                                               'height': [1,
                                                                                          2],
                                                                               'reg': [2,
                                                                                       2],
                                                                               'rot': [2,
                                                                                       2],
                                                                               'vel': [2,
                                                                                       2]},
                                                              'final_kernel': 3,
                                                              'head_conv_channels': 64,
                                                              'in_channels': 256,
                                                              'init_bias': -2.19,
                                                              'share_conv_channels': 64,
                                                              'share_conv_num': 1,
                                                              'tasks': [{'class_names': ['car'],
                                                                         'name': 'car',
                                                                         'num_class': 1},
                                                                        {'class_names': ['truck',
                                                                                         'construction_vehicle'],
                                                                         'name': 'truck',
                                                                         'num_class': 2},
                                                                        {'class_names': ['bus',
                                                                                         'trailer'],
                                                                         'name': 'bus',
                                                                         'num_class': 2},
                                                                        {'class_names': ['barrier'],
                                                                         'name': 'barrier',
                                                                         'num_class': 1},
                                                                        {'class_names': ['motorcycle',
                                                                                         'bicycle'],
                                                                         'name': 'bicycle',
                                                                         'num_class': 2},
                                                                        {'class_names': ['pedestrian',
                                                                                         'traffic_cone'],
                                                                         'name': 'pedestrian',
                                                                         'num_class': 2}],
                                                              'type': 'CenterPointHead'},
                                                     'loss_cls': {'eps': 0.0001,
                                                                  'loss_weight': 1.0,
                                                                  'type': 'ClampedGaussianFocalLoss'},
                                                     'loss_reg': {'loss_weight': 0.25,
                                                                  'type': 'L1Loss'},
                                                     'name': 'bev_det',
                                                     'point_cloud_range': [-51.2,
                                                                           -51.2,
                                                                           -5.0,
                                                                           51.2,
                                                                           51.2,
                                                                           3.0],
                                                     'target': {'bbox_weight': [1.0,
                                                                                1.0,
                                                                                1.0,
                                                                                1.0,
                                                                                1.0,
                                                                                1.0,
                                                                                1.0,
                                                                                1.0,
                                                                                0.2,
                                                                                0.2],
                                                                'class_names': ['car',
                                                                                'truck',
                                                                                'trailer',
                                                                                'bus',
                                                                                'construction_vehicle',
                                                                                'bicycle',
                                                                                'motorcycle',
                                                                                'pedestrian',
                                                                                'traffic_cone',
                                                                                'barrier'],
                                                                'gaussian_overlap': 0.1,
                                                                'max_num': 500,
                                                                'min_radius': 2,
                                                                'norm_bbox': True,
                                                                'out_size_factor': 1,
                                                                'tasks': [{'class_names': ['car'],
                                                                           'name': 'car',
                                                                           'num_class': 1},
                                                                          {'class_names': ['truck',
                                                                                           'construction_vehicle'],
                                                                           'name': 'truck',
                                                                           'num_class': 2},
                                                                          {'class_names': ['bus',
                                                                                           'trailer'],
                                                                           'name': 'bus',
                                                                           'num_class': 2},
                                                                          {'class_names': ['barrier'],
                                                                           'name': 'barrier',
                                                                           'num_class': 1},
                                                                          {'class_names': ['motorcycle',
                                                                                           'bicycle'],
                                                                           'name': 'bicycle',
                                                                           'num_class': 2},
                                                                          {'class_names': ['pedestrian',
                                                                                           'traffic_cone'],
                                                                           'name': 'pedestrian',
                                                                           'num_class': 2}],
                                                                'type': 'CenterPointTarget'},
                                                     'task_weight': 1.0,
                                                     'type': 'BevFusionCenterPointDetDecoder'},
                                                    {'camera_input': True,
                                                     'lidar_input': True,
                                                     'loss_occ': {'ignore_index': 255,
                                                                  'loss_weight': 6.0,
                                                                  'type': 'CrossEntropyLoss',
                                                                  'use_sigmoid': False},
                                                     'num_classes': 18,
                                                     'occ_head': {'Dz': 16,
                                                                  'in_dim': 256,
                                                                  'num_classes': 18,
                                                                  'out_dim': 128,
                                                                  'type': 'BEVOCCHead2D',
                                                                  'use_predicter': True,
                                                                  'use_upsample': True},
                                                     'roi_resizer': {'in_strides': [1],
                                                                     'roi_resize_cfgs': [{'in_stride': 1,
                                                                                          'roi_box': [14,
                                                                                                      14,
                                                                                                      114,
                                                                                                      114]}],
                                                                     'type': 'RoiResize'},
                                                     'type': 'BevformerOccDetDecoder',
                                                     'use_mask': True}],
                                   'bev_h': 128,
                                   'bev_w': 128,
                                   'camera_network': {'backbone': {'act_layer': ['nn.GELU',
                                                                                 'nn.GELU',
                                                                                 'nn.GELU',
                                                                                 'nn.GELU'],
                                                                   'attention_block_num': [0,
                                                                                           0,
                                                                                           0,
                                                                                           0],
                                                                   'block_cls': ['GroupDWCB',
                                                                                 'GroupDWCB',
                                                                                 'AltDWCB',
                                                                                 'DWCB'],
                                                                   'block_nums': [4,
                                                                                  3,
                                                                                  8,
                                                                                  6],
                                                                   'down_cls': ['S2DDown',
                                                                                'S2DDown',
                                                                                'S2DDown',
                                                                                'None'],
                                                                   'embed_dims': [64,
                                                                                  128,
                                                                                  192,
                                                                                  384],
                                                                   'extra_act': [False,
                                                                                 False,
                                                                                 False,
                                                                                 False],
                                                                   'feature_mix_channel': 1024,
                                                                   'final_expand_channel': 0,
                                                                   'in_channels': 3,
                                                                   'include_top': False,
                                                                   'layer_scale_init_value': 1e-05,
                                                                   'mlp_ratio_attn': 2,
                                                                   'mlp_ratios': [2,
                                                                                  2,
                                                                                  2,
                                                                                  3],
                                                                   'num_classes': 1000,
                                                                   'patch_embed': 'origin',
                                                                   'type': 'HENet',
                                                                   'use_layer_scale': [True,
                                                                                       True,
                                                                                       True,
                                                                                       True]},
                                                      'neck': {'bn_kwargs': {'eps': 1e-05,
                                                                             'momentum': 0.1},
                                                               'in_channels': [384],
                                                               'in_strides': [32],
                                                               'out_channels': [256],
                                                               'out_strides': [32],
                                                               'type': 'FPN'},
                                                      'out_indices': [-1],
                                                      'type': 'BevFormer',
                                                      'view_transformer': {'bev_h': 128,
                                                                           'bev_w': 128,
                                                                           'embed_dims': 256,
                                                                           'encoder': {'bev_h': 128,
                                                                                       'bev_w': 128,
                                                                                       'embed_dims': 256,
                                                                                       'encoder_layer': {'crossattention': {'bev_h': 128,
                                                                                                                            'bev_w': 128,
                                                                                                                            'deformable_attention': {'embed_dims': 256,
                                                                                                                                                     'feats_size': [[30,
                                                                                                                                                                     16]],
                                                                                                                                                     'grid_align_num': 64,
                                                                                                                                                     'num_levels': 1,
                                                                                                                                                     'num_points': 2,
                                                                                                                                                     'type': 'HorizonMultiScaleDeformableAttention3D'},
                                                                                                                            'embed_dims': 256,
                                                                                                                            'max_camoverlap_num': 2,
                                                                                                                            'type': 'HorizonSpatialCrossAttention'},
                                                                                                         'dropout': 0.1,
                                                                                                         'embed_dims': 256,
                                                                                                         'selfattention': {'batch_first': True,
                                                                                                                           'embed_dims': 256,
                                                                                                                           'feats_size': [[128,
                                                                                                                                           128]],
                                                                                                                           'grid_align_num': 4,
                                                                                                                           'num_levels': 1,
                                                                                                                           'num_points': 2,
                                                                                                                           'type': 'HorizonMultiScaleDeformableAttention'},
                                                                                                         'type': 'SingleBEVFormerEncoderLayer'},
                                                                                       'num_layers': 1,
                                                                                       'return_intermediate': False,
                                                                                       'type': 'SingleBEVFormerEncoder'},
                                                                           'in_indices': [-1],
                                                                           'max_camoverlap_num': 2,
                                                                           'num_points_in_pillar': 2,
                                                                           'pc_range': [-51.2,
                                                                                        -51.2,
                                                                                        -5.0,
                                                                                        51.2,
                                                                                        51.2,
                                                                                        3.0],
                                                                           'positional_encoding': {'col_num_embed': 128,
                                                                                                   'num_feats': 128,
                                                                                                   'row_num_embed': 128,
                                                                                                   'type': 'LearnedPositionalEncoding'},
                                                                           'queue_length': 1,
                                                                           'single_bev': True,
                                                                           'type': 'SingleBevFormerViewTransformer',
                                                                           'use_lidar2img': True,
                                                                           'virtual_bev_h': 64,
                                                                           'virtual_bev_w': 80}},
                                   'fuse_module': {'fuse_c': 256,
                                                   'input_c': 640,
                                                   'type': 'BevFuseModule'},
                                   'lidar_network': {'backbone': {'num_input_features': 64,
                                                                  'quantize': True,
                                                                  'type': 'PointPillarScatter',
                                                                  'use_horizon_pillar_scatter': True},
                                                     'feature_map_shape': array([512, 512,   1]),
                                                     'neck': {'bn_kwargs': None,
                                                              'down_layer_channels': [64,
                                                                                      128,
                                                                                      256],
                                                              'down_layer_nums': [3,
                                                                                  5,
                                                                                  5],
                                                              'down_layer_strides': [2,
                                                                                     2,
                                                                                     2],
                                                              'in_feature_channel': 64,
                                                              'quantize': True,
                                                              'type': 'SECONDNeck',
                                                              'up_layer_channels': [128,
                                                                                    128,
                                                                                    128],
                                                              'up_layer_strides': [0.5,
                                                                                   1,
                                                                                   2],
                                                              'use_relu6': False},
                                                     'pre_process': {'fixed_voxels_num': 30000,
                                                                     'max_points_in_voxel': 20,
                                                                     'max_voxels_num': [30000,
                                                                                        40000],
                                                                     'norm_dims': [0,
                                                                                   1,
                                                                                   2,
                                                                                   3],
                                                                     'norm_range': [-51.2,
                                                                                    -51.2,
                                                                                    -5.0,
                                                                                    0.0,
                                                                                    51.2,
                                                                                    51.2,
                                                                                    3.0,
                                                                                    255.0],
                                                                     'pc_range': [-51.2,
                                                                                  -51.2,
                                                                                  -5.0,
                                                                                  51.2,
                                                                                  51.2,
                                                                                  3.0],
                                                                     'type': 'PaddedCenterPointPreProcess',
                                                                     'voxel_size': [0.2,
                                                                                    0.2,
                                                                                    8]},
                                                     'reader': {'bn_kwargs': None,
                                                                'hw_reverse': True,
                                                                'num_filters': [64],
                                                                'num_input_features': 5,
                                                                'pc_range': [-51.2,
                                                                             -51.2,
                                                                             -5.0,
                                                                             51.2,
                                                                             51.2,
                                                                             3.0],
                                                                'pool_size': [20,
                                                                              1],
                                                                'quantize': True,
                                                                'type': 'PillarFeatureNet',
                                                                'use_4dim': True,
                                                                'use_conv': True,
                                                                'voxel_size': [0.2,
                                                                               0.2,
                                                                               8],
                                                                'with_distance': False},
                                                     'type': 'CenterPointDetector'},
                                   'type': 'BevFusion'},
                         'model_convert_pipeline': {'converters': [{'allow_miss': True,
                                                                    'checkpoint_path': './tmp_models/bevfusion_centerpoint_pointpillar_henet_multisensor_multitask_nuscenes_opt/float-checkpoint-last.pth.tar',
                                                                    'ignore_extra': True,
                                                                    'type': 'LoadCheckpoint',
                                                                    'verbose': True},
                                                                   {'type': 'RepModel2Deploy'},
                                                                   {'convert_mode': 'jit-strip',
                                                                    'example_data_loader': {'batch_size': 1,
                                                                                            'collate_fn': functools.partial(<function collate_bevfusion_centerpoint at 0x7f9b02efa170>, bev_size=(51.2, 51.2, 0.8), point_cloud_range=[-51.2, -51.2, -5.0, 51.2, 51.2, 3.0], max_lidar_points=120000),
                                                                                            'dataset': {'bev_range': [-51.2,
                                                                                                                      -51.2,
                                                                                                                      -5.0,
                                                                                                                      51.2,
                                                                                                                      51.2,
                                                                                                                      3.0],
                                                                                                        'data_path': 'data/nuscenes/pack/horizon_bevfusion_nuscenes/val_lmdb/',
                                                                                                        'load_dim': 5,
                                                                                                        'map_path': None,
                                                                                                        'map_size': None,
                                                                                                        'need_lidar': True,
                                                                                                        'num_seq': 1,
                                                                                                        'num_sweeps': 9,
                                                                                                        'transforms': [{'size': [512,
                                                                                                                                 960],
                                                                                                                        'type': 'MultiViewsImgResize'},
                                                                                                                       {'transforms': [{'type': 'PILToTensor'},
                                                                                                                                       {'divisor': 32,
                                                                                                                                        'type': 'Pad'},
                                                                                                                                       {'rgb_input': True,
                                                                                                                                        'type': 'BgrToYuv444'},
                                                                                                                                       {'mean': 128.0,
                                                                                                                                        'std': 128.0,
                                                                                                                                        'type': 'Normalize'}],
                                                                                                                        'type': 'MultiViewsImgTransformWrapper'}],
                                                                                                        'type': 'NuscenesBevSequenceDataset',
                                                                                                        'use_dim': [0,
                                                                                                                    1,
                                                                                                                    2,
                                                                                                                    3,
                                                                                                                    4],
                                                                                                        'with_bev_bboxes': False,
                                                                                                        'with_bev_mask': False,
                                                                                                        'with_ego_bboxes': True,
                                                                                                        'with_lidar_bboxes': True,
                                                                                                        'with_lidar_occ': True},
                                                                                            'num_workers': 0,
                                                                                            'pin_memory': True,
                                                                                            'shuffle': False,
                                                                                            'type': <class 'torch.utils.data.dataloader.DataLoader'>},
                                                                    'type': 'Float2Calibration'},
                                                                   {'type': 'FixWeightQScale'}],
                                                    'qat_mode': 'fuse_bn',
                                                    'type': 'ModelConvertPipeline'},
                         'num_steps': 100,
                         'type': 'Calibrator',
                         'val_metrics': [{'classes': ['car',
                                                      'truck',
                                                      'trailer',
                                                      'bus',
                                                      'construction_vehicle',
                                                      'bicycle',
                                                      'motorcycle',
                                                      'pedestrian',
                                                      'traffic_cone',
                                                      'barrier'],
                                          'data_root': 'data/nuscenes',
                                          'lidar_key': 'sensor2ego',
                                          'save_prefix': './metric_results/bevfusion_centerpoint_pointpillar_henet_multisensor_multitask_nuscenes_opt',
                                          'trans_lidar_dim': True,
                                          'trans_lidar_rot': False,
                                          'type': 'NuscenesMetric',
                                          'use_lidar': True,
                                          'version': 'v1.0-trainval'},
                                         {'ignore_index': 17,
                                          'seg_class': ['others',
                                                        'barrier',
                                                        'bicycle',
                                                        'bus',
                                                        'car',
                                                        'construction_vehicle',
                                                        'motorcycle',
                                                        'pedestrian',
                                                        'traffic_cone',
                                                        'trailer',
                                                        'truck',
                                                        'driveable_surface',
                                                        'other_flat',
                                                        'sidewalk',
                                                        'terrain',
                                                        'manmade',
                                                        'vegetation'],
                                          'type': 'MeanIOU'}]},
 'calops_cfg': {'method': 'hook'},
 'camera_ckpt_dir': './tmp_models/bevformer_henet_camera_multitask_nuscenes',
 'camera_input': True,
 'camera_network': {'backbone': {'act_layer': ['nn.GELU',
                                               'nn.GELU',
                                               'nn.GELU',
                                               'nn.GELU'],
                                 'attention_block_num': [0, 0, 0, 0],
                                 'block_cls': ['GroupDWCB',
                                               'GroupDWCB',
                                               'AltDWCB',
                                               'DWCB'],
                                 'block_nums': [4, 3, 8, 6],
                                 'down_cls': ['S2DDown',
                                              'S2DDown',
                                              'S2DDown',
                                              'None'],
                                 'embed_dims': [64, 128, 192, 384],
                                 'extra_act': [False, False, False, False],
                                 'feature_mix_channel': 1024,
                                 'final_expand_channel': 0,
                                 'in_channels': 3,
                                 'include_top': False,
                                 'layer_scale_init_value': 1e-05,
                                 'mlp_ratio_attn': 2,
                                 'mlp_ratios': [2, 2, 2, 3],
                                 'num_classes': 1000,
                                 'patch_embed': 'origin',
                                 'type': 'HENet',
                                 'use_layer_scale': [True, True, True, True]},
                    'neck': {'bn_kwargs': {'eps': 1e-05, 'momentum': 0.1},
                             'in_channels': [384],
                             'in_strides': [32],
                             'out_channels': [256],
                             'out_strides': [32],
                             'type': 'FPN'},
                    'out_indices': [-1],
                    'type': 'BevFormer',
                    'view_transformer': {'bev_h': 128,
                                         'bev_w': 128,
                                         'embed_dims': 256,
                                         'encoder': {'bev_h': 128,
                                                     'bev_w': 128,
                                                     'embed_dims': 256,
                                                     'encoder_layer': {'crossattention': {'bev_h': 128,
                                                                                          'bev_w': 128,
                                                                                          'deformable_attention': {'embed_dims': 256,
                                                                                                                   'feats_size': [[30,
                                                                                                                                   16]],
                                                                                                                   'grid_align_num': 64,
                                                                                                                   'num_levels': 1,
                                                                                                                   'num_points': 2,
                                                                                                                   'type': 'HorizonMultiScaleDeformableAttention3D'},
                                                                                          'embed_dims': 256,
                                                                                          'max_camoverlap_num': 2,
                                                                                          'type': 'HorizonSpatialCrossAttention'},
                                                                       'dropout': 0.1,
                                                                       'embed_dims': 256,
                                                                       'selfattention': {'batch_first': True,
                                                                                         'embed_dims': 256,
                                                                                         'feats_size': [[128,
                                                                                                         128]],
                                                                                         'grid_align_num': 4,
                                                                                         'num_levels': 1,
                                                                                         'num_points': 2,
                                                                                         'type': 'HorizonMultiScaleDeformableAttention'},
                                                                       'type': 'SingleBEVFormerEncoderLayer'},
                                                     'num_layers': 1,
                                                     'return_intermediate': False,
                                                     'type': 'SingleBEVFormerEncoder'},
                                         'in_indices': [-1],
                                         'max_camoverlap_num': 2,
                                         'num_points_in_pillar': 2,
                                         'pc_range': [-51.2,
                                                      -51.2,
                                                      -5.0,
                                                      51.2,
                                                      51.2,
                                                      3.0],
                                         'positional_encoding': {'col_num_embed': 128,
                                                                 'num_feats': 128,
                                                                 'row_num_embed': 128,
                                                                 'type': 'LearnedPositionalEncoding'},
                                         'queue_length': 1,
                                         'single_bev': True,
                                         'type': 'SingleBevFormerViewTransformer',
                                         'use_lidar2img': True,
                                         'virtual_bev_h': 64,
                                         'virtual_bev_w': 80}},
 'camera_task_name': 'bevformer_henet_camera_multitask_nuscenes',
 'ckpt_callback': {'mode': None,
                   'name_prefix': 'float-',
                   'save_dir': './tmp_models/bevfusion_centerpoint_pointpillar_henet_multisensor_multitask_nuscenes_opt',
                   'save_interval': 1,
                   'strict_match': True,
                   'type': 'Checkpoint'},
 'ckpt_dir': './tmp_models/bevfusion_centerpoint_pointpillar_henet_multisensor_multitask_nuscenes_opt',
 'class_names': ['car',
                 'truck',
                 'trailer',
                 'bus',
                 'construction_vehicle',
                 'bicycle',
                 'motorcycle',
                 'pedestrian',
                 'traffic_cone',
                 'barrier'],
 'collate_bevfusion_centerpoint': <function collate_bevfusion_centerpoint at 0x7f9b02efa170>,
 'collate_nuscenes_sequencev2': <function collate_nuscenes_sequencev2 at 0x7f9b18163c70>,
 'compile_cfg': {'hbm': './tmp_models/bevfusion_centerpoint_pointpillar_henet_multisensor_multitask_nuscenes_opt/compile/model.hbm',
                 'input_source': ['ddr'],
                 'layer_details': True,
                 'march': 'nash-m',
                 'name': 'bevfusion_centerpoint_pointpillar_henet_multisensor_multitask_nuscenes_opt',
                 'opt': 'O2'},
 'compile_dir': './tmp_models/bevfusion_centerpoint_pointpillar_henet_multisensor_multitask_nuscenes_opt/compile',
 'convert_mode': 'fx',
 'copy': <module 'copy' from '/usr/lib/python3.10/copy.py'>,
 'cudnn_benchmark': True,
 'cv2': <module 'cv2' from '/usr/local/lib/python3.10/dist-packages/cv2/__init__.py'>,
 'data_loader': {'batch_size': 6,
                 'collate_fn': functools.partial(<function collate_bevfusion_centerpoint at 0x7f9b02efa170>, bev_size=(51.2, 51.2, 0.8), point_cloud_range=[-51.2, -51.2, -5.0, 51.2, 51.2, 3.0], max_lidar_points=120000),
                 'dataset': {'bev_range': [-51.2, -51.2, -5.0, 51.2, 51.2, 3.0],
                             'data_path': 'data/nuscenes/pack/horizon_bevfusion_nuscenes/train_lmdb/',
                             'load_dim': 5,
                             'map_path': None,
                             'map_size': None,
                             'need_lidar': True,
                             'num_seq': 1,
                             'num_sweeps': 9,
                             'transforms': [{'size': [512, 960],
                                             'type': 'MultiViewsImgResize'},
                                            {'type': 'MultiViewsImgFlip'},
                                            {'rot': [-5.4, 5.4],
                                             'type': 'MultiViewsImgRotate'},
                                            {'rotation_3d_range': [-0.3925,
                                                                   0.3925],
                                             'type': 'BevBBoxRotation'},
                                            {'type': 'MultiViewsPhotoMetricDistortion'},
                                            {'transforms': [{'type': 'PILToTensor'},
                                                            {'rgb_input': True,
                                                             'type': 'BgrToYuv444'},
                                                            {'mean': 128,
                                                             'std': 128,
                                                             'type': 'Normalize'}],
                                             'type': 'MultiViewsImgTransformWrapper'},
                                            {'max_lidar_points': 120000,
                                             'type': 'FixedLidarPointsAdapter'},
                                            {'bev_size': [51.2, 51.2, 0.8],
                                             'point_cloud_range': [-51.2,
                                                                   -51.2,
                                                                   -5.0,
                                                                   51.2,
                                                                   51.2,
                                                                   3.0],
                                             'src_key': 'lidar_bboxes_labels',
                                             'type': 'BevBboxesLabelsAdapter'}],
                             'type': 'NuscenesBevSequenceDataset',
                             'use_dim': [0, 1, 2, 3, 4],
                             'with_bev_bboxes': False,
                             'with_bev_mask': False,
                             'with_ego_bboxes': True,
                             'with_ego_occ': False,
                             'with_lidar_bboxes': True,
                             'with_lidar_occ': True},
                 'num_workers': 4,
                 'pin_memory': False,
                 'sampler': {'type': <class 'torch.utils.data.distributed.DistributedSampler'>},
                 'shuffle': True,
                 'type': <class 'torch.utils.data.dataloader.DataLoader'>},
 'deploy_inputs': {'bev_pillar_counts': torch.Size([1, 16384, 1]),
                   'coors': torch.Size([40000, 4]),
                   'features': torch.Size([1, 5, 20, 40000]),
                   'img': torch.Size([6, 3, 512, 960]),
                   'queries_rebatch_grid': torch.Size([6, 64, 80, 2]),
                   'reference_points_rebatch': torch.Size([6, 5120, 2, 2]),
                   'restore_bev_grid': torch.Size([1, 256, 128, 2])},
 'deploy_model': {'bev_decoders': [{'bev_size': [51.2, 51.2, 0.8],
                                    'decode_to_lidar': True,
                                    'head': {'common_heads': {'dim': [3, 2],
                                                              'height': [1, 2],
                                                              'reg': [2, 2],
                                                              'rot': [2, 2],
                                                              'vel': [2, 2]},
                                             'final_kernel': 3,
                                             'head_conv_channels': 64,
                                             'in_channels': 256,
                                             'init_bias': -2.19,
                                             'share_conv_channels': 64,
                                             'share_conv_num': 1,
                                             'tasks': [{'class_names': ['car'],
                                                        'name': 'car',
                                                        'num_class': 1},
                                                       {'class_names': ['truck',
                                                                        'construction_vehicle'],
                                                        'name': 'truck',
                                                        'num_class': 2},
                                                       {'class_names': ['bus',
                                                                        'trailer'],
                                                        'name': 'bus',
                                                        'num_class': 2},
                                                       {'class_names': ['barrier'],
                                                        'name': 'barrier',
                                                        'num_class': 1},
                                                       {'class_names': ['motorcycle',
                                                                        'bicycle'],
                                                        'name': 'bicycle',
                                                        'num_class': 2},
                                                       {'class_names': ['pedestrian',
                                                                        'traffic_cone'],
                                                        'name': 'pedestrian',
                                                        'num_class': 2}],
                                             'type': 'CenterPointHead'},
                                    'is_compile': True,
                                    'name': 'bev_det',
                                    'point_cloud_range': [-51.2,
                                                          -51.2,
                                                          -5.0,
                                                          51.2,
                                                          51.2,
                                                          3.0],
                                    'task_weight': 1.0,
                                    'type': 'BevFusionCenterPointDetDecoder'},
                                   {'camera_input': True,
                                    'is_compile': True,
                                    'lidar_input': True,
                                    'num_classes': 18,
                                    'occ_head': {'Dz': 16,
                                                 'in_dim': 256,
                                                 'num_classes': 18,
                                                 'out_dim': 128,
                                                 'type': 'BEVOCCHead2D',
                                                 'use_predicter': True,
                                                 'use_upsample': True},
                                    'roi_resizer': {'in_strides': [1],
                                                    'roi_resize_cfgs': [{'in_stride': 1,
                                                                         'roi_box': [14,
                                                                                     14,
                                                                                     114,
                                                                                     114]}],
                                                    'type': 'RoiResize'},
                                    'type': 'BevformerOccDetDecoder',
                                    'use_mask': True}],
                  'bev_h': 128,
                  'bev_w': 128,
                  'camera_network': {'backbone': {'act_layer': ['nn.GELU',
                                                                'nn.GELU',
                                                                'nn.GELU',
                                                                'nn.GELU'],
                                                  'attention_block_num': [0,
                                                                          0,
                                                                          0,
                                                                          0],
                                                  'block_cls': ['GroupDWCB',
                                                                'GroupDWCB',
                                                                'AltDWCB',
                                                                'DWCB'],
                                                  'block_nums': [4, 3, 8, 6],
                                                  'down_cls': ['S2DDown',
                                                               'S2DDown',
                                                               'S2DDown',
                                                               'None'],
                                                  'embed_dims': [64,
                                                                 128,
                                                                 192,
                                                                 384],
                                                  'extra_act': [False,
                                                                False,
                                                                False,
                                                                False],
                                                  'feature_mix_channel': 1024,
                                                  'final_expand_channel': 0,
                                                  'in_channels': 3,
                                                  'include_top': False,
                                                  'layer_scale_init_value': 1e-05,
                                                  'mlp_ratio_attn': 2,
                                                  'mlp_ratios': [2, 2, 2, 3],
                                                  'num_classes': 1000,
                                                  'patch_embed': 'origin',
                                                  'type': 'HENet',
                                                  'use_layer_scale': [True,
                                                                      True,
                                                                      True,
                                                                      True]},
                                     'neck': {'bn_kwargs': {'eps': 1e-05,
                                                            'momentum': 0.1},
                                              'in_channels': [384],
                                              'in_strides': [32],
                                              'out_channels': [256],
                                              'out_strides': [32],
                                              'type': 'FPN'},
                                     'out_indices': [-1],
                                     'type': 'BevFormer',
                                     'view_transformer': {'bev_h': 128,
                                                          'bev_w': 128,
                                                          'embed_dims': 256,
                                                          'encoder': {'bev_h': 128,
                                                                      'bev_w': 128,
                                                                      'embed_dims': 256,
                                                                      'encoder_layer': {'crossattention': {'bev_h': 128,
                                                                                                           'bev_w': 128,
                                                                                                           'deformable_attention': {'embed_dims': 256,
                                                                                                                                    'feats_size': [[30,
                                                                                                                                                    16]],
                                                                                                                                    'grid_align_num': 64,
                                                                                                                                    'num_levels': 1,
                                                                                                                                    'num_points': 2,
                                                                                                                                    'type': 'HorizonMultiScaleDeformableAttention3D'},
                                                                                                           'embed_dims': 256,
                                                                                                           'max_camoverlap_num': 2,
                                                                                                           'type': 'HorizonSpatialCrossAttention'},
                                                                                        'dropout': 0.1,
                                                                                        'embed_dims': 256,
                                                                                        'selfattention': {'batch_first': True,
                                                                                                          'embed_dims': 256,
                                                                                                          'feats_size': [[128,
                                                                                                                          128]],
                                                                                                          'grid_align_num': 4,
                                                                                                          'num_levels': 1,
                                                                                                          'num_points': 2,
                                                                                                          'type': 'HorizonMultiScaleDeformableAttention'},
                                                                                        'type': 'SingleBEVFormerEncoderLayer'},
                                                                      'num_layers': 1,
                                                                      'return_intermediate': False,
                                                                      'type': 'SingleBEVFormerEncoder'},
                                                          'in_indices': [-1],
                                                          'is_compile': True,
                                                          'max_camoverlap_num': 2,
                                                          'num_points_in_pillar': 2,
                                                          'pc_range': [-51.2,
                                                                       -51.2,
                                                                       -5.0,
                                                                       51.2,
                                                                       51.2,
                                                                       3.0],
                                                          'positional_encoding': {'col_num_embed': 128,
                                                                                  'num_feats': 128,
                                                                                  'row_num_embed': 128,
                                                                                  'type': 'LearnedPositionalEncoding'},
                                                          'queue_length': 1,
                                                          'single_bev': True,
                                                          'type': 'SingleBevFormerViewTransformer',
                                                          'use_lidar2img': True,
                                                          'virtual_bev_h': 64,
                                                          'virtual_bev_w': 80}},
                  'fuse_module': {'fuse_c': 256,
                                  'input_c': 640,
                                  'type': 'BevFuseModule'},
                  'lidar_network': {'backbone': {'num_input_features': 64,
                                                 'quantize': True,
                                                 'type': 'PointPillarScatter',
                                                 'use_horizon_pillar_scatter': True},
                                    'feature_map_shape': array([512, 512,   1]),
                                    'neck': {'bn_kwargs': None,
                                             'down_layer_channels': [64,
                                                                     128,
                                                                     256],
                                             'down_layer_nums': [3, 5, 5],
                                             'down_layer_strides': [2, 2, 2],
                                             'in_feature_channel': 64,
                                             'quantize': True,
                                             'type': 'SECONDNeck',
                                             'up_layer_channels': [128,
                                                                   128,
                                                                   128],
                                             'up_layer_strides': [0.5, 1, 2],
                                             'use_relu6': False},
                                    'reader': {'bn_kwargs': None,
                                               'hw_reverse': True,
                                               'num_filters': [64],
                                               'num_input_features': 5,
                                               'pc_range': [-51.2,
                                                            -51.2,
                                                            -5.0,
                                                            51.2,
                                                            51.2,
                                                            3.0],
                                               'pool_size': [20, 1],
                                               'quantize': True,
                                               'type': 'PillarFeatureNet',
                                               'use_4dim': True,
                                               'use_conv': True,
                                               'voxel_size': [0.2, 0.2, 8],
                                               'with_distance': False},
                                    'type': 'CenterPointDetector'},
                  'type': 'BevFusion'},
 'deploy_model_convert_pipeline': {'converters': [{'convert_mode': 'jit-strip',
                                                   'example_inputs': {'bev_pillar_counts': torch.Size([1, 16384, 1]),
                                                                      'coors': torch.Size([40000, 4]),
                                                                      'features': torch.Size([1, 5, 20, 40000]),
                                                                      'img': torch.Size([6, 3, 512, 960]),
                                                                      'queries_rebatch_grid': torch.Size([6, 64, 80, 2]),
                                                                      'reference_points_rebatch': torch.Size([6, 5120, 2, 2]),
                                                                      'restore_bev_grid': torch.Size([1, 256, 128, 2])},
                                                   'type': 'Float2QAT'}],
                                   'qat_mode': 'fuse_bn',
                                   'type': 'ModelConvertPipeline'},
 'device_ids': [4, 5, 6, 7],
 'fixed_voxels_num': 30000,
 'float2calibration': {'convert_mode': 'jit-strip',
                       'example_data_loader': {'batch_size': 1,
                                               'collate_fn': functools.partial(<function collate_bevfusion_centerpoint at 0x7f9b02efa170>, bev_size=(51.2, 51.2, 0.8), point_cloud_range=[-51.2, -51.2, -5.0, 51.2, 51.2, 3.0], max_lidar_points=120000),
                                               'dataset': {'bev_range': [-51.2,
                                                                         -51.2,
                                                                         -5.0,
                                                                         51.2,
                                                                         51.2,
                                                                         3.0],
                                                           'data_path': 'data/nuscenes/pack/horizon_bevfusion_nuscenes/val_lmdb/',
                                                           'load_dim': 5,
                                                           'map_path': None,
                                                           'map_size': None,
                                                           'need_lidar': True,
                                                           'num_seq': 1,
                                                           'num_sweeps': 9,
                                                           'transforms': [{'size': [512,
                                                                                    960],
                                                                           'type': 'MultiViewsImgResize'},
                                                                          {'transforms': [{'type': 'PILToTensor'},
                                                                                          {'divisor': 32,
                                                                                           'type': 'Pad'},
                                                                                          {'rgb_input': True,
                                                                                           'type': 'BgrToYuv444'},
                                                                                          {'mean': 128.0,
                                                                                           'std': 128.0,
                                                                                           'type': 'Normalize'}],
                                                                           'type': 'MultiViewsImgTransformWrapper'}],
                                                           'type': 'NuscenesBevSequenceDataset',
                                                           'use_dim': [0,
                                                                       1,
                                                                       2,
                                                                       3,
                                                                       4],
                                                           'with_bev_bboxes': False,
                                                           'with_bev_mask': False,
                                                           'with_ego_bboxes': True,
                                                           'with_lidar_bboxes': True,
                                                           'with_lidar_occ': True},
                                               'num_workers': 0,
                                               'pin_memory': True,
                                               'shuffle': False,
                                               'type': <class 'torch.utils.data.dataloader.DataLoader'>},
                       'type': 'Float2Calibration'},
 'float2qat': {'convert_mode': 'jit-strip',
               'example_data_loader': {'batch_size': 1,
                                       'collate_fn': functools.partial(<function collate_bevfusion_centerpoint at 0x7f9b02efa170>, bev_size=(51.2, 51.2, 0.8), point_cloud_range=[-51.2, -51.2, -5.0, 51.2, 51.2, 3.0], max_lidar_points=120000),
                                       'dataset': {'bev_range': [-51.2,
                                                                 -51.2,
                                                                 -5.0,
                                                                 51.2,
                                                                 51.2,
                                                                 3.0],
                                                   'data_path': 'data/nuscenes/pack/horizon_bevfusion_nuscenes/val_lmdb/',
                                                   'load_dim': 5,
                                                   'map_path': None,
                                                   'map_size': None,
                                                   'need_lidar': True,
                                                   'num_seq': 1,
                                                   'num_sweeps': 9,
                                                   'transforms': [{'size': [512,
                                                                            960],
                                                                   'type': 'MultiViewsImgResize'},
                                                                  {'transforms': [{'type': 'PILToTensor'},
                                                                                  {'divisor': 32,
                                                                                   'type': 'Pad'},
                                                                                  {'rgb_input': True,
                                                                                   'type': 'BgrToYuv444'},
                                                                                  {'mean': 128.0,
                                                                                   'std': 128.0,
                                                                                   'type': 'Normalize'}],
                                                                   'type': 'MultiViewsImgTransformWrapper'}],
                                                   'type': 'NuscenesBevSequenceDataset',
                                                   'use_dim': [0, 1, 2, 3, 4],
                                                   'with_bev_bboxes': False,
                                                   'with_bev_mask': False,
                                                   'with_ego_bboxes': True,
                                                   'with_lidar_bboxes': True,
                                                   'with_lidar_occ': True},
                                       'num_workers': 0,
                                       'pin_memory': True,
                                       'shuffle': False,
                                       'type': <class 'torch.utils.data.dataloader.DataLoader'>},
               'type': 'Float2QAT'},
 'float_predictor': {'batch_processor': {'loss_collector': None,
                                         'need_grad_update': False,
                                         'type': 'MultiBatchProcessor'},
                     'callbacks': [{'epoch_log_freq': 1,
                                    'log_prefix': 'Validation '
                                                  'bevfusion_centerpoint_pointpillar_henet_multisensor_multitask_nuscenes_opt',
                                    'metric_update_func': <function update_metric at 0x7f9b02efaef0>,
                                    'step_log_freq': 10000,
                                    'type': 'MetricUpdater'}],
                     'data_loader': [{'batch_size': 1,
                                      'collate_fn': functools.partial(<function collate_bevfusion_centerpoint at 0x7f9b02efa170>, bev_size=(51.2, 51.2, 0.8), point_cloud_range=[-51.2, -51.2, -5.0, 51.2, 51.2, 3.0], max_lidar_points=120000),
                                      'dataset': {'bev_range': [-51.2,
                                                                -51.2,
                                                                -5.0,
                                                                51.2,
                                                                51.2,
                                                                3.0],
                                                  'data_path': 'data/nuscenes/pack/horizon_bevfusion_nuscenes/val_lmdb/',
                                                  'load_dim': 5,
                                                  'map_path': None,
                                                  'map_size': None,
                                                  'need_lidar': True,
                                                  'num_seq': 1,
                                                  'num_sweeps': 9,
                                                  'transforms': [{'size': [512,
                                                                           960],
                                                                  'type': 'MultiViewsImgResize'},
                                                                 {'transforms': [{'type': 'PILToTensor'},
                                                                                 {'divisor': 32,
                                                                                  'type': 'Pad'},
                                                                                 {'rgb_input': True,
                                                                                  'type': 'BgrToYuv444'},
                                                                                 {'mean': 128.0,
                                                                                  'std': 128.0,
                                                                                  'type': 'Normalize'}],
                                                                  'type': 'MultiViewsImgTransformWrapper'}],
                                                  'type': 'NuscenesBevSequenceDataset',
                                                  'use_dim': [0, 1, 2, 3, 4],
                                                  'with_bev_bboxes': False,
                                                  'with_bev_mask': False,
                                                  'with_ego_bboxes': True,
                                                  'with_lidar_bboxes': True,
                                                  'with_lidar_occ': True},
                                      'num_workers': 4,
                                      'pin_memory': True,
                                      'sampler': {'type': <class 'torch.utils.data.distributed.DistributedSampler'>},
                                      'shuffle': False,
                                      'type': <class 'torch.utils.data.dataloader.DataLoader'>}],
                     'device': None,
                     'log_interval': 100,
                     'metrics': [{'classes': ['car',
                                              'truck',
                                              'trailer',
                                              'bus',
                                              'construction_vehicle',
                                              'bicycle',
                                              'motorcycle',
                                              'pedestrian',
                                              'traffic_cone',
                                              'barrier'],
                                  'data_root': 'data/nuscenes',
                                  'lidar_key': 'sensor2ego',
                                  'save_prefix': './metric_results/bevfusion_centerpoint_pointpillar_henet_multisensor_multitask_nuscenes_opt',
                                  'trans_lidar_dim': True,
                                  'trans_lidar_rot': False,
                                  'type': 'NuscenesMetric',
                                  'use_lidar': True,
                                  'version': 'v1.0-trainval'},
                                 {'ignore_index': 17,
                                  'seg_class': ['others',
                                                'barrier',
                                                'bicycle',
                                                'bus',
                                                'car',
                                                'construction_vehicle',
                                                'motorcycle',
                                                'pedestrian',
                                                'traffic_cone',
                                                'trailer',
                                                'truck',
                                                'driveable_surface',
                                                'other_flat',
                                                'sidewalk',
                                                'terrain',
                                                'manmade',
                                                'vegetation'],
                                  'type': 'MeanIOU'}],
                     'model': {'bev_decoders': [{'bev_size': [51.2, 51.2, 0.8],
                                                 'decode_to_lidar': True,
                                                 'decoder': {'bev_size': [51.2,
                                                                          51.2,
                                                                          0.8],
                                                             'class_names': ['car',
                                                                             'truck',
                                                                             'trailer',
                                                                             'bus',
                                                                             'construction_vehicle',
                                                                             'bicycle',
                                                                             'motorcycle',
                                                                             'pedestrian',
                                                                             'traffic_cone',
                                                                             'barrier'],
                                                             'decode_to_ego': False,
                                                             'min_radius': [4,
                                                                            12,
                                                                            10,
                                                                            1,
                                                                            0.85,
                                                                            0.175],
                                                             'nms_threshold': [0.2,
                                                                               0.2,
                                                                               0.2,
                                                                               0.2,
                                                                               0.2,
                                                                               0.5],
                                                             'nms_type': ['rotate',
                                                                          'rotate',
                                                                          'rotate',
                                                                          'circle',
                                                                          'rotate',
                                                                          'rotate'],
                                                             'norm_bbox': True,
                                                             'out_size_factor': 1,
                                                             'score_threshold': 0.08,
                                                             'tasks': [{'class_names': ['car'],
                                                                        'name': 'car',
                                                                        'num_class': 1},
                                                                       {'class_names': ['truck',
                                                                                        'construction_vehicle'],
                                                                        'name': 'truck',
                                                                        'num_class': 2},
                                                                       {'class_names': ['bus',
                                                                                        'trailer'],
                                                                        'name': 'bus',
                                                                        'num_class': 2},
                                                                       {'class_names': ['barrier'],
                                                                        'name': 'barrier',
                                                                        'num_class': 1},
                                                                       {'class_names': ['motorcycle',
                                                                                        'bicycle'],
                                                                        'name': 'bicycle',
                                                                        'num_class': 2},
                                                                       {'class_names': ['pedestrian',
                                                                                        'traffic_cone'],
                                                                        'name': 'pedestrian',
                                                                        'num_class': 2}],
                                                             'type': 'CenterPointDecoder',
                                                             'use_max_pool': True},
                                                 'head': {'common_heads': {'dim': [3,
                                                                                   2],
                                                                           'height': [1,
                                                                                      2],
                                                                           'reg': [2,
                                                                                   2],
                                                                           'rot': [2,
                                                                                   2],
                                                                           'vel': [2,
                                                                                   2]},
                                                          'final_kernel': 3,
                                                          'head_conv_channels': 64,
                                                          'in_channels': 256,
                                                          'init_bias': -2.19,
                                                          'share_conv_channels': 64,
                                                          'share_conv_num': 1,
                                                          'tasks': [{'class_names': ['car'],
                                                                     'name': 'car',
                                                                     'num_class': 1},
                                                                    {'class_names': ['truck',
                                                                                     'construction_vehicle'],
                                                                     'name': 'truck',
                                                                     'num_class': 2},
                                                                    {'class_names': ['bus',
                                                                                     'trailer'],
                                                                     'name': 'bus',
                                                                     'num_class': 2},
                                                                    {'class_names': ['barrier'],
                                                                     'name': 'barrier',
                                                                     'num_class': 1},
                                                                    {'class_names': ['motorcycle',
                                                                                     'bicycle'],
                                                                     'name': 'bicycle',
                                                                     'num_class': 2},
                                                                    {'class_names': ['pedestrian',
                                                                                     'traffic_cone'],
                                                                     'name': 'pedestrian',
                                                                     'num_class': 2}],
                                                          'type': 'CenterPointHead'},
                                                 'loss_cls': {'eps': 0.0001,
                                                              'loss_weight': 1.0,
                                                              'type': 'ClampedGaussianFocalLoss'},
                                                 'loss_reg': {'loss_weight': 0.25,
                                                              'type': 'L1Loss'},
                                                 'name': 'bev_det',
                                                 'point_cloud_range': [-51.2,
                                                                       -51.2,
                                                                       -5.0,
                                                                       51.2,
                                                                       51.2,
                                                                       3.0],
                                                 'target': {'bbox_weight': [1.0,
                                                                            1.0,
                                                                            1.0,
                                                                            1.0,
                                                                            1.0,
                                                                            1.0,
                                                                            1.0,
                                                                            1.0,
                                                                            0.2,
                                                                            0.2],
                                                            'class_names': ['car',
                                                                            'truck',
                                                                            'trailer',
                                                                            'bus',
                                                                            'construction_vehicle',
                                                                            'bicycle',
                                                                            'motorcycle',
                                                                            'pedestrian',
                                                                            'traffic_cone',
                                                                            'barrier'],
                                                            'gaussian_overlap': 0.1,
                                                            'max_num': 500,
                                                            'min_radius': 2,
                                                            'norm_bbox': True,
                                                            'out_size_factor': 1,
                                                            'tasks': [{'class_names': ['car'],
                                                                       'name': 'car',
                                                                       'num_class': 1},
                                                                      {'class_names': ['truck',
                                                                                       'construction_vehicle'],
                                                                       'name': 'truck',
                                                                       'num_class': 2},
                                                                      {'class_names': ['bus',
                                                                                       'trailer'],
                                                                       'name': 'bus',
                                                                       'num_class': 2},
                                                                      {'class_names': ['barrier'],
                                                                       'name': 'barrier',
                                                                       'num_class': 1},
                                                                      {'class_names': ['motorcycle',
                                                                                       'bicycle'],
                                                                       'name': 'bicycle',
                                                                       'num_class': 2},
                                                                      {'class_names': ['pedestrian',
                                                                                       'traffic_cone'],
                                                                       'name': 'pedestrian',
                                                                       'num_class': 2}],
                                                            'type': 'CenterPointTarget'},
                                                 'task_weight': 1.0,
                                                 'type': 'BevFusionCenterPointDetDecoder'},
                                                {'camera_input': True,
                                                 'lidar_input': True,
                                                 'loss_occ': {'ignore_index': 255,
                                                              'loss_weight': 6.0,
                                                              'type': 'CrossEntropyLoss',
                                                              'use_sigmoid': False},
                                                 'num_classes': 18,
                                                 'occ_head': {'Dz': 16,
                                                              'in_dim': 256,
                                                              'num_classes': 18,
                                                              'out_dim': 128,
                                                              'type': 'BEVOCCHead2D',
                                                              'use_predicter': True,
                                                              'use_upsample': True},
                                                 'roi_resizer': {'in_strides': [1],
                                                                 'roi_resize_cfgs': [{'in_stride': 1,
                                                                                      'roi_box': [14,
                                                                                                  14,
                                                                                                  114,
                                                                                                  114]}],
                                                                 'type': 'RoiResize'},
                                                 'type': 'BevformerOccDetDecoder',
                                                 'use_mask': True}],
                               'bev_h': 128,
                               'bev_w': 128,
                               'camera_network': {'backbone': {'act_layer': ['nn.GELU',
                                                                             'nn.GELU',
                                                                             'nn.GELU',
                                                                             'nn.GELU'],
                                                               'attention_block_num': [0,
                                                                                       0,
                                                                                       0,
                                                                                       0],
                                                               'block_cls': ['GroupDWCB',
                                                                             'GroupDWCB',
                                                                             'AltDWCB',
                                                                             'DWCB'],
                                                               'block_nums': [4,
                                                                              3,
                                                                              8,
                                                                              6],
                                                               'down_cls': ['S2DDown',
                                                                            'S2DDown',
                                                                            'S2DDown',
                                                                            'None'],
                                                               'embed_dims': [64,
                                                                              128,
                                                                              192,
                                                                              384],
                                                               'extra_act': [False,
                                                                             False,
                                                                             False,
                                                                             False],
                                                               'feature_mix_channel': 1024,
                                                               'final_expand_channel': 0,
                                                               'in_channels': 3,
                                                               'include_top': False,
                                                               'layer_scale_init_value': 1e-05,
                                                               'mlp_ratio_attn': 2,
                                                               'mlp_ratios': [2,
                                                                              2,
                                                                              2,
                                                                              3],
                                                               'num_classes': 1000,
                                                               'patch_embed': 'origin',
                                                               'type': 'HENet',
                                                               'use_layer_scale': [True,
                                                                                   True,
                                                                                   True,
                                                                                   True]},
                                                  'neck': {'bn_kwargs': {'eps': 1e-05,
                                                                         'momentum': 0.1},
                                                           'in_channels': [384],
                                                           'in_strides': [32],
                                                           'out_channels': [256],
                                                           'out_strides': [32],
                                                           'type': 'FPN'},
                                                  'out_indices': [-1],
                                                  'type': 'BevFormer',
                                                  'view_transformer': {'bev_h': 128,
                                                                       'bev_w': 128,
                                                                       'embed_dims': 256,
                                                                       'encoder': {'bev_h': 128,
                                                                                   'bev_w': 128,
                                                                                   'embed_dims': 256,
                                                                                   'encoder_layer': {'crossattention': {'bev_h': 128,
                                                                                                                        'bev_w': 128,
                                                                                                                        'deformable_attention': {'embed_dims': 256,
                                                                                                                                                 'feats_size': [[30,
                                                                                                                                                                 16]],
                                                                                                                                                 'grid_align_num': 64,
                                                                                                                                                 'num_levels': 1,
                                                                                                                                                 'num_points': 2,
                                                                                                                                                 'type': 'HorizonMultiScaleDeformableAttention3D'},
                                                                                                                        'embed_dims': 256,
                                                                                                                        'max_camoverlap_num': 2,
                                                                                                                        'type': 'HorizonSpatialCrossAttention'},
                                                                                                     'dropout': 0.1,
                                                                                                     'embed_dims': 256,
                                                                                                     'selfattention': {'batch_first': True,
                                                                                                                       'embed_dims': 256,
                                                                                                                       'feats_size': [[128,
                                                                                                                                       128]],
                                                                                                                       'grid_align_num': 4,
                                                                                                                       'num_levels': 1,
                                                                                                                       'num_points': 2,
                                                                                                                       'type': 'HorizonMultiScaleDeformableAttention'},
                                                                                                     'type': 'SingleBEVFormerEncoderLayer'},
                                                                                   'num_layers': 1,
                                                                                   'return_intermediate': False,
                                                                                   'type': 'SingleBEVFormerEncoder'},
                                                                       'in_indices': [-1],
                                                                       'max_camoverlap_num': 2,
                                                                       'num_points_in_pillar': 2,
                                                                       'pc_range': [-51.2,
                                                                                    -51.2,
                                                                                    -5.0,
                                                                                    51.2,
                                                                                    51.2,
                                                                                    3.0],
                                                                       'positional_encoding': {'col_num_embed': 128,
                                                                                               'num_feats': 128,
                                                                                               'row_num_embed': 128,
                                                                                               'type': 'LearnedPositionalEncoding'},
                                                                       'queue_length': 1,
                                                                       'single_bev': True,
                                                                       'type': 'SingleBevFormerViewTransformer',
                                                                       'use_lidar2img': True,
                                                                       'virtual_bev_h': 64,
                                                                       'virtual_bev_w': 80}},
                               'fuse_module': {'fuse_c': 256,
                                               'input_c': 640,
                                               'type': 'BevFuseModule'},
                               'lidar_network': {'backbone': {'num_input_features': 64,
                                                              'quantize': True,
                                                              'type': 'PointPillarScatter',
                                                              'use_horizon_pillar_scatter': True},
                                                 'feature_map_shape': array([512, 512,   1]),
                                                 'neck': {'bn_kwargs': None,
                                                          'down_layer_channels': [64,
                                                                                  128,
                                                                                  256],
                                                          'down_layer_nums': [3,
                                                                              5,
                                                                              5],
                                                          'down_layer_strides': [2,
                                                                                 2,
                                                                                 2],
                                                          'in_feature_channel': 64,
                                                          'quantize': True,
                                                          'type': 'SECONDNeck',
                                                          'up_layer_channels': [128,
                                                                                128,
                                                                                128],
                                                          'up_layer_strides': [0.5,
                                                                               1,
                                                                               2],
                                                          'use_relu6': False},
                                                 'pre_process': {'fixed_voxels_num': 30000,
                                                                 'max_points_in_voxel': 20,
                                                                 'max_voxels_num': [30000,
                                                                                    40000],
                                                                 'norm_dims': [0,
                                                                               1,
                                                                               2,
                                                                               3],
                                                                 'norm_range': [-51.2,
                                                                                -51.2,
                                                                                -5.0,
                                                                                0.0,
                                                                                51.2,
                                                                                51.2,
                                                                                3.0,
                                                                                255.0],
                                                                 'pc_range': [-51.2,
                                                                              -51.2,
                                                                              -5.0,
                                                                              51.2,
                                                                              51.2,
                                                                              3.0],
                                                                 'type': 'PaddedCenterPointPreProcess',
                                                                 'voxel_size': [0.2,
                                                                                0.2,
                                                                                8]},
                                                 'reader': {'bn_kwargs': None,
                                                            'hw_reverse': True,
                                                            'num_filters': [64],
                                                            'num_input_features': 5,
                                                            'pc_range': [-51.2,
                                                                         -51.2,
                                                                         -5.0,
                                                                         51.2,
                                                                         51.2,
                                                                         3.0],
                                                            'pool_size': [20,
                                                                          1],
                                                            'quantize': True,
                                                            'type': 'PillarFeatureNet',
                                                            'use_4dim': True,
                                                            'use_conv': True,
                                                            'voxel_size': [0.2,
                                                                           0.2,
                                                                           8],
                                                            'with_distance': False},
                                                 'type': 'CenterPointDetector'},
                               'type': 'BevFusion'},
                     'model_convert_pipeline': {'converters': [{'allow_miss': True,
                                                                'checkpoint_path': './tmp_models/bevfusion_centerpoint_pointpillar_henet_multisensor_multitask_nuscenes_opt/float-checkpoint-last.pth.tar',
                                                                'ignore_extra': True,
                                                                'type': 'LoadCheckpoint',
                                                                'verbose': True}],
                                                'type': 'ModelConvertPipeline'},
                     'type': 'Predictor'},
 'float_trainer': {'batch_processor': {'enable_amp': True,
                                       'loss_collector': <function loss_collector at 0x7f9b02efae60>,
                                       'need_grad_update': True,
                                       'type': 'MultiBatchProcessor'},
                   'callbacks': [{'log_freq': 200, 'type': 'StatsMonitor'},
                                 {'epoch_log_freq': 1,
                                  'log_prefix': 'loss_bevfusion_centerpoint_pointpillar_henet_multisensor_multitask_nuscenes_opt',
                                  'metric_update_func': <function update_loss at 0x7f9b02efaf80>,
                                  'step_log_freq': 200,
                                  'type': 'MetricUpdater'},
                                 {'step_log_interval': 500,
                                  'stop_lr': 2.0000000000000002e-07,
                                  'type': 'CosineAnnealingLrUpdater',
                                  'warmup_by': 'step',
                                  'warmup_len': 500,
                                  'warmup_lr_ratio': 0.3333333333333333},
                                 {'clip_grad_norm': 35,
                                  'clip_norm_type': 2,
                                  'module_and_scale': [],
                                  'type': 'GradScale'},
                                 {'batch_processor': {'loss_collector': None,
                                                      'need_grad_update': False,
                                                      'type': 'MultiBatchProcessor'},
                                  'callbacks': [{'epoch_log_freq': 1,
                                                 'log_prefix': 'Validation '
                                                               'bevfusion_centerpoint_pointpillar_henet_multisensor_multitask_nuscenes_opt',
                                                 'metric_update_func': <function update_metric at 0x7f9b02efaef0>,
                                                 'step_log_freq': 10000,
                                                 'type': 'MetricUpdater'}],
                                  'data_loader': {'batch_size': 1,
                                                  'collate_fn': functools.partial(<function collate_bevfusion_centerpoint at 0x7f9b02efa170>, bev_size=(51.2, 51.2, 0.8), point_cloud_range=[-51.2, -51.2, -5.0, 51.2, 51.2, 3.0], max_lidar_points=120000),
                                                  'dataset': {'bev_range': [-51.2,
                                                                            -51.2,
                                                                            -5.0,
                                                                            51.2,
                                                                            51.2,
                                                                            3.0],
                                                              'data_path': 'data/nuscenes/pack/horizon_bevfusion_nuscenes/val_lmdb/',
                                                              'load_dim': 5,
                                                              'map_path': None,
                                                              'map_size': None,
                                                              'need_lidar': True,
                                                              'num_seq': 1,
                                                              'num_sweeps': 9,
                                                              'transforms': [{'size': [512,
                                                                                       960],
                                                                              'type': 'MultiViewsImgResize'},
                                                                             {'transforms': [{'type': 'PILToTensor'},
                                                                                             {'divisor': 32,
                                                                                              'type': 'Pad'},
                                                                                             {'rgb_input': True,
                                                                                              'type': 'BgrToYuv444'},
                                                                                             {'mean': 128.0,
                                                                                              'std': 128.0,
                                                                                              'type': 'Normalize'}],
                                                                              'type': 'MultiViewsImgTransformWrapper'}],
                                                              'type': 'NuscenesBevSequenceDataset',
                                                              'use_dim': [0,
                                                                          1,
                                                                          2,
                                                                          3,
                                                                          4],
                                                              'with_bev_bboxes': False,
                                                              'with_bev_mask': False,
                                                              'with_ego_bboxes': True,
                                                              'with_lidar_bboxes': True,
                                                              'with_lidar_occ': True},
                                                  'num_workers': 4,
                                                  'pin_memory': True,
                                                  'sampler': {'type': <class 'torch.utils.data.distributed.DistributedSampler'>},
                                                  'shuffle': False,
                                                  'type': <class 'torch.utils.data.dataloader.DataLoader'>},
                                  'log_interval': 200,
                                  'type': 'Validation',
                                  'val_interval': 1,
                                  'val_model': None,
                                  'val_on_train_end': False},
                                 {'mode': None,
                                  'name_prefix': 'float-',
                                  'save_dir': './tmp_models/bevfusion_centerpoint_pointpillar_henet_multisensor_multitask_nuscenes_opt',
                                  'save_interval': 1,
                                  'strict_match': True,
                                  'type': 'Checkpoint'}],
                   'data_loader': {'batch_size': 6,
                                   'collate_fn': functools.partial(<function collate_bevfusion_centerpoint at 0x7f9b02efa170>, bev_size=(51.2, 51.2, 0.8), point_cloud_range=[-51.2, -51.2, -5.0, 51.2, 51.2, 3.0], max_lidar_points=120000),
                                   'dataset': {'bev_range': [-51.2,
                                                             -51.2,
                                                             -5.0,
                                                             51.2,
                                                             51.2,
                                                             3.0],
                                               'data_path': 'data/nuscenes/pack/horizon_bevfusion_nuscenes/train_lmdb/',
                                               'load_dim': 5,
                                               'map_path': None,
                                               'map_size': None,
                                               'need_lidar': True,
                                               'num_seq': 1,
                                               'num_sweeps': 9,
                                               'transforms': [{'size': [512,
                                                                        960],
                                                               'type': 'MultiViewsImgResize'},
                                                              {'type': 'MultiViewsImgFlip'},
                                                              {'rot': [-5.4,
                                                                       5.4],
                                                               'type': 'MultiViewsImgRotate'},
                                                              {'rotation_3d_range': [-0.3925,
                                                                                     0.3925],
                                                               'type': 'BevBBoxRotation'},
                                                              {'type': 'MultiViewsPhotoMetricDistortion'},
                                                              {'transforms': [{'type': 'PILToTensor'},
                                                                              {'rgb_input': True,
                                                                               'type': 'BgrToYuv444'},
                                                                              {'mean': 128,
                                                                               'std': 128,
                                                                               'type': 'Normalize'}],
                                                               'type': 'MultiViewsImgTransformWrapper'},
                                                              {'max_lidar_points': 120000,
                                                               'type': 'FixedLidarPointsAdapter'},
                                                              {'bev_size': [51.2,
                                                                            51.2,
                                                                            0.8],
                                                               'point_cloud_range': [-51.2,
                                                                                     -51.2,
                                                                                     -5.0,
                                                                                     51.2,
                                                                                     51.2,
                                                                                     3.0],
                                                               'src_key': 'lidar_bboxes_labels',
                                                               'type': 'BevBboxesLabelsAdapter'}],
                                               'type': 'NuscenesBevSequenceDataset',
                                               'use_dim': [0, 1, 2, 3, 4],
                                               'with_bev_bboxes': False,
                                               'with_bev_mask': False,
                                               'with_ego_bboxes': True,
                                               'with_ego_occ': False,
                                               'with_lidar_bboxes': True,
                                               'with_lidar_occ': True},
                                   'num_workers': 4,
                                   'pin_memory': False,
                                   'sampler': {'type': <class 'torch.utils.data.distributed.DistributedSampler'>},
                                   'shuffle': True,
                                   'type': <class 'torch.utils.data.dataloader.DataLoader'>},
                   'device': None,
                   'model': {'bev_decoders': [{'bev_size': [51.2, 51.2, 0.8],
                                               'decode_to_lidar': True,
                                               'decoder': {'bev_size': [51.2,
                                                                        51.2,
                                                                        0.8],
                                                           'class_names': ['car',
                                                                           'truck',
                                                                           'trailer',
                                                                           'bus',
                                                                           'construction_vehicle',
                                                                           'bicycle',
                                                                           'motorcycle',
                                                                           'pedestrian',
                                                                           'traffic_cone',
                                                                           'barrier'],
                                                           'decode_to_ego': False,
                                                           'min_radius': [4,
                                                                          12,
                                                                          10,
                                                                          1,
                                                                          0.85,
                                                                          0.175],
                                                           'nms_threshold': [0.2,
                                                                             0.2,
                                                                             0.2,
                                                                             0.2,
                                                                             0.2,
                                                                             0.5],
                                                           'nms_type': ['rotate',
                                                                        'rotate',
                                                                        'rotate',
                                                                        'circle',
                                                                        'rotate',
                                                                        'rotate'],
                                                           'norm_bbox': True,
                                                           'out_size_factor': 1,
                                                           'score_threshold': 0.08,
                                                           'tasks': [{'class_names': ['car'],
                                                                      'name': 'car',
                                                                      'num_class': 1},
                                                                     {'class_names': ['truck',
                                                                                      'construction_vehicle'],
                                                                      'name': 'truck',
                                                                      'num_class': 2},
                                                                     {'class_names': ['bus',
                                                                                      'trailer'],
                                                                      'name': 'bus',
                                                                      'num_class': 2},
                                                                     {'class_names': ['barrier'],
                                                                      'name': 'barrier',
                                                                      'num_class': 1},
                                                                     {'class_names': ['motorcycle',
                                                                                      'bicycle'],
                                                                      'name': 'bicycle',
                                                                      'num_class': 2},
                                                                     {'class_names': ['pedestrian',
                                                                                      'traffic_cone'],
                                                                      'name': 'pedestrian',
                                                                      'num_class': 2}],
                                                           'type': 'CenterPointDecoder',
                                                           'use_max_pool': True},
                                               'head': {'common_heads': {'dim': [3,
                                                                                 2],
                                                                         'height': [1,
                                                                                    2],
                                                                         'reg': [2,
                                                                                 2],
                                                                         'rot': [2,
                                                                                 2],
                                                                         'vel': [2,
                                                                                 2]},
                                                        'final_kernel': 3,
                                                        'head_conv_channels': 64,
                                                        'in_channels': 256,
                                                        'init_bias': -2.19,
                                                        'share_conv_channels': 64,
                                                        'share_conv_num': 1,
                                                        'tasks': [{'class_names': ['car'],
                                                                   'name': 'car',
                                                                   'num_class': 1},
                                                                  {'class_names': ['truck',
                                                                                   'construction_vehicle'],
                                                                   'name': 'truck',
                                                                   'num_class': 2},
                                                                  {'class_names': ['bus',
                                                                                   'trailer'],
                                                                   'name': 'bus',
                                                                   'num_class': 2},
                                                                  {'class_names': ['barrier'],
                                                                   'name': 'barrier',
                                                                   'num_class': 1},
                                                                  {'class_names': ['motorcycle',
                                                                                   'bicycle'],
                                                                   'name': 'bicycle',
                                                                   'num_class': 2},
                                                                  {'class_names': ['pedestrian',
                                                                                   'traffic_cone'],
                                                                   'name': 'pedestrian',
                                                                   'num_class': 2}],
                                                        'type': 'CenterPointHead'},
                                               'loss_cls': {'eps': 0.0001,
                                                            'loss_weight': 1.0,
                                                            'type': 'ClampedGaussianFocalLoss'},
                                               'loss_reg': {'loss_weight': 0.25,
                                                            'type': 'L1Loss'},
                                               'name': 'bev_det',
                                               'point_cloud_range': [-51.2,
                                                                     -51.2,
                                                                     -5.0,
                                                                     51.2,
                                                                     51.2,
                                                                     3.0],
                                               'target': {'bbox_weight': [1.0,
                                                                          1.0,
                                                                          1.0,
                                                                          1.0,
                                                                          1.0,
                                                                          1.0,
                                                                          1.0,
                                                                          1.0,
                                                                          0.2,
                                                                          0.2],
                                                          'class_names': ['car',
                                                                          'truck',
                                                                          'trailer',
                                                                          'bus',
                                                                          'construction_vehicle',
                                                                          'bicycle',
                                                                          'motorcycle',
                                                                          'pedestrian',
                                                                          'traffic_cone',
                                                                          'barrier'],
                                                          'gaussian_overlap': 0.1,
                                                          'max_num': 500,
                                                          'min_radius': 2,
                                                          'norm_bbox': True,
                                                          'out_size_factor': 1,
                                                          'tasks': [{'class_names': ['car'],
                                                                     'name': 'car',
                                                                     'num_class': 1},
                                                                    {'class_names': ['truck',
                                                                                     'construction_vehicle'],
                                                                     'name': 'truck',
                                                                     'num_class': 2},
                                                                    {'class_names': ['bus',
                                                                                     'trailer'],
                                                                     'name': 'bus',
                                                                     'num_class': 2},
                                                                    {'class_names': ['barrier'],
                                                                     'name': 'barrier',
                                                                     'num_class': 1},
                                                                    {'class_names': ['motorcycle',
                                                                                     'bicycle'],
                                                                     'name': 'bicycle',
                                                                     'num_class': 2},
                                                                    {'class_names': ['pedestrian',
                                                                                     'traffic_cone'],
                                                                     'name': 'pedestrian',
                                                                     'num_class': 2}],
                                                          'type': 'CenterPointTarget'},
                                               'task_weight': 1.0,
                                               'type': 'BevFusionCenterPointDetDecoder'},
                                              {'camera_input': True,
                                               'lidar_input': True,
                                               'loss_occ': {'ignore_index': 255,
                                                            'loss_weight': 6.0,
                                                            'type': 'CrossEntropyLoss',
                                                            'use_sigmoid': False},
                                               'num_classes': 18,
                                               'occ_head': {'Dz': 16,
                                                            'in_dim': 256,
                                                            'num_classes': 18,
                                                            'out_dim': 128,
                                                            'type': 'BEVOCCHead2D',
                                                            'use_predicter': True,
                                                            'use_upsample': True},
                                               'roi_resizer': {'in_strides': [1],
                                                               'roi_resize_cfgs': [{'in_stride': 1,
                                                                                    'roi_box': [14,
                                                                                                14,
                                                                                                114,
                                                                                                114]}],
                                                               'type': 'RoiResize'},
                                               'type': 'BevformerOccDetDecoder',
                                               'use_mask': True}],
                             'bev_h': 128,
                             'bev_w': 128,
                             'camera_network': {'backbone': {'act_layer': ['nn.GELU',
                                                                           'nn.GELU',
                                                                           'nn.GELU',
                                                                           'nn.GELU'],
                                                             'attention_block_num': [0,
                                                                                     0,
                                                                                     0,
                                                                                     0],
                                                             'block_cls': ['GroupDWCB',
                                                                           'GroupDWCB',
                                                                           'AltDWCB',
                                                                           'DWCB'],
                                                             'block_nums': [4,
                                                                            3,
                                                                            8,
                                                                            6],
                                                             'down_cls': ['S2DDown',
                                                                          'S2DDown',
                                                                          'S2DDown',
                                                                          'None'],
                                                             'embed_dims': [64,
                                                                            128,
                                                                            192,
                                                                            384],
                                                             'extra_act': [False,
                                                                           False,
                                                                           False,
                                                                           False],
                                                             'feature_mix_channel': 1024,
                                                             'final_expand_channel': 0,
                                                             'in_channels': 3,
                                                             'include_top': False,
                                                             'layer_scale_init_value': 1e-05,
                                                             'mlp_ratio_attn': 2,
                                                             'mlp_ratios': [2,
                                                                            2,
                                                                            2,
                                                                            3],
                                                             'num_classes': 1000,
                                                             'patch_embed': 'origin',
                                                             'type': 'HENet',
                                                             'use_layer_scale': [True,
                                                                                 True,
                                                                                 True,
                                                                                 True]},
                                                'neck': {'bn_kwargs': {'eps': 1e-05,
                                                                       'momentum': 0.1},
                                                         'in_channels': [384],
                                                         'in_strides': [32],
                                                         'out_channels': [256],
                                                         'out_strides': [32],
                                                         'type': 'FPN'},
                                                'out_indices': [-1],
                                                'type': 'BevFormer',
                                                'view_transformer': {'bev_h': 128,
                                                                     'bev_w': 128,
                                                                     'embed_dims': 256,
                                                                     'encoder': {'bev_h': 128,
                                                                                 'bev_w': 128,
                                                                                 'embed_dims': 256,
                                                                                 'encoder_layer': {'crossattention': {'bev_h': 128,
                                                                                                                      'bev_w': 128,
                                                                                                                      'deformable_attention': {'embed_dims': 256,
                                                                                                                                               'feats_size': [[30,
                                                                                                                                                               16]],
                                                                                                                                               'grid_align_num': 64,
                                                                                                                                               'num_levels': 1,
                                                                                                                                               'num_points': 2,
                                                                                                                                               'type': 'HorizonMultiScaleDeformableAttention3D'},
                                                                                                                      'embed_dims': 256,
                                                                                                                      'max_camoverlap_num': 2,
                                                                                                                      'type': 'HorizonSpatialCrossAttention'},
                                                                                                   'dropout': 0.1,
                                                                                                   'embed_dims': 256,
                                                                                                   'selfattention': {'batch_first': True,
                                                                                                                     'embed_dims': 256,
                                                                                                                     'feats_size': [[128,
                                                                                                                                     128]],
                                                                                                                     'grid_align_num': 4,
                                                                                                                     'num_levels': 1,
                                                                                                                     'num_points': 2,
                                                                                                                     'type': 'HorizonMultiScaleDeformableAttention'},
                                                                                                   'type': 'SingleBEVFormerEncoderLayer'},
                                                                                 'num_layers': 1,
                                                                                 'return_intermediate': False,
                                                                                 'type': 'SingleBEVFormerEncoder'},
                                                                     'in_indices': [-1],
                                                                     'max_camoverlap_num': 2,
                                                                     'num_points_in_pillar': 2,
                                                                     'pc_range': [-51.2,
                                                                                  -51.2,
                                                                                  -5.0,
                                                                                  51.2,
                                                                                  51.2,
                                                                                  3.0],
                                                                     'positional_encoding': {'col_num_embed': 128,
                                                                                             'num_feats': 128,
                                                                                             'row_num_embed': 128,
                                                                                             'type': 'LearnedPositionalEncoding'},
                                                                     'queue_length': 1,
                                                                     'single_bev': True,
                                                                     'type': 'SingleBevFormerViewTransformer',
                                                                     'use_lidar2img': True,
                                                                     'virtual_bev_h': 64,
                                                                     'virtual_bev_w': 80}},
                             'fuse_module': {'fuse_c': 256,
                                             'input_c': 640,
                                             'type': 'BevFuseModule'},
                             'lidar_network': {'backbone': {'num_input_features': 64,
                                                            'quantize': True,
                                                            'type': 'PointPillarScatter',
                                                            'use_horizon_pillar_scatter': True},
                                               'feature_map_shape': array([512, 512,   1]),
                                               'neck': {'bn_kwargs': None,
                                                        'down_layer_channels': [64,
                                                                                128,
                                                                                256],
                                                        'down_layer_nums': [3,
                                                                            5,
                                                                            5],
                                                        'down_layer_strides': [2,
                                                                               2,
                                                                               2],
                                                        'in_feature_channel': 64,
                                                        'quantize': True,
                                                        'type': 'SECONDNeck',
                                                        'up_layer_channels': [128,
                                                                              128,
                                                                              128],
                                                        'up_layer_strides': [0.5,
                                                                             1,
                                                                             2],
                                                        'use_relu6': False},
                                               'pre_process': {'fixed_voxels_num': 30000,
                                                               'max_points_in_voxel': 20,
                                                               'max_voxels_num': [30000,
                                                                                  40000],
                                                               'norm_dims': [0,
                                                                             1,
                                                                             2,
                                                                             3],
                                                               'norm_range': [-51.2,
                                                                              -51.2,
                                                                              -5.0,
                                                                              0.0,
                                                                              51.2,
                                                                              51.2,
                                                                              3.0,
                                                                              255.0],
                                                               'pc_range': [-51.2,
                                                                            -51.2,
                                                                            -5.0,
                                                                            51.2,
                                                                            51.2,
                                                                            3.0],
                                                               'type': 'PaddedCenterPointPreProcess',
                                                               'voxel_size': [0.2,
                                                                              0.2,
                                                                              8]},
                                               'reader': {'bn_kwargs': None,
                                                          'hw_reverse': True,
                                                          'num_filters': [64],
                                                          'num_input_features': 5,
                                                          'pc_range': [-51.2,
                                                                       -51.2,
                                                                       -5.0,
                                                                       51.2,
                                                                       51.2,
                                                                       3.0],
                                                          'pool_size': [20, 1],
                                                          'quantize': True,
                                                          'type': 'PillarFeatureNet',
                                                          'use_4dim': True,
                                                          'use_conv': True,
                                                          'voxel_size': [0.2,
                                                                         0.2,
                                                                         8],
                                                          'with_distance': False},
                                               'type': 'CenterPointDetector'},
                             'type': 'BevFusion'},
                   'model_convert_pipeline': {'converters': [{'allow_miss': True,
                                                              'checkpoint_path': './tmp_models/bevformer_henet_camera_multitask_nuscenes/float-checkpoint-last.pth.tar',
                                                              'ignore_extra': True,
                                                              'type': 'LoadCheckpoint',
                                                              'verbose': True},
                                                             {'allow_miss': True,
                                                              'checkpoint_path': './tmp_pretrained_models/centerpoint_pointpillar_nuscenes/float-checkpoint-last.pth.tar',
                                                              'ignore_extra': True,
                                                              'state_dict_update_func': <function remap_lidar_centerpoint_state_dict at 0x7f9b02efa320>,
                                                              'type': 'LoadCheckpoint',
                                                              'verbose': True}],
                                              'type': 'ModelConvertPipeline'},
                   'num_epochs': 24,
                   'optimizer': {'betas': [0.95, 0.99],
                                 'lr': 0.0004,
                                 'params': {'bev_decoders': {'lr_mult': 3.0},
                                            'camera_net.backbone': {'lr_mult': 0.1},
                                            'lidar_net': {'lr_mult': 0.1}},
                                 'type': <class 'torch.optim.adamw.AdamW'>,
                                 'weight_decay': 0.01},
                   'stop_by': 'epoch',
                   'sync_bn': True,
                   'train_metrics': {'type': 'LossShow'},
                   'type': 'distributed_data_parallel_trainer',
                   'val_metrics': [{'classes': ['car',
                                                'truck',
                                                'trailer',
                                                'bus',
                                                'construction_vehicle',
                                                'bicycle',
                                                'motorcycle',
                                                'pedestrian',
                                                'traffic_cone',
                                                'barrier'],
                                    'data_root': 'data/nuscenes',
                                    'lidar_key': 'sensor2ego',
                                    'save_prefix': './metric_results/bevfusion_centerpoint_pointpillar_henet_multisensor_multitask_nuscenes_opt',
                                    'trans_lidar_dim': True,
                                    'trans_lidar_rot': False,
                                    'type': 'NuscenesMetric',
                                    'use_lidar': True,
                                    'version': 'v1.0-trainval'},
                                   {'ignore_index': 17,
                                    'seg_class': ['others',
                                                  'barrier',
                                                  'bicycle',
                                                  'bus',
                                                  'car',
                                                  'construction_vehicle',
                                                  'motorcycle',
                                                  'pedestrian',
                                                  'traffic_cone',
                                                  'trailer',
                                                  'truck',
                                                  'driveable_surface',
                                                  'other_flat',
                                                  'sidewalk',
                                                  'terrain',
                                                  'manmade',
                                                  'vegetation'],
                                    'type': 'MeanIOU'}]},
 'fused_bev_channels': 256,
 'get_centerpoint_preds': <function get_centerpoint_preds at 0x7f9b02efa200>,
 'get_feature_map_size': <function get_feature_map_size at 0x7f9b02efadd0>,
 'grad_callback': {'clip_grad_norm': 35,
                   'clip_norm_type': 2,
                   'module_and_scale': [],
                   'type': 'GradScale'},
 'hbir_deploy_model': {'bev_decoders': [{'bev_size': [51.2, 51.2, 0.8],
                                         'decode_to_lidar': True,
                                         'decoder': {'bev_size': [51.2,
                                                                  51.2,
                                                                  0.8],
                                                     'class_names': ['car',
                                                                     'truck',
                                                                     'trailer',
                                                                     'bus',
                                                                     'construction_vehicle',
                                                                     'bicycle',
                                                                     'motorcycle',
                                                                     'pedestrian',
                                                                     'traffic_cone',
                                                                     'barrier'],
                                                     'decode_to_ego': False,
                                                     'min_radius': [4,
                                                                    12,
                                                                    10,
                                                                    1,
                                                                    0.85,
                                                                    0.175],
                                                     'nms_threshold': [0.2,
                                                                       0.2,
                                                                       0.2,
                                                                       0.2,
                                                                       0.2,
                                                                       0.5],
                                                     'nms_type': ['rotate',
                                                                  'rotate',
                                                                  'rotate',
                                                                  'circle',
                                                                  'rotate',
                                                                  'rotate'],
                                                     'norm_bbox': True,
                                                     'out_size_factor': 1,
                                                     'score_threshold': 0.08,
                                                     'tasks': [{'class_names': ['car'],
                                                                'name': 'car',
                                                                'num_class': 1},
                                                               {'class_names': ['truck',
                                                                                'construction_vehicle'],
                                                                'name': 'truck',
                                                                'num_class': 2},
                                                               {'class_names': ['bus',
                                                                                'trailer'],
                                                                'name': 'bus',
                                                                'num_class': 2},
                                                               {'class_names': ['barrier'],
                                                                'name': 'barrier',
                                                                'num_class': 1},
                                                               {'class_names': ['motorcycle',
                                                                                'bicycle'],
                                                                'name': 'bicycle',
                                                                'num_class': 2},
                                                               {'class_names': ['pedestrian',
                                                                                'traffic_cone'],
                                                                'name': 'pedestrian',
                                                                'num_class': 2}],
                                                     'type': 'CenterPointDecoder',
                                                     'use_max_pool': True},
                                         'head': {'common_heads': {'dim': [3,
                                                                           2],
                                                                   'height': [1,
                                                                              2],
                                                                   'reg': [2,
                                                                           2],
                                                                   'rot': [2,
                                                                           2],
                                                                   'vel': [2,
                                                                           2]},
                                                  'final_kernel': 3,
                                                  'head_conv_channels': 64,
                                                  'in_channels': 256,
                                                  'init_bias': -2.19,
                                                  'share_conv_channels': 64,
                                                  'share_conv_num': 1,
                                                  'tasks': [{'class_names': ['car'],
                                                             'name': 'car',
                                                             'num_class': 1},
                                                            {'class_names': ['truck',
                                                                             'construction_vehicle'],
                                                             'name': 'truck',
                                                             'num_class': 2},
                                                            {'class_names': ['bus',
                                                                             'trailer'],
                                                             'name': 'bus',
                                                             'num_class': 2},
                                                            {'class_names': ['barrier'],
                                                             'name': 'barrier',
                                                             'num_class': 1},
                                                            {'class_names': ['motorcycle',
                                                                             'bicycle'],
                                                             'name': 'bicycle',
                                                             'num_class': 2},
                                                            {'class_names': ['pedestrian',
                                                                             'traffic_cone'],
                                                             'name': 'pedestrian',
                                                             'num_class': 2}],
                                                  'type': 'CenterPointHead'},
                                         'loss_cls': {'eps': 0.0001,
                                                      'loss_weight': 1.0,
                                                      'type': 'ClampedGaussianFocalLoss'},
                                         'loss_reg': {'loss_weight': 0.25,
                                                      'type': 'L1Loss'},
                                         'name': 'bev_det',
                                         'point_cloud_range': [-51.2,
                                                               -51.2,
                                                               -5.0,
                                                               51.2,
                                                               51.2,
                                                               3.0],
                                         'target': {'bbox_weight': [1.0,
                                                                    1.0,
                                                                    1.0,
                                                                    1.0,
                                                                    1.0,
                                                                    1.0,
                                                                    1.0,
                                                                    1.0,
                                                                    0.2,
                                                                    0.2],
                                                    'class_names': ['car',
                                                                    'truck',
                                                                    'trailer',
                                                                    'bus',
                                                                    'construction_vehicle',
                                                                    'bicycle',
                                                                    'motorcycle',
                                                                    'pedestrian',
                                                                    'traffic_cone',
                                                                    'barrier'],
                                                    'gaussian_overlap': 0.1,
                                                    'max_num': 500,
                                                    'min_radius': 2,
                                                    'norm_bbox': True,
                                                    'out_size_factor': 1,
                                                    'tasks': [{'class_names': ['car'],
                                                               'name': 'car',
                                                               'num_class': 1},
                                                              {'class_names': ['truck',
                                                                               'construction_vehicle'],
                                                               'name': 'truck',
                                                               'num_class': 2},
                                                              {'class_names': ['bus',
                                                                               'trailer'],
                                                               'name': 'bus',
                                                               'num_class': 2},
                                                              {'class_names': ['barrier'],
                                                               'name': 'barrier',
                                                               'num_class': 1},
                                                              {'class_names': ['motorcycle',
                                                                               'bicycle'],
                                                               'name': 'bicycle',
                                                               'num_class': 2},
                                                              {'class_names': ['pedestrian',
                                                                               'traffic_cone'],
                                                               'name': 'pedestrian',
                                                               'num_class': 2}],
                                                    'type': 'CenterPointTarget'},
                                         'task_weight': 1.0,
                                         'type': 'BevFusionCenterPointDetDecoder'},
                                        {'camera_input': True,
                                         'lidar_input': True,
                                         'loss_occ': {'ignore_index': 255,
                                                      'loss_weight': 6.0,
                                                      'type': 'CrossEntropyLoss',
                                                      'use_sigmoid': False},
                                         'num_classes': 18,
                                         'occ_head': {'Dz': 16,
                                                      'in_dim': 256,
                                                      'num_classes': 18,
                                                      'out_dim': 128,
                                                      'type': 'BEVOCCHead2D',
                                                      'use_predicter': True,
                                                      'use_upsample': True},
                                         'roi_resizer': {'in_strides': [1],
                                                         'roi_resize_cfgs': [{'in_stride': 1,
                                                                              'roi_box': [14,
                                                                                          14,
                                                                                          114,
                                                                                          114]}],
                                                         'type': 'RoiResize'},
                                         'type': 'BevformerOccDetDecoder',
                                         'use_mask': True}],
                       'bev_h': 128,
                       'bev_w': 128,
                       'camera_network': {'backbone': {'act_layer': ['nn.GELU',
                                                                     'nn.GELU',
                                                                     'nn.GELU',
                                                                     'nn.GELU'],
                                                       'attention_block_num': [0,
                                                                               0,
                                                                               0,
                                                                               0],
                                                       'block_cls': ['GroupDWCB',
                                                                     'GroupDWCB',
                                                                     'AltDWCB',
                                                                     'DWCB'],
                                                       'block_nums': [4,
                                                                      3,
                                                                      8,
                                                                      6],
                                                       'down_cls': ['S2DDown',
                                                                    'S2DDown',
                                                                    'S2DDown',
                                                                    'None'],
                                                       'embed_dims': [64,
                                                                      128,
                                                                      192,
                                                                      384],
                                                       'extra_act': [False,
                                                                     False,
                                                                     False,
                                                                     False],
                                                       'feature_mix_channel': 1024,
                                                       'final_expand_channel': 0,
                                                       'in_channels': 3,
                                                       'include_top': False,
                                                       'layer_scale_init_value': 1e-05,
                                                       'mlp_ratio_attn': 2,
                                                       'mlp_ratios': [2,
                                                                      2,
                                                                      2,
                                                                      3],
                                                       'num_classes': 1000,
                                                       'patch_embed': 'origin',
                                                       'type': 'HENet',
                                                       'use_layer_scale': [True,
                                                                           True,
                                                                           True,
                                                                           True]},
                                          'neck': {'bn_kwargs': {'eps': 1e-05,
                                                                 'momentum': 0.1},
                                                   'in_channels': [384],
                                                   'in_strides': [32],
                                                   'out_channels': [256],
                                                   'out_strides': [32],
                                                   'type': 'FPN'},
                                          'out_indices': [-1],
                                          'type': 'BevFormer',
                                          'view_transformer': {'bev_h': 128,
                                                               'bev_w': 128,
                                                               'embed_dims': 256,
                                                               'encoder': {'bev_h': 128,
                                                                           'bev_w': 128,
                                                                           'embed_dims': 256,
                                                                           'encoder_layer': {'crossattention': {'bev_h': 128,
                                                                                                                'bev_w': 128,
                                                                                                                'deformable_attention': {'embed_dims': 256,
                                                                                                                                         'feats_size': [[30,
                                                                                                                                                         16]],
                                                                                                                                         'grid_align_num': 64,
                                                                                                                                         'num_levels': 1,
                                                                                                                                         'num_points': 2,
                                                                                                                                         'type': 'HorizonMultiScaleDeformableAttention3D'},
                                                                                                                'embed_dims': 256,
                                                                                                                'max_camoverlap_num': 2,
                                                                                                                'type': 'HorizonSpatialCrossAttention'},
                                                                                             'dropout': 0.1,
                                                                                             'embed_dims': 256,
                                                                                             'selfattention': {'batch_first': True,
                                                                                                               'embed_dims': 256,
                                                                                                               'feats_size': [[128,
                                                                                                                               128]],
                                                                                                               'grid_align_num': 4,
                                                                                                               'num_levels': 1,
                                                                                                               'num_points': 2,
                                                                                                               'type': 'HorizonMultiScaleDeformableAttention'},
                                                                                             'type': 'SingleBEVFormerEncoderLayer'},
                                                                           'num_layers': 1,
                                                                           'return_intermediate': False,
                                                                           'type': 'SingleBEVFormerEncoder'},
                                                               'in_indices': [-1],
                                                               'max_camoverlap_num': 2,
                                                               'num_points_in_pillar': 2,
                                                               'pc_range': [-51.2,
                                                                            -51.2,
                                                                            -5.0,
                                                                            51.2,
                                                                            51.2,
                                                                            3.0],
                                                               'positional_encoding': {'col_num_embed': 128,
                                                                                       'num_feats': 128,
                                                                                       'row_num_embed': 128,
                                                                                       'type': 'LearnedPositionalEncoding'},
                                                               'queue_length': 1,
                                                               'single_bev': True,
                                                               'type': 'SingleBevFormerViewTransformer',
                                                               'use_lidar2img': True,
                                                               'virtual_bev_h': 64,
                                                               'virtual_bev_w': 80}},
                       'fuse_module': {'fuse_c': 256,
                                       'input_c': 640,
                                       'type': 'BevFuseModule'},
                       'lidar_network': {'backbone': {'num_input_features': 64,
                                                      'quantize': True,
                                                      'type': 'PointPillarScatter',
                                                      'use_horizon_pillar_scatter': True},
                                         'feature_map_shape': array([512, 512,   1]),
                                         'neck': {'bn_kwargs': None,
                                                  'down_layer_channels': [64,
                                                                          128,
                                                                          256],
                                                  'down_layer_nums': [3, 5, 5],
                                                  'down_layer_strides': [2,
                                                                         2,
                                                                         2],
                                                  'in_feature_channel': 64,
                                                  'quantize': True,
                                                  'type': 'SECONDNeck',
                                                  'up_layer_channels': [128,
                                                                        128,
                                                                        128],
                                                  'up_layer_strides': [0.5,
                                                                       1,
                                                                       2],
                                                  'use_relu6': False},
                                         'pre_process': {'fixed_voxels_num': 30000,
                                                         'max_points_in_voxel': 20,
                                                         'max_voxels_num': [30000,
                                                                            40000],
                                                         'norm_dims': [0,
                                                                       1,
                                                                       2,
                                                                       3],
                                                         'norm_range': [-51.2,
                                                                        -51.2,
                                                                        -5.0,
                                                                        0.0,
                                                                        51.2,
                                                                        51.2,
                                                                        3.0,
                                                                        255.0],
                                                         'pc_range': [-51.2,
                                                                      -51.2,
                                                                      -5.0,
                                                                      51.2,
                                                                      51.2,
                                                                      3.0],
                                                         'type': 'PaddedCenterPointPreProcess',
                                                         'voxel_size': [0.2,
                                                                        0.2,
                                                                        8]},
                                         'reader': {'bn_kwargs': None,
                                                    'hw_reverse': True,
                                                    'num_filters': [64],
                                                    'num_input_features': 5,
                                                    'pc_range': [-51.2,
                                                                 -51.2,
                                                                 -5.0,
                                                                 51.2,
                                                                 51.2,
                                                                 3.0],
                                                    'pool_size': [20, 1],
                                                    'quantize': True,
                                                    'type': 'PillarFeatureNet',
                                                    'use_4dim': True,
                                                    'use_conv': True,
                                                    'voxel_size': [0.2, 0.2, 8],
                                                    'with_distance': False},
                                         'type': 'CenterPointDetector'},
                       'type': 'BevFusion'},
 'hbir_exporter': {'example_inputs': {'bev_pillar_counts': torch.Size([1, 16384, 1]),
                                      'coors': torch.Size([40000, 4]),
                                      'features': torch.Size([1, 5, 20, 40000]),
                                      'img': torch.Size([6, 3, 512, 960]),
                                      'queries_rebatch_grid': torch.Size([6, 64, 80, 2]),
                                      'reference_points_rebatch': torch.Size([6, 5120, 2, 2]),
                                      'restore_bev_grid': torch.Size([1, 256, 128, 2])},
                   'input_names': ['features',
                                   'coors',
                                   'img',
                                   'queries_rebatch_grid',
                                   'restore_bev_grid',
                                   'reference_points_rebatch',
                                   'bev_pillar_counts'],
                   'march': 'nash-m',
                   'model': {'bev_decoders': [{'bev_size': [51.2, 51.2, 0.8],
                                               'decode_to_lidar': True,
                                               'head': {'common_heads': {'dim': [3,
                                                                                 2],
                                                                         'height': [1,
                                                                                    2],
                                                                         'reg': [2,
                                                                                 2],
                                                                         'rot': [2,
                                                                                 2],
                                                                         'vel': [2,
                                                                                 2]},
                                                        'final_kernel': 3,
                                                        'head_conv_channels': 64,
                                                        'in_channels': 256,
                                                        'init_bias': -2.19,
                                                        'share_conv_channels': 64,
                                                        'share_conv_num': 1,
                                                        'tasks': [{'class_names': ['car'],
                                                                   'name': 'car',
                                                                   'num_class': 1},
                                                                  {'class_names': ['truck',
                                                                                   'construction_vehicle'],
                                                                   'name': 'truck',
                                                                   'num_class': 2},
                                                                  {'class_names': ['bus',
                                                                                   'trailer'],
                                                                   'name': 'bus',
                                                                   'num_class': 2},
                                                                  {'class_names': ['barrier'],
                                                                   'name': 'barrier',
                                                                   'num_class': 1},
                                                                  {'class_names': ['motorcycle',
                                                                                   'bicycle'],
                                                                   'name': 'bicycle',
                                                                   'num_class': 2},
                                                                  {'class_names': ['pedestrian',
                                                                                   'traffic_cone'],
                                                                   'name': 'pedestrian',
                                                                   'num_class': 2}],
                                                        'type': 'CenterPointHead'},
                                               'is_compile': True,
                                               'name': 'bev_det',
                                               'point_cloud_range': [-51.2,
                                                                     -51.2,
                                                                     -5.0,
                                                                     51.2,
                                                                     51.2,
                                                                     3.0],
                                               'task_weight': 1.0,
                                               'type': 'BevFusionCenterPointDetDecoder'},
                                              {'camera_input': True,
                                               'is_compile': True,
                                               'lidar_input': True,
                                               'num_classes': 18,
                                               'occ_head': {'Dz': 16,
                                                            'in_dim': 256,
                                                            'num_classes': 18,
                                                            'out_dim': 128,
                                                            'type': 'BEVOCCHead2D',
                                                            'use_predicter': True,
                                                            'use_upsample': True},
                                               'roi_resizer': {'in_strides': [1],
                                                               'roi_resize_cfgs': [{'in_stride': 1,
                                                                                    'roi_box': [14,
                                                                                                14,
                                                                                                114,
                                                                                                114]}],
                                                               'type': 'RoiResize'},
                                               'type': 'BevformerOccDetDecoder',
                                               'use_mask': True}],
                             'bev_h': 128,
                             'bev_w': 128,
                             'camera_network': {'backbone': {'act_layer': ['nn.GELU',
                                                                           'nn.GELU',
                                                                           'nn.GELU',
                                                                           'nn.GELU'],
                                                             'attention_block_num': [0,
                                                                                     0,
                                                                                     0,
                                                                                     0],
                                                             'block_cls': ['GroupDWCB',
                                                                           'GroupDWCB',
                                                                           'AltDWCB',
                                                                           'DWCB'],
                                                             'block_nums': [4,
                                                                            3,
                                                                            8,
                                                                            6],
                                                             'down_cls': ['S2DDown',
                                                                          'S2DDown',
                                                                          'S2DDown',
                                                                          'None'],
                                                             'embed_dims': [64,
                                                                            128,
                                                                            192,
                                                                            384],
                                                             'extra_act': [False,
                                                                           False,
                                                                           False,
                                                                           False],
                                                             'feature_mix_channel': 1024,
                                                             'final_expand_channel': 0,
                                                             'in_channels': 3,
                                                             'include_top': False,
                                                             'layer_scale_init_value': 1e-05,
                                                             'mlp_ratio_attn': 2,
                                                             'mlp_ratios': [2,
                                                                            2,
                                                                            2,
                                                                            3],
                                                             'num_classes': 1000,
                                                             'patch_embed': 'origin',
                                                             'type': 'HENet',
                                                             'use_layer_scale': [True,
                                                                                 True,
                                                                                 True,
                                                                                 True]},
                                                'neck': {'bn_kwargs': {'eps': 1e-05,
                                                                       'momentum': 0.1},
                                                         'in_channels': [384],
                                                         'in_strides': [32],
                                                         'out_channels': [256],
                                                         'out_strides': [32],
                                                         'type': 'FPN'},
                                                'out_indices': [-1],
                                                'type': 'BevFormer',
                                                'view_transformer': {'bev_h': 128,
                                                                     'bev_w': 128,
                                                                     'embed_dims': 256,
                                                                     'encoder': {'bev_h': 128,
                                                                                 'bev_w': 128,
                                                                                 'embed_dims': 256,
                                                                                 'encoder_layer': {'crossattention': {'bev_h': 128,
                                                                                                                      'bev_w': 128,
                                                                                                                      'deformable_attention': {'embed_dims': 256,
                                                                                                                                               'feats_size': [[30,
                                                                                                                                                               16]],
                                                                                                                                               'grid_align_num': 64,
                                                                                                                                               'num_levels': 1,
                                                                                                                                               'num_points': 2,
                                                                                                                                               'type': 'HorizonMultiScaleDeformableAttention3D'},
                                                                                                                      'embed_dims': 256,
                                                                                                                      'max_camoverlap_num': 2,
                                                                                                                      'type': 'HorizonSpatialCrossAttention'},
                                                                                                   'dropout': 0.1,
                                                                                                   'embed_dims': 256,
                                                                                                   'selfattention': {'batch_first': True,
                                                                                                                     'embed_dims': 256,
                                                                                                                     'feats_size': [[128,
                                                                                                                                     128]],
                                                                                                                     'grid_align_num': 4,
                                                                                                                     'num_levels': 1,
                                                                                                                     'num_points': 2,
                                                                                                                     'type': 'HorizonMultiScaleDeformableAttention'},
                                                                                                   'type': 'SingleBEVFormerEncoderLayer'},
                                                                                 'num_layers': 1,
                                                                                 'return_intermediate': False,
                                                                                 'type': 'SingleBEVFormerEncoder'},
                                                                     'in_indices': [-1],
                                                                     'is_compile': True,
                                                                     'max_camoverlap_num': 2,
                                                                     'num_points_in_pillar': 2,
                                                                     'pc_range': [-51.2,
                                                                                  -51.2,
                                                                                  -5.0,
                                                                                  51.2,
                                                                                  51.2,
                                                                                  3.0],
                                                                     'positional_encoding': {'col_num_embed': 128,
                                                                                             'num_feats': 128,
                                                                                             'row_num_embed': 128,
                                                                                             'type': 'LearnedPositionalEncoding'},
                                                                     'queue_length': 1,
                                                                     'single_bev': True,
                                                                     'type': 'SingleBevFormerViewTransformer',
                                                                     'use_lidar2img': True,
                                                                     'virtual_bev_h': 64,
                                                                     'virtual_bev_w': 80}},
                             'fuse_module': {'fuse_c': 256,
                                             'input_c': 640,
                                             'type': 'BevFuseModule'},
                             'lidar_network': {'backbone': {'num_input_features': 64,
                                                            'quantize': True,
                                                            'type': 'PointPillarScatter',
                                                            'use_horizon_pillar_scatter': True},
                                               'feature_map_shape': array([512, 512,   1]),
                                               'neck': {'bn_kwargs': None,
                                                        'down_layer_channels': [64,
                                                                                128,
                                                                                256],
                                                        'down_layer_nums': [3,
                                                                            5,
                                                                            5],
                                                        'down_layer_strides': [2,
                                                                               2,
                                                                               2],
                                                        'in_feature_channel': 64,
                                                        'quantize': True,
                                                        'type': 'SECONDNeck',
                                                        'up_layer_channels': [128,
                                                                              128,
                                                                              128],
                                                        'up_layer_strides': [0.5,
                                                                             1,
                                                                             2],
                                                        'use_relu6': False},
                                               'reader': {'bn_kwargs': None,
                                                          'hw_reverse': True,
                                                          'num_filters': [64],
                                                          'num_input_features': 5,
                                                          'pc_range': [-51.2,
                                                                       -51.2,
                                                                       -5.0,
                                                                       51.2,
                                                                       51.2,
                                                                       3.0],
                                                          'pool_size': [20, 1],
                                                          'quantize': True,
                                                          'type': 'PillarFeatureNet',
                                                          'use_4dim': True,
                                                          'use_conv': True,
                                                          'voxel_size': [0.2,
                                                                         0.2,
                                                                         8],
                                                          'with_distance': False},
                                               'type': 'CenterPointDetector'},
                             'type': 'BevFusion'},
                   'model_convert_pipeline': {'converters': [{'type': 'RepModel2Deploy'},
                                                             {'convert_mode': 'jit-strip',
                                                              'example_inputs': {'bev_pillar_counts': torch.Size([1, 16384, 1]),
                                                                                 'coors': torch.Size([40000, 4]),
                                                                                 'features': torch.Size([1, 5, 20, 40000]),
                                                                                 'img': torch.Size([6, 3, 512, 960]),
                                                                                 'queries_rebatch_grid': torch.Size([6, 64, 80, 2]),
                                                                                 'reference_points_rebatch': torch.Size([6, 5120, 2, 2]),
                                                                                 'restore_bev_grid': torch.Size([1, 256, 128, 2])},
                                                              'type': 'Float2QAT'},
                                                             {'allow_miss': True,
                                                              'checkpoint_path': './tmp_models/bevfusion_centerpoint_pointpillar_henet_multisensor_multitask_nuscenes_opt/qat-checkpoint-last.pth.tar',
                                                              'ignore_extra': True,
                                                              'type': 'LoadCheckpoint',
                                                              'verbose': True},
                                                             {'type': 'SetQuantRoundingMode'}],
                                              'qat_mode': 'fuse_bn',
                                              'type': 'ModelConvertPipeline'},
                   'model_name': 'bevfusion_centerpoint_pointpillar_henet_multisensor_multitask_nuscenes_opt',
                   'save_path': './tmp_models/bevfusion_centerpoint_pointpillar_henet_multisensor_multitask_nuscenes_opt',
                   'type': 'HbirExporter'},
 'hbir_infer_model': {'deploy_model': {'bev_decoders': [{'bev_size': [51.2,
                                                                      51.2,
                                                                      0.8],
                                                         'decode_to_lidar': True,
                                                         'decoder': {'bev_size': [51.2,
                                                                                  51.2,
                                                                                  0.8],
                                                                     'class_names': ['car',
                                                                                     'truck',
                                                                                     'trailer',
                                                                                     'bus',
                                                                                     'construction_vehicle',
                                                                                     'bicycle',
                                                                                     'motorcycle',
                                                                                     'pedestrian',
                                                                                     'traffic_cone',
                                                                                     'barrier'],
                                                                     'decode_to_ego': False,
                                                                     'min_radius': [4,
                                                                                    12,
                                                                                    10,
                                                                                    1,
                                                                                    0.85,
                                                                                    0.175],
                                                                     'nms_threshold': [0.2,
                                                                                       0.2,
                                                                                       0.2,
                                                                                       0.2,
                                                                                       0.2,
                                                                                       0.5],
                                                                     'nms_type': ['rotate',
                                                                                  'rotate',
                                                                                  'rotate',
                                                                                  'circle',
                                                                                  'rotate',
                                                                                  'rotate'],
                                                                     'norm_bbox': True,
                                                                     'out_size_factor': 1,
                                                                     'score_threshold': 0.08,
                                                                     'tasks': [{'class_names': ['car'],
                                                                                'name': 'car',
                                                                                'num_class': 1},
                                                                               {'class_names': ['truck',
                                                                                                'construction_vehicle'],
                                                                                'name': 'truck',
                                                                                'num_class': 2},
                                                                               {'class_names': ['bus',
                                                                                                'trailer'],
                                                                                'name': 'bus',
                                                                                'num_class': 2},
                                                                               {'class_names': ['barrier'],
                                                                                'name': 'barrier',
                                                                                'num_class': 1},
                                                                               {'class_names': ['motorcycle',
                                                                                                'bicycle'],
                                                                                'name': 'bicycle',
                                                                                'num_class': 2},
                                                                               {'class_names': ['pedestrian',
                                                                                                'traffic_cone'],
                                                                                'name': 'pedestrian',
                                                                                'num_class': 2}],
                                                                     'type': 'CenterPointDecoder',
                                                                     'use_max_pool': True},
                                                         'head': {'common_heads': {'dim': [3,
                                                                                           2],
                                                                                   'height': [1,
                                                                                              2],
                                                                                   'reg': [2,
                                                                                           2],
                                                                                   'rot': [2,
                                                                                           2],
                                                                                   'vel': [2,
                                                                                           2]},
                                                                  'final_kernel': 3,
                                                                  'head_conv_channels': 64,
                                                                  'in_channels': 256,
                                                                  'init_bias': -2.19,
                                                                  'share_conv_channels': 64,
                                                                  'share_conv_num': 1,
                                                                  'tasks': [{'class_names': ['car'],
                                                                             'name': 'car',
                                                                             'num_class': 1},
                                                                            {'class_names': ['truck',
                                                                                             'construction_vehicle'],
                                                                             'name': 'truck',
                                                                             'num_class': 2},
                                                                            {'class_names': ['bus',
                                                                                             'trailer'],
                                                                             'name': 'bus',
                                                                             'num_class': 2},
                                                                            {'class_names': ['barrier'],
                                                                             'name': 'barrier',
                                                                             'num_class': 1},
                                                                            {'class_names': ['motorcycle',
                                                                                             'bicycle'],
                                                                             'name': 'bicycle',
                                                                             'num_class': 2},
                                                                            {'class_names': ['pedestrian',
                                                                                             'traffic_cone'],
                                                                             'name': 'pedestrian',
                                                                             'num_class': 2}],
                                                                  'type': 'CenterPointHead'},
                                                         'loss_cls': {'eps': 0.0001,
                                                                      'loss_weight': 1.0,
                                                                      'type': 'ClampedGaussianFocalLoss'},
                                                         'loss_reg': {'loss_weight': 0.25,
                                                                      'type': 'L1Loss'},
                                                         'name': 'bev_det',
                                                         'point_cloud_range': [-51.2,
                                                                               -51.2,
                                                                               -5.0,
                                                                               51.2,
                                                                               51.2,
                                                                               3.0],
                                                         'target': {'bbox_weight': [1.0,
                                                                                    1.0,
                                                                                    1.0,
                                                                                    1.0,
                                                                                    1.0,
                                                                                    1.0,
                                                                                    1.0,
                                                                                    1.0,
                                                                                    0.2,
                                                                                    0.2],
                                                                    'class_names': ['car',
                                                                                    'truck',
                                                                                    'trailer',
                                                                                    'bus',
                                                                                    'construction_vehicle',
                                                                                    'bicycle',
                                                                                    'motorcycle',
                                                                                    'pedestrian',
                                                                                    'traffic_cone',
                                                                                    'barrier'],
                                                                    'gaussian_overlap': 0.1,
                                                                    'max_num': 500,
                                                                    'min_radius': 2,
                                                                    'norm_bbox': True,
                                                                    'out_size_factor': 1,
                                                                    'tasks': [{'class_names': ['car'],
                                                                               'name': 'car',
                                                                               'num_class': 1},
                                                                              {'class_names': ['truck',
                                                                                               'construction_vehicle'],
                                                                               'name': 'truck',
                                                                               'num_class': 2},
                                                                              {'class_names': ['bus',
                                                                                               'trailer'],
                                                                               'name': 'bus',
                                                                               'num_class': 2},
                                                                              {'class_names': ['barrier'],
                                                                               'name': 'barrier',
                                                                               'num_class': 1},
                                                                              {'class_names': ['motorcycle',
                                                                                               'bicycle'],
                                                                               'name': 'bicycle',
                                                                               'num_class': 2},
                                                                              {'class_names': ['pedestrian',
                                                                                               'traffic_cone'],
                                                                               'name': 'pedestrian',
                                                                               'num_class': 2}],
                                                                    'type': 'CenterPointTarget'},
                                                         'task_weight': 1.0,
                                                         'type': 'BevFusionCenterPointDetDecoder'},
                                                        {'camera_input': True,
                                                         'lidar_input': True,
                                                         'loss_occ': {'ignore_index': 255,
                                                                      'loss_weight': 6.0,
                                                                      'type': 'CrossEntropyLoss',
                                                                      'use_sigmoid': False},
                                                         'num_classes': 18,
                                                         'occ_head': {'Dz': 16,
                                                                      'in_dim': 256,
                                                                      'num_classes': 18,
                                                                      'out_dim': 128,
                                                                      'type': 'BEVOCCHead2D',
                                                                      'use_predicter': True,
                                                                      'use_upsample': True},
                                                         'roi_resizer': {'in_strides': [1],
                                                                         'roi_resize_cfgs': [{'in_stride': 1,
                                                                                              'roi_box': [14,
                                                                                                          14,
                                                                                                          114,
                                                                                                          114]}],
                                                                         'type': 'RoiResize'},
                                                         'type': 'BevformerOccDetDecoder',
                                                         'use_mask': True}],
                                       'bev_h': 128,
                                       'bev_w': 128,
                                       'camera_network': {'backbone': {'act_layer': ['nn.GELU',
                                                                                     'nn.GELU',
                                                                                     'nn.GELU',
                                                                                     'nn.GELU'],
                                                                       'attention_block_num': [0,
                                                                                               0,
                                                                                               0,
                                                                                               0],
                                                                       'block_cls': ['GroupDWCB',
                                                                                     'GroupDWCB',
                                                                                     'AltDWCB',
                                                                                     'DWCB'],
                                                                       'block_nums': [4,
                                                                                      3,
                                                                                      8,
                                                                                      6],
                                                                       'down_cls': ['S2DDown',
                                                                                    'S2DDown',
                                                                                    'S2DDown',
                                                                                    'None'],
                                                                       'embed_dims': [64,
                                                                                      128,
                                                                                      192,
                                                                                      384],
                                                                       'extra_act': [False,
                                                                                     False,
                                                                                     False,
                                                                                     False],
                                                                       'feature_mix_channel': 1024,
                                                                       'final_expand_channel': 0,
                                                                       'in_channels': 3,
                                                                       'include_top': False,
                                                                       'layer_scale_init_value': 1e-05,
                                                                       'mlp_ratio_attn': 2,
                                                                       'mlp_ratios': [2,
                                                                                      2,
                                                                                      2,
                                                                                      3],
                                                                       'num_classes': 1000,
                                                                       'patch_embed': 'origin',
                                                                       'type': 'HENet',
                                                                       'use_layer_scale': [True,
                                                                                           True,
                                                                                           True,
                                                                                           True]},
                                                          'neck': {'bn_kwargs': {'eps': 1e-05,
                                                                                 'momentum': 0.1},
                                                                   'in_channels': [384],
                                                                   'in_strides': [32],
                                                                   'out_channels': [256],
                                                                   'out_strides': [32],
                                                                   'type': 'FPN'},
                                                          'out_indices': [-1],
                                                          'type': 'BevFormer',
                                                          'view_transformer': {'bev_h': 128,
                                                                               'bev_w': 128,
                                                                               'embed_dims': 256,
                                                                               'encoder': {'bev_h': 128,
                                                                                           'bev_w': 128,
                                                                                           'embed_dims': 256,
                                                                                           'encoder_layer': {'crossattention': {'bev_h': 128,
                                                                                                                                'bev_w': 128,
                                                                                                                                'deformable_attention': {'embed_dims': 256,
                                                                                                                                                         'feats_size': [[30,
                                                                                                                                                                         16]],
                                                                                                                                                         'grid_align_num': 64,
                                                                                                                                                         'num_levels': 1,
                                                                                                                                                         'num_points': 2,
                                                                                                                                                         'type': 'HorizonMultiScaleDeformableAttention3D'},
                                                                                                                                'embed_dims': 256,
                                                                                                                                'max_camoverlap_num': 2,
                                                                                                                                'type': 'HorizonSpatialCrossAttention'},
                                                                                                             'dropout': 0.1,
                                                                                                             'embed_dims': 256,
                                                                                                             'selfattention': {'batch_first': True,
                                                                                                                               'embed_dims': 256,
                                                                                                                               'feats_size': [[128,
                                                                                                                                               128]],
                                                                                                                               'grid_align_num': 4,
                                                                                                                               'num_levels': 1,
                                                                                                                               'num_points': 2,
                                                                                                                               'type': 'HorizonMultiScaleDeformableAttention'},
                                                                                                             'type': 'SingleBEVFormerEncoderLayer'},
                                                                                           'num_layers': 1,
                                                                                           'return_intermediate': False,
                                                                                           'type': 'SingleBEVFormerEncoder'},
                                                                               'in_indices': [-1],
                                                                               'max_camoverlap_num': 2,
                                                                               'num_points_in_pillar': 2,
                                                                               'pc_range': [-51.2,
                                                                                            -51.2,
                                                                                            -5.0,
                                                                                            51.2,
                                                                                            51.2,
                                                                                            3.0],
                                                                               'positional_encoding': {'col_num_embed': 128,
                                                                                                       'num_feats': 128,
                                                                                                       'row_num_embed': 128,
                                                                                                       'type': 'LearnedPositionalEncoding'},
                                                                               'queue_length': 1,
                                                                               'single_bev': True,
                                                                               'type': 'SingleBevFormerViewTransformer',
                                                                               'use_lidar2img': True,
                                                                               'virtual_bev_h': 64,
                                                                               'virtual_bev_w': 80}},
                                       'fuse_module': {'fuse_c': 256,
                                                       'input_c': 640,
                                                       'type': 'BevFuseModule'},
                                       'lidar_network': {'backbone': {'num_input_features': 64,
                                                                      'quantize': True,
                                                                      'type': 'PointPillarScatter',
                                                                      'use_horizon_pillar_scatter': True},
                                                         'feature_map_shape': array([512, 512,   1]),
                                                         'neck': {'bn_kwargs': None,
                                                                  'down_layer_channels': [64,
                                                                                          128,
                                                                                          256],
                                                                  'down_layer_nums': [3,
                                                                                      5,
                                                                                      5],
                                                                  'down_layer_strides': [2,
                                                                                         2,
                                                                                         2],
                                                                  'in_feature_channel': 64,
                                                                  'quantize': True,
                                                                  'type': 'SECONDNeck',
                                                                  'up_layer_channels': [128,
                                                                                        128,
                                                                                        128],
                                                                  'up_layer_strides': [0.5,
                                                                                       1,
                                                                                       2],
                                                                  'use_relu6': False},
                                                         'pre_process': {'fixed_voxels_num': 30000,
                                                                         'max_points_in_voxel': 20,
                                                                         'max_voxels_num': [30000,
                                                                                            40000],
                                                                         'norm_dims': [0,
                                                                                       1,
                                                                                       2,
                                                                                       3],
                                                                         'norm_range': [-51.2,
                                                                                        -51.2,
                                                                                        -5.0,
                                                                                        0.0,
                                                                                        51.2,
                                                                                        51.2,
                                                                                        3.0,
                                                                                        255.0],
                                                                         'pc_range': [-51.2,
                                                                                      -51.2,
                                                                                      -5.0,
                                                                                      51.2,
                                                                                      51.2,
                                                                                      3.0],
                                                                         'type': 'PaddedCenterPointPreProcess',
                                                                         'voxel_size': [0.2,
                                                                                        0.2,
                                                                                        8]},
                                                         'reader': {'bn_kwargs': None,
                                                                    'hw_reverse': True,
                                                                    'num_filters': [64],
                                                                    'num_input_features': 5,
                                                                    'pc_range': [-51.2,
                                                                                 -51.2,
                                                                                 -5.0,
                                                                                 51.2,
                                                                                 51.2,
                                                                                 3.0],
                                                                    'pool_size': [20,
                                                                                  1],
                                                                    'quantize': True,
                                                                    'type': 'PillarFeatureNet',
                                                                    'use_4dim': True,
                                                                    'use_conv': True,
                                                                    'voxel_size': [0.2,
                                                                                   0.2,
                                                                                   8],
                                                                    'with_distance': False},
                                                         'type': 'CenterPointDetector'},
                                       'type': 'BevFusion'},
                      'ir_model': {'model_path': './tmp_models/bevfusion_centerpoint_pointpillar_henet_multisensor_multitask_nuscenes_opt/quantized.bc',
                                   'type': 'HbirModule'},
                      'type': 'BevFusionHbirInfer'},
 'horizon': <module 'horizon_plugin_pytorch' from '/usr/local/lib/python3.10/dist-packages/horizon_plugin_pytorch/__init__.py'>,
 'image_pad': <function image_pad at 0x7f9b1816e7a0>,
 'infer_cfg': {'gen_inputs_cfg': {'dataset': {'bev_range': [-51.2,
                                                            -51.2,
                                                            -5.0,
                                                            51.2,
                                                            51.2,
                                                            3.0],
                                              'load_dim': 5,
                                              'map_path': None,
                                              'map_size': None,
                                              'need_lidar': True,
                                              'num_seq': 1,
                                              'num_sweeps': 9,
                                              'split_name': 'val',
                                              'src_data_dir': './data/nuscenes',
                                              'transforms': None,
                                              'type': 'NuscenesFromImageSequence',
                                              'use_dim': [0, 1, 2, 3, 4],
                                              'version': 'v1.0-trainval',
                                              'with_bev_bboxes': False,
                                              'with_bev_mask': False,
                                              'with_ego_bboxes': True,
                                              'with_lidar_bboxes': True,
                                              'with_lidar_occ': True},
                                  'inputs_save_func': <function inputs_save_func at 0x7f9b02efb5b0>,
                                  'sample_idx': [0]},
               'input_path': './demo/bevfusion_centerpoint_pointpillar_henet_multisensor_multitask_nuscenes_opt',
               'model': {'deploy_model': {'bev_decoders': [{'bev_size': [51.2,
                                                                         51.2,
                                                                         0.8],
                                                            'decode_to_lidar': True,
                                                            'decoder': {'bev_size': [51.2,
                                                                                     51.2,
                                                                                     0.8],
                                                                        'class_names': ['car',
                                                                                        'truck',
                                                                                        'trailer',
                                                                                        'bus',
                                                                                        'construction_vehicle',
                                                                                        'bicycle',
                                                                                        'motorcycle',
                                                                                        'pedestrian',
                                                                                        'traffic_cone',
                                                                                        'barrier'],
                                                                        'decode_to_ego': False,
                                                                        'min_radius': [4,
                                                                                       12,
                                                                                       10,
                                                                                       1,
                                                                                       0.85,
                                                                                       0.175],
                                                                        'nms_threshold': [0.2,
                                                                                          0.2,
                                                                                          0.2,
                                                                                          0.2,
                                                                                          0.2,
                                                                                          0.5],
                                                                        'nms_type': ['rotate',
                                                                                     'rotate',
                                                                                     'rotate',
                                                                                     'circle',
                                                                                     'rotate',
                                                                                     'rotate'],
                                                                        'norm_bbox': True,
                                                                        'out_size_factor': 1,
                                                                        'score_threshold': 0.08,
                                                                        'tasks': [{'class_names': ['car'],
                                                                                   'name': 'car',
                                                                                   'num_class': 1},
                                                                                  {'class_names': ['truck',
                                                                                                   'construction_vehicle'],
                                                                                   'name': 'truck',
                                                                                   'num_class': 2},
                                                                                  {'class_names': ['bus',
                                                                                                   'trailer'],
                                                                                   'name': 'bus',
                                                                                   'num_class': 2},
                                                                                  {'class_names': ['barrier'],
                                                                                   'name': 'barrier',
                                                                                   'num_class': 1},
                                                                                  {'class_names': ['motorcycle',
                                                                                                   'bicycle'],
                                                                                   'name': 'bicycle',
                                                                                   'num_class': 2},
                                                                                  {'class_names': ['pedestrian',
                                                                                                   'traffic_cone'],
                                                                                   'name': 'pedestrian',
                                                                                   'num_class': 2}],
                                                                        'type': 'CenterPointDecoder',
                                                                        'use_max_pool': True},
                                                            'head': {'common_heads': {'dim': [3,
                                                                                              2],
                                                                                      'height': [1,
                                                                                                 2],
                                                                                      'reg': [2,
                                                                                              2],
                                                                                      'rot': [2,
                                                                                              2],
                                                                                      'vel': [2,
                                                                                              2]},
                                                                     'final_kernel': 3,
                                                                     'head_conv_channels': 64,
                                                                     'in_channels': 256,
                                                                     'init_bias': -2.19,
                                                                     'share_conv_channels': 64,
                                                                     'share_conv_num': 1,
                                                                     'tasks': [{'class_names': ['car'],
                                                                                'name': 'car',
                                                                                'num_class': 1},
                                                                               {'class_names': ['truck',
                                                                                                'construction_vehicle'],
                                                                                'name': 'truck',
                                                                                'num_class': 2},
                                                                               {'class_names': ['bus',
                                                                                                'trailer'],
                                                                                'name': 'bus',
                                                                                'num_class': 2},
                                                                               {'class_names': ['barrier'],
                                                                                'name': 'barrier',
                                                                                'num_class': 1},
                                                                               {'class_names': ['motorcycle',
                                                                                                'bicycle'],
                                                                                'name': 'bicycle',
                                                                                'num_class': 2},
                                                                               {'class_names': ['pedestrian',
                                                                                                'traffic_cone'],
                                                                                'name': 'pedestrian',
                                                                                'num_class': 2}],
                                                                     'type': 'CenterPointHead'},
                                                            'loss_cls': {'eps': 0.0001,
                                                                         'loss_weight': 1.0,
                                                                         'type': 'ClampedGaussianFocalLoss'},
                                                            'loss_reg': {'loss_weight': 0.25,
                                                                         'type': 'L1Loss'},
                                                            'name': 'bev_det',
                                                            'point_cloud_range': [-51.2,
                                                                                  -51.2,
                                                                                  -5.0,
                                                                                  51.2,
                                                                                  51.2,
                                                                                  3.0],
                                                            'target': {'bbox_weight': [1.0,
                                                                                       1.0,
                                                                                       1.0,
                                                                                       1.0,
                                                                                       1.0,
                                                                                       1.0,
                                                                                       1.0,
                                                                                       1.0,
                                                                                       0.2,
                                                                                       0.2],
                                                                       'class_names': ['car',
                                                                                       'truck',
                                                                                       'trailer',
                                                                                       'bus',
                                                                                       'construction_vehicle',
                                                                                       'bicycle',
                                                                                       'motorcycle',
                                                                                       'pedestrian',
                                                                                       'traffic_cone',
                                                                                       'barrier'],
                                                                       'gaussian_overlap': 0.1,
                                                                       'max_num': 500,
                                                                       'min_radius': 2,
                                                                       'norm_bbox': True,
                                                                       'out_size_factor': 1,
                                                                       'tasks': [{'class_names': ['car'],
                                                                                  'name': 'car',
                                                                                  'num_class': 1},
                                                                                 {'class_names': ['truck',
                                                                                                  'construction_vehicle'],
                                                                                  'name': 'truck',
                                                                                  'num_class': 2},
                                                                                 {'class_names': ['bus',
                                                                                                  'trailer'],
                                                                                  'name': 'bus',
                                                                                  'num_class': 2},
                                                                                 {'class_names': ['barrier'],
                                                                                  'name': 'barrier',
                                                                                  'num_class': 1},
                                                                                 {'class_names': ['motorcycle',
                                                                                                  'bicycle'],
                                                                                  'name': 'bicycle',
                                                                                  'num_class': 2},
                                                                                 {'class_names': ['pedestrian',
                                                                                                  'traffic_cone'],
                                                                                  'name': 'pedestrian',
                                                                                  'num_class': 2}],
                                                                       'type': 'CenterPointTarget'},
                                                            'task_weight': 1.0,
                                                            'type': 'BevFusionCenterPointDetDecoder'},
                                                           {'camera_input': True,
                                                            'lidar_input': True,
                                                            'loss_occ': {'ignore_index': 255,
                                                                         'loss_weight': 6.0,
                                                                         'type': 'CrossEntropyLoss',
                                                                         'use_sigmoid': False},
                                                            'num_classes': 18,
                                                            'occ_head': {'Dz': 16,
                                                                         'in_dim': 256,
                                                                         'num_classes': 18,
                                                                         'out_dim': 128,
                                                                         'type': 'BEVOCCHead2D',
                                                                         'use_predicter': True,
                                                                         'use_upsample': True},
                                                            'roi_resizer': {'in_strides': [1],
                                                                            'roi_resize_cfgs': [{'in_stride': 1,
                                                                                                 'roi_box': [14,
                                                                                                             14,
                                                                                                             114,
                                                                                                             114]}],
                                                                            'type': 'RoiResize'},
                                                            'type': 'BevformerOccDetDecoder',
                                                            'use_mask': True}],
                                          'bev_h': 128,
                                          'bev_w': 128,
                                          'camera_network': {'backbone': {'act_layer': ['nn.GELU',
                                                                                        'nn.GELU',
                                                                                        'nn.GELU',
                                                                                        'nn.GELU'],
                                                                          'attention_block_num': [0,
                                                                                                  0,
                                                                                                  0,
                                                                                                  0],
                                                                          'block_cls': ['GroupDWCB',
                                                                                        'GroupDWCB',
                                                                                        'AltDWCB',
                                                                                        'DWCB'],
                                                                          'block_nums': [4,
                                                                                         3,
                                                                                         8,
                                                                                         6],
                                                                          'down_cls': ['S2DDown',
                                                                                       'S2DDown',
                                                                                       'S2DDown',
                                                                                       'None'],
                                                                          'embed_dims': [64,
                                                                                         128,
                                                                                         192,
                                                                                         384],
                                                                          'extra_act': [False,
                                                                                        False,
                                                                                        False,
                                                                                        False],
                                                                          'feature_mix_channel': 1024,
                                                                          'final_expand_channel': 0,
                                                                          'in_channels': 3,
                                                                          'include_top': False,
                                                                          'layer_scale_init_value': 1e-05,
                                                                          'mlp_ratio_attn': 2,
                                                                          'mlp_ratios': [2,
                                                                                         2,
                                                                                         2,
                                                                                         3],
                                                                          'num_classes': 1000,
                                                                          'patch_embed': 'origin',
                                                                          'type': 'HENet',
                                                                          'use_layer_scale': [True,
                                                                                              True,
                                                                                              True,
                                                                                              True]},
                                                             'neck': {'bn_kwargs': {'eps': 1e-05,
                                                                                    'momentum': 0.1},
                                                                      'in_channels': [384],
                                                                      'in_strides': [32],
                                                                      'out_channels': [256],
                                                                      'out_strides': [32],
                                                                      'type': 'FPN'},
                                                             'out_indices': [-1],
                                                             'type': 'BevFormer',
                                                             'view_transformer': {'bev_h': 128,
                                                                                  'bev_w': 128,
                                                                                  'embed_dims': 256,
                                                                                  'encoder': {'bev_h': 128,
                                                                                              'bev_w': 128,
                                                                                              'embed_dims': 256,
                                                                                              'encoder_layer': {'crossattention': {'bev_h': 128,
                                                                                                                                   'bev_w': 128,
                                                                                                                                   'deformable_attention': {'embed_dims': 256,
                                                                                                                                                            'feats_size': [[30,
                                                                                                                                                                            16]],
                                                                                                                                                            'grid_align_num': 64,
                                                                                                                                                            'num_levels': 1,
                                                                                                                                                            'num_points': 2,
                                                                                                                                                            'type': 'HorizonMultiScaleDeformableAttention3D'},
                                                                                                                                   'embed_dims': 256,
                                                                                                                                   'max_camoverlap_num': 2,
                                                                                                                                   'type': 'HorizonSpatialCrossAttention'},
                                                                                                                'dropout': 0.1,
                                                                                                                'embed_dims': 256,
                                                                                                                'selfattention': {'batch_first': True,
                                                                                                                                  'embed_dims': 256,
                                                                                                                                  'feats_size': [[128,
                                                                                                                                                  128]],
                                                                                                                                  'grid_align_num': 4,
                                                                                                                                  'num_levels': 1,
                                                                                                                                  'num_points': 2,
                                                                                                                                  'type': 'HorizonMultiScaleDeformableAttention'},
                                                                                                                'type': 'SingleBEVFormerEncoderLayer'},
                                                                                              'num_layers': 1,
                                                                                              'return_intermediate': False,
                                                                                              'type': 'SingleBEVFormerEncoder'},
                                                                                  'in_indices': [-1],
                                                                                  'max_camoverlap_num': 2,
                                                                                  'num_points_in_pillar': 2,
                                                                                  'pc_range': [-51.2,
                                                                                               -51.2,
                                                                                               -5.0,
                                                                                               51.2,
                                                                                               51.2,
                                                                                               3.0],
                                                                                  'positional_encoding': {'col_num_embed': 128,
                                                                                                          'num_feats': 128,
                                                                                                          'row_num_embed': 128,
                                                                                                          'type': 'LearnedPositionalEncoding'},
                                                                                  'queue_length': 1,
                                                                                  'single_bev': True,
                                                                                  'type': 'SingleBevFormerViewTransformer',
                                                                                  'use_lidar2img': True,
                                                                                  'virtual_bev_h': 64,
                                                                                  'virtual_bev_w': 80}},
                                          'fuse_module': {'fuse_c': 256,
                                                          'input_c': 640,
                                                          'type': 'BevFuseModule'},
                                          'lidar_network': {'backbone': {'num_input_features': 64,
                                                                         'quantize': True,
                                                                         'type': 'PointPillarScatter',
                                                                         'use_horizon_pillar_scatter': True},
                                                            'feature_map_shape': array([512, 512,   1]),
                                                            'neck': {'bn_kwargs': None,
                                                                     'down_layer_channels': [64,
                                                                                             128,
                                                                                             256],
                                                                     'down_layer_nums': [3,
                                                                                         5,
                                                                                         5],
                                                                     'down_layer_strides': [2,
                                                                                            2,
                                                                                            2],
                                                                     'in_feature_channel': 64,
                                                                     'quantize': True,
                                                                     'type': 'SECONDNeck',
                                                                     'up_layer_channels': [128,
                                                                                           128,
                                                                                           128],
                                                                     'up_layer_strides': [0.5,
                                                                                          1,
                                                                                          2],
                                                                     'use_relu6': False},
                                                            'pre_process': {'fixed_voxels_num': 30000,
                                                                            'max_points_in_voxel': 20,
                                                                            'max_voxels_num': [30000,
                                                                                               40000],
                                                                            'norm_dims': [0,
                                                                                          1,
                                                                                          2,
                                                                                          3],
                                                                            'norm_range': [-51.2,
                                                                                           -51.2,
                                                                                           -5.0,
                                                                                           0.0,
                                                                                           51.2,
                                                                                           51.2,
                                                                                           3.0,
                                                                                           255.0],
                                                                            'pc_range': [-51.2,
                                                                                         -51.2,
                                                                                         -5.0,
                                                                                         51.2,
                                                                                         51.2,
                                                                                         3.0],
                                                                            'type': 'PaddedCenterPointPreProcess',
                                                                            'voxel_size': [0.2,
                                                                                           0.2,
                                                                                           8]},
                                                            'reader': {'bn_kwargs': None,
                                                                       'hw_reverse': True,
                                                                       'num_filters': [64],
                                                                       'num_input_features': 5,
                                                                       'pc_range': [-51.2,
                                                                                    -51.2,
                                                                                    -5.0,
                                                                                    51.2,
                                                                                    51.2,
                                                                                    3.0],
                                                                       'pool_size': [20,
                                                                                     1],
                                                                       'quantize': True,
                                                                       'type': 'PillarFeatureNet',
                                                                       'use_4dim': True,
                                                                       'use_conv': True,
                                                                       'voxel_size': [0.2,
                                                                                      0.2,
                                                                                      8],
                                                                       'with_distance': False},
                                                            'type': 'CenterPointDetector'},
                                          'type': 'BevFusion'},
                         'ir_model': {'model_path': './tmp_models/bevfusion_centerpoint_pointpillar_henet_multisensor_multitask_nuscenes_opt/quantized.bc',
                                      'type': 'HbirModule'},
                         'type': 'BevFusionHbirInfer'},
               'prepare_inputs': <function prepare_inputs at 0x7f9b02efb400>,
               'process_inputs': <function process_inputs at 0x7f9b02efb490>,
               'process_outputs': <function process_outputs at 0x7f9b02efb520>,
               'viz_func': {'bev_size': [51.2, 51.2, 0.8],
                            'is_plot': True,
                            'occ_viz': {'type': 'OccViz',
                                        'vcs_range': [-40.0,
                                                      -40.0,
                                                      -1.0,
                                                      40.0,
                                                      40.0,
                                                      5.4],
                                        'vis_bev_2d': True},
                            'score_thresh': 0.3,
                            'type': 'NuscenesMultitaskViz',
                            'use_bce': False}},
 'infer_transforms': [{'size': [512, 960], 'type': 'MultiViewsImgResize'},
                      {'transforms': [{'type': 'PILToTensor'},
                                      {'divisor': 32, 'type': 'Pad'},
                                      {'rgb_input': True,
                                       'type': 'BgrToYuv444'},
                                      {'mean': 128.0,
                                       'std': 128.0,
                                       'type': 'Normalize'}],
                       'type': 'MultiViewsImgTransformWrapper'}],
 'input_size': [512, 960],
 'inputs_save_func': <function inputs_save_func at 0x7f9b02efb5b0>,
 'int_infer_data_loader': {'batch_size': 1,
                           'collate_fn': functools.partial(<function collate_bevfusion_centerpoint at 0x7f9b02efa170>, bev_size=(51.2, 51.2, 0.8), point_cloud_range=[-51.2, -51.2, -5.0, 51.2, 51.2, 3.0], max_lidar_points=120000),
                           'dataset': {'bev_range': [-51.2,
                                                     -51.2,
                                                     -5.0,
                                                     51.2,
                                                     51.2,
                                                     3.0],
                                       'data_path': 'data/nuscenes/pack/horizon_bevfusion_nuscenes/val_lmdb/',
                                       'load_dim': 5,
                                       'map_path': None,
                                       'map_size': None,
                                       'need_lidar': True,
                                       'num_seq': 1,
                                       'num_sweeps': 9,
                                       'transforms': [{'size': [512, 960],
                                                       'type': 'MultiViewsImgResize'},
                                                      {'transforms': [{'type': 'PILToTensor'},
                                                                      {'divisor': 32,
                                                                       'type': 'Pad'},
                                                                      {'rgb_input': True,
                                                                       'type': 'BgrToYuv444'},
                                                                      {'mean': 128.0,
                                                                       'std': 128.0,
                                                                       'type': 'Normalize'}],
                                                       'type': 'MultiViewsImgTransformWrapper'}],
                                       'type': 'NuscenesBevSequenceDataset',
                                       'use_dim': [0, 1, 2, 3, 4],
                                       'with_bev_bboxes': False,
                                       'with_bev_mask': False,
                                       'with_ego_bboxes': True,
                                       'with_lidar_bboxes': True,
                                       'with_lidar_occ': True},
                           'num_workers': 4,
                           'pin_memory': True,
                           'sampler': {'type': <class 'torch.utils.data.distributed.DistributedSampler'>},
                           'shuffle': False,
                           'type': <class 'torch.utils.data.dataloader.DataLoader'>},
 'int_infer_predictor': {'batch_processor': {'loss_collector': None,
                                             'need_grad_update': False,
                                             'type': 'MultiBatchProcessor'},
                         'callbacks': [{'epoch_log_freq': 1,
                                        'log_prefix': 'Validation '
                                                      'bevfusion_centerpoint_pointpillar_henet_multisensor_multitask_nuscenes_opt',
                                        'metric_update_func': <function update_metric at 0x7f9b02efaef0>,
                                        'step_log_freq': 10000,
                                        'type': 'MetricUpdater'}],
                         'data_loader': {'batch_size': 1,
                                         'collate_fn': functools.partial(<function collate_bevfusion_centerpoint at 0x7f9b02efa170>, bev_size=(51.2, 51.2, 0.8), point_cloud_range=[-51.2, -51.2, -5.0, 51.2, 51.2, 3.0], max_lidar_points=120000),
                                         'dataset': {'bev_range': [-51.2,
                                                                   -51.2,
                                                                   -5.0,
                                                                   51.2,
                                                                   51.2,
                                                                   3.0],
                                                     'data_path': 'data/nuscenes/pack/horizon_bevfusion_nuscenes/val_lmdb/',
                                                     'load_dim': 5,
                                                     'map_path': None,
                                                     'map_size': None,
                                                     'need_lidar': True,
                                                     'num_seq': 1,
                                                     'num_sweeps': 9,
                                                     'transforms': [{'size': [512,
                                                                              960],
                                                                     'type': 'MultiViewsImgResize'},
                                                                    {'transforms': [{'type': 'PILToTensor'},
                                                                                    {'divisor': 32,
                                                                                     'type': 'Pad'},
                                                                                    {'rgb_input': True,
                                                                                     'type': 'BgrToYuv444'},
                                                                                    {'mean': 128.0,
                                                                                     'std': 128.0,
                                                                                     'type': 'Normalize'}],
                                                                     'type': 'MultiViewsImgTransformWrapper'}],
                                                     'type': 'NuscenesBevSequenceDataset',
                                                     'use_dim': [0, 1, 2, 3, 4],
                                                     'with_bev_bboxes': False,
                                                     'with_bev_mask': False,
                                                     'with_ego_bboxes': True,
                                                     'with_lidar_bboxes': True,
                                                     'with_lidar_occ': True},
                                         'num_workers': 4,
                                         'pin_memory': True,
                                         'sampler': {'type': <class 'torch.utils.data.distributed.DistributedSampler'>},
                                         'shuffle': False,
                                         'type': <class 'torch.utils.data.dataloader.DataLoader'>},
                         'device': None,
                         'log_interval': 1,
                         'metrics': [{'classes': ['car',
                                                  'truck',
                                                  'trailer',
                                                  'bus',
                                                  'construction_vehicle',
                                                  'bicycle',
                                                  'motorcycle',
                                                  'pedestrian',
                                                  'traffic_cone',
                                                  'barrier'],
                                      'data_root': 'data/nuscenes',
                                      'lidar_key': 'sensor2ego',
                                      'save_prefix': './metric_results/bevfusion_centerpoint_pointpillar_henet_multisensor_multitask_nuscenes_opt',
                                      'trans_lidar_dim': True,
                                      'trans_lidar_rot': False,
                                      'type': 'NuscenesMetric',
                                      'use_lidar': True,
                                      'version': 'v1.0-trainval'},
                                     {'ignore_index': 17,
                                      'seg_class': ['others',
                                                    'barrier',
                                                    'bicycle',
                                                    'bus',
                                                    'car',
                                                    'construction_vehicle',
                                                    'motorcycle',
                                                    'pedestrian',
                                                    'traffic_cone',
                                                    'trailer',
                                                    'truck',
                                                    'driveable_surface',
                                                    'other_flat',
                                                    'sidewalk',
                                                    'terrain',
                                                    'manmade',
                                                    'vegetation'],
                                      'type': 'MeanIOU'}],
                         'model': {'deploy_model': {'bev_decoders': [{'bev_size': [51.2,
                                                                                   51.2,
                                                                                   0.8],
                                                                      'decode_to_lidar': True,
                                                                      'decoder': {'bev_size': [51.2,
                                                                                               51.2,
                                                                                               0.8],
                                                                                  'class_names': ['car',
                                                                                                  'truck',
                                                                                                  'trailer',
                                                                                                  'bus',
                                                                                                  'construction_vehicle',
                                                                                                  'bicycle',
                                                                                                  'motorcycle',
                                                                                                  'pedestrian',
                                                                                                  'traffic_cone',
                                                                                                  'barrier'],
                                                                                  'decode_to_ego': False,
                                                                                  'min_radius': [4,
                                                                                                 12,
                                                                                                 10,
                                                                                                 1,
                                                                                                 0.85,
                                                                                                 0.175],
                                                                                  'nms_threshold': [0.2,
                                                                                                    0.2,
                                                                                                    0.2,
                                                                                                    0.2,
                                                                                                    0.2,
                                                                                                    0.5],
                                                                                  'nms_type': ['rotate',
                                                                                               'rotate',
                                                                                               'rotate',
                                                                                               'circle',
                                                                                               'rotate',
                                                                                               'rotate'],
                                                                                  'norm_bbox': True,
                                                                                  'out_size_factor': 1,
                                                                                  'score_threshold': 0.08,
                                                                                  'tasks': [{'class_names': ['car'],
                                                                                             'name': 'car',
                                                                                             'num_class': 1},
                                                                                            {'class_names': ['truck',
                                                                                                             'construction_vehicle'],
                                                                                             'name': 'truck',
                                                                                             'num_class': 2},
                                                                                            {'class_names': ['bus',
                                                                                                             'trailer'],
                                                                                             'name': 'bus',
                                                                                             'num_class': 2},
                                                                                            {'class_names': ['barrier'],
                                                                                             'name': 'barrier',
                                                                                             'num_class': 1},
                                                                                            {'class_names': ['motorcycle',
                                                                                                             'bicycle'],
                                                                                             'name': 'bicycle',
                                                                                             'num_class': 2},
                                                                                            {'class_names': ['pedestrian',
                                                                                                             'traffic_cone'],
                                                                                             'name': 'pedestrian',
                                                                                             'num_class': 2}],
                                                                                  'type': 'CenterPointDecoder',
                                                                                  'use_max_pool': True},
                                                                      'head': {'common_heads': {'dim': [3,
                                                                                                        2],
                                                                                                'height': [1,
                                                                                                           2],
                                                                                                'reg': [2,
                                                                                                        2],
                                                                                                'rot': [2,
                                                                                                        2],
                                                                                                'vel': [2,
                                                                                                        2]},
                                                                               'final_kernel': 3,
                                                                               'head_conv_channels': 64,
                                                                               'in_channels': 256,
                                                                               'init_bias': -2.19,
                                                                               'share_conv_channels': 64,
                                                                               'share_conv_num': 1,
                                                                               'tasks': [{'class_names': ['car'],
                                                                                          'name': 'car',
                                                                                          'num_class': 1},
                                                                                         {'class_names': ['truck',
                                                                                                          'construction_vehicle'],
                                                                                          'name': 'truck',
                                                                                          'num_class': 2},
                                                                                         {'class_names': ['bus',
                                                                                                          'trailer'],
                                                                                          'name': 'bus',
                                                                                          'num_class': 2},
                                                                                         {'class_names': ['barrier'],
                                                                                          'name': 'barrier',
                                                                                          'num_class': 1},
                                                                                         {'class_names': ['motorcycle',
                                                                                                          'bicycle'],
                                                                                          'name': 'bicycle',
                                                                                          'num_class': 2},
                                                                                         {'class_names': ['pedestrian',
                                                                                                          'traffic_cone'],
                                                                                          'name': 'pedestrian',
                                                                                          'num_class': 2}],
                                                                               'type': 'CenterPointHead'},
                                                                      'loss_cls': {'eps': 0.0001,
                                                                                   'loss_weight': 1.0,
                                                                                   'type': 'ClampedGaussianFocalLoss'},
                                                                      'loss_reg': {'loss_weight': 0.25,
                                                                                   'type': 'L1Loss'},
                                                                      'name': 'bev_det',
                                                                      'point_cloud_range': [-51.2,
                                                                                            -51.2,
                                                                                            -5.0,
                                                                                            51.2,
                                                                                            51.2,
                                                                                            3.0],
                                                                      'target': {'bbox_weight': [1.0,
                                                                                                 1.0,
                                                                                                 1.0,
                                                                                                 1.0,
                                                                                                 1.0,
                                                                                                 1.0,
                                                                                                 1.0,
                                                                                                 1.0,
                                                                                                 0.2,
                                                                                                 0.2],
                                                                                 'class_names': ['car',
                                                                                                 'truck',
                                                                                                 'trailer',
                                                                                                 'bus',
                                                                                                 'construction_vehicle',
                                                                                                 'bicycle',
                                                                                                 'motorcycle',
                                                                                                 'pedestrian',
                                                                                                 'traffic_cone',
                                                                                                 'barrier'],
                                                                                 'gaussian_overlap': 0.1,
                                                                                 'max_num': 500,
                                                                                 'min_radius': 2,
                                                                                 'norm_bbox': True,
                                                                                 'out_size_factor': 1,
                                                                                 'tasks': [{'class_names': ['car'],
                                                                                            'name': 'car',
                                                                                            'num_class': 1},
                                                                                           {'class_names': ['truck',
                                                                                                            'construction_vehicle'],
                                                                                            'name': 'truck',
                                                                                            'num_class': 2},
                                                                                           {'class_names': ['bus',
                                                                                                            'trailer'],
                                                                                            'name': 'bus',
                                                                                            'num_class': 2},
                                                                                           {'class_names': ['barrier'],
                                                                                            'name': 'barrier',
                                                                                            'num_class': 1},
                                                                                           {'class_names': ['motorcycle',
                                                                                                            'bicycle'],
                                                                                            'name': 'bicycle',
                                                                                            'num_class': 2},
                                                                                           {'class_names': ['pedestrian',
                                                                                                            'traffic_cone'],
                                                                                            'name': 'pedestrian',
                                                                                            'num_class': 2}],
                                                                                 'type': 'CenterPointTarget'},
                                                                      'task_weight': 1.0,
                                                                      'type': 'BevFusionCenterPointDetDecoder'},
                                                                     {'camera_input': True,
                                                                      'lidar_input': True,
                                                                      'loss_occ': {'ignore_index': 255,
                                                                                   'loss_weight': 6.0,
                                                                                   'type': 'CrossEntropyLoss',
                                                                                   'use_sigmoid': False},
                                                                      'num_classes': 18,
                                                                      'occ_head': {'Dz': 16,
                                                                                   'in_dim': 256,
                                                                                   'num_classes': 18,
                                                                                   'out_dim': 128,
                                                                                   'type': 'BEVOCCHead2D',
                                                                                   'use_predicter': True,
                                                                                   'use_upsample': True},
                                                                      'roi_resizer': {'in_strides': [1],
                                                                                      'roi_resize_cfgs': [{'in_stride': 1,
                                                                                                           'roi_box': [14,
                                                                                                                       14,
                                                                                                                       114,
                                                                                                                       114]}],
                                                                                      'type': 'RoiResize'},
                                                                      'type': 'BevformerOccDetDecoder',
                                                                      'use_mask': True}],
                                                    'bev_h': 128,
                                                    'bev_w': 128,
                                                    'camera_network': {'backbone': {'act_layer': ['nn.GELU',
                                                                                                  'nn.GELU',
                                                                                                  'nn.GELU',
                                                                                                  'nn.GELU'],
                                                                                    'attention_block_num': [0,
                                                                                                            0,
                                                                                                            0,
                                                                                                            0],
                                                                                    'block_cls': ['GroupDWCB',
                                                                                                  'GroupDWCB',
                                                                                                  'AltDWCB',
                                                                                                  'DWCB'],
                                                                                    'block_nums': [4,
                                                                                                   3,
                                                                                                   8,
                                                                                                   6],
                                                                                    'down_cls': ['S2DDown',
                                                                                                 'S2DDown',
                                                                                                 'S2DDown',
                                                                                                 'None'],
                                                                                    'embed_dims': [64,
                                                                                                   128,
                                                                                                   192,
                                                                                                   384],
                                                                                    'extra_act': [False,
                                                                                                  False,
                                                                                                  False,
                                                                                                  False],
                                                                                    'feature_mix_channel': 1024,
                                                                                    'final_expand_channel': 0,
                                                                                    'in_channels': 3,
                                                                                    'include_top': False,
                                                                                    'layer_scale_init_value': 1e-05,
                                                                                    'mlp_ratio_attn': 2,
                                                                                    'mlp_ratios': [2,
                                                                                                   2,
                                                                                                   2,
                                                                                                   3],
                                                                                    'num_classes': 1000,
                                                                                    'patch_embed': 'origin',
                                                                                    'type': 'HENet',
                                                                                    'use_layer_scale': [True,
                                                                                                        True,
                                                                                                        True,
                                                                                                        True]},
                                                                       'neck': {'bn_kwargs': {'eps': 1e-05,
                                                                                              'momentum': 0.1},
                                                                                'in_channels': [384],
                                                                                'in_strides': [32],
                                                                                'out_channels': [256],
                                                                                'out_strides': [32],
                                                                                'type': 'FPN'},
                                                                       'out_indices': [-1],
                                                                       'type': 'BevFormer',
                                                                       'view_transformer': {'bev_h': 128,
                                                                                            'bev_w': 128,
                                                                                            'embed_dims': 256,
                                                                                            'encoder': {'bev_h': 128,
                                                                                                        'bev_w': 128,
                                                                                                        'embed_dims': 256,
                                                                                                        'encoder_layer': {'crossattention': {'bev_h': 128,
                                                                                                                                             'bev_w': 128,
                                                                                                                                             'deformable_attention': {'embed_dims': 256,
                                                                                                                                                                      'feats_size': [[30,
                                                                                                                                                                                      16]],
                                                                                                                                                                      'grid_align_num': 64,
                                                                                                                                                                      'num_levels': 1,
                                                                                                                                                                      'num_points': 2,
                                                                                                                                                                      'type': 'HorizonMultiScaleDeformableAttention3D'},
                                                                                                                                             'embed_dims': 256,
                                                                                                                                             'max_camoverlap_num': 2,
                                                                                                                                             'type': 'HorizonSpatialCrossAttention'},
                                                                                                                          'dropout': 0.1,
                                                                                                                          'embed_dims': 256,
                                                                                                                          'selfattention': {'batch_first': True,
                                                                                                                                            'embed_dims': 256,
                                                                                                                                            'feats_size': [[128,
                                                                                                                                                            128]],
                                                                                                                                            'grid_align_num': 4,
                                                                                                                                            'num_levels': 1,
                                                                                                                                            'num_points': 2,
                                                                                                                                            'type': 'HorizonMultiScaleDeformableAttention'},
                                                                                                                          'type': 'SingleBEVFormerEncoderLayer'},
                                                                                                        'num_layers': 1,
                                                                                                        'return_intermediate': False,
                                                                                                        'type': 'SingleBEVFormerEncoder'},
                                                                                            'in_indices': [-1],
                                                                                            'max_camoverlap_num': 2,
                                                                                            'num_points_in_pillar': 2,
                                                                                            'pc_range': [-51.2,
                                                                                                         -51.2,
                                                                                                         -5.0,
                                                                                                         51.2,
                                                                                                         51.2,
                                                                                                         3.0],
                                                                                            'positional_encoding': {'col_num_embed': 128,
                                                                                                                    'num_feats': 128,
                                                                                                                    'row_num_embed': 128,
                                                                                                                    'type': 'LearnedPositionalEncoding'},
                                                                                            'queue_length': 1,
                                                                                            'single_bev': True,
                                                                                            'type': 'SingleBevFormerViewTransformer',
                                                                                            'use_lidar2img': True,
                                                                                            'virtual_bev_h': 64,
                                                                                            'virtual_bev_w': 80}},
                                                    'fuse_module': {'fuse_c': 256,
                                                                    'input_c': 640,
                                                                    'type': 'BevFuseModule'},
                                                    'lidar_network': {'backbone': {'num_input_features': 64,
                                                                                   'quantize': True,
                                                                                   'type': 'PointPillarScatter',
                                                                                   'use_horizon_pillar_scatter': True},
                                                                      'feature_map_shape': array([512, 512,   1]),
                                                                      'neck': {'bn_kwargs': None,
                                                                               'down_layer_channels': [64,
                                                                                                       128,
                                                                                                       256],
                                                                               'down_layer_nums': [3,
                                                                                                   5,
                                                                                                   5],
                                                                               'down_layer_strides': [2,
                                                                                                      2,
                                                                                                      2],
                                                                               'in_feature_channel': 64,
                                                                               'quantize': True,
                                                                               'type': 'SECONDNeck',
                                                                               'up_layer_channels': [128,
                                                                                                     128,
                                                                                                     128],
                                                                               'up_layer_strides': [0.5,
                                                                                                    1,
                                                                                                    2],
                                                                               'use_relu6': False},
                                                                      'pre_process': {'fixed_voxels_num': 30000,
                                                                                      'max_points_in_voxel': 20,
                                                                                      'max_voxels_num': [30000,
                                                                                                         40000],
                                                                                      'norm_dims': [0,
                                                                                                    1,
                                                                                                    2,
                                                                                                    3],
                                                                                      'norm_range': [-51.2,
                                                                                                     -51.2,
                                                                                                     -5.0,
                                                                                                     0.0,
                                                                                                     51.2,
                                                                                                     51.2,
                                                                                                     3.0,
                                                                                                     255.0],
                                                                                      'pc_range': [-51.2,
                                                                                                   -51.2,
                                                                                                   -5.0,
                                                                                                   51.2,
                                                                                                   51.2,
                                                                                                   3.0],
                                                                                      'type': 'PaddedCenterPointPreProcess',
                                                                                      'voxel_size': [0.2,
                                                                                                     0.2,
                                                                                                     8]},
                                                                      'reader': {'bn_kwargs': None,
                                                                                 'hw_reverse': True,
                                                                                 'num_filters': [64],
                                                                                 'num_input_features': 5,
                                                                                 'pc_range': [-51.2,
                                                                                              -51.2,
                                                                                              -5.0,
                                                                                              51.2,
                                                                                              51.2,
                                                                                              3.0],
                                                                                 'pool_size': [20,
                                                                                               1],
                                                                                 'quantize': True,
                                                                                 'type': 'PillarFeatureNet',
                                                                                 'use_4dim': True,
                                                                                 'use_conv': True,
                                                                                 'voxel_size': [0.2,
                                                                                                0.2,
                                                                                                8],
                                                                                 'with_distance': False},
                                                                      'type': 'CenterPointDetector'},
                                                    'type': 'BevFusion'},
                                   'ir_model': {'model_path': './tmp_models/bevfusion_centerpoint_pointpillar_henet_multisensor_multitask_nuscenes_opt/quantized.bc',
                                                'type': 'HbirModule'},
                                   'type': 'BevFusionHbirInfer'},
                         'type': 'Predictor'},
 'lidar_bev_channels': 384,
 'lidar_ckpt_dir': './tmp_pretrained_models/centerpoint_pointpillar_nuscenes',
 'lidar_det_visualize': <function lidar_det_visualize at 0x7f9b1170de10>,
 'lidar_input': True,
 'lidar_network': {'backbone': {'num_input_features': 64,
                                'quantize': True,
                                'type': 'PointPillarScatter',
                                'use_horizon_pillar_scatter': True},
                   'feature_map_shape': array([512, 512,   1]),
                   'neck': {'bn_kwargs': None,
                            'down_layer_channels': [64, 128, 256],
                            'down_layer_nums': [3, 5, 5],
                            'down_layer_strides': [2, 2, 2],
                            'in_feature_channel': 64,
                            'quantize': True,
                            'type': 'SECONDNeck',
                            'up_layer_channels': [128, 128, 128],
                            'up_layer_strides': [0.5, 1, 2],
                            'use_relu6': False},
                   'pre_process': {'fixed_voxels_num': 30000,
                                   'max_points_in_voxel': 20,
                                   'max_voxels_num': [30000, 40000],
                                   'norm_dims': [0, 1, 2, 3],
                                   'norm_range': [-51.2,
                                                  -51.2,
                                                  -5.0,
                                                  0.0,
                                                  51.2,
                                                  51.2,
                                                  3.0,
                                                  255.0],
                                   'pc_range': [-51.2,
                                                -51.2,
                                                -5.0,
                                                51.2,
                                                51.2,
                                                3.0],
                                   'type': 'PaddedCenterPointPreProcess',
                                   'voxel_size': [0.2, 0.2, 8]},
                   'reader': {'bn_kwargs': None,
                              'hw_reverse': True,
                              'num_filters': [64],
                              'num_input_features': 5,
                              'pc_range': [-51.2, -51.2, -5.0, 51.2, 51.2, 3.0],
                              'pool_size': [20, 1],
                              'quantize': True,
                              'type': 'PillarFeatureNet',
                              'use_4dim': True,
                              'use_conv': True,
                              'voxel_size': [0.2, 0.2, 8],
                              'with_distance': False},
                   'type': 'CenterPointDetector'},
 'lidar_task_name': 'centerpoint_pointpillar_nuscenes',
 'log_loss_show': 200,
 'log_rank_zero_only': True,
 'loss_collector': <function loss_collector at 0x7f9b02efae60>,
 'loss_show_update': {'epoch_log_freq': 1,
                      'log_prefix': 'loss_bevfusion_centerpoint_pointpillar_henet_multisensor_multitask_nuscenes_opt',
                      'metric_update_func': <function update_loss at 0x7f9b02efaf80>,
                      'step_log_freq': 200,
                      'type': 'MetricUpdater'},
 'map_size': [15, 30, 0.15],
 'march': 'nash-m',
 'max_camoverlap_num': 2,
 'max_lidar_points': 120000,
 'max_num_points': 20,
 'max_voxels': [30000, 40000],
 'meta_rootdir': 'data/nuscenes',
 'model': {'bev_decoders': [{'bev_size': [51.2, 51.2, 0.8],
                             'decode_to_lidar': True,
                             'decoder': {'bev_size': [51.2, 51.2, 0.8],
                                         'class_names': ['car',
                                                         'truck',
                                                         'trailer',
                                                         'bus',
                                                         'construction_vehicle',
                                                         'bicycle',
                                                         'motorcycle',
                                                         'pedestrian',
                                                         'traffic_cone',
                                                         'barrier'],
                                         'decode_to_ego': False,
                                         'min_radius': [4,
                                                        12,
                                                        10,
                                                        1,
                                                        0.85,
                                                        0.175],
                                         'nms_threshold': [0.2,
                                                           0.2,
                                                           0.2,
                                                           0.2,
                                                           0.2,
                                                           0.5],
                                         'nms_type': ['rotate',
                                                      'rotate',
                                                      'rotate',
                                                      'circle',
                                                      'rotate',
                                                      'rotate'],
                                         'norm_bbox': True,
                                         'out_size_factor': 1,
                                         'score_threshold': 0.08,
                                         'tasks': [{'class_names': ['car'],
                                                    'name': 'car',
                                                    'num_class': 1},
                                                   {'class_names': ['truck',
                                                                    'construction_vehicle'],
                                                    'name': 'truck',
                                                    'num_class': 2},
                                                   {'class_names': ['bus',
                                                                    'trailer'],
                                                    'name': 'bus',
                                                    'num_class': 2},
                                                   {'class_names': ['barrier'],
                                                    'name': 'barrier',
                                                    'num_class': 1},
                                                   {'class_names': ['motorcycle',
                                                                    'bicycle'],
                                                    'name': 'bicycle',
                                                    'num_class': 2},
                                                   {'class_names': ['pedestrian',
                                                                    'traffic_cone'],
                                                    'name': 'pedestrian',
                                                    'num_class': 2}],
                                         'type': 'CenterPointDecoder',
                                         'use_max_pool': True},
                             'head': {'common_heads': {'dim': [3, 2],
                                                       'height': [1, 2],
                                                       'reg': [2, 2],
                                                       'rot': [2, 2],
                                                       'vel': [2, 2]},
                                      'final_kernel': 3,
                                      'head_conv_channels': 64,
                                      'in_channels': 256,
                                      'init_bias': -2.19,
                                      'share_conv_channels': 64,
                                      'share_conv_num': 1,
                                      'tasks': [{'class_names': ['car'],
                                                 'name': 'car',
                                                 'num_class': 1},
                                                {'class_names': ['truck',
                                                                 'construction_vehicle'],
                                                 'name': 'truck',
                                                 'num_class': 2},
                                                {'class_names': ['bus',
                                                                 'trailer'],
                                                 'name': 'bus',
                                                 'num_class': 2},
                                                {'class_names': ['barrier'],
                                                 'name': 'barrier',
                                                 'num_class': 1},
                                                {'class_names': ['motorcycle',
                                                                 'bicycle'],
                                                 'name': 'bicycle',
                                                 'num_class': 2},
                                                {'class_names': ['pedestrian',
                                                                 'traffic_cone'],
                                                 'name': 'pedestrian',
                                                 'num_class': 2}],
                                      'type': 'CenterPointHead'},
                             'loss_cls': {'eps': 0.0001,
                                          'loss_weight': 1.0,
                                          'type': 'ClampedGaussianFocalLoss'},
                             'loss_reg': {'loss_weight': 0.25,
                                          'type': 'L1Loss'},
                             'name': 'bev_det',
                             'point_cloud_range': [-51.2,
                                                   -51.2,
                                                   -5.0,
                                                   51.2,
                                                   51.2,
                                                   3.0],
                             'target': {'bbox_weight': [1.0,
                                                        1.0,
                                                        1.0,
                                                        1.0,
                                                        1.0,
                                                        1.0,
                                                        1.0,
                                                        1.0,
                                                        0.2,
                                                        0.2],
                                        'class_names': ['car',
                                                        'truck',
                                                        'trailer',
                                                        'bus',
                                                        'construction_vehicle',
                                                        'bicycle',
                                                        'motorcycle',
                                                        'pedestrian',
                                                        'traffic_cone',
                                                        'barrier'],
                                        'gaussian_overlap': 0.1,
                                        'max_num': 500,
                                        'min_radius': 2,
                                        'norm_bbox': True,
                                        'out_size_factor': 1,
                                        'tasks': [{'class_names': ['car'],
                                                   'name': 'car',
                                                   'num_class': 1},
                                                  {'class_names': ['truck',
                                                                   'construction_vehicle'],
                                                   'name': 'truck',
                                                   'num_class': 2},
                                                  {'class_names': ['bus',
                                                                   'trailer'],
                                                   'name': 'bus',
                                                   'num_class': 2},
                                                  {'class_names': ['barrier'],
                                                   'name': 'barrier',
                                                   'num_class': 1},
                                                  {'class_names': ['motorcycle',
                                                                   'bicycle'],
                                                   'name': 'bicycle',
                                                   'num_class': 2},
                                                  {'class_names': ['pedestrian',
                                                                   'traffic_cone'],
                                                   'name': 'pedestrian',
                                                   'num_class': 2}],
                                        'type': 'CenterPointTarget'},
                             'task_weight': 1.0,
                             'type': 'BevFusionCenterPointDetDecoder'},
                            {'camera_input': True,
                             'lidar_input': True,
                             'loss_occ': {'ignore_index': 255,
                                          'loss_weight': 6.0,
                                          'type': 'CrossEntropyLoss',
                                          'use_sigmoid': False},
                             'num_classes': 18,
                             'occ_head': {'Dz': 16,
                                          'in_dim': 256,
                                          'num_classes': 18,
                                          'out_dim': 128,
                                          'type': 'BEVOCCHead2D',
                                          'use_predicter': True,
                                          'use_upsample': True},
                             'roi_resizer': {'in_strides': [1],
                                             'roi_resize_cfgs': [{'in_stride': 1,
                                                                  'roi_box': [14,
                                                                              14,
                                                                              114,
                                                                              114]}],
                                             'type': 'RoiResize'},
                             'type': 'BevformerOccDetDecoder',
                             'use_mask': True}],
           'bev_h': 128,
           'bev_w': 128,
           'camera_network': {'backbone': {'act_layer': ['nn.GELU',
                                                         'nn.GELU',
                                                         'nn.GELU',
                                                         'nn.GELU'],
                                           'attention_block_num': [0, 0, 0, 0],
                                           'block_cls': ['GroupDWCB',
                                                         'GroupDWCB',
                                                         'AltDWCB',
                                                         'DWCB'],
                                           'block_nums': [4, 3, 8, 6],
                                           'down_cls': ['S2DDown',
                                                        'S2DDown',
                                                        'S2DDown',
                                                        'None'],
                                           'embed_dims': [64, 128, 192, 384],
                                           'extra_act': [False,
                                                         False,
                                                         False,
                                                         False],
                                           'feature_mix_channel': 1024,
                                           'final_expand_channel': 0,
                                           'in_channels': 3,
                                           'include_top': False,
                                           'layer_scale_init_value': 1e-05,
                                           'mlp_ratio_attn': 2,
                                           'mlp_ratios': [2, 2, 2, 3],
                                           'num_classes': 1000,
                                           'patch_embed': 'origin',
                                           'type': 'HENet',
                                           'use_layer_scale': [True,
                                                               True,
                                                               True,
                                                               True]},
                              'neck': {'bn_kwargs': {'eps': 1e-05,
                                                     'momentum': 0.1},
                                       'in_channels': [384],
                                       'in_strides': [32],
                                       'out_channels': [256],
                                       'out_strides': [32],
                                       'type': 'FPN'},
                              'out_indices': [-1],
                              'type': 'BevFormer',
                              'view_transformer': {'bev_h': 128,
                                                   'bev_w': 128,
                                                   'embed_dims': 256,
                                                   'encoder': {'bev_h': 128,
                                                               'bev_w': 128,
                                                               'embed_dims': 256,
                                                               'encoder_layer': {'crossattention': {'bev_h': 128,
                                                                                                    'bev_w': 128,
                                                                                                    'deformable_attention': {'embed_dims': 256,
                                                                                                                             'feats_size': [[30,
                                                                                                                                             16]],
                                                                                                                             'grid_align_num': 64,
                                                                                                                             'num_levels': 1,
                                                                                                                             'num_points': 2,
                                                                                                                             'type': 'HorizonMultiScaleDeformableAttention3D'},
                                                                                                    'embed_dims': 256,
                                                                                                    'max_camoverlap_num': 2,
                                                                                                    'type': 'HorizonSpatialCrossAttention'},
                                                                                 'dropout': 0.1,
                                                                                 'embed_dims': 256,
                                                                                 'selfattention': {'batch_first': True,
                                                                                                   'embed_dims': 256,
                                                                                                   'feats_size': [[128,
                                                                                                                   128]],
                                                                                                   'grid_align_num': 4,
                                                                                                   'num_levels': 1,
                                                                                                   'num_points': 2,
                                                                                                   'type': 'HorizonMultiScaleDeformableAttention'},
                                                                                 'type': 'SingleBEVFormerEncoderLayer'},
                                                               'num_layers': 1,
                                                               'return_intermediate': False,
                                                               'type': 'SingleBEVFormerEncoder'},
                                                   'in_indices': [-1],
                                                   'max_camoverlap_num': 2,
                                                   'num_points_in_pillar': 2,
                                                   'pc_range': [-51.2,
                                                                -51.2,
                                                                -5.0,
                                                                51.2,
                                                                51.2,
                                                                3.0],
                                                   'positional_encoding': {'col_num_embed': 128,
                                                                           'num_feats': 128,
                                                                           'row_num_embed': 128,
                                                                           'type': 'LearnedPositionalEncoding'},
                                                   'queue_length': 1,
                                                   'single_bev': True,
                                                   'type': 'SingleBevFormerViewTransformer',
                                                   'use_lidar2img': True,
                                                   'virtual_bev_h': 64,
                                                   'virtual_bev_w': 80}},
           'fuse_module': {'fuse_c': 256,
                           'input_c': 640,
                           'type': 'BevFuseModule'},
           'lidar_network': {'backbone': {'num_input_features': 64,
                                          'quantize': True,
                                          'type': 'PointPillarScatter',
                                          'use_horizon_pillar_scatter': True},
                             'feature_map_shape': array([512, 512,   1]),
                             'neck': {'bn_kwargs': None,
                                      'down_layer_channels': [64, 128, 256],
                                      'down_layer_nums': [3, 5, 5],
                                      'down_layer_strides': [2, 2, 2],
                                      'in_feature_channel': 64,
                                      'quantize': True,
                                      'type': 'SECONDNeck',
                                      'up_layer_channels': [128, 128, 128],
                                      'up_layer_strides': [0.5, 1, 2],
                                      'use_relu6': False},
                             'pre_process': {'fixed_voxels_num': 30000,
                                             'max_points_in_voxel': 20,
                                             'max_voxels_num': [30000, 40000],
                                             'norm_dims': [0, 1, 2, 3],
                                             'norm_range': [-51.2,
                                                            -51.2,
                                                            -5.0,
                                                            0.0,
                                                            51.2,
                                                            51.2,
                                                            3.0,
                                                            255.0],
                                             'pc_range': [-51.2,
                                                          -51.2,
                                                          -5.0,
                                                          51.2,
                                                          51.2,
                                                          3.0],
                                             'type': 'PaddedCenterPointPreProcess',
                                             'voxel_size': [0.2, 0.2, 8]},
                             'reader': {'bn_kwargs': None,
                                        'hw_reverse': True,
                                        'num_filters': [64],
                                        'num_input_features': 5,
                                        'pc_range': [-51.2,
                                                     -51.2,
                                                     -5.0,
                                                     51.2,
                                                     51.2,
                                                     3.0],
                                        'pool_size': [20, 1],
                                        'quantize': True,
                                        'type': 'PillarFeatureNet',
                                        'use_4dim': True,
                                        'use_conv': True,
                                        'voxel_size': [0.2, 0.2, 8],
                                        'with_distance': False},
                             'type': 'CenterPointDetector'},
           'type': 'BevFusion'},
 'norm_cfg': None,
 'np': <module 'numpy' from '/usr/local/lib/python3.10/dist-packages/numpy/__init__.py'>,
 'num_classes': 10,
 'num_classes_occ': 18,
 'occ3d_seg_class': ['others',
                     'barrier',
                     'bicycle',
                     'bus',
                     'car',
                     'construction_vehicle',
                     'motorcycle',
                     'pedestrian',
                     'traffic_cone',
                     'trailer',
                     'truck',
                     'driveable_surface',
                     'other_flat',
                     'sidewalk',
                     'terrain',
                     'manmade',
                     'vegetation'],
 'occ_head': {'camera_input': True,
              'lidar_input': True,
              'loss_occ': {'ignore_index': 255,
                           'loss_weight': 6.0,
                           'type': 'CrossEntropyLoss',
                           'use_sigmoid': False},
              'num_classes': 18,
              'occ_head': {'Dz': 16,
                           'in_dim': 256,
                           'num_classes': 18,
                           'out_dim': 128,
                           'type': 'BEVOCCHead2D',
                           'use_predicter': True,
                           'use_upsample': True},
              'roi_resizer': {'in_strides': [1],
                              'roi_resize_cfgs': [{'in_stride': 1,
                                                   'roi_box': [14,
                                                               14,
                                                               114,
                                                               114]}],
                              'type': 'RoiResize'},
              'type': 'BevformerOccDetDecoder',
              'use_mask': True},
 'occ_output_to_semantics_cpu': <function occ_output_to_semantics_cpu at 0x7f9b02efa290>,
 'occ_val_nuscenes_metric': {'ignore_index': 17,
                             'seg_class': ['others',
                                           'barrier',
                                           'bicycle',
                                           'bus',
                                           'car',
                                           'construction_vehicle',
                                           'motorcycle',
                                           'pedestrian',
                                           'traffic_cone',
                                           'trailer',
                                           'truck',
                                           'driveable_surface',
                                           'other_flat',
                                           'sidewalk',
                                           'terrain',
                                           'manmade',
                                           'vegetation'],
                             'type': 'MeanIOU'},
 'onnx_cfg': {'inputs': {'bev_pillar_counts': torch.Size([1, 16384, 1]),
                         'coors': torch.Size([40000, 4]),
                         'features': torch.Size([1, 5, 20, 40000]),
                         'img': torch.Size([6, 3, 512, 960]),
                         'queries_rebatch_grid': torch.Size([6, 64, 80, 2]),
                         'reference_points_rebatch': torch.Size([6, 5120, 2, 2]),
                         'restore_bev_grid': torch.Size([1, 256, 128, 2])},
              'model': {'bev_decoders': [{'bev_size': [51.2, 51.2, 0.8],
                                          'decode_to_lidar': True,
                                          'head': {'common_heads': {'dim': [3,
                                                                            2],
                                                                    'height': [1,
                                                                               2],
                                                                    'reg': [2,
                                                                            2],
                                                                    'rot': [2,
                                                                            2],
                                                                    'vel': [2,
                                                                            2]},
                                                   'final_kernel': 3,
                                                   'head_conv_channels': 64,
                                                   'in_channels': 256,
                                                   'init_bias': -2.19,
                                                   'share_conv_channels': 64,
                                                   'share_conv_num': 1,
                                                   'tasks': [{'class_names': ['car'],
                                                              'name': 'car',
                                                              'num_class': 1},
                                                             {'class_names': ['truck',
                                                                              'construction_vehicle'],
                                                              'name': 'truck',
                                                              'num_class': 2},
                                                             {'class_names': ['bus',
                                                                              'trailer'],
                                                              'name': 'bus',
                                                              'num_class': 2},
                                                             {'class_names': ['barrier'],
                                                              'name': 'barrier',
                                                              'num_class': 1},
                                                             {'class_names': ['motorcycle',
                                                                              'bicycle'],
                                                              'name': 'bicycle',
                                                              'num_class': 2},
                                                             {'class_names': ['pedestrian',
                                                                              'traffic_cone'],
                                                              'name': 'pedestrian',
                                                              'num_class': 2}],
                                                   'type': 'CenterPointHead'},
                                          'is_compile': True,
                                          'name': 'bev_det',
                                          'point_cloud_range': [-51.2,
                                                                -51.2,
                                                                -5.0,
                                                                51.2,
                                                                51.2,
                                                                3.0],
                                          'task_weight': 1.0,
                                          'type': 'BevFusionCenterPointDetDecoder'},
                                         {'camera_input': True,
                                          'is_compile': True,
                                          'lidar_input': True,
                                          'num_classes': 18,
                                          'occ_head': {'Dz': 16,
                                                       'in_dim': 256,
                                                       'num_classes': 18,
                                                       'out_dim': 128,
                                                       'type': 'BEVOCCHead2D',
                                                       'use_predicter': True,
                                                       'use_upsample': True},
                                          'roi_resizer': {'in_strides': [1],
                                                          'roi_resize_cfgs': [{'in_stride': 1,
                                                                               'roi_box': [14,
                                                                                           14,
                                                                                           114,
                                                                                           114]}],
                                                          'type': 'RoiResize'},
                                          'type': 'BevformerOccDetDecoder',
                                          'use_mask': True}],
                        'bev_h': 128,
                        'bev_w': 128,
                        'camera_network': {'backbone': {'act_layer': ['nn.GELU',
                                                                      'nn.GELU',
                                                                      'nn.GELU',
                                                                      'nn.GELU'],
                                                        'attention_block_num': [0,
                                                                                0,
                                                                                0,
                                                                                0],
                                                        'block_cls': ['GroupDWCB',
                                                                      'GroupDWCB',
                                                                      'AltDWCB',
                                                                      'DWCB'],
                                                        'block_nums': [4,
                                                                       3,
                                                                       8,
                                                                       6],
                                                        'down_cls': ['S2DDown',
                                                                     'S2DDown',
                                                                     'S2DDown',
                                                                     'None'],
                                                        'embed_dims': [64,
                                                                       128,
                                                                       192,
                                                                       384],
                                                        'extra_act': [False,
                                                                      False,
                                                                      False,
                                                                      False],
                                                        'feature_mix_channel': 1024,
                                                        'final_expand_channel': 0,
                                                        'in_channels': 3,
                                                        'include_top': False,
                                                        'layer_scale_init_value': 1e-05,
                                                        'mlp_ratio_attn': 2,
                                                        'mlp_ratios': [2,
                                                                       2,
                                                                       2,
                                                                       3],
                                                        'num_classes': 1000,
                                                        'patch_embed': 'origin',
                                                        'type': 'HENet',
                                                        'use_layer_scale': [True,
                                                                            True,
                                                                            True,
                                                                            True]},
                                           'neck': {'bn_kwargs': {'eps': 1e-05,
                                                                  'momentum': 0.1},
                                                    'in_channels': [384],
                                                    'in_strides': [32],
                                                    'out_channels': [256],
                                                    'out_strides': [32],
                                                    'type': 'FPN'},
                                           'out_indices': [-1],
                                           'type': 'BevFormer',
                                           'view_transformer': {'bev_h': 128,
                                                                'bev_w': 128,
                                                                'embed_dims': 256,
                                                                'encoder': {'bev_h': 128,
                                                                            'bev_w': 128,
                                                                            'embed_dims': 256,
                                                                            'encoder_layer': {'crossattention': {'bev_h': 128,
                                                                                                                 'bev_w': 128,
                                                                                                                 'deformable_attention': {'embed_dims': 256,
                                                                                                                                          'feats_size': [[30,
                                                                                                                                                          16]],
                                                                                                                                          'grid_align_num': 64,
                                                                                                                                          'num_levels': 1,
                                                                                                                                          'num_points': 2,
                                                                                                                                          'type': 'HorizonMultiScaleDeformableAttention3D'},
                                                                                                                 'embed_dims': 256,
                                                                                                                 'max_camoverlap_num': 2,
                                                                                                                 'type': 'HorizonSpatialCrossAttention'},
                                                                                              'dropout': 0.1,
                                                                                              'embed_dims': 256,
                                                                                              'selfattention': {'batch_first': True,
                                                                                                                'embed_dims': 256,
                                                                                                                'feats_size': [[128,
                                                                                                                                128]],
                                                                                                                'grid_align_num': 4,
                                                                                                                'num_levels': 1,
                                                                                                                'num_points': 2,
                                                                                                                'type': 'HorizonMultiScaleDeformableAttention'},
                                                                                              'type': 'SingleBEVFormerEncoderLayer'},
                                                                            'num_layers': 1,
                                                                            'return_intermediate': False,
                                                                            'type': 'SingleBEVFormerEncoder'},
                                                                'in_indices': [-1],
                                                                'is_compile': True,
                                                                'max_camoverlap_num': 2,
                                                                'num_points_in_pillar': 2,
                                                                'pc_range': [-51.2,
                                                                             -51.2,
                                                                             -5.0,
                                                                             51.2,
                                                                             51.2,
                                                                             3.0],
                                                                'positional_encoding': {'col_num_embed': 128,
                                                                                        'num_feats': 128,
                                                                                        'row_num_embed': 128,
                                                                                        'type': 'LearnedPositionalEncoding'},
                                                                'queue_length': 1,
                                                                'single_bev': True,
                                                                'type': 'SingleBevFormerViewTransformer',
                                                                'use_lidar2img': True,
                                                                'virtual_bev_h': 64,
                                                                'virtual_bev_w': 80}},
                        'fuse_module': {'fuse_c': 256,
                                        'input_c': 640,
                                        'type': 'BevFuseModule'},
                        'lidar_network': {'backbone': {'num_input_features': 64,
                                                       'quantize': True,
                                                       'type': 'PointPillarScatter',
                                                       'use_horizon_pillar_scatter': True},
                                          'feature_map_shape': array([512, 512,   1]),
                                          'neck': {'bn_kwargs': None,
                                                   'down_layer_channels': [64,
                                                                           128,
                                                                           256],
                                                   'down_layer_nums': [3, 5, 5],
                                                   'down_layer_strides': [2,
                                                                          2,
                                                                          2],
                                                   'in_feature_channel': 64,
                                                   'quantize': True,
                                                   'type': 'SECONDNeck',
                                                   'up_layer_channels': [128,
                                                                         128,
                                                                         128],
                                                   'up_layer_strides': [0.5,
                                                                        1,
                                                                        2],
                                                   'use_relu6': False},
                                          'reader': {'bn_kwargs': None,
                                                     'hw_reverse': True,
                                                     'num_filters': [64],
                                                     'num_input_features': 5,
                                                     'pc_range': [-51.2,
                                                                  -51.2,
                                                                  -5.0,
                                                                  51.2,
                                                                  51.2,
                                                                  3.0],
                                                     'pool_size': [20, 1],
                                                     'quantize': True,
                                                     'type': 'PillarFeatureNet',
                                                     'use_4dim': True,
                                                     'use_conv': True,
                                                     'voxel_size': [0.2,
                                                                    0.2,
                                                                    8],
                                                     'with_distance': False},
                                          'type': 'CenterPointDetector'},
                        'type': 'BevFusion'},
              'model_convert_pipeline': {'converters': [{'type': 'RepModel2Deploy'},
                                                        {'convert_mode': 'jit-strip',
                                                         'example_inputs': {'bev_pillar_counts': torch.Size([1, 16384, 1]),
                                                                            'coors': torch.Size([40000, 4]),
                                                                            'features': torch.Size([1, 5, 20, 40000]),
                                                                            'img': torch.Size([6, 3, 512, 960]),
                                                                            'queries_rebatch_grid': torch.Size([6, 64, 80, 2]),
                                                                            'reference_points_rebatch': torch.Size([6, 5120, 2, 2]),
                                                                            'restore_bev_grid': torch.Size([1, 256, 128, 2])},
                                                         'type': 'Float2QAT'},
                                                        {'allow_miss': True,
                                                         'checkpoint_path': './tmp_models/bevfusion_centerpoint_pointpillar_henet_multisensor_multitask_nuscenes_opt/qat-checkpoint-last.pth.tar',
                                                         'ignore_extra': True,
                                                         'type': 'LoadCheckpoint',
                                                         'verbose': True},
                                                        {'type': 'SetQuantRoundingMode'}],
                                         'qat_mode': 'fuse_bn',
                                         'type': 'ModelConvertPipeline'},
              'stage': 'qat'},
 'orig_shape': [3, 900, 1600],
 'os': <module 'os' from '/usr/lib/python3.10/os.py'>,
 'partial': <class 'functools.partial'>,
 'pil_to_tensor': <function pil_to_tensor at 0x7f9b595431c0>,
 'point_cloud_range': [-51.2, -51.2, -5.0, 51.2, 51.2, 3.0],
 'prepare_inputs': <function prepare_inputs at 0x7f9b02efb400>,
 'process_img': <function process_img at 0x7f9b02efb370>,
 'process_inputs': <function process_inputs at 0x7f9b02efb490>,
 'process_outputs': <function process_outputs at 0x7f9b02efb520>,
 'qat_mode': 'fuse_bn',
 'qat_predictor': {'batch_processor': {'loss_collector': None,
                                       'need_grad_update': False,
                                       'type': 'MultiBatchProcessor'},
                   'callbacks': [{'epoch_log_freq': 1,
                                  'log_prefix': 'Validation '
                                                'bevfusion_centerpoint_pointpillar_henet_multisensor_multitask_nuscenes_opt',
                                  'metric_update_func': <function update_metric at 0x7f9b02efaef0>,
                                  'step_log_freq': 10000,
                                  'type': 'MetricUpdater'}],
                   'data_loader': [{'batch_size': 1,
                                    'collate_fn': functools.partial(<function collate_bevfusion_centerpoint at 0x7f9b02efa170>, bev_size=(51.2, 51.2, 0.8), point_cloud_range=[-51.2, -51.2, -5.0, 51.2, 51.2, 3.0], max_lidar_points=120000),
                                    'dataset': {'bev_range': [-51.2,
                                                              -51.2,
                                                              -5.0,
                                                              51.2,
                                                              51.2,
                                                              3.0],
                                                'data_path': 'data/nuscenes/pack/horizon_bevfusion_nuscenes/val_lmdb/',
                                                'load_dim': 5,
                                                'map_path': None,
                                                'map_size': None,
                                                'need_lidar': True,
                                                'num_seq': 1,
                                                'num_sweeps': 9,
                                                'transforms': [{'size': [512,
                                                                         960],
                                                                'type': 'MultiViewsImgResize'},
                                                               {'transforms': [{'type': 'PILToTensor'},
                                                                               {'divisor': 32,
                                                                                'type': 'Pad'},
                                                                               {'rgb_input': True,
                                                                                'type': 'BgrToYuv444'},
                                                                               {'mean': 128.0,
                                                                                'std': 128.0,
                                                                                'type': 'Normalize'}],
                                                                'type': 'MultiViewsImgTransformWrapper'}],
                                                'type': 'NuscenesBevSequenceDataset',
                                                'use_dim': [0, 1, 2, 3, 4],
                                                'with_bev_bboxes': False,
                                                'with_bev_mask': False,
                                                'with_ego_bboxes': True,
                                                'with_lidar_bboxes': True,
                                                'with_lidar_occ': True},
                                    'num_workers': 4,
                                    'pin_memory': True,
                                    'sampler': {'type': <class 'torch.utils.data.distributed.DistributedSampler'>},
                                    'shuffle': False,
                                    'type': <class 'torch.utils.data.dataloader.DataLoader'>}],
                   'device': None,
                   'log_interval': 100,
                   'metrics': [{'classes': ['car',
                                            'truck',
                                            'trailer',
                                            'bus',
                                            'construction_vehicle',
                                            'bicycle',
                                            'motorcycle',
                                            'pedestrian',
                                            'traffic_cone',
                                            'barrier'],
                                'data_root': 'data/nuscenes',
                                'lidar_key': 'sensor2ego',
                                'save_prefix': './metric_results/bevfusion_centerpoint_pointpillar_henet_multisensor_multitask_nuscenes_opt',
                                'trans_lidar_dim': True,
                                'trans_lidar_rot': False,
                                'type': 'NuscenesMetric',
                                'use_lidar': True,
                                'version': 'v1.0-trainval'},
                               {'ignore_index': 17,
                                'seg_class': ['others',
                                              'barrier',
                                              'bicycle',
                                              'bus',
                                              'car',
                                              'construction_vehicle',
                                              'motorcycle',
                                              'pedestrian',
                                              'traffic_cone',
                                              'trailer',
                                              'truck',
                                              'driveable_surface',
                                              'other_flat',
                                              'sidewalk',
                                              'terrain',
                                              'manmade',
                                              'vegetation'],
                                'type': 'MeanIOU'}],
                   'model': {'bev_decoders': [{'bev_size': [51.2, 51.2, 0.8],
                                               'decode_to_lidar': True,
                                               'decoder': {'bev_size': [51.2,
                                                                        51.2,
                                                                        0.8],
                                                           'class_names': ['car',
                                                                           'truck',
                                                                           'trailer',
                                                                           'bus',
                                                                           'construction_vehicle',
                                                                           'bicycle',
                                                                           'motorcycle',
                                                                           'pedestrian',
                                                                           'traffic_cone',
                                                                           'barrier'],
                                                           'decode_to_ego': False,
                                                           'min_radius': [4,
                                                                          12,
                                                                          10,
                                                                          1,
                                                                          0.85,
                                                                          0.175],
                                                           'nms_threshold': [0.2,
                                                                             0.2,
                                                                             0.2,
                                                                             0.2,
                                                                             0.2,
                                                                             0.5],
                                                           'nms_type': ['rotate',
                                                                        'rotate',
                                                                        'rotate',
                                                                        'circle',
                                                                        'rotate',
                                                                        'rotate'],
                                                           'norm_bbox': True,
                                                           'out_size_factor': 1,
                                                           'score_threshold': 0.08,
                                                           'tasks': [{'class_names': ['car'],
                                                                      'name': 'car',
                                                                      'num_class': 1},
                                                                     {'class_names': ['truck',
                                                                                      'construction_vehicle'],
                                                                      'name': 'truck',
                                                                      'num_class': 2},
                                                                     {'class_names': ['bus',
                                                                                      'trailer'],
                                                                      'name': 'bus',
                                                                      'num_class': 2},
                                                                     {'class_names': ['barrier'],
                                                                      'name': 'barrier',
                                                                      'num_class': 1},
                                                                     {'class_names': ['motorcycle',
                                                                                      'bicycle'],
                                                                      'name': 'bicycle',
                                                                      'num_class': 2},
                                                                     {'class_names': ['pedestrian',
                                                                                      'traffic_cone'],
                                                                      'name': 'pedestrian',
                                                                      'num_class': 2}],
                                                           'type': 'CenterPointDecoder',
                                                           'use_max_pool': True},
                                               'head': {'common_heads': {'dim': [3,
                                                                                 2],
                                                                         'height': [1,
                                                                                    2],
                                                                         'reg': [2,
                                                                                 2],
                                                                         'rot': [2,
                                                                                 2],
                                                                         'vel': [2,
                                                                                 2]},
                                                        'final_kernel': 3,
                                                        'head_conv_channels': 64,
                                                        'in_channels': 256,
                                                        'init_bias': -2.19,
                                                        'share_conv_channels': 64,
                                                        'share_conv_num': 1,
                                                        'tasks': [{'class_names': ['car'],
                                                                   'name': 'car',
                                                                   'num_class': 1},
                                                                  {'class_names': ['truck',
                                                                                   'construction_vehicle'],
                                                                   'name': 'truck',
                                                                   'num_class': 2},
                                                                  {'class_names': ['bus',
                                                                                   'trailer'],
                                                                   'name': 'bus',
                                                                   'num_class': 2},
                                                                  {'class_names': ['barrier'],
                                                                   'name': 'barrier',
                                                                   'num_class': 1},
                                                                  {'class_names': ['motorcycle',
                                                                                   'bicycle'],
                                                                   'name': 'bicycle',
                                                                   'num_class': 2},
                                                                  {'class_names': ['pedestrian',
                                                                                   'traffic_cone'],
                                                                   'name': 'pedestrian',
                                                                   'num_class': 2}],
                                                        'type': 'CenterPointHead'},
                                               'loss_cls': {'eps': 0.0001,
                                                            'loss_weight': 1.0,
                                                            'type': 'ClampedGaussianFocalLoss'},
                                               'loss_reg': {'loss_weight': 0.25,
                                                            'type': 'L1Loss'},
                                               'name': 'bev_det',
                                               'point_cloud_range': [-51.2,
                                                                     -51.2,
                                                                     -5.0,
                                                                     51.2,
                                                                     51.2,
                                                                     3.0],
                                               'target': {'bbox_weight': [1.0,
                                                                          1.0,
                                                                          1.0,
                                                                          1.0,
                                                                          1.0,
                                                                          1.0,
                                                                          1.0,
                                                                          1.0,
                                                                          0.2,
                                                                          0.2],
                                                          'class_names': ['car',
                                                                          'truck',
                                                                          'trailer',
                                                                          'bus',
                                                                          'construction_vehicle',
                                                                          'bicycle',
                                                                          'motorcycle',
                                                                          'pedestrian',
                                                                          'traffic_cone',
                                                                          'barrier'],
                                                          'gaussian_overlap': 0.1,
                                                          'max_num': 500,
                                                          'min_radius': 2,
                                                          'norm_bbox': True,
                                                          'out_size_factor': 1,
                                                          'tasks': [{'class_names': ['car'],
                                                                     'name': 'car',
                                                                     'num_class': 1},
                                                                    {'class_names': ['truck',
                                                                                     'construction_vehicle'],
                                                                     'name': 'truck',
                                                                     'num_class': 2},
                                                                    {'class_names': ['bus',
                                                                                     'trailer'],
                                                                     'name': 'bus',
                                                                     'num_class': 2},
                                                                    {'class_names': ['barrier'],
                                                                     'name': 'barrier',
                                                                     'num_class': 1},
                                                                    {'class_names': ['motorcycle',
                                                                                     'bicycle'],
                                                                     'name': 'bicycle',
                                                                     'num_class': 2},
                                                                    {'class_names': ['pedestrian',
                                                                                     'traffic_cone'],
                                                                     'name': 'pedestrian',
                                                                     'num_class': 2}],
                                                          'type': 'CenterPointTarget'},
                                               'task_weight': 1.0,
                                               'type': 'BevFusionCenterPointDetDecoder'},
                                              {'camera_input': True,
                                               'lidar_input': True,
                                               'loss_occ': {'ignore_index': 255,
                                                            'loss_weight': 6.0,
                                                            'type': 'CrossEntropyLoss',
                                                            'use_sigmoid': False},
                                               'num_classes': 18,
                                               'occ_head': {'Dz': 16,
                                                            'in_dim': 256,
                                                            'num_classes': 18,
                                                            'out_dim': 128,
                                                            'type': 'BEVOCCHead2D',
                                                            'use_predicter': True,
                                                            'use_upsample': True},
                                               'roi_resizer': {'in_strides': [1],
                                                               'roi_resize_cfgs': [{'in_stride': 1,
                                                                                    'roi_box': [14,
                                                                                                14,
                                                                                                114,
                                                                                                114]}],
                                                               'type': 'RoiResize'},
                                               'type': 'BevformerOccDetDecoder',
                                               'use_mask': True}],
                             'bev_h': 128,
                             'bev_w': 128,
                             'camera_network': {'backbone': {'act_layer': ['nn.GELU',
                                                                           'nn.GELU',
                                                                           'nn.GELU',
                                                                           'nn.GELU'],
                                                             'attention_block_num': [0,
                                                                                     0,
                                                                                     0,
                                                                                     0],
                                                             'block_cls': ['GroupDWCB',
                                                                           'GroupDWCB',
                                                                           'AltDWCB',
                                                                           'DWCB'],
                                                             'block_nums': [4,
                                                                            3,
                                                                            8,
                                                                            6],
                                                             'down_cls': ['S2DDown',
                                                                          'S2DDown',
                                                                          'S2DDown',
                                                                          'None'],
                                                             'embed_dims': [64,
                                                                            128,
                                                                            192,
                                                                            384],
                                                             'extra_act': [False,
                                                                           False,
                                                                           False,
                                                                           False],
                                                             'feature_mix_channel': 1024,
                                                             'final_expand_channel': 0,
                                                             'in_channels': 3,
                                                             'include_top': False,
                                                             'layer_scale_init_value': 1e-05,
                                                             'mlp_ratio_attn': 2,
                                                             'mlp_ratios': [2,
                                                                            2,
                                                                            2,
                                                                            3],
                                                             'num_classes': 1000,
                                                             'patch_embed': 'origin',
                                                             'type': 'HENet',
                                                             'use_layer_scale': [True,
                                                                                 True,
                                                                                 True,
                                                                                 True]},
                                                'neck': {'bn_kwargs': {'eps': 1e-05,
                                                                       'momentum': 0.1},
                                                         'in_channels': [384],
                                                         'in_strides': [32],
                                                         'out_channels': [256],
                                                         'out_strides': [32],
                                                         'type': 'FPN'},
                                                'out_indices': [-1],
                                                'type': 'BevFormer',
                                                'view_transformer': {'bev_h': 128,
                                                                     'bev_w': 128,
                                                                     'embed_dims': 256,
                                                                     'encoder': {'bev_h': 128,
                                                                                 'bev_w': 128,
                                                                                 'embed_dims': 256,
                                                                                 'encoder_layer': {'crossattention': {'bev_h': 128,
                                                                                                                      'bev_w': 128,
                                                                                                                      'deformable_attention': {'embed_dims': 256,
                                                                                                                                               'feats_size': [[30,
                                                                                                                                                               16]],
                                                                                                                                               'grid_align_num': 64,
                                                                                                                                               'num_levels': 1,
                                                                                                                                               'num_points': 2,
                                                                                                                                               'type': 'HorizonMultiScaleDeformableAttention3D'},
                                                                                                                      'embed_dims': 256,
                                                                                                                      'max_camoverlap_num': 2,
                                                                                                                      'type': 'HorizonSpatialCrossAttention'},
                                                                                                   'dropout': 0.1,
                                                                                                   'embed_dims': 256,
                                                                                                   'selfattention': {'batch_first': True,
                                                                                                                     'embed_dims': 256,
                                                                                                                     'feats_size': [[128,
                                                                                                                                     128]],
                                                                                                                     'grid_align_num': 4,
                                                                                                                     'num_levels': 1,
                                                                                                                     'num_points': 2,
                                                                                                                     'type': 'HorizonMultiScaleDeformableAttention'},
                                                                                                   'type': 'SingleBEVFormerEncoderLayer'},
                                                                                 'num_layers': 1,
                                                                                 'return_intermediate': False,
                                                                                 'type': 'SingleBEVFormerEncoder'},
                                                                     'in_indices': [-1],
                                                                     'max_camoverlap_num': 2,
                                                                     'num_points_in_pillar': 2,
                                                                     'pc_range': [-51.2,
                                                                                  -51.2,
                                                                                  -5.0,
                                                                                  51.2,
                                                                                  51.2,
                                                                                  3.0],
                                                                     'positional_encoding': {'col_num_embed': 128,
                                                                                             'num_feats': 128,
                                                                                             'row_num_embed': 128,
                                                                                             'type': 'LearnedPositionalEncoding'},
                                                                     'queue_length': 1,
                                                                     'single_bev': True,
                                                                     'type': 'SingleBevFormerViewTransformer',
                                                                     'use_lidar2img': True,
                                                                     'virtual_bev_h': 64,
                                                                     'virtual_bev_w': 80}},
                             'fuse_module': {'fuse_c': 256,
                                             'input_c': 640,
                                             'type': 'BevFuseModule'},
                             'lidar_network': {'backbone': {'num_input_features': 64,
                                                            'quantize': True,
                                                            'type': 'PointPillarScatter',
                                                            'use_horizon_pillar_scatter': True},
                                               'feature_map_shape': array([512, 512,   1]),
                                               'neck': {'bn_kwargs': None,
                                                        'down_layer_channels': [64,
                                                                                128,
                                                                                256],
                                                        'down_layer_nums': [3,
                                                                            5,
                                                                            5],
                                                        'down_layer_strides': [2,
                                                                               2,
                                                                               2],
                                                        'in_feature_channel': 64,
                                                        'quantize': True,
                                                        'type': 'SECONDNeck',
                                                        'up_layer_channels': [128,
                                                                              128,
                                                                              128],
                                                        'up_layer_strides': [0.5,
                                                                             1,
                                                                             2],
                                                        'use_relu6': False},
                                               'pre_process': {'fixed_voxels_num': 30000,
                                                               'max_points_in_voxel': 20,
                                                               'max_voxels_num': [30000,
                                                                                  40000],
                                                               'norm_dims': [0,
                                                                             1,
                                                                             2,
                                                                             3],
                                                               'norm_range': [-51.2,
                                                                              -51.2,
                                                                              -5.0,
                                                                              0.0,
                                                                              51.2,
                                                                              51.2,
                                                                              3.0,
                                                                              255.0],
                                                               'pc_range': [-51.2,
                                                                            -51.2,
                                                                            -5.0,
                                                                            51.2,
                                                                            51.2,
                                                                            3.0],
                                                               'type': 'PaddedCenterPointPreProcess',
                                                               'voxel_size': [0.2,
                                                                              0.2,
                                                                              8]},
                                               'reader': {'bn_kwargs': None,
                                                          'hw_reverse': True,
                                                          'num_filters': [64],
                                                          'num_input_features': 5,
                                                          'pc_range': [-51.2,
                                                                       -51.2,
                                                                       -5.0,
                                                                       51.2,
                                                                       51.2,
                                                                       3.0],
                                                          'pool_size': [20, 1],
                                                          'quantize': True,
                                                          'type': 'PillarFeatureNet',
                                                          'use_4dim': True,
                                                          'use_conv': True,
                                                          'voxel_size': [0.2,
                                                                         0.2,
                                                                         8],
                                                          'with_distance': False},
                                               'type': 'CenterPointDetector'},
                             'type': 'BevFusion'},
                   'model_convert_pipeline': {'converters': [{'type': 'RepModel2Deploy'},
                                                             {'convert_mode': 'jit-strip',
                                                              'example_data_loader': {'batch_size': 1,
                                                                                      'collate_fn': functools.partial(<function collate_bevfusion_centerpoint at 0x7f9b02efa170>, bev_size=(51.2, 51.2, 0.8), point_cloud_range=[-51.2, -51.2, -5.0, 51.2, 51.2, 3.0], max_lidar_points=120000),
                                                                                      'dataset': {'bev_range': [-51.2,
                                                                                                                -51.2,
                                                                                                                -5.0,
                                                                                                                51.2,
                                                                                                                51.2,
                                                                                                                3.0],
                                                                                                  'data_path': 'data/nuscenes/pack/horizon_bevfusion_nuscenes/val_lmdb/',
                                                                                                  'load_dim': 5,
                                                                                                  'map_path': None,
                                                                                                  'map_size': None,
                                                                                                  'need_lidar': True,
                                                                                                  'num_seq': 1,
                                                                                                  'num_sweeps': 9,
                                                                                                  'transforms': [{'size': [512,
                                                                                                                           960],
                                                                                                                  'type': 'MultiViewsImgResize'},
                                                                                                                 {'transforms': [{'type': 'PILToTensor'},
                                                                                                                                 {'divisor': 32,
                                                                                                                                  'type': 'Pad'},
                                                                                                                                 {'rgb_input': True,
                                                                                                                                  'type': 'BgrToYuv444'},
                                                                                                                                 {'mean': 128.0,
                                                                                                                                  'std': 128.0,
                                                                                                                                  'type': 'Normalize'}],
                                                                                                                  'type': 'MultiViewsImgTransformWrapper'}],
                                                                                                  'type': 'NuscenesBevSequenceDataset',
                                                                                                  'use_dim': [0,
                                                                                                              1,
                                                                                                              2,
                                                                                                              3,
                                                                                                              4],
                                                                                                  'with_bev_bboxes': False,
                                                                                                  'with_bev_mask': False,
                                                                                                  'with_ego_bboxes': True,
                                                                                                  'with_lidar_bboxes': True,
                                                                                                  'with_lidar_occ': True},
                                                                                      'num_workers': 0,
                                                                                      'pin_memory': True,
                                                                                      'shuffle': False,
                                                                                      'type': <class 'torch.utils.data.dataloader.DataLoader'>},
                                                              'type': 'Float2QAT'},
                                                             {'allow_miss': True,
                                                              'checkpoint_path': './tmp_models/bevfusion_centerpoint_pointpillar_henet_multisensor_multitask_nuscenes_opt/qat-checkpoint-last.pth.tar',
                                                              'ignore_extra': True,
                                                              'type': 'LoadCheckpoint',
                                                              'verbose': True},
                                                             {'type': 'SetQuantRoundingMode'}],
                                              'qat_mode': 'fuse_bn',
                                              'type': 'ModelConvertPipeline'},
                   'type': 'Predictor'},
 'qat_trainer': {'batch_processor': {'enable_amp': True,
                                     'loss_collector': <function loss_collector at 0x7f9b02efae60>,
                                     'need_grad_update': True,
                                     'type': 'MultiBatchProcessor'},
                 'callbacks': [{'log_freq': 200, 'type': 'StatsMonitor'},
                               {'epoch_log_freq': 1,
                                'log_prefix': 'loss_bevfusion_centerpoint_pointpillar_henet_multisensor_multitask_nuscenes_opt',
                                'metric_update_func': <function update_loss at 0x7f9b02efaf80>,
                                'step_log_freq': 200,
                                'type': 'MetricUpdater'},
                               {'lr_decay_id': [8],
                                'step_log_interval': 500,
                                'type': 'StepDecayLrUpdater'},
                               {'clip_grad_norm': 35,
                                'clip_norm_type': 2,
                                'module_and_scale': [],
                                'type': 'GradScale'},
                               {'batch_processor': {'loss_collector': None,
                                                    'need_grad_update': False,
                                                    'type': 'MultiBatchProcessor'},
                                'callbacks': [{'epoch_log_freq': 1,
                                               'log_prefix': 'Validation '
                                                             'bevfusion_centerpoint_pointpillar_henet_multisensor_multitask_nuscenes_opt',
                                               'metric_update_func': <function update_metric at 0x7f9b02efaef0>,
                                               'step_log_freq': 10000,
                                               'type': 'MetricUpdater'}],
                                'data_loader': {'batch_size': 1,
                                                'collate_fn': functools.partial(<function collate_bevfusion_centerpoint at 0x7f9b02efa170>, bev_size=(51.2, 51.2, 0.8), point_cloud_range=[-51.2, -51.2, -5.0, 51.2, 51.2, 3.0], max_lidar_points=120000),
                                                'dataset': {'bev_range': [-51.2,
                                                                          -51.2,
                                                                          -5.0,
                                                                          51.2,
                                                                          51.2,
                                                                          3.0],
                                                            'data_path': 'data/nuscenes/pack/horizon_bevfusion_nuscenes/val_lmdb/',
                                                            'load_dim': 5,
                                                            'map_path': None,
                                                            'map_size': None,
                                                            'need_lidar': True,
                                                            'num_seq': 1,
                                                            'num_sweeps': 9,
                                                            'transforms': [{'size': [512,
                                                                                     960],
                                                                            'type': 'MultiViewsImgResize'},
                                                                           {'transforms': [{'type': 'PILToTensor'},
                                                                                           {'divisor': 32,
                                                                                            'type': 'Pad'},
                                                                                           {'rgb_input': True,
                                                                                            'type': 'BgrToYuv444'},
                                                                                           {'mean': 128.0,
                                                                                            'std': 128.0,
                                                                                            'type': 'Normalize'}],
                                                                            'type': 'MultiViewsImgTransformWrapper'}],
                                                            'type': 'NuscenesBevSequenceDataset',
                                                            'use_dim': [0,
                                                                        1,
                                                                        2,
                                                                        3,
                                                                        4],
                                                            'with_bev_bboxes': False,
                                                            'with_bev_mask': False,
                                                            'with_ego_bboxes': True,
                                                            'with_lidar_bboxes': True,
                                                            'with_lidar_occ': True},
                                                'num_workers': 4,
                                                'pin_memory': True,
                                                'sampler': {'type': <class 'torch.utils.data.distributed.DistributedSampler'>},
                                                'shuffle': False,
                                                'type': <class 'torch.utils.data.dataloader.DataLoader'>},
                                'log_interval': 200,
                                'type': 'Validation',
                                'val_interval': 1,
                                'val_model': None,
                                'val_on_train_end': False},
                               {'mode': None,
                                'name_prefix': 'float-',
                                'save_dir': './tmp_models/bevfusion_centerpoint_pointpillar_henet_multisensor_multitask_nuscenes_opt',
                                'save_interval': 1,
                                'strict_match': True,
                                'type': 'Checkpoint'}],
                 'data_loader': {'batch_size': 6,
                                 'collate_fn': functools.partial(<function collate_bevfusion_centerpoint at 0x7f9b02efa170>, bev_size=(51.2, 51.2, 0.8), point_cloud_range=[-51.2, -51.2, -5.0, 51.2, 51.2, 3.0], max_lidar_points=120000),
                                 'dataset': {'bev_range': [-51.2,
                                                           -51.2,
                                                           -5.0,
                                                           51.2,
                                                           51.2,
                                                           3.0],
                                             'data_path': 'data/nuscenes/pack/horizon_bevfusion_nuscenes/train_lmdb/',
                                             'load_dim': 5,
                                             'map_path': None,
                                             'map_size': None,
                                             'need_lidar': True,
                                             'num_seq': 1,
                                             'num_sweeps': 9,
                                             'transforms': [{'size': [512, 960],
                                                             'type': 'MultiViewsImgResize'},
                                                            {'type': 'MultiViewsImgFlip'},
                                                            {'rot': [-5.4, 5.4],
                                                             'type': 'MultiViewsImgRotate'},
                                                            {'rotation_3d_range': [-0.3925,
                                                                                   0.3925],
                                                             'type': 'BevBBoxRotation'},
                                                            {'type': 'MultiViewsPhotoMetricDistortion'},
                                                            {'transforms': [{'type': 'PILToTensor'},
                                                                            {'rgb_input': True,
                                                                             'type': 'BgrToYuv444'},
                                                                            {'mean': 128,
                                                                             'std': 128,
                                                                             'type': 'Normalize'}],
                                                             'type': 'MultiViewsImgTransformWrapper'},
                                                            {'max_lidar_points': 120000,
                                                             'type': 'FixedLidarPointsAdapter'},
                                                            {'bev_size': [51.2,
                                                                          51.2,
                                                                          0.8],
                                                             'point_cloud_range': [-51.2,
                                                                                   -51.2,
                                                                                   -5.0,
                                                                                   51.2,
                                                                                   51.2,
                                                                                   3.0],
                                                             'src_key': 'lidar_bboxes_labels',
                                                             'type': 'BevBboxesLabelsAdapter'}],
                                             'type': 'NuscenesBevSequenceDataset',
                                             'use_dim': [0, 1, 2, 3, 4],
                                             'with_bev_bboxes': False,
                                             'with_bev_mask': False,
                                             'with_ego_bboxes': True,
                                             'with_ego_occ': False,
                                             'with_lidar_bboxes': True,
                                             'with_lidar_occ': True},
                                 'num_workers': 4,
                                 'pin_memory': False,
                                 'sampler': {'type': <class 'torch.utils.data.distributed.DistributedSampler'>},
                                 'shuffle': True,
                                 'type': <class 'torch.utils.data.dataloader.DataLoader'>},
                 'device': None,
                 'model': {'bev_decoders': [{'bev_size': [51.2, 51.2, 0.8],
                                             'decode_to_lidar': True,
                                             'decoder': {'bev_size': [51.2,
                                                                      51.2,
                                                                      0.8],
                                                         'class_names': ['car',
                                                                         'truck',
                                                                         'trailer',
                                                                         'bus',
                                                                         'construction_vehicle',
                                                                         'bicycle',
                                                                         'motorcycle',
                                                                         'pedestrian',
                                                                         'traffic_cone',
                                                                         'barrier'],
                                                         'decode_to_ego': False,
                                                         'min_radius': [4,
                                                                        12,
                                                                        10,
                                                                        1,
                                                                        0.85,
                                                                        0.175],
                                                         'nms_threshold': [0.2,
                                                                           0.2,
                                                                           0.2,
                                                                           0.2,
                                                                           0.2,
                                                                           0.5],
                                                         'nms_type': ['rotate',
                                                                      'rotate',
                                                                      'rotate',
                                                                      'circle',
                                                                      'rotate',
                                                                      'rotate'],
                                                         'norm_bbox': True,
                                                         'out_size_factor': 1,
                                                         'score_threshold': 0.08,
                                                         'tasks': [{'class_names': ['car'],
                                                                    'name': 'car',
                                                                    'num_class': 1},
                                                                   {'class_names': ['truck',
                                                                                    'construction_vehicle'],
                                                                    'name': 'truck',
                                                                    'num_class': 2},
                                                                   {'class_names': ['bus',
                                                                                    'trailer'],
                                                                    'name': 'bus',
                                                                    'num_class': 2},
                                                                   {'class_names': ['barrier'],
                                                                    'name': 'barrier',
                                                                    'num_class': 1},
                                                                   {'class_names': ['motorcycle',
                                                                                    'bicycle'],
                                                                    'name': 'bicycle',
                                                                    'num_class': 2},
                                                                   {'class_names': ['pedestrian',
                                                                                    'traffic_cone'],
                                                                    'name': 'pedestrian',
                                                                    'num_class': 2}],
                                                         'type': 'CenterPointDecoder',
                                                         'use_max_pool': True},
                                             'head': {'common_heads': {'dim': [3,
                                                                               2],
                                                                       'height': [1,
                                                                                  2],
                                                                       'reg': [2,
                                                                               2],
                                                                       'rot': [2,
                                                                               2],
                                                                       'vel': [2,
                                                                               2]},
                                                      'final_kernel': 3,
                                                      'head_conv_channels': 64,
                                                      'in_channels': 256,
                                                      'init_bias': -2.19,
                                                      'share_conv_channels': 64,
                                                      'share_conv_num': 1,
                                                      'tasks': [{'class_names': ['car'],
                                                                 'name': 'car',
                                                                 'num_class': 1},
                                                                {'class_names': ['truck',
                                                                                 'construction_vehicle'],
                                                                 'name': 'truck',
                                                                 'num_class': 2},
                                                                {'class_names': ['bus',
                                                                                 'trailer'],
                                                                 'name': 'bus',
                                                                 'num_class': 2},
                                                                {'class_names': ['barrier'],
                                                                 'name': 'barrier',
                                                                 'num_class': 1},
                                                                {'class_names': ['motorcycle',
                                                                                 'bicycle'],
                                                                 'name': 'bicycle',
                                                                 'num_class': 2},
                                                                {'class_names': ['pedestrian',
                                                                                 'traffic_cone'],
                                                                 'name': 'pedestrian',
                                                                 'num_class': 2}],
                                                      'type': 'CenterPointHead'},
                                             'loss_cls': {'eps': 0.0001,
                                                          'loss_weight': 1.0,
                                                          'type': 'ClampedGaussianFocalLoss'},
                                             'loss_reg': {'loss_weight': 0.25,
                                                          'type': 'L1Loss'},
                                             'name': 'bev_det',
                                             'point_cloud_range': [-51.2,
                                                                   -51.2,
                                                                   -5.0,
                                                                   51.2,
                                                                   51.2,
                                                                   3.0],
                                             'target': {'bbox_weight': [1.0,
                                                                        1.0,
                                                                        1.0,
                                                                        1.0,
                                                                        1.0,
                                                                        1.0,
                                                                        1.0,
                                                                        1.0,
                                                                        0.2,
                                                                        0.2],
                                                        'class_names': ['car',
                                                                        'truck',
                                                                        'trailer',
                                                                        'bus',
                                                                        'construction_vehicle',
                                                                        'bicycle',
                                                                        'motorcycle',
                                                                        'pedestrian',
                                                                        'traffic_cone',
                                                                        'barrier'],
                                                        'gaussian_overlap': 0.1,
                                                        'max_num': 500,
                                                        'min_radius': 2,
                                                        'norm_bbox': True,
                                                        'out_size_factor': 1,
                                                        'tasks': [{'class_names': ['car'],
                                                                   'name': 'car',
                                                                   'num_class': 1},
                                                                  {'class_names': ['truck',
                                                                                   'construction_vehicle'],
                                                                   'name': 'truck',
                                                                   'num_class': 2},
                                                                  {'class_names': ['bus',
                                                                                   'trailer'],
                                                                   'name': 'bus',
                                                                   'num_class': 2},
                                                                  {'class_names': ['barrier'],
                                                                   'name': 'barrier',
                                                                   'num_class': 1},
                                                                  {'class_names': ['motorcycle',
                                                                                   'bicycle'],
                                                                   'name': 'bicycle',
                                                                   'num_class': 2},
                                                                  {'class_names': ['pedestrian',
                                                                                   'traffic_cone'],
                                                                   'name': 'pedestrian',
                                                                   'num_class': 2}],
                                                        'type': 'CenterPointTarget'},
                                             'task_weight': 1.0,
                                             'type': 'BevFusionCenterPointDetDecoder'},
                                            {'camera_input': True,
                                             'lidar_input': True,
                                             'loss_occ': {'ignore_index': 255,
                                                          'loss_weight': 6.0,
                                                          'type': 'CrossEntropyLoss',
                                                          'use_sigmoid': False},
                                             'num_classes': 18,
                                             'occ_head': {'Dz': 16,
                                                          'in_dim': 256,
                                                          'num_classes': 18,
                                                          'out_dim': 128,
                                                          'type': 'BEVOCCHead2D',
                                                          'use_predicter': True,
                                                          'use_upsample': True},
                                             'roi_resizer': {'in_strides': [1],
                                                             'roi_resize_cfgs': [{'in_stride': 1,
                                                                                  'roi_box': [14,
                                                                                              14,
                                                                                              114,
                                                                                              114]}],
                                                             'type': 'RoiResize'},
                                             'type': 'BevformerOccDetDecoder',
                                             'use_mask': True}],
                           'bev_h': 128,
                           'bev_w': 128,
                           'camera_network': {'backbone': {'act_layer': ['nn.GELU',
                                                                         'nn.GELU',
                                                                         'nn.GELU',
                                                                         'nn.GELU'],
                                                           'attention_block_num': [0,
                                                                                   0,
                                                                                   0,
                                                                                   0],
                                                           'block_cls': ['GroupDWCB',
                                                                         'GroupDWCB',
                                                                         'AltDWCB',
                                                                         'DWCB'],
                                                           'block_nums': [4,
                                                                          3,
                                                                          8,
                                                                          6],
                                                           'down_cls': ['S2DDown',
                                                                        'S2DDown',
                                                                        'S2DDown',
                                                                        'None'],
                                                           'embed_dims': [64,
                                                                          128,
                                                                          192,
                                                                          384],
                                                           'extra_act': [False,
                                                                         False,
                                                                         False,
                                                                         False],
                                                           'feature_mix_channel': 1024,
                                                           'final_expand_channel': 0,
                                                           'in_channels': 3,
                                                           'include_top': False,
                                                           'layer_scale_init_value': 1e-05,
                                                           'mlp_ratio_attn': 2,
                                                           'mlp_ratios': [2,
                                                                          2,
                                                                          2,
                                                                          3],
                                                           'num_classes': 1000,
                                                           'patch_embed': 'origin',
                                                           'type': 'HENet',
                                                           'use_layer_scale': [True,
                                                                               True,
                                                                               True,
                                                                               True]},
                                              'neck': {'bn_kwargs': {'eps': 1e-05,
                                                                     'momentum': 0.1},
                                                       'in_channels': [384],
                                                       'in_strides': [32],
                                                       'out_channels': [256],
                                                       'out_strides': [32],
                                                       'type': 'FPN'},
                                              'out_indices': [-1],
                                              'type': 'BevFormer',
                                              'view_transformer': {'bev_h': 128,
                                                                   'bev_w': 128,
                                                                   'embed_dims': 256,
                                                                   'encoder': {'bev_h': 128,
                                                                               'bev_w': 128,
                                                                               'embed_dims': 256,
                                                                               'encoder_layer': {'crossattention': {'bev_h': 128,
                                                                                                                    'bev_w': 128,
                                                                                                                    'deformable_attention': {'embed_dims': 256,
                                                                                                                                             'feats_size': [[30,
                                                                                                                                                             16]],
                                                                                                                                             'grid_align_num': 64,
                                                                                                                                             'num_levels': 1,
                                                                                                                                             'num_points': 2,
                                                                                                                                             'type': 'HorizonMultiScaleDeformableAttention3D'},
                                                                                                                    'embed_dims': 256,
                                                                                                                    'max_camoverlap_num': 2,
                                                                                                                    'type': 'HorizonSpatialCrossAttention'},
                                                                                                 'dropout': 0.1,
                                                                                                 'embed_dims': 256,
                                                                                                 'selfattention': {'batch_first': True,
                                                                                                                   'embed_dims': 256,
                                                                                                                   'feats_size': [[128,
                                                                                                                                   128]],
                                                                                                                   'grid_align_num': 4,
                                                                                                                   'num_levels': 1,
                                                                                                                   'num_points': 2,
                                                                                                                   'type': 'HorizonMultiScaleDeformableAttention'},
                                                                                                 'type': 'SingleBEVFormerEncoderLayer'},
                                                                               'num_layers': 1,
                                                                               'return_intermediate': False,
                                                                               'type': 'SingleBEVFormerEncoder'},
                                                                   'in_indices': [-1],
                                                                   'max_camoverlap_num': 2,
                                                                   'num_points_in_pillar': 2,
                                                                   'pc_range': [-51.2,
                                                                                -51.2,
                                                                                -5.0,
                                                                                51.2,
                                                                                51.2,
                                                                                3.0],
                                                                   'positional_encoding': {'col_num_embed': 128,
                                                                                           'num_feats': 128,
                                                                                           'row_num_embed': 128,
                                                                                           'type': 'LearnedPositionalEncoding'},
                                                                   'queue_length': 1,
                                                                   'single_bev': True,
                                                                   'type': 'SingleBevFormerViewTransformer',
                                                                   'use_lidar2img': True,
                                                                   'virtual_bev_h': 64,
                                                                   'virtual_bev_w': 80}},
                           'fuse_module': {'fuse_c': 256,
                                           'input_c': 640,
                                           'type': 'BevFuseModule'},
                           'lidar_network': {'backbone': {'num_input_features': 64,
                                                          'quantize': True,
                                                          'type': 'PointPillarScatter',
                                                          'use_horizon_pillar_scatter': True},
                                             'feature_map_shape': array([512, 512,   1]),
                                             'neck': {'bn_kwargs': None,
                                                      'down_layer_channels': [64,
                                                                              128,
                                                                              256],
                                                      'down_layer_nums': [3,
                                                                          5,
                                                                          5],
                                                      'down_layer_strides': [2,
                                                                             2,
                                                                             2],
                                                      'in_feature_channel': 64,
                                                      'quantize': True,
                                                      'type': 'SECONDNeck',
                                                      'up_layer_channels': [128,
                                                                            128,
                                                                            128],
                                                      'up_layer_strides': [0.5,
                                                                           1,
                                                                           2],
                                                      'use_relu6': False},
                                             'pre_process': {'fixed_voxels_num': 30000,
                                                             'max_points_in_voxel': 20,
                                                             'max_voxels_num': [30000,
                                                                                40000],
                                                             'norm_dims': [0,
                                                                           1,
                                                                           2,
                                                                           3],
                                                             'norm_range': [-51.2,
                                                                            -51.2,
                                                                            -5.0,
                                                                            0.0,
                                                                            51.2,
                                                                            51.2,
                                                                            3.0,
                                                                            255.0],
                                                             'pc_range': [-51.2,
                                                                          -51.2,
                                                                          -5.0,
                                                                          51.2,
                                                                          51.2,
                                                                          3.0],
                                                             'type': 'PaddedCenterPointPreProcess',
                                                             'voxel_size': [0.2,
                                                                            0.2,
                                                                            8]},
                                             'reader': {'bn_kwargs': None,
                                                        'hw_reverse': True,
                                                        'num_filters': [64],
                                                        'num_input_features': 5,
                                                        'pc_range': [-51.2,
                                                                     -51.2,
                                                                     -5.0,
                                                                     51.2,
                                                                     51.2,
                                                                     3.0],
                                                        'pool_size': [20, 1],
                                                        'quantize': True,
                                                        'type': 'PillarFeatureNet',
                                                        'use_4dim': True,
                                                        'use_conv': True,
                                                        'voxel_size': [0.2,
                                                                       0.2,
                                                                       8],
                                                        'with_distance': False},
                                             'type': 'CenterPointDetector'},
                           'type': 'BevFusion'},
                 'model_convert_pipeline': {'converters': [{'type': 'RepModel2Deploy'},
                                                           {'convert_mode': 'jit-strip',
                                                            'example_data_loader': {'batch_size': 1,
                                                                                    'collate_fn': functools.partial(<function collate_bevfusion_centerpoint at 0x7f9b02efa170>, bev_size=(51.2, 51.2, 0.8), point_cloud_range=[-51.2, -51.2, -5.0, 51.2, 51.2, 3.0], max_lidar_points=120000),
                                                                                    'dataset': {'bev_range': [-51.2,
                                                                                                              -51.2,
                                                                                                              -5.0,
                                                                                                              51.2,
                                                                                                              51.2,
                                                                                                              3.0],
                                                                                                'data_path': 'data/nuscenes/pack/horizon_bevfusion_nuscenes/val_lmdb/',
                                                                                                'load_dim': 5,
                                                                                                'map_path': None,
                                                                                                'map_size': None,
                                                                                                'need_lidar': True,
                                                                                                'num_seq': 1,
                                                                                                'num_sweeps': 9,
                                                                                                'transforms': [{'size': [512,
                                                                                                                         960],
                                                                                                                'type': 'MultiViewsImgResize'},
                                                                                                               {'transforms': [{'type': 'PILToTensor'},
                                                                                                                               {'divisor': 32,
                                                                                                                                'type': 'Pad'},
                                                                                                                               {'rgb_input': True,
                                                                                                                                'type': 'BgrToYuv444'},
                                                                                                                               {'mean': 128.0,
                                                                                                                                'std': 128.0,
                                                                                                                                'type': 'Normalize'}],
                                                                                                                'type': 'MultiViewsImgTransformWrapper'}],
                                                                                                'type': 'NuscenesBevSequenceDataset',
                                                                                                'use_dim': [0,
                                                                                                            1,
                                                                                                            2,
                                                                                                            3,
                                                                                                            4],
                                                                                                'with_bev_bboxes': False,
                                                                                                'with_bev_mask': False,
                                                                                                'with_ego_bboxes': True,
                                                                                                'with_lidar_bboxes': True,
                                                                                                'with_lidar_occ': True},
                                                                                    'num_workers': 0,
                                                                                    'pin_memory': True,
                                                                                    'shuffle': False,
                                                                                    'type': <class 'torch.utils.data.dataloader.DataLoader'>},
                                                            'type': 'Float2QAT'},
                                                           {'type': 'FixWeightQScale'},
                                                           {'allow_miss': True,
                                                            'checkpoint_path': './tmp_models/bevfusion_centerpoint_pointpillar_henet_multisensor_multitask_nuscenes_opt/calibration-checkpoint-last.pth.tar',
                                                            'ignore_extra': True,
                                                            'type': 'LoadCheckpoint',
                                                            'verbose': True}],
                                            'qat_mode': 'fuse_bn',
                                            'type': 'ModelConvertPipeline'},
                 'num_epochs': 16,
                 'optimizer': {'lr': 2e-05,
                               'type': <class 'torch.optim.adamw.AdamW'>,
                               'weight_decay': 0.001},
                 'train_metrics': {'type': 'LossShow'},
                 'type': 'distributed_data_parallel_trainer',
                 'val_metrics': [{'classes': ['car',
                                              'truck',
                                              'trailer',
                                              'bus',
                                              'construction_vehicle',
                                              'bicycle',
                                              'motorcycle',
                                              'pedestrian',
                                              'traffic_cone',
                                              'barrier'],
                                  'data_root': 'data/nuscenes',
                                  'lidar_key': 'sensor2ego',
                                  'save_prefix': './metric_results/bevfusion_centerpoint_pointpillar_henet_multisensor_multitask_nuscenes_opt',
                                  'trans_lidar_dim': True,
                                  'trans_lidar_rot': False,
                                  'type': 'NuscenesMetric',
                                  'use_lidar': True,
                                  'version': 'v1.0-trainval'},
                                 {'ignore_index': 17,
                                  'seg_class': ['others',
                                                'barrier',
                                                'bicycle',
                                                'bus',
                                                'car',
                                                'construction_vehicle',
                                                'motorcycle',
                                                'pedestrian',
                                                'traffic_cone',
                                                'trailer',
                                                'truck',
                                                'driveable_surface',
                                                'other_flat',
                                                'sidewalk',
                                                'terrain',
                                                'manmade',
                                                'vegetation'],
                                  'type': 'MeanIOU'}]},
 're': <module 're' from '/usr/lib/python3.10/re.py'>,
 'real_deploy_model_convert_pipeline': {'converters': [{'type': 'RepModel2Deploy'},
                                                       {'convert_mode': 'jit-strip',
                                                        'example_inputs': {'bev_pillar_counts': torch.Size([1, 16384, 1]),
                                                                           'coors': torch.Size([40000, 4]),
                                                                           'features': torch.Size([1, 5, 20, 40000]),
                                                                           'img': torch.Size([6, 3, 512, 960]),
                                                                           'queries_rebatch_grid': torch.Size([6, 64, 80, 2]),
                                                                           'reference_points_rebatch': torch.Size([6, 5120, 2, 2]),
                                                                           'restore_bev_grid': torch.Size([1, 256, 128, 2])},
                                                        'type': 'Float2QAT'},
                                                       {'allow_miss': True,
                                                        'checkpoint_path': './tmp_models/bevfusion_centerpoint_pointpillar_henet_multisensor_multitask_nuscenes_opt/qat-checkpoint-last.pth.tar',
                                                        'ignore_extra': True,
                                                        'type': 'LoadCheckpoint',
                                                        'verbose': True},
                                                       {'type': 'SetQuantRoundingMode'}],
                                        'qat_mode': 'fuse_bn',
                                        'type': 'ModelConvertPipeline'},
 'remap_lidar_centerpoint_state_dict': <function remap_lidar_centerpoint_state_dict at 0x7f9b02efa320>,
 'resize': <function resize at 0x7f9b59541d80>,
 'resize_homo': <function resize_homo at 0x7f9b02efb2e0>,
 'resize_shape': [3, 512, 960],
 'seed': None,
 'shutil': <module 'shutil' from '/usr/lib/python3.10/shutil.py'>,
 'single_hbir_infer_model': {'deploy_model': {'bev_decoders': [{'bev_size': [51.2,
                                                                             51.2,
                                                                             0.8],
                                                                'decode_to_lidar': True,
                                                                'decoder': {'bev_size': [51.2,
                                                                                         51.2,
                                                                                         0.8],
                                                                            'class_names': ['car',
                                                                                            'truck',
                                                                                            'trailer',
                                                                                            'bus',
                                                                                            'construction_vehicle',
                                                                                            'bicycle',
                                                                                            'motorcycle',
                                                                                            'pedestrian',
                                                                                            'traffic_cone',
                                                                                            'barrier'],
                                                                            'decode_to_ego': False,
                                                                            'min_radius': [4,
                                                                                           12,
                                                                                           10,
                                                                                           1,
                                                                                           0.85,
                                                                                           0.175],
                                                                            'nms_threshold': [0.2,
                                                                                              0.2,
                                                                                              0.2,
                                                                                              0.2,
                                                                                              0.2,
                                                                                              0.5],
                                                                            'nms_type': ['rotate',
                                                                                         'rotate',
                                                                                         'rotate',
                                                                                         'circle',
                                                                                         'rotate',
                                                                                         'rotate'],
                                                                            'norm_bbox': True,
                                                                            'out_size_factor': 1,
                                                                            'score_threshold': 0.08,
                                                                            'tasks': [{'class_names': ['car'],
                                                                                       'name': 'car',
                                                                                       'num_class': 1},
                                                                                      {'class_names': ['truck',
                                                                                                       'construction_vehicle'],
                                                                                       'name': 'truck',
                                                                                       'num_class': 2},
                                                                                      {'class_names': ['bus',
                                                                                                       'trailer'],
                                                                                       'name': 'bus',
                                                                                       'num_class': 2},
                                                                                      {'class_names': ['barrier'],
                                                                                       'name': 'barrier',
                                                                                       'num_class': 1},
                                                                                      {'class_names': ['motorcycle',
                                                                                                       'bicycle'],
                                                                                       'name': 'bicycle',
                                                                                       'num_class': 2},
                                                                                      {'class_names': ['pedestrian',
                                                                                                       'traffic_cone'],
                                                                                       'name': 'pedestrian',
                                                                                       'num_class': 2}],
                                                                            'type': 'CenterPointDecoder',
                                                                            'use_max_pool': True},
                                                                'head': {'common_heads': {'dim': [3,
                                                                                                  2],
                                                                                          'height': [1,
                                                                                                     2],
                                                                                          'reg': [2,
                                                                                                  2],
                                                                                          'rot': [2,
                                                                                                  2],
                                                                                          'vel': [2,
                                                                                                  2]},
                                                                         'final_kernel': 3,
                                                                         'head_conv_channels': 64,
                                                                         'in_channels': 256,
                                                                         'init_bias': -2.19,
                                                                         'share_conv_channels': 64,
                                                                         'share_conv_num': 1,
                                                                         'tasks': [{'class_names': ['car'],
                                                                                    'name': 'car',
                                                                                    'num_class': 1},
                                                                                   {'class_names': ['truck',
                                                                                                    'construction_vehicle'],
                                                                                    'name': 'truck',
                                                                                    'num_class': 2},
                                                                                   {'class_names': ['bus',
                                                                                                    'trailer'],
                                                                                    'name': 'bus',
                                                                                    'num_class': 2},
                                                                                   {'class_names': ['barrier'],
                                                                                    'name': 'barrier',
                                                                                    'num_class': 1},
                                                                                   {'class_names': ['motorcycle',
                                                                                                    'bicycle'],
                                                                                    'name': 'bicycle',
                                                                                    'num_class': 2},
                                                                                   {'class_names': ['pedestrian',
                                                                                                    'traffic_cone'],
                                                                                    'name': 'pedestrian',
                                                                                    'num_class': 2}],
                                                                         'type': 'CenterPointHead'},
                                                                'loss_cls': {'eps': 0.0001,
                                                                             'loss_weight': 1.0,
                                                                             'type': 'ClampedGaussianFocalLoss'},
                                                                'loss_reg': {'loss_weight': 0.25,
                                                                             'type': 'L1Loss'},
                                                                'name': 'bev_det',
                                                                'point_cloud_range': [-51.2,
                                                                                      -51.2,
                                                                                      -5.0,
                                                                                      51.2,
                                                                                      51.2,
                                                                                      3.0],
                                                                'target': {'bbox_weight': [1.0,
                                                                                           1.0,
                                                                                           1.0,
                                                                                           1.0,
                                                                                           1.0,
                                                                                           1.0,
                                                                                           1.0,
                                                                                           1.0,
                                                                                           0.2,
                                                                                           0.2],
                                                                           'class_names': ['car',
                                                                                           'truck',
                                                                                           'trailer',
                                                                                           'bus',
                                                                                           'construction_vehicle',
                                                                                           'bicycle',
                                                                                           'motorcycle',
                                                                                           'pedestrian',
                                                                                           'traffic_cone',
                                                                                           'barrier'],
                                                                           'gaussian_overlap': 0.1,
                                                                           'max_num': 500,
                                                                           'min_radius': 2,
                                                                           'norm_bbox': True,
                                                                           'out_size_factor': 1,
                                                                           'tasks': [{'class_names': ['car'],
                                                                                      'name': 'car',
                                                                                      'num_class': 1},
                                                                                     {'class_names': ['truck',
                                                                                                      'construction_vehicle'],
                                                                                      'name': 'truck',
                                                                                      'num_class': 2},
                                                                                     {'class_names': ['bus',
                                                                                                      'trailer'],
                                                                                      'name': 'bus',
                                                                                      'num_class': 2},
                                                                                     {'class_names': ['barrier'],
                                                                                      'name': 'barrier',
                                                                                      'num_class': 1},
                                                                                     {'class_names': ['motorcycle',
                                                                                                      'bicycle'],
                                                                                      'name': 'bicycle',
                                                                                      'num_class': 2},
                                                                                     {'class_names': ['pedestrian',
                                                                                                      'traffic_cone'],
                                                                                      'name': 'pedestrian',
                                                                                      'num_class': 2}],
                                                                           'type': 'CenterPointTarget'},
                                                                'task_weight': 1.0,
                                                                'type': 'BevFusionCenterPointDetDecoder'},
                                                               {'camera_input': True,
                                                                'lidar_input': True,
                                                                'loss_occ': {'ignore_index': 255,
                                                                             'loss_weight': 6.0,
                                                                             'type': 'CrossEntropyLoss',
                                                                             'use_sigmoid': False},
                                                                'num_classes': 18,
                                                                'occ_head': {'Dz': 16,
                                                                             'in_dim': 256,
                                                                             'num_classes': 18,
                                                                             'out_dim': 128,
                                                                             'type': 'BEVOCCHead2D',
                                                                             'use_predicter': True,
                                                                             'use_upsample': True},
                                                                'roi_resizer': {'in_strides': [1],
                                                                                'roi_resize_cfgs': [{'in_stride': 1,
                                                                                                     'roi_box': [14,
                                                                                                                 14,
                                                                                                                 114,
                                                                                                                 114]}],
                                                                                'type': 'RoiResize'},
                                                                'type': 'BevformerOccDetDecoder',
                                                                'use_mask': True}],
                                              'bev_h': 128,
                                              'bev_w': 128,
                                              'camera_network': {'backbone': {'act_layer': ['nn.GELU',
                                                                                            'nn.GELU',
                                                                                            'nn.GELU',
                                                                                            'nn.GELU'],
                                                                              'attention_block_num': [0,
                                                                                                      0,
                                                                                                      0,
                                                                                                      0],
                                                                              'block_cls': ['GroupDWCB',
                                                                                            'GroupDWCB',
                                                                                            'AltDWCB',
                                                                                            'DWCB'],
                                                                              'block_nums': [4,
                                                                                             3,
                                                                                             8,
                                                                                             6],
                                                                              'down_cls': ['S2DDown',
                                                                                           'S2DDown',
                                                                                           'S2DDown',
                                                                                           'None'],
                                                                              'embed_dims': [64,
                                                                                             128,
                                                                                             192,
                                                                                             384],
                                                                              'extra_act': [False,
                                                                                            False,
                                                                                            False,
                                                                                            False],
                                                                              'feature_mix_channel': 1024,
                                                                              'final_expand_channel': 0,
                                                                              'in_channels': 3,
                                                                              'include_top': False,
                                                                              'layer_scale_init_value': 1e-05,
                                                                              'mlp_ratio_attn': 2,
                                                                              'mlp_ratios': [2,
                                                                                             2,
                                                                                             2,
                                                                                             3],
                                                                              'num_classes': 1000,
                                                                              'patch_embed': 'origin',
                                                                              'type': 'HENet',
                                                                              'use_layer_scale': [True,
                                                                                                  True,
                                                                                                  True,
                                                                                                  True]},
                                                                 'neck': {'bn_kwargs': {'eps': 1e-05,
                                                                                        'momentum': 0.1},
                                                                          'in_channels': [384],
                                                                          'in_strides': [32],
                                                                          'out_channels': [256],
                                                                          'out_strides': [32],
                                                                          'type': 'FPN'},
                                                                 'out_indices': [-1],
                                                                 'type': 'BevFormer',
                                                                 'view_transformer': {'bev_h': 128,
                                                                                      'bev_w': 128,
                                                                                      'embed_dims': 256,
                                                                                      'encoder': {'bev_h': 128,
                                                                                                  'bev_w': 128,
                                                                                                  'embed_dims': 256,
                                                                                                  'encoder_layer': {'crossattention': {'bev_h': 128,
                                                                                                                                       'bev_w': 128,
                                                                                                                                       'deformable_attention': {'embed_dims': 256,
                                                                                                                                                                'feats_size': [[30,
                                                                                                                                                                                16]],
                                                                                                                                                                'grid_align_num': 64,
                                                                                                                                                                'num_levels': 1,
                                                                                                                                                                'num_points': 2,
                                                                                                                                                                'type': 'HorizonMultiScaleDeformableAttention3D'},
                                                                                                                                       'embed_dims': 256,
                                                                                                                                       'max_camoverlap_num': 2,
                                                                                                                                       'type': 'HorizonSpatialCrossAttention'},
                                                                                                                    'dropout': 0.1,
                                                                                                                    'embed_dims': 256,
                                                                                                                    'selfattention': {'batch_first': True,
                                                                                                                                      'embed_dims': 256,
                                                                                                                                      'feats_size': [[128,
                                                                                                                                                      128]],
                                                                                                                                      'grid_align_num': 4,
                                                                                                                                      'num_levels': 1,
                                                                                                                                      'num_points': 2,
                                                                                                                                      'type': 'HorizonMultiScaleDeformableAttention'},
                                                                                                                    'type': 'SingleBEVFormerEncoderLayer'},
                                                                                                  'num_layers': 1,
                                                                                                  'return_intermediate': False,
                                                                                                  'type': 'SingleBEVFormerEncoder'},
                                                                                      'in_indices': [-1],
                                                                                      'max_camoverlap_num': 2,
                                                                                      'num_points_in_pillar': 2,
                                                                                      'pc_range': [-51.2,
                                                                                                   -51.2,
                                                                                                   -5.0,
                                                                                                   51.2,
                                                                                                   51.2,
                                                                                                   3.0],
                                                                                      'positional_encoding': {'col_num_embed': 128,
                                                                                                              'num_feats': 128,
                                                                                                              'row_num_embed': 128,
                                                                                                              'type': 'LearnedPositionalEncoding'},
                                                                                      'queue_length': 1,
                                                                                      'single_bev': True,
                                                                                      'type': 'SingleBevFormerViewTransformer',
                                                                                      'use_lidar2img': True,
                                                                                      'virtual_bev_h': 64,
                                                                                      'virtual_bev_w': 80}},
                                              'fuse_module': {'fuse_c': 256,
                                                              'input_c': 640,
                                                              'type': 'BevFuseModule'},
                                              'lidar_network': {'backbone': {'num_input_features': 64,
                                                                             'quantize': True,
                                                                             'type': 'PointPillarScatter',
                                                                             'use_horizon_pillar_scatter': True},
                                                                'feature_map_shape': array([512, 512,   1]),
                                                                'neck': {'bn_kwargs': None,
                                                                         'down_layer_channels': [64,
                                                                                                 128,
                                                                                                 256],
                                                                         'down_layer_nums': [3,
                                                                                             5,
                                                                                             5],
                                                                         'down_layer_strides': [2,
                                                                                                2,
                                                                                                2],
                                                                         'in_feature_channel': 64,
                                                                         'quantize': True,
                                                                         'type': 'SECONDNeck',
                                                                         'up_layer_channels': [128,
                                                                                               128,
                                                                                               128],
                                                                         'up_layer_strides': [0.5,
                                                                                              1,
                                                                                              2],
                                                                         'use_relu6': False},
                                                                'pre_process': {'fixed_voxels_num': 30000,
                                                                                'max_points_in_voxel': 20,
                                                                                'max_voxels_num': [30000,
                                                                                                   40000],
                                                                                'norm_dims': [0,
                                                                                              1,
                                                                                              2,
                                                                                              3],
                                                                                'norm_range': [-51.2,
                                                                                               -51.2,
                                                                                               -5.0,
                                                                                               0.0,
                                                                                               51.2,
                                                                                               51.2,
                                                                                               3.0,
                                                                                               255.0],
                                                                                'pc_range': [-51.2,
                                                                                             -51.2,
                                                                                             -5.0,
                                                                                             51.2,
                                                                                             51.2,
                                                                                             3.0],
                                                                                'type': 'PaddedCenterPointPreProcess',
                                                                                'voxel_size': [0.2,
                                                                                               0.2,
                                                                                               8]},
                                                                'reader': {'bn_kwargs': None,
                                                                           'hw_reverse': True,
                                                                           'num_filters': [64],
                                                                           'num_input_features': 5,
                                                                           'pc_range': [-51.2,
                                                                                        -51.2,
                                                                                        -5.0,
                                                                                        51.2,
                                                                                        51.2,
                                                                                        3.0],
                                                                           'pool_size': [20,
                                                                                         1],
                                                                           'quantize': True,
                                                                           'type': 'PillarFeatureNet',
                                                                           'use_4dim': True,
                                                                           'use_conv': True,
                                                                           'voxel_size': [0.2,
                                                                                          0.2,
                                                                                          8],
                                                                           'with_distance': False},
                                                                'type': 'CenterPointDetector'},
                                              'type': 'BevFusion'},
                             'ir_model': {'model_path': './tmp_models/bevfusion_centerpoint_pointpillar_henet_multisensor_multitask_nuscenes_opt/quantized.bc',
                                          'type': 'HbirModule'},
                             'type': 'BevFusionHbirInfer'},
 'single_infer_dataset': {'bev_range': [-51.2, -51.2, -5.0, 51.2, 51.2, 3.0],
                          'load_dim': 5,
                          'map_path': None,
                          'map_size': None,
                          'need_lidar': True,
                          'num_seq': 1,
                          'num_sweeps': 9,
                          'split_name': 'val',
                          'src_data_dir': './data/nuscenes',
                          'transforms': None,
                          'type': 'NuscenesFromImageSequence',
                          'use_dim': [0, 1, 2, 3, 4],
                          'version': 'v1.0-trainval',
                          'with_bev_bboxes': False,
                          'with_bev_mask': False,
                          'with_ego_bboxes': True,
                          'with_lidar_bboxes': True,
                          'with_lidar_occ': True},
 'stat_callback': {'log_freq': 200, 'type': 'StatsMonitor'},
 'sys': <module 'sys' (built-in)>,
 'task_name': 'bevfusion_centerpoint_pointpillar_henet_multisensor_multitask_nuscenes_opt',
 'tasks': [{'class_names': ['car'], 'name': 'car', 'num_class': 1},
           {'class_names': ['truck', 'construction_vehicle'],
            'name': 'truck',
            'num_class': 2},
           {'class_names': ['bus', 'trailer'], 'name': 'bus', 'num_class': 2},
           {'class_names': ['barrier'], 'name': 'barrier', 'num_class': 1},
           {'class_names': ['motorcycle', 'bicycle'],
            'name': 'bicycle',
            'num_class': 2},
           {'class_names': ['pedestrian', 'traffic_cone'],
            'name': 'pedestrian',
            'num_class': 2}],
 'torch': <module 'torch' from '/usr/local/lib/python3.10/dist-packages/torch/__init__.py'>,
 'trace_callback': {'save_dir': './tmp_models/bevfusion_centerpoint_pointpillar_henet_multisensor_multitask_nuscenes_opt',
                    'trace_inputs': {'bev_pillar_counts': torch.Size([1, 16384, 1]),
                                     'coors': torch.Size([40000, 4]),
                                     'features': torch.Size([1, 5, 20, 40000]),
                                     'img': torch.Size([6, 3, 512, 960]),
                                     'queries_rebatch_grid': torch.Size([6, 64, 80, 2]),
                                     'reference_points_rebatch': torch.Size([6, 5120, 2, 2]),
                                     'restore_bev_grid': torch.Size([1, 256, 128, 2])},
                    'type': 'SaveTraced'},
 'train_data_path': 'data/nuscenes/pack/horizon_bevfusion_nuscenes/train_lmdb/',
 'train_dataset': {'bev_range': [-51.2, -51.2, -5.0, 51.2, 51.2, 3.0],
                   'data_path': 'data/nuscenes/pack/horizon_bevfusion_nuscenes/train_lmdb/',
                   'load_dim': 5,
                   'map_path': None,
                   'map_size': None,
                   'need_lidar': True,
                   'num_seq': 1,
                   'num_sweeps': 9,
                   'transforms': [{'size': [512, 960],
                                   'type': 'MultiViewsImgResize'},
                                  {'type': 'MultiViewsImgFlip'},
                                  {'rot': [-5.4, 5.4],
                                   'type': 'MultiViewsImgRotate'},
                                  {'rotation_3d_range': [-0.3925, 0.3925],
                                   'type': 'BevBBoxRotation'},
                                  {'type': 'MultiViewsPhotoMetricDistortion'},
                                  {'transforms': [{'type': 'PILToTensor'},
                                                  {'rgb_input': True,
                                                   'type': 'BgrToYuv444'},
                                                  {'mean': 128,
                                                   'std': 128,
                                                   'type': 'Normalize'}],
                                   'type': 'MultiViewsImgTransformWrapper'},
                                  {'max_lidar_points': 120000,
                                   'type': 'FixedLidarPointsAdapter'},
                                  {'bev_size': [51.2, 51.2, 0.8],
                                   'point_cloud_range': [-51.2,
                                                         -51.2,
                                                         -5.0,
                                                         51.2,
                                                         51.2,
                                                         3.0],
                                   'src_key': 'lidar_bboxes_labels',
                                   'type': 'BevBboxesLabelsAdapter'}],
                   'type': 'NuscenesBevSequenceDataset',
                   'use_dim': [0, 1, 2, 3, 4],
                   'with_bev_bboxes': False,
                   'with_bev_mask': False,
                   'with_ego_bboxes': True,
                   'with_ego_occ': False,
                   'with_lidar_bboxes': True,
                   'with_lidar_occ': True},
 'training_step': 'float',
 'update_loss': <function update_loss at 0x7f9b02efaf80>,
 'update_metric': <function update_metric at 0x7f9b02efaef0>,
 'use_bev_head': True,
 'use_lidar2img': True,
 'use_occ_head': True,
 'val_batch_processor': {'loss_collector': None,
                         'need_grad_update': False,
                         'type': 'MultiBatchProcessor'},
 'val_callback': {'batch_processor': {'loss_collector': None,
                                      'need_grad_update': False,
                                      'type': 'MultiBatchProcessor'},
                  'callbacks': [{'epoch_log_freq': 1,
                                 'log_prefix': 'Validation '
                                               'bevfusion_centerpoint_pointpillar_henet_multisensor_multitask_nuscenes_opt',
                                 'metric_update_func': <function update_metric at 0x7f9b02efaef0>,
                                 'step_log_freq': 10000,
                                 'type': 'MetricUpdater'}],
                  'data_loader': {'batch_size': 1,
                                  'collate_fn': functools.partial(<function collate_bevfusion_centerpoint at 0x7f9b02efa170>, bev_size=(51.2, 51.2, 0.8), point_cloud_range=[-51.2, -51.2, -5.0, 51.2, 51.2, 3.0], max_lidar_points=120000),
                                  'dataset': {'bev_range': [-51.2,
                                                            -51.2,
                                                            -5.0,
                                                            51.2,
                                                            51.2,
                                                            3.0],
                                              'data_path': 'data/nuscenes/pack/horizon_bevfusion_nuscenes/val_lmdb/',
                                              'load_dim': 5,
                                              'map_path': None,
                                              'map_size': None,
                                              'need_lidar': True,
                                              'num_seq': 1,
                                              'num_sweeps': 9,
                                              'transforms': [{'size': [512,
                                                                       960],
                                                              'type': 'MultiViewsImgResize'},
                                                             {'transforms': [{'type': 'PILToTensor'},
                                                                             {'divisor': 32,
                                                                              'type': 'Pad'},
                                                                             {'rgb_input': True,
                                                                              'type': 'BgrToYuv444'},
                                                                             {'mean': 128.0,
                                                                              'std': 128.0,
                                                                              'type': 'Normalize'}],
                                                              'type': 'MultiViewsImgTransformWrapper'}],
                                              'type': 'NuscenesBevSequenceDataset',
                                              'use_dim': [0, 1, 2, 3, 4],
                                              'with_bev_bboxes': False,
                                              'with_bev_mask': False,
                                              'with_ego_bboxes': True,
                                              'with_lidar_bboxes': True,
                                              'with_lidar_occ': True},
                                  'num_workers': 4,
                                  'pin_memory': True,
                                  'sampler': {'type': <class 'torch.utils.data.distributed.DistributedSampler'>},
                                  'shuffle': False,
                                  'type': <class 'torch.utils.data.dataloader.DataLoader'>},
                  'log_interval': 200,
                  'type': 'Validation',
                  'val_interval': 1,
                  'val_model': None,
                  'val_on_train_end': False},
 'val_data_loader': {'batch_size': 1,
                     'collate_fn': functools.partial(<function collate_bevfusion_centerpoint at 0x7f9b02efa170>, bev_size=(51.2, 51.2, 0.8), point_cloud_range=[-51.2, -51.2, -5.0, 51.2, 51.2, 3.0], max_lidar_points=120000),
                     'dataset': {'bev_range': [-51.2,
                                               -51.2,
                                               -5.0,
                                               51.2,
                                               51.2,
                                               3.0],
                                 'data_path': 'data/nuscenes/pack/horizon_bevfusion_nuscenes/val_lmdb/',
                                 'load_dim': 5,
                                 'map_path': None,
                                 'map_size': None,
                                 'need_lidar': True,
                                 'num_seq': 1,
                                 'num_sweeps': 9,
                                 'transforms': [{'size': [512, 960],
                                                 'type': 'MultiViewsImgResize'},
                                                {'transforms': [{'type': 'PILToTensor'},
                                                                {'divisor': 32,
                                                                 'type': 'Pad'},
                                                                {'rgb_input': True,
                                                                 'type': 'BgrToYuv444'},
                                                                {'mean': 128.0,
                                                                 'std': 128.0,
                                                                 'type': 'Normalize'}],
                                                 'type': 'MultiViewsImgTransformWrapper'}],
                                 'type': 'NuscenesBevSequenceDataset',
                                 'use_dim': [0, 1, 2, 3, 4],
                                 'with_bev_bboxes': False,
                                 'with_bev_mask': False,
                                 'with_ego_bboxes': True,
                                 'with_lidar_bboxes': True,
                                 'with_lidar_occ': True},
                     'num_workers': 4,
                     'pin_memory': True,
                     'sampler': {'type': <class 'torch.utils.data.distributed.DistributedSampler'>},
                     'shuffle': False,
                     'type': <class 'torch.utils.data.dataloader.DataLoader'>},
 'val_data_path': 'data/nuscenes/pack/horizon_bevfusion_nuscenes/val_lmdb/',
 'val_data_shape': [3, 512, 960],
 'val_dataset': {'bev_range': [-51.2, -51.2, -5.0, 51.2, 51.2, 3.0],
                 'data_path': 'data/nuscenes/pack/horizon_bevfusion_nuscenes/val_lmdb/',
                 'load_dim': 5,
                 'map_path': None,
                 'map_size': None,
                 'need_lidar': True,
                 'num_seq': 1,
                 'num_sweeps': 9,
                 'transforms': [{'size': [512, 960],
                                 'type': 'MultiViewsImgResize'},
                                {'transforms': [{'type': 'PILToTensor'},
                                                {'divisor': 32, 'type': 'Pad'},
                                                {'rgb_input': True,
                                                 'type': 'BgrToYuv444'},
                                                {'mean': 128.0,
                                                 'std': 128.0,
                                                 'type': 'Normalize'}],
                                 'type': 'MultiViewsImgTransformWrapper'}],
                 'type': 'NuscenesBevSequenceDataset',
                 'use_dim': [0, 1, 2, 3, 4],
                 'with_bev_bboxes': False,
                 'with_bev_mask': False,
                 'with_ego_bboxes': True,
                 'with_lidar_bboxes': True,
                 'with_lidar_occ': True},
 'val_metric_updater': {'epoch_log_freq': 1,
                        'log_prefix': 'Validation '
                                      'bevfusion_centerpoint_pointpillar_henet_multisensor_multitask_nuscenes_opt',
                        'metric_update_func': <function update_metric at 0x7f9b02efaef0>,
                        'step_log_freq': 10000,
                        'type': 'MetricUpdater'},
 'val_metrics': [{'classes': ['car',
                              'truck',
                              'trailer',
                              'bus',
                              'construction_vehicle',
                              'bicycle',
                              'motorcycle',
                              'pedestrian',
                              'traffic_cone',
                              'barrier'],
                  'data_root': 'data/nuscenes',
                  'lidar_key': 'sensor2ego',
                  'save_prefix': './metric_results/bevfusion_centerpoint_pointpillar_henet_multisensor_multitask_nuscenes_opt',
                  'trans_lidar_dim': True,
                  'trans_lidar_rot': False,
                  'type': 'NuscenesMetric',
                  'use_lidar': True,
                  'version': 'v1.0-trainval'},
                 {'ignore_index': 17,
                  'seg_class': ['others',
                                'barrier',
                                'bicycle',
                                'bus',
                                'car',
                                'construction_vehicle',
                                'motorcycle',
                                'pedestrian',
                                'traffic_cone',
                                'trailer',
                                'truck',
                                'driveable_surface',
                                'other_flat',
                                'sidewalk',
                                'terrain',
                                'manmade',
                                'vegetation'],
                  'type': 'MeanIOU'}],
 'voxel_size': [0.2, 0.2, 8],
 'with_ego_occ': False}
2026-07-15 09:16:53,744 INFO [logger.py:199] Node[0] ==================================================BEGIN FLOAT STAGE==================================================
2026-07-15 09:16:53,745 INFO [logger.py:199] Node[0] init torch_num_thread is `12`,opencv_num_thread is `12`,openblas_num_thread is `12`,mkl_num_thread is `12`,omp_num_thread is `12`,
2026-07-15 09:16:55,383 WARNING [interpolate.py:231] Node[0] default upsampling behavior when mode=bilinear is changed to align_corners=False since torch 0.4.0. Please specify align_corners=True if the old behavior is desired. 
2026-07-15 09:16:55,480 WARNING [pipelines.py:47] Node[0] qat_mode is set to "fuse_bn" by default
2026-07-15 09:16:55,481 WARNING [grad_scale.py:145] Node[0] [GradScale] No module_and_scale info, please use GradClip.
2026-07-15 09:16:55,485 WARNING [hash.py:218] Node[0] [31mDon not found hash value in name of tmp_models/bevformer_henet_camera_multitask_nuscenes/float-checkpoint-last.pth.tar, will skip check hash...[0m
2026-07-15 09:16:55,760 WARNING [checkpoint.py:76] Node[0] module. is not at the beginning of state dict
2026-07-15 09:16:55,781 INFO [checkpoint.py:410] Node[0] state_dict in checkpoint num: 603
2026-07-15 09:16:55,786 INFO [checkpoint.py:411] Node[0] state_dict in model num: 802
2026-07-15 09:16:55,786 WARNING [checkpoint.py:412] Node[0] miss_key num: 378
2026-07-15 09:16:55,786 WARNING [checkpoint.py:414] Node[0] miss_key: lidar_net.reader.pfn_layers.0.linear.weight lidar_net.reader.pfn_layers.0.norm.weight lidar_net.reader.pfn_layers.0.norm.bias lidar_net.reader.pfn_layers.0.norm.running_mean lidar_net.reader.pfn_layers.0.norm.running_var lidar_net.neck.blocks.0.1.0.weight lidar_net.neck.blocks.0.1.1.weight lidar_net.neck.blocks.0.1.1.bias lidar_net.neck.blocks.0.1.1.running_mean lidar_net.neck.blocks.0.1.1.running_var lidar_net.neck.blocks.0.2.0.weight lidar_net.neck.blocks.0.2.1.weight lidar_net.neck.blocks.0.2.1.bias lidar_net.neck.blocks.0.2.1.running_mean lidar_net.neck.blocks.0.2.1.running_var lidar_net.neck.blocks.0.3.0.weight lidar_net.neck.blocks.0.3.1.weight lidar_net.neck.blocks.0.3.1.bias lidar_net.neck.blocks.0.3.1.running_mean lidar_net.neck.blocks.0.3.1.running_var lidar_net.neck.blocks.0.4.0.weight lidar_net.neck.blocks.0.4.1.weight lidar_net.neck.blocks.0.4.1.bias lidar_net.neck.blocks.0.4.1.running_mean lidar_net.neck.blocks.0.4.1.running_var lidar_net.neck.blocks.1.1.0.weight lidar_net.neck.blocks.1.1.1.weight lidar_net.neck.blocks.1.1.1.bias lidar_net.neck.blocks.1.1.1.running_mean lidar_net.neck.blocks.1.1.1.running_var lidar_net.neck.blocks.1.2.0.weight lidar_net.neck.blocks.1.2.1.weight lidar_net.neck.blocks.1.2.1.bias lidar_net.neck.blocks.1.2.1.running_mean lidar_net.neck.blocks.1.2.1.running_var lidar_net.neck.blocks.1.3.0.weight lidar_net.neck.blocks.1.3.1.weight lidar_net.neck.blocks.1.3.1.bias lidar_net.neck.blocks.1.3.1.running_mean lidar_net.neck.blocks.1.3.1.running_var lidar_net.neck.blocks.1.4.0.weight lidar_net.neck.blocks.1.4.1.weight lidar_net.neck.blocks.1.4.1.bias lidar_net.neck.blocks.1.4.1.running_mean lidar_net.neck.blocks.1.4.1.running_var lidar_net.neck.blocks.1.5.0.weight lidar_net.neck.blocks.1.5.1.weight lidar_net.neck.blocks.1.5.1.bias lidar_net.neck.blocks.1.5.1.running_mean lidar_net.neck.blocks.1.5.1.running_var lidar_net.neck.blocks.1.6.0.weight lidar_net.neck.blocks.1.6.1.weight lidar_net.neck.blocks.1.6.1.bias lidar_net.neck.blocks.1.6.1.running_mean lidar_net.neck.blocks.1.6.1.running_var lidar_net.neck.blocks.2.1.0.weight lidar_net.neck.blocks.2.1.1.weight lidar_net.neck.blocks.2.1.1.bias lidar_net.neck.blocks.2.1.1.running_mean lidar_net.neck.blocks.2.1.1.running_var lidar_net.neck.blocks.2.2.0.weight lidar_net.neck.blocks.2.2.1.weight lidar_net.neck.blocks.2.2.1.bias lidar_net.neck.blocks.2.2.1.running_mean lidar_net.neck.blocks.2.2.1.running_var lidar_net.neck.blocks.2.3.0.weight lidar_net.neck.blocks.2.3.1.weight lidar_net.neck.blocks.2.3.1.bias lidar_net.neck.blocks.2.3.1.running_mean lidar_net.neck.blocks.2.3.1.running_var lidar_net.neck.blocks.2.4.0.weight lidar_net.neck.blocks.2.4.1.weight lidar_net.neck.blocks.2.4.1.bias lidar_net.neck.blocks.2.4.1.running_mean lidar_net.neck.blocks.2.4.1.running_var lidar_net.neck.blocks.2.5.0.weight lidar_net.neck.blocks.2.5.1.weight lidar_net.neck.blocks.2.5.1.bias lidar_net.neck.blocks.2.5.1.running_mean lidar_net.neck.blocks.2.5.1.running_var lidar_net.neck.blocks.2.6.0.weight lidar_net.neck.blocks.2.6.1.weight lidar_net.neck.blocks.2.6.1.bias lidar_net.neck.blocks.2.6.1.running_mean lidar_net.neck.blocks.2.6.1.running_var lidar_net.neck.deblocks.0.0.weight lidar_net.neck.deblocks.0.1.weight lidar_net.neck.deblocks.0.1.bias lidar_net.neck.deblocks.0.1.running_mean lidar_net.neck.deblocks.0.1.running_var lidar_net.neck.deblocks.1.0.weight lidar_net.neck.deblocks.1.1.weight lidar_net.neck.deblocks.1.1.bias lidar_net.neck.deblocks.1.1.running_mean lidar_net.neck.deblocks.1.1.running_var lidar_net.neck.deblocks.2.conv.weight lidar_net.neck.deblocks.2.norm.weight lidar_net.neck.deblocks.2.norm.bias lidar_net.neck.deblocks.2.norm.running_mean lidar_net.neck.deblocks.2.norm.running_var fuse_module.reduce_conv.0.weight fuse_module.reduce_conv.0.bias fuse_module.reduce_conv.1.weight fuse_module.reduce_conv.1.bias fuse_module.reduce_conv.1.running_mean fuse_module.reduce_conv.1.running_var fuse_module.conv2.0.weight fuse_module.conv2.0.bias fuse_module.conv2.1.weight fuse_module.conv2.1.bias fuse_module.conv2.1.running_mean fuse_module.conv2.1.running_var fuse_module.seblock.att.1.weight fuse_module.seblock.att.1.bias bev_decoders.0.head.shared_conv.0.0.weight bev_decoders.0.head.shared_conv.0.0.bias bev_decoders.0.head.shared_conv.0.1.weight bev_decoders.0.head.shared_conv.0.1.bias bev_decoders.0.head.shared_conv.0.1.running_mean bev_decoders.0.head.shared_conv.0.1.running_var bev_decoders.0.head.task_heads.0.reg.0.0.weight bev_decoders.0.head.task_heads.0.reg.0.0.bias bev_decoders.0.head.task_heads.0.reg.0.1.weight bev_decoders.0.head.task_heads.0.reg.0.1.bias bev_decoders.0.head.task_heads.0.reg.0.1.running_mean bev_decoders.0.head.task_heads.0.reg.0.1.running_var bev_decoders.0.head.task_heads.0.reg.1.0.weight bev_decoders.0.head.task_heads.0.height.0.0.weight bev_decoders.0.head.task_heads.0.height.0.0.bias bev_decoders.0.head.task_heads.0.height.0.1.weight bev_decoders.0.head.task_heads.0.height.0.1.bias bev_decoders.0.head.task_heads.0.height.0.1.running_mean bev_decoders.0.head.task_heads.0.height.0.1.running_var bev_decoders.0.head.task_heads.0.height.1.0.weight bev_decoders.0.head.task_heads.0.dim.0.0.weight bev_decoders.0.head.task_heads.0.dim.0.0.bias bev_decoders.0.head.task_heads.0.dim.0.1.weight bev_decoders.0.head.task_heads.0.dim.0.1.bias bev_decoders.0.head.task_heads.0.dim.0.1.running_mean bev_decoders.0.head.task_heads.0.dim.0.1.running_var bev_decoders.0.head.task_heads.0.dim.1.0.weight bev_decoders.0.head.task_heads.0.rot.0.0.weight bev_decoders.0.head.task_heads.0.rot.0.0.bias bev_decoders.0.head.task_heads.0.rot.0.1.weight bev_decoders.0.head.task_heads.0.rot.0.1.bias bev_decoders.0.head.task_heads.0.rot.0.1.running_mean bev_decoders.0.head.task_heads.0.rot.0.1.running_var bev_decoders.0.head.task_heads.0.rot.1.0.weight bev_decoders.0.head.task_heads.0.vel.0.0.weight bev_decoders.0.head.task_heads.0.vel.0.0.bias bev_decoders.0.head.task_heads.0.vel.0.1.weight bev_decoders.0.head.task_heads.0.vel.0.1.bias bev_decoders.0.head.task_heads.0.vel.0.1.running_mean bev_decoders.0.head.task_heads.0.vel.0.1.running_var bev_decoders.0.head.task_heads.0.vel.1.0.weight bev_decoders.0.head.task_heads.0.heatmap.0.0.weight bev_decoders.0.head.task_heads.0.heatmap.0.0.bias bev_decoders.0.head.task_heads.0.heatmap.0.1.weight bev_decoders.0.head.task_heads.0.heatmap.0.1.bias bev_decoders.0.head.task_heads.0.heatmap.0.1.running_mean bev_decoders.0.head.task_heads.0.heatmap.0.1.running_var bev_decoders.0.head.task_heads.0.heatmap.1.0.weight bev_decoders.0.head.task_heads.0.heatmap.1.0.bias bev_decoders.0.head.task_heads.1.reg.0.0.weight bev_decoders.0.head.task_heads.1.reg.0.0.bias bev_decoders.0.head.task_heads.1.reg.0.1.weight bev_decoders.0.head.task_heads.1.reg.0.1.bias bev_decoders.0.head.task_heads.1.reg.0.1.running_mean bev_decoders.0.head.task_heads.1.reg.0.1.running_var bev_decoders.0.head.task_heads.1.reg.1.0.weight bev_decoders.0.head.task_heads.1.height.0.0.weight bev_decoders.0.head.task_heads.1.height.0.0.bias bev_decoders.0.head.task_heads.1.height.0.1.weight bev_decoders.0.head.task_heads.1.height.0.1.bias bev_decoders.0.head.task_heads.1.height.0.1.running_mean bev_decoders.0.head.task_heads.1.height.0.1.running_var bev_decoders.0.head.task_heads.1.height.1.0.weight bev_decoders.0.head.task_heads.1.dim.0.0.weight bev_decoders.0.head.task_heads.1.dim.0.0.bias bev_decoders.0.head.task_heads.1.dim.0.1.weight bev_decoders.0.head.task_heads.1.dim.0.1.bias bev_decoders.0.head.task_heads.1.dim.0.1.running_mean bev_decoders.0.head.task_heads.1.dim.0.1.running_var bev_decoders.0.head.task_heads.1.dim.1.0.weight bev_decoders.0.head.task_heads.1.rot.0.0.weight bev_decoders.0.head.task_heads.1.rot.0.0.bias bev_decoders.0.head.task_heads.1.rot.0.1.weight bev_decoders.0.head.task_heads.1.rot.0.1.bias bev_decoders.0.head.task_heads.1.rot.0.1.running_mean bev_decoders.0.head.task_heads.1.rot.0.1.running_var bev_decoders.0.head.task_heads.1.rot.1.0.weight bev_decoders.0.head.task_heads.1.vel.0.0.weight bev_decoders.0.head.task_heads.1.vel.0.0.bias bev_decoders.0.head.task_heads.1.vel.0.1.weight bev_decoders.0.head.task_heads.1.vel.0.1.bias bev_decoders.0.head.task_heads.1.vel.0.1.running_mean bev_decoders.0.head.task_heads.1.vel.0.1.running_var bev_decoders.0.head.task_heads.1.vel.1.0.weight bev_decoders.0.head.task_heads.1.heatmap.0.0.weight bev_decoders.0.head.task_heads.1.heatmap.0.0.bias bev_decoders.0.head.task_heads.1.heatmap.0.1.weight bev_decoders.0.head.task_heads.1.heatmap.0.1.bias bev_decoders.0.head.task_heads.1.heatmap.0.1.running_mean bev_decoders.0.head.task_heads.1.heatmap.0.1.running_var bev_decoders.0.head.task_heads.1.heatmap.1.0.weight bev_decoders.0.head.task_heads.1.heatmap.1.0.bias bev_decoders.0.head.task_heads.2.reg.0.0.weight bev_decoders.0.head.task_heads.2.reg.0.0.bias bev_decoders.0.head.task_heads.2.reg.0.1.weight bev_decoders.0.head.task_heads.2.reg.0.1.bias bev_decoders.0.head.task_heads.2.reg.0.1.running_mean bev_decoders.0.head.task_heads.2.reg.0.1.running_var bev_decoders.0.head.task_heads.2.reg.1.0.weight bev_decoders.0.head.task_heads.2.height.0.0.weight bev_decoders.0.head.task_heads.2.height.0.0.bias bev_decoders.0.head.task_heads.2.height.0.1.weight bev_decoders.0.head.task_heads.2.height.0.1.bias bev_decoders.0.head.task_heads.2.height.0.1.running_mean bev_decoders.0.head.task_heads.2.height.0.1.running_var bev_decoders.0.head.task_heads.2.height.1.0.weight bev_decoders.0.head.task_heads.2.dim.0.0.weight bev_decoders.0.head.task_heads.2.dim.0.0.bias bev_decoders.0.head.task_heads.2.dim.0.1.weight bev_decoders.0.head.task_heads.2.dim.0.1.bias bev_decoders.0.head.task_heads.2.dim.0.1.running_mean bev_decoders.0.head.task_heads.2.dim.0.1.running_var bev_decoders.0.head.task_heads.2.dim.1.0.weight bev_decoders.0.head.task_heads.2.rot.0.0.weight bev_decoders.0.head.task_heads.2.rot.0.0.bias bev_decoders.0.head.task_heads.2.rot.0.1.weight bev_decoders.0.head.task_heads.2.rot.0.1.bias bev_decoders.0.head.task_heads.2.rot.0.1.running_mean bev_decoders.0.head.task_heads.2.rot.0.1.running_var bev_decoders.0.head.task_heads.2.rot.1.0.weight bev_decoders.0.head.task_heads.2.vel.0.0.weight bev_decoders.0.head.task_heads.2.vel.0.0.bias bev_decoders.0.head.task_heads.2.vel.0.1.weight bev_decoders.0.head.task_heads.2.vel.0.1.bias bev_decoders.0.head.task_heads.2.vel.0.1.running_mean bev_decoders.0.head.task_heads.2.vel.0.1.running_var bev_decoders.0.head.task_heads.2.vel.1.0.weight bev_decoders.0.head.task_heads.2.heatmap.0.0.weight bev_decoders.0.head.task_heads.2.heatmap.0.0.bias bev_decoders.0.head.task_heads.2.heatmap.0.1.weight bev_decoders.0.head.task_heads.2.heatmap.0.1.bias bev_decoders.0.head.task_heads.2.heatmap.0.1.running_mean bev_decoders.0.head.task_heads.2.heatmap.0.1.running_var bev_decoders.0.head.task_heads.2.heatmap.1.0.weight bev_decoders.0.head.task_heads.2.heatmap.1.0.bias bev_decoders.0.head.task_heads.3.reg.0.0.weight bev_decoders.0.head.task_heads.3.reg.0.0.bias bev_decoders.0.head.task_heads.3.reg.0.1.weight bev_decoders.0.head.task_heads.3.reg.0.1.bias bev_decoders.0.head.task_heads.3.reg.0.1.running_mean bev_decoders.0.head.task_heads.3.reg.0.1.running_var bev_decoders.0.head.task_heads.3.reg.1.0.weight bev_decoders.0.head.task_heads.3.height.0.0.weight bev_decoders.0.head.task_heads.3.height.0.0.bias bev_decoders.0.head.task_heads.3.height.0.1.weight bev_decoders.0.head.task_heads.3.height.0.1.bias bev_decoders.0.head.task_heads.3.height.0.1.running_mean bev_decoders.0.head.task_heads.3.height.0.1.running_var bev_decoders.0.head.task_heads.3.height.1.0.weight bev_decoders.0.head.task_heads.3.dim.0.0.weight bev_decoders.0.head.task_heads.3.dim.0.0.bias bev_decoders.0.head.task_heads.3.dim.0.1.weight bev_decoders.0.head.task_heads.3.dim.0.1.bias bev_decoders.0.head.task_heads.3.dim.0.1.running_mean bev_decoders.0.head.task_heads.3.dim.0.1.running_var bev_decoders.0.head.task_heads.3.dim.1.0.weight bev_decoders.0.head.task_heads.3.rot.0.0.weight bev_decoders.0.head.task_heads.3.rot.0.0.bias bev_decoders.0.head.task_heads.3.rot.0.1.weight bev_decoders.0.head.task_heads.3.rot.0.1.bias bev_decoders.0.head.task_heads.3.rot.0.1.running_mean bev_decoders.0.head.task_heads.3.rot.0.1.running_var bev_decoders.0.head.task_heads.3.rot.1.0.weight bev_decoders.0.head.task_heads.3.vel.0.0.weight bev_decoders.0.head.task_heads.3.vel.0.0.bias bev_decoders.0.head.task_heads.3.vel.0.1.weight bev_decoders.0.head.task_heads.3.vel.0.1.bias bev_decoders.0.head.task_heads.3.vel.0.1.running_mean bev_decoders.0.head.task_heads.3.vel.0.1.running_var bev_decoders.0.head.task_heads.3.vel.1.0.weight bev_decoders.0.head.task_heads.3.heatmap.0.0.weight bev_decoders.0.head.task_heads.3.heatmap.0.0.bias bev_decoders.0.head.task_heads.3.heatmap.0.1.weight bev_decoders.0.head.task_heads.3.heatmap.0.1.bias bev_decoders.0.head.task_heads.3.heatmap.0.1.running_mean bev_decoders.0.head.task_heads.3.heatmap.0.1.running_var bev_decoders.0.head.task_heads.3.heatmap.1.0.weight bev_decoders.0.head.task_heads.3.heatmap.1.0.bias bev_decoders.0.head.task_heads.4.reg.0.0.weight bev_decoders.0.head.task_heads.4.reg.0.0.bias bev_decoders.0.head.task_heads.4.reg.0.1.weight bev_decoders.0.head.task_heads.4.reg.0.1.bias bev_decoders.0.head.task_heads.4.reg.0.1.running_mean bev_decoders.0.head.task_heads.4.reg.0.1.running_var bev_decoders.0.head.task_heads.4.reg.1.0.weight bev_decoders.0.head.task_heads.4.height.0.0.weight bev_decoders.0.head.task_heads.4.height.0.0.bias bev_decoders.0.head.task_heads.4.height.0.1.weight bev_decoders.0.head.task_heads.4.height.0.1.bias bev_decoders.0.head.task_heads.4.height.0.1.running_mean bev_decoders.0.head.task_heads.4.height.0.1.running_var bev_decoders.0.head.task_heads.4.height.1.0.weight bev_decoders.0.head.task_heads.4.dim.0.0.weight bev_decoders.0.head.task_heads.4.dim.0.0.bias bev_decoders.0.head.task_heads.4.dim.0.1.weight bev_decoders.0.head.task_heads.4.dim.0.1.bias bev_decoders.0.head.task_heads.4.dim.0.1.running_mean bev_decoders.0.head.task_heads.4.dim.0.1.running_var bev_decoders.0.head.task_heads.4.dim.1.0.weight bev_decoders.0.head.task_heads.4.rot.0.0.weight bev_decoders.0.head.task_heads.4.rot.0.0.bias bev_decoders.0.head.task_heads.4.rot.0.1.weight bev_decoders.0.head.task_heads.4.rot.0.1.bias bev_decoders.0.head.task_heads.4.rot.0.1.running_mean bev_decoders.0.head.task_heads.4.rot.0.1.running_var bev_decoders.0.head.task_heads.4.rot.1.0.weight bev_decoders.0.head.task_heads.4.vel.0.0.weight bev_decoders.0.head.task_heads.4.vel.0.0.bias bev_decoders.0.head.task_heads.4.vel.0.1.weight bev_decoders.0.head.task_heads.4.vel.0.1.bias bev_decoders.0.head.task_heads.4.vel.0.1.running_mean bev_decoders.0.head.task_heads.4.vel.0.1.running_var bev_decoders.0.head.task_heads.4.vel.1.0.weight bev_decoders.0.head.task_heads.4.heatmap.0.0.weight bev_decoders.0.head.task_heads.4.heatmap.0.0.bias bev_decoders.0.head.task_heads.4.heatmap.0.1.weight bev_decoders.0.head.task_heads.4.heatmap.0.1.bias bev_decoders.0.head.task_heads.4.heatmap.0.1.running_mean bev_decoders.0.head.task_heads.4.heatmap.0.1.running_var bev_decoders.0.head.task_heads.4.heatmap.1.0.weight bev_decoders.0.head.task_heads.4.heatmap.1.0.bias bev_decoders.0.head.task_heads.5.reg.0.0.weight bev_decoders.0.head.task_heads.5.reg.0.0.bias bev_decoders.0.head.task_heads.5.reg.0.1.weight bev_decoders.0.head.task_heads.5.reg.0.1.bias bev_decoders.0.head.task_heads.5.reg.0.1.running_mean bev_decoders.0.head.task_heads.5.reg.0.1.running_var bev_decoders.0.head.task_heads.5.reg.1.0.weight bev_decoders.0.head.task_heads.5.height.0.0.weight bev_decoders.0.head.task_heads.5.height.0.0.bias bev_decoders.0.head.task_heads.5.height.0.1.weight bev_decoders.0.head.task_heads.5.height.0.1.bias bev_decoders.0.head.task_heads.5.height.0.1.running_mean bev_decoders.0.head.task_heads.5.height.0.1.running_var bev_decoders.0.head.task_heads.5.height.1.0.weight bev_decoders.0.head.task_heads.5.dim.0.0.weight bev_decoders.0.head.task_heads.5.dim.0.0.bias bev_decoders.0.head.task_heads.5.dim.0.1.weight bev_decoders.0.head.task_heads.5.dim.0.1.bias bev_decoders.0.head.task_heads.5.dim.0.1.running_mean bev_decoders.0.head.task_heads.5.dim.0.1.running_var bev_decoders.0.head.task_heads.5.dim.1.0.weight bev_decoders.0.head.task_heads.5.rot.0.0.weight bev_decoders.0.head.task_heads.5.rot.0.0.bias bev_decoders.0.head.task_heads.5.rot.0.1.weight bev_decoders.0.head.task_heads.5.rot.0.1.bias bev_decoders.0.head.task_heads.5.rot.0.1.running_mean bev_decoders.0.head.task_heads.5.rot.0.1.running_var bev_decoders.0.head.task_heads.5.rot.1.0.weight bev_decoders.0.head.task_heads.5.vel.0.0.weight bev_decoders.0.head.task_heads.5.vel.0.0.bias bev_decoders.0.head.task_heads.5.vel.0.1.weight bev_decoders.0.head.task_heads.5.vel.0.1.bias bev_decoders.0.head.task_heads.5.vel.0.1.running_mean bev_decoders.0.head.task_heads.5.vel.0.1.running_var bev_decoders.0.head.task_heads.5.vel.1.0.weight bev_decoders.0.head.task_heads.5.heatmap.0.0.weight bev_decoders.0.head.task_heads.5.heatmap.0.0.bias bev_decoders.0.head.task_heads.5.heatmap.0.1.weight bev_decoders.0.head.task_heads.5.heatmap.0.1.bias bev_decoders.0.head.task_heads.5.heatmap.0.1.running_mean bev_decoders.0.head.task_heads.5.heatmap.0.1.running_var bev_decoders.0.head.task_heads.5.heatmap.1.0.weight bev_decoders.0.head.task_heads.5.heatmap.1.0.bias
2026-07-15 09:16:55,786 WARNING [checkpoint.py:415] Node[0] unexpect_key num: 238
2026-07-15 09:16:55,786 WARNING [checkpoint.py:417] Node[0] unexpect_key: bev_decoders.0.criterion.code_weights bev_decoders.0.cls_branches.0.0.weight bev_decoders.0.cls_branches.0.0.bias bev_decoders.0.cls_branches.0.1.weight bev_decoders.0.cls_branches.0.1.bias bev_decoders.0.cls_branches.0.3.weight bev_decoders.0.cls_branches.0.3.bias bev_decoders.0.cls_branches.0.4.weight bev_decoders.0.cls_branches.0.4.bias bev_decoders.0.cls_branches.0.6.weight bev_decoders.0.cls_branches.0.6.bias bev_decoders.0.cls_branches.1.0.weight bev_decoders.0.cls_branches.1.0.bias bev_decoders.0.cls_branches.1.1.weight bev_decoders.0.cls_branches.1.1.bias bev_decoders.0.cls_branches.1.3.weight bev_decoders.0.cls_branches.1.3.bias bev_decoders.0.cls_branches.1.4.weight bev_decoders.0.cls_branches.1.4.bias bev_decoders.0.cls_branches.1.6.weight bev_decoders.0.cls_branches.1.6.bias bev_decoders.0.cls_branches.2.0.weight bev_decoders.0.cls_branches.2.0.bias bev_decoders.0.cls_branches.2.1.weight bev_decoders.0.cls_branches.2.1.bias bev_decoders.0.cls_branches.2.3.weight bev_decoders.0.cls_branches.2.3.bias bev_decoders.0.cls_branches.2.4.weight bev_decoders.0.cls_branches.2.4.bias bev_decoders.0.cls_branches.2.6.weight bev_decoders.0.cls_branches.2.6.bias bev_decoders.0.cls_branches.3.0.weight bev_decoders.0.cls_branches.3.0.bias bev_decoders.0.cls_branches.3.1.weight bev_decoders.0.cls_branches.3.1.bias bev_decoders.0.cls_branches.3.3.weight bev_decoders.0.cls_branches.3.3.bias bev_decoders.0.cls_branches.3.4.weight bev_decoders.0.cls_branches.3.4.bias bev_decoders.0.cls_branches.3.6.weight bev_decoders.0.cls_branches.3.6.bias bev_decoders.0.cls_branches.4.0.weight bev_decoders.0.cls_branches.4.0.bias bev_decoders.0.cls_branches.4.1.weight bev_decoders.0.cls_branches.4.1.bias bev_decoders.0.cls_branches.4.3.weight bev_decoders.0.cls_branches.4.3.bias bev_decoders.0.cls_branches.4.4.weight bev_decoders.0.cls_branches.4.4.bias bev_decoders.0.cls_branches.4.6.weight bev_decoders.0.cls_branches.4.6.bias bev_decoders.0.cls_branches.5.0.weight bev_decoders.0.cls_branches.5.0.bias bev_decoders.0.cls_branches.5.1.weight bev_decoders.0.cls_branches.5.1.bias bev_decoders.0.cls_branches.5.3.weight bev_decoders.0.cls_branches.5.3.bias bev_decoders.0.cls_branches.5.4.weight bev_decoders.0.cls_branches.5.4.bias bev_decoders.0.cls_branches.5.6.weight bev_decoders.0.cls_branches.5.6.bias bev_decoders.0.reg_branches.0.0.weight bev_decoders.0.reg_branches.0.0.bias bev_decoders.0.reg_branches.0.2.weight bev_decoders.0.reg_branches.0.2.bias bev_decoders.0.reg_branches.0.4.weight bev_decoders.0.reg_branches.0.4.bias bev_decoders.0.reg_branches.1.0.weight bev_decoders.0.reg_branches.1.0.bias bev_decoders.0.reg_branches.1.2.weight bev_decoders.0.reg_branches.1.2.bias bev_decoders.0.reg_branches.1.4.weight bev_decoders.0.reg_branches.1.4.bias bev_decoders.0.reg_branches.2.0.weight bev_decoders.0.reg_branches.2.0.bias bev_decoders.0.reg_branches.2.2.weight bev_decoders.0.reg_branches.2.2.bias bev_decoders.0.reg_branches.2.4.weight bev_decoders.0.reg_branches.2.4.bias bev_decoders.0.reg_branches.3.0.weight bev_decoders.0.reg_branches.3.0.bias bev_decoders.0.reg_branches.3.2.weight bev_decoders.0.reg_branches.3.2.bias bev_decoders.0.reg_branches.3.4.weight bev_decoders.0.reg_branches.3.4.bias bev_decoders.0.reg_branches.4.0.weight bev_decoders.0.reg_branches.4.0.bias bev_decoders.0.reg_branches.4.2.weight bev_decoders.0.reg_branches.4.2.bias bev_decoders.0.reg_branches.4.4.weight bev_decoders.0.reg_branches.4.4.bias bev_decoders.0.reg_branches.5.0.weight bev_decoders.0.reg_branches.5.0.bias bev_decoders.0.reg_branches.5.2.weight bev_decoders.0.reg_branches.5.2.bias bev_decoders.0.reg_branches.5.4.weight bev_decoders.0.reg_branches.5.4.bias bev_decoders.0.reference_points.weight bev_decoders.0.reference_points.bias bev_decoders.0.query_embedding.weight bev_decoders.0.decoder.layers.0.sa.in_proj_weight bev_decoders.0.decoder.layers.0.sa.in_proj_bias bev_decoders.0.decoder.layers.0.sa.out_proj.weight bev_decoders.0.decoder.layers.0.sa.out_proj.bias bev_decoders.0.decoder.layers.0.sa_norm.weight bev_decoders.0.decoder.layers.0.sa_norm.bias bev_decoders.0.decoder.layers.0.ca.sampling_offsets.weight bev_decoders.0.decoder.layers.0.ca.sampling_offsets.bias bev_decoders.0.decoder.layers.0.ca.attention_weights.weight bev_decoders.0.decoder.layers.0.ca.attention_weights.bias bev_decoders.0.decoder.layers.0.ca.reduce_sum.weight bev_decoders.0.decoder.layers.0.ca.value_proj.weight bev_decoders.0.decoder.layers.0.ca.value_proj.bias bev_decoders.0.decoder.layers.0.ca.output_proj.weight bev_decoders.0.decoder.layers.0.ca.output_proj.bias bev_decoders.0.decoder.layers.0.ca_norm.weight bev_decoders.0.decoder.layers.0.ca_norm.bias bev_decoders.0.decoder.layers.0.ffn.ffn1.weight bev_decoders.0.decoder.layers.0.ffn.ffn1.bias bev_decoders.0.decoder.layers.0.ffn.ffn2.weight bev_decoders.0.decoder.layers.0.ffn.ffn2.bias bev_decoders.0.decoder.layers.0.ffn_norm.weight bev_decoders.0.decoder.layers.0.ffn_norm.bias bev_decoders.0.decoder.layers.1.sa.in_proj_weight bev_decoders.0.decoder.layers.1.sa.in_proj_bias bev_decoders.0.decoder.layers.1.sa.out_proj.weight bev_decoders.0.decoder.layers.1.sa.out_proj.bias bev_decoders.0.decoder.layers.1.sa_norm.weight bev_decoders.0.decoder.layers.1.sa_norm.bias bev_decoders.0.decoder.layers.1.ca.sampling_offsets.weight bev_decoders.0.decoder.layers.1.ca.sampling_offsets.bias bev_decoders.0.decoder.layers.1.ca.attention_weights.weight bev_decoders.0.decoder.layers.1.ca.attention_weights.bias bev_decoders.0.decoder.layers.1.ca.reduce_sum.weight bev_decoders.0.decoder.layers.1.ca.value_proj.weight bev_decoders.0.decoder.layers.1.ca.value_proj.bias bev_decoders.0.decoder.layers.1.ca.output_proj.weight bev_decoders.0.decoder.layers.1.ca.output_proj.bias bev_decoders.0.decoder.layers.1.ca_norm.weight bev_decoders.0.decoder.layers.1.ca_norm.bias bev_decoders.0.decoder.layers.1.ffn.ffn1.weight bev_decoders.0.decoder.layers.1.ffn.ffn1.bias bev_decoders.0.decoder.layers.1.ffn.ffn2.weight bev_decoders.0.decoder.layers.1.ffn.ffn2.bias bev_decoders.0.decoder.layers.1.ffn_norm.weight bev_decoders.0.decoder.layers.1.ffn_norm.bias bev_decoders.0.decoder.layers.2.sa.in_proj_weight bev_decoders.0.decoder.layers.2.sa.in_proj_bias bev_decoders.0.decoder.layers.2.sa.out_proj.weight bev_decoders.0.decoder.layers.2.sa.out_proj.bias bev_decoders.0.decoder.layers.2.sa_norm.weight bev_decoders.0.decoder.layers.2.sa_norm.bias bev_decoders.0.decoder.layers.2.ca.sampling_offsets.weight bev_decoders.0.decoder.layers.2.ca.sampling_offsets.bias bev_decoders.0.decoder.layers.2.ca.attention_weights.weight bev_decoders.0.decoder.layers.2.ca.attention_weights.bias bev_decoders.0.decoder.layers.2.ca.reduce_sum.weight bev_decoders.0.decoder.layers.2.ca.value_proj.weight bev_decoders.0.decoder.layers.2.ca.value_proj.bias bev_decoders.0.decoder.layers.2.ca.output_proj.weight bev_decoders.0.decoder.layers.2.ca.output_proj.bias bev_decoders.0.decoder.layers.2.ca_norm.weight bev_decoders.0.decoder.layers.2.ca_norm.bias bev_decoders.0.decoder.layers.2.ffn.ffn1.weight bev_decoders.0.decoder.layers.2.ffn.ffn1.bias bev_decoders.0.decoder.layers.2.ffn.ffn2.weight bev_decoders.0.decoder.layers.2.ffn.ffn2.bias bev_decoders.0.decoder.layers.2.ffn_norm.weight bev_decoders.0.decoder.layers.2.ffn_norm.bias bev_decoders.0.decoder.layers.3.sa.in_proj_weight bev_decoders.0.decoder.layers.3.sa.in_proj_bias bev_decoders.0.decoder.layers.3.sa.out_proj.weight bev_decoders.0.decoder.layers.3.sa.out_proj.bias bev_decoders.0.decoder.layers.3.sa_norm.weight bev_decoders.0.decoder.layers.3.sa_norm.bias bev_decoders.0.decoder.layers.3.ca.sampling_offsets.weight bev_decoders.0.decoder.layers.3.ca.sampling_offsets.bias bev_decoders.0.decoder.layers.3.ca.attention_weights.weight bev_decoders.0.decoder.layers.3.ca.attention_weights.bias bev_decoders.0.decoder.layers.3.ca.reduce_sum.weight bev_decoders.0.decoder.layers.3.ca.value_proj.weight bev_decoders.0.decoder.layers.3.ca.value_proj.bias bev_decoders.0.decoder.layers.3.ca.output_proj.weight bev_decoders.0.decoder.layers.3.ca.output_proj.bias bev_decoders.0.decoder.layers.3.ca_norm.weight bev_decoders.0.decoder.layers.3.ca_norm.bias bev_decoders.0.decoder.layers.3.ffn.ffn1.weight bev_decoders.0.decoder.layers.3.ffn.ffn1.bias bev_decoders.0.decoder.layers.3.ffn.ffn2.weight bev_decoders.0.decoder.layers.3.ffn.ffn2.bias bev_decoders.0.decoder.layers.3.ffn_norm.weight bev_decoders.0.decoder.layers.3.ffn_norm.bias bev_decoders.0.decoder.layers.4.sa.in_proj_weight bev_decoders.0.decoder.layers.4.sa.in_proj_bias bev_decoders.0.decoder.layers.4.sa.out_proj.weight bev_decoders.0.decoder.layers.4.sa.out_proj.bias bev_decoders.0.decoder.layers.4.sa_norm.weight bev_decoders.0.decoder.layers.4.sa_norm.bias bev_decoders.0.decoder.layers.4.ca.sampling_offsets.weight bev_decoders.0.decoder.layers.4.ca.sampling_offsets.bias bev_decoders.0.decoder.layers.4.ca.attention_weights.weight bev_decoders.0.decoder.layers.4.ca.attention_weights.bias bev_decoders.0.decoder.layers.4.ca.reduce_sum.weight bev_decoders.0.decoder.layers.4.ca.value_proj.weight bev_decoders.0.decoder.layers.4.ca.value_proj.bias bev_decoders.0.decoder.layers.4.ca.output_proj.weight bev_decoders.0.decoder.layers.4.ca.output_proj.bias bev_decoders.0.decoder.layers.4.ca_norm.weight bev_decoders.0.decoder.layers.4.ca_norm.bias bev_decoders.0.decoder.layers.4.ffn.ffn1.weight bev_decoders.0.decoder.layers.4.ffn.ffn1.bias bev_decoders.0.decoder.layers.4.ffn.ffn2.weight bev_decoders.0.decoder.layers.4.ffn.ffn2.bias bev_decoders.0.decoder.layers.4.ffn_norm.weight bev_decoders.0.decoder.layers.4.ffn_norm.bias bev_decoders.0.decoder.layers.5.sa.in_proj_weight bev_decoders.0.decoder.layers.5.sa.in_proj_bias bev_decoders.0.decoder.layers.5.sa.out_proj.weight bev_decoders.0.decoder.layers.5.sa.out_proj.bias bev_decoders.0.decoder.layers.5.sa_norm.weight bev_decoders.0.decoder.layers.5.sa_norm.bias bev_decoders.0.decoder.layers.5.ca.sampling_offsets.weight bev_decoders.0.decoder.layers.5.ca.sampling_offsets.bias bev_decoders.0.decoder.layers.5.ca.attention_weights.weight bev_decoders.0.decoder.layers.5.ca.attention_weights.bias bev_decoders.0.decoder.layers.5.ca.reduce_sum.weight bev_decoders.0.decoder.layers.5.ca.value_proj.weight bev_decoders.0.decoder.layers.5.ca.value_proj.bias bev_decoders.0.decoder.layers.5.ca.output_proj.weight bev_decoders.0.decoder.layers.5.ca.output_proj.bias bev_decoders.0.decoder.layers.5.ca_norm.weight bev_decoders.0.decoder.layers.5.ca_norm.bias bev_decoders.0.decoder.layers.5.ffn.ffn1.weight bev_decoders.0.decoder.layers.5.ffn.ffn1.bias bev_decoders.0.decoder.layers.5.ffn.ffn2.weight bev_decoders.0.decoder.layers.5.ffn.ffn2.bias bev_decoders.0.decoder.layers.5.ffn_norm.weight bev_decoders.0.decoder.layers.5.ffn_norm.bias
2026-07-15 09:16:55,787 INFO [ckpt_converters.py:88] Node[0] [32mLoad the checkpoint successfully from ./tmp_models/bevformer_henet_camera_multitask_nuscenes/float-checkpoint-last.pth.tar[0m
2026-07-15 09:16:55,787 WARNING [hash.py:218] Node[0] [31mDon not found hash value in name of tmp_pretrained_models/centerpoint_pointpillar_nuscenes/float-checkpoint-last.pth.tar, will skip check hash...[0m
2026-07-15 09:16:55,867 WARNING [checkpoint.py:76] Node[0] module. is not at the beginning of state dict
2026-07-15 09:16:55,871 WARNING [load_state_dict_helper.py:114] Node[0] Do not find version in loaded metadata of module camera_net.backbone.stages.0.block.0.add., use the default version 2.
Most common reason is that the state_dict._metadata is missed when modifying state_dict
2026-07-15 09:16:55,871 WARNING [load_state_dict_helper.py:114] Node[0] Do not find version in loaded metadata of module camera_net.backbone.stages.0.block.0.add_dw., use the default version 2.
Most common reason is that the state_dict._metadata is missed when modifying state_dict
2026-07-15 09:16:55,871 WARNING [load_state_dict_helper.py:114] Node[0] Do not find version in loaded metadata of module camera_net.backbone.stages.0.block.1.add., use the default version 2.
Most common reason is that the state_dict._metadata is missed when modifying state_dict
2026-07-15 09:16:55,871 WARNING [load_state_dict_helper.py:114] Node[0] Do not find version in loaded metadata of module camera_net.backbone.stages.0.block.1.add_dw., use the default version 2.
Most common reason is that the state_dict._metadata is missed when modifying state_dict
2026-07-15 09:16:55,872 WARNING [load_state_dict_helper.py:114] Node[0] Do not find version in loaded metadata of module camera_net.backbone.stages.0.block.2.add., use the default version 2.
Most common reason is that the state_dict._metadata is missed when modifying state_dict
2026-07-15 09:16:55,872 WARNING [load_state_dict_helper.py:114] Node[0] Do not find version in loaded metadata of module camera_net.backbone.stages.0.block.2.add_dw., use the default version 2.
Most common reason is that the state_dict._metadata is missed when modifying state_dict
2026-07-15 09:16:55,872 WARNING [load_state_dict_helper.py:114] Node[0] Do not find version in loaded metadata of module camera_net.backbone.stages.0.block.3.add., use the default version 2.
Most common reason is that the state_dict._metadata is missed when modifying state_dict
2026-07-15 09:16:55,872 WARNING [load_state_dict_helper.py:114] Node[0] Do not find version in loaded metadata of module camera_net.backbone.stages.0.block.3.add_dw., use the default version 2.
Most common reason is that the state_dict._metadata is missed when modifying state_dict
2026-07-15 09:16:55,872 WARNING [load_state_dict_helper.py:114] Node[0] Do not find version in loaded metadata of module camera_net.backbone.stages.1.block.0.add., use the default version 2.
Most common reason is that the state_dict._metadata is missed when modifying state_dict
2026-07-15 09:16:55,872 WARNING [load_state_dict_helper.py:114] Node[0] Do not find version in loaded metadata of module camera_net.backbone.stages.1.block.0.add_dw., use the default version 2.
Most common reason is that the state_dict._metadata is missed when modifying state_dict
2026-07-15 09:16:55,872 WARNING [load_state_dict_helper.py:114] Node[0] Do not find version in loaded metadata of module camera_net.backbone.stages.1.block.1.add., use the default version 2.
Most common reason is that the state_dict._metadata is missed when modifying state_dict
2026-07-15 09:16:55,872 WARNING [load_state_dict_helper.py:114] Node[0] Do not find version in loaded metadata of module camera_net.backbone.stages.1.block.1.add_dw., use the default version 2.
Most common reason is that the state_dict._metadata is missed when modifying state_dict
2026-07-15 09:16:55,872 WARNING [load_state_dict_helper.py:114] Node[0] Do not find version in loaded metadata of module camera_net.backbone.stages.1.block.2.add., use the default version 2.
Most common reason is that the state_dict._metadata is missed when modifying state_dict
2026-07-15 09:16:55,872 WARNING [load_state_dict_helper.py:114] Node[0] Do not find version in loaded metadata of module camera_net.backbone.stages.1.block.2.add_dw., use the default version 2.
Most common reason is that the state_dict._metadata is missed when modifying state_dict
2026-07-15 09:16:55,873 WARNING [load_state_dict_helper.py:114] Node[0] Do not find version in loaded metadata of module camera_net.backbone.stages.2.block.0.add., use the default version 2.
Most common reason is that the state_dict._metadata is missed when modifying state_dict
2026-07-15 09:16:55,873 WARNING [load_state_dict_helper.py:114] Node[0] Do not find version in loaded metadata of module camera_net.backbone.stages.2.block.1.add., use the default version 2.
Most common reason is that the state_dict._metadata is missed when modifying state_dict
2026-07-15 09:16:55,873 WARNING [load_state_dict_helper.py:114] Node[0] Do not find version in loaded metadata of module camera_net.backbone.stages.2.block.2.add., use the default version 2.
Most common reason is that the state_dict._metadata is missed when modifying state_dict
2026-07-15 09:16:55,873 WARNING [load_state_dict_helper.py:114] Node[0] Do not find version in loaded metadata of module camera_net.backbone.stages.2.block.3.add., use the default version 2.
Most common reason is that the state_dict._metadata is missed when modifying state_dict
2026-07-15 09:16:55,873 WARNING [load_state_dict_helper.py:114] Node[0] Do not find version in loaded metadata of module camera_net.backbone.stages.2.block.4.add., use the default version 2.
Most common reason is that the state_dict._metadata is missed when modifying state_dict
2026-07-15 09:16:55,873 WARNING [load_state_dict_helper.py:114] Node[0] Do not find version in loaded metadata of module camera_net.backbone.stages.2.block.5.add., use the default version 2.
Most common reason is that the state_dict._metadata is missed when modifying state_dict
2026-07-15 09:16:55,873 WARNING [load_state_dict_helper.py:114] Node[0] Do not find version in loaded metadata of module camera_net.backbone.stages.2.block.6.add., use the default version 2.
Most common reason is that the state_dict._metadata is missed when modifying state_dict
2026-07-15 09:16:55,873 WARNING [load_state_dict_helper.py:114] Node[0] Do not find version in loaded metadata of module camera_net.backbone.stages.2.block.7.add., use the default version 2.
Most common reason is that the state_dict._metadata is missed when modifying state_dict
2026-07-15 09:16:55,874 WARNING [load_state_dict_helper.py:114] Node[0] Do not find version in loaded metadata of module camera_net.backbone.stages.3.block.0.add., use the default version 2.
Most common reason is that the state_dict._metadata is missed when modifying state_dict
2026-07-15 09:16:55,874 WARNING [load_state_dict_helper.py:114] Node[0] Do not find version in loaded metadata of module camera_net.backbone.stages.3.block.1.add., use the default version 2.
Most common reason is that the state_dict._metadata is missed when modifying state_dict
2026-07-15 09:16:55,874 WARNING [load_state_dict_helper.py:114] Node[0] Do not find version in loaded metadata of module camera_net.backbone.stages.3.block.2.add., use the default version 2.
Most common reason is that the state_dict._metadata is missed when modifying state_dict
2026-07-15 09:16:55,874 WARNING [load_state_dict_helper.py:114] Node[0] Do not find version in loaded metadata of module camera_net.backbone.stages.3.block.3.add., use the default version 2.
Most common reason is that the state_dict._metadata is missed when modifying state_dict
2026-07-15 09:16:55,874 WARNING [load_state_dict_helper.py:114] Node[0] Do not find version in loaded metadata of module camera_net.backbone.stages.3.block.4.add., use the default version 2.
Most common reason is that the state_dict._metadata is missed when modifying state_dict
2026-07-15 09:16:55,874 WARNING [load_state_dict_helper.py:114] Node[0] Do not find version in loaded metadata of module camera_net.backbone.stages.3.block.5.add., use the default version 2.
Most common reason is that the state_dict._metadata is missed when modifying state_dict
2026-07-15 09:16:55,875 WARNING [load_state_dict_helper.py:114] Node[0] Do not find version in loaded metadata of module camera_net.view_transformer.encoder.add_canbus., use the default version 2.
Most common reason is that the state_dict._metadata is missed when modifying state_dict
2026-07-15 09:16:55,875 WARNING [load_state_dict_helper.py:114] Node[0] Do not find version in loaded metadata of module camera_net.view_transformer.encoder.cat_pre_cur_query., use the default version 2.
Most common reason is that the state_dict._metadata is missed when modifying state_dict
2026-07-15 09:16:55,875 WARNING [load_state_dict_helper.py:114] Node[0] Do not find version in loaded metadata of module camera_net.view_transformer.encoder.addcams_embeds.0., use the default version 2.
Most common reason is that the state_dict._metadata is missed when modifying state_dict
2026-07-15 09:16:55,875 WARNING [load_state_dict_helper.py:114] Node[0] Do not find version in loaded metadata of module camera_net.view_transformer.encoder.add_level_embeds.0., use the default version 2.
Most common reason is that the state_dict._metadata is missed when modifying state_dict
2026-07-15 09:16:55,875 WARNING [load_state_dict_helper.py:114] Node[0] Do not find version in loaded metadata of module camera_net.view_transformer.encoder.cat_fl., use the default version 2.
Most common reason is that the state_dict._metadata is missed when modifying state_dict
2026-07-15 09:16:55,875 WARNING [load_state_dict_helper.py:114] Node[0] Do not find version in loaded metadata of module camera_net.view_transformer.encoder.layers.0.sa.norm_offset., use the default version 2.
Most common reason is that the state_dict._metadata is missed when modifying state_dict
2026-07-15 09:16:55,875 WARNING [load_state_dict_helper.py:114] Node[0] Do not find version in loaded metadata of module camera_net.view_transformer.encoder.layers.0.sa.add_offset., use the default version 2.
Most common reason is that the state_dict._metadata is missed when modifying state_dict
2026-07-15 09:16:55,875 WARNING [load_state_dict_helper.py:114] Node[0] Do not find version in loaded metadata of module camera_net.view_transformer.encoder.layers.0.sa.add1., use the default version 2.
Most common reason is that the state_dict._metadata is missed when modifying state_dict
2026-07-15 09:16:55,875 WARNING [load_state_dict_helper.py:114] Node[0] Do not find version in loaded metadata of module camera_net.view_transformer.encoder.layers.0.sa.mul1., use the default version 2.
Most common reason is that the state_dict._metadata is missed when modifying state_dict
2026-07-15 09:16:55,875 WARNING [load_state_dict_helper.py:114] Node[0] Do not find version in loaded metadata of module camera_net.view_transformer.encoder.layers.0.sa.stack_sampling., use the default version 2.
Most common reason is that the state_dict._metadata is missed when modifying state_dict
2026-07-15 09:16:55,875 WARNING [load_state_dict_helper.py:114] Node[0] Do not find version in loaded metadata of module camera_net.view_transformer.encoder.layers.0.sa.mul_attention., use the default version 2.
Most common reason is that the state_dict._metadata is missed when modifying state_dict
2026-07-15 09:16:55,875 WARNING [load_state_dict_helper.py:114] Node[0] Do not find version in loaded metadata of module camera_net.view_transformer.encoder.layers.0.sa.add_pos., use the default version 2.
Most common reason is that the state_dict._metadata is missed when modifying state_dict
2026-07-15 09:16:55,875 WARNING [load_state_dict_helper.py:114] Node[0] Do not find version in loaded metadata of module camera_net.view_transformer.encoder.layers.0.sa.add_res., use the default version 2.
Most common reason is that the state_dict._metadata is missed when modifying state_dict
2026-07-15 09:16:55,876 WARNING [load_state_dict_helper.py:114] Node[0] Do not find version in loaded metadata of module camera_net.view_transformer.encoder.layers.0.ca.deformable_attention.norm_offset., use the default version 2.
Most common reason is that the state_dict._metadata is missed when modifying state_dict
2026-07-15 09:16:55,876 WARNING [load_state_dict_helper.py:114] Node[0] Do not find version in loaded metadata of module camera_net.view_transformer.encoder.layers.0.ca.deformable_attention.add_offset., use the default version 2.
Most common reason is that the state_dict._metadata is missed when modifying state_dict
2026-07-15 09:16:55,876 WARNING [load_state_dict_helper.py:114] Node[0] Do not find version in loaded metadata of module camera_net.view_transformer.encoder.layers.0.ca.deformable_attention.add1., use the default version 2.
Most common reason is that the state_dict._metadata is missed when modifying state_dict
2026-07-15 09:16:55,876 WARNING [load_state_dict_helper.py:114] Node[0] Do not find version in loaded metadata of module camera_net.view_transformer.encoder.layers.0.ca.deformable_attention.mul1., use the default version 2.
Most common reason is that the state_dict._metadata is missed when modifying state_dict
2026-07-15 09:16:55,876 WARNING [load_state_dict_helper.py:114] Node[0] Do not find version in loaded metadata of module camera_net.view_transformer.encoder.layers.0.ca.deformable_attention.stack_sampling., use the default version 2.
Most common reason is that the state_dict._metadata is missed when modifying state_dict
2026-07-15 09:16:55,876 WARNING [load_state_dict_helper.py:114] Node[0] Do not find version in loaded metadata of module camera_net.view_transformer.encoder.layers.0.ca.deformable_attention.mul_attention., use the default version 2.
Most common reason is that the state_dict._metadata is missed when modifying state_dict
2026-07-15 09:16:55,876 WARNING [load_state_dict_helper.py:114] Node[0] Do not find version in loaded metadata of module camera_net.view_transformer.encoder.layers.0.ca.add_res., use the default version 2.
Most common reason is that the state_dict._metadata is missed when modifying state_dict
2026-07-15 09:16:55,876 WARNING [load_state_dict_helper.py:114] Node[0] Do not find version in loaded metadata of module camera_net.view_transformer.encoder.layers.0.ca.add_query_pos., use the default version 2.
Most common reason is that the state_dict._metadata is missed when modifying state_dict
2026-07-15 09:16:55,876 WARNING [load_state_dict_helper.py:114] Node[0] Do not find version in loaded metadata of module camera_net.view_transformer.encoder.layers.0.ca.mul_pillarweight., use the default version 2.
Most common reason is that the state_dict._metadata is missed when modifying state_dict
2026-07-15 09:16:55,876 WARNING [load_state_dict_helper.py:114] Node[0] Do not find version in loaded metadata of module camera_net.view_transformer.encoder.layers.0.ca.sum_views., use the default version 2.
Most common reason is that the state_dict._metadata is missed when modifying state_dict
2026-07-15 09:16:55,876 WARNING [load_state_dict_helper.py:114] Node[0] Do not find version in loaded metadata of module camera_net.view_transformer.encoder.layers.0.ffn.add., use the default version 2.
Most common reason is that the state_dict._metadata is missed when modifying state_dict
2026-07-15 09:16:55,878 INFO [checkpoint.py:410] Node[0] state_dict in checkpoint num: 120
2026-07-15 09:16:55,882 INFO [checkpoint.py:411] Node[0] state_dict in model num: 802
2026-07-15 09:16:55,882 WARNING [checkpoint.py:412] Node[0] miss_key num: 610
2026-07-15 09:16:55,882 WARNING [checkpoint.py:414] Node[0] miss_key: camera_net.backbone.patch_embed.0.0.weight camera_net.backbone.patch_embed.0.0.bias camera_net.backbone.patch_embed.0.1.weight camera_net.backbone.patch_embed.0.1.bias camera_net.backbone.patch_embed.0.1.running_mean camera_net.backbone.patch_embed.0.1.running_var camera_net.backbone.patch_embed.1.0.weight camera_net.backbone.patch_embed.1.0.bias camera_net.backbone.patch_embed.1.1.weight camera_net.backbone.patch_embed.1.1.bias camera_net.backbone.patch_embed.1.1.running_mean camera_net.backbone.patch_embed.1.1.running_var camera_net.backbone.stages.0.block.0.dwconv.0.weight camera_net.backbone.stages.0.block.0.dwconv.0.bias camera_net.backbone.stages.0.block.0.dwconv.1.weight camera_net.backbone.stages.0.block.0.dwconv.1.bias camera_net.backbone.stages.0.block.0.dwconv.1.running_mean camera_net.backbone.stages.0.block.0.dwconv.1.running_var camera_net.backbone.stages.0.block.0.pwconv1.weight camera_net.backbone.stages.0.block.0.pwconv1.bias camera_net.backbone.stages.0.block.0.pwconv2.weight camera_net.backbone.stages.0.block.0.pwconv2.bias camera_net.backbone.stages.0.block.0.layer_scale.weight camera_net.backbone.stages.0.block.1.dwconv.0.weight camera_net.backbone.stages.0.block.1.dwconv.0.bias camera_net.backbone.stages.0.block.1.dwconv.1.weight camera_net.backbone.stages.0.block.1.dwconv.1.bias camera_net.backbone.stages.0.block.1.dwconv.1.running_mean camera_net.backbone.stages.0.block.1.dwconv.1.running_var camera_net.backbone.stages.0.block.1.pwconv1.weight camera_net.backbone.stages.0.block.1.pwconv1.bias camera_net.backbone.stages.0.block.1.pwconv2.weight camera_net.backbone.stages.0.block.1.pwconv2.bias camera_net.backbone.stages.0.block.1.layer_scale.weight camera_net.backbone.stages.0.block.2.dwconv.0.weight camera_net.backbone.stages.0.block.2.dwconv.0.bias camera_net.backbone.stages.0.block.2.dwconv.1.weight camera_net.backbone.stages.0.block.2.dwconv.1.bias camera_net.backbone.stages.0.block.2.dwconv.1.running_mean camera_net.backbone.stages.0.block.2.dwconv.1.running_var camera_net.backbone.stages.0.block.2.pwconv1.weight camera_net.backbone.stages.0.block.2.pwconv1.bias camera_net.backbone.stages.0.block.2.pwconv2.weight camera_net.backbone.stages.0.block.2.pwconv2.bias camera_net.backbone.stages.0.block.2.layer_scale.weight camera_net.backbone.stages.0.block.3.dwconv.0.weight camera_net.backbone.stages.0.block.3.dwconv.0.bias camera_net.backbone.stages.0.block.3.dwconv.1.weight camera_net.backbone.stages.0.block.3.dwconv.1.bias camera_net.backbone.stages.0.block.3.dwconv.1.running_mean camera_net.backbone.stages.0.block.3.dwconv.1.running_var camera_net.backbone.stages.0.block.3.pwconv1.weight camera_net.backbone.stages.0.block.3.pwconv1.bias camera_net.backbone.stages.0.block.3.pwconv2.weight camera_net.backbone.stages.0.block.3.pwconv2.bias camera_net.backbone.stages.0.block.3.layer_scale.weight camera_net.backbone.stages.1.block.0.dwconv.0.weight camera_net.backbone.stages.1.block.0.dwconv.0.bias camera_net.backbone.stages.1.block.0.dwconv.1.weight camera_net.backbone.stages.1.block.0.dwconv.1.bias camera_net.backbone.stages.1.block.0.dwconv.1.running_mean camera_net.backbone.stages.1.block.0.dwconv.1.running_var camera_net.backbone.stages.1.block.0.pwconv1.weight camera_net.backbone.stages.1.block.0.pwconv1.bias camera_net.backbone.stages.1.block.0.pwconv2.weight camera_net.backbone.stages.1.block.0.pwconv2.bias camera_net.backbone.stages.1.block.0.layer_scale.weight camera_net.backbone.stages.1.block.1.dwconv.0.weight camera_net.backbone.stages.1.block.1.dwconv.0.bias camera_net.backbone.stages.1.block.1.dwconv.1.weight camera_net.backbone.stages.1.block.1.dwconv.1.bias camera_net.backbone.stages.1.block.1.dwconv.1.running_mean camera_net.backbone.stages.1.block.1.dwconv.1.running_var camera_net.backbone.stages.1.block.1.pwconv1.weight camera_net.backbone.stages.1.block.1.pwconv1.bias camera_net.backbone.stages.1.block.1.pwconv2.weight camera_net.backbone.stages.1.block.1.pwconv2.bias camera_net.backbone.stages.1.block.1.layer_scale.weight camera_net.backbone.stages.1.block.2.dwconv.0.weight camera_net.backbone.stages.1.block.2.dwconv.0.bias camera_net.backbone.stages.1.block.2.dwconv.1.weight camera_net.backbone.stages.1.block.2.dwconv.1.bias camera_net.backbone.stages.1.block.2.dwconv.1.running_mean camera_net.backbone.stages.1.block.2.dwconv.1.running_var camera_net.backbone.stages.1.block.2.pwconv1.weight camera_net.backbone.stages.1.block.2.pwconv1.bias camera_net.backbone.stages.1.block.2.pwconv2.weight camera_net.backbone.stages.1.block.2.pwconv2.bias camera_net.backbone.stages.1.block.2.layer_scale.weight camera_net.backbone.stages.2.block.0.dwconv.0.0.weight camera_net.backbone.stages.2.block.0.dwconv.0.0.bias camera_net.backbone.stages.2.block.0.dwconv.0.1.weight camera_net.backbone.stages.2.block.0.dwconv.0.1.bias camera_net.backbone.stages.2.block.0.dwconv.0.1.running_mean camera_net.backbone.stages.2.block.0.dwconv.0.1.running_var camera_net.backbone.stages.2.block.0.pwconv1.0.weight camera_net.backbone.stages.2.block.0.pwconv1.0.bias camera_net.backbone.stages.2.block.0.pwconv2.weight camera_net.backbone.stages.2.block.0.pwconv2.bias camera_net.backbone.stages.2.block.0.layer_scale.weight camera_net.backbone.stages.2.block.1.dwconv.0.0.weight camera_net.backbone.stages.2.block.1.dwconv.0.0.bias camera_net.backbone.stages.2.block.1.dwconv.0.1.weight camera_net.backbone.stages.2.block.1.dwconv.0.1.bias camera_net.backbone.stages.2.block.1.dwconv.0.1.running_mean camera_net.backbone.stages.2.block.1.dwconv.0.1.running_var camera_net.backbone.stages.2.block.1.pwconv1.0.weight camera_net.backbone.stages.2.block.1.pwconv1.0.bias camera_net.backbone.stages.2.block.1.pwconv2.weight camera_net.backbone.stages.2.block.1.pwconv2.bias camera_net.backbone.stages.2.block.1.layer_scale.weight camera_net.backbone.stages.2.block.2.dwconv.0.0.weight camera_net.backbone.stages.2.block.2.dwconv.0.0.bias camera_net.backbone.stages.2.block.2.dwconv.0.1.weight camera_net.backbone.stages.2.block.2.dwconv.0.1.bias camera_net.backbone.stages.2.block.2.dwconv.0.1.running_mean camera_net.backbone.stages.2.block.2.dwconv.0.1.running_var camera_net.backbone.stages.2.block.2.pwconv1.0.weight camera_net.backbone.stages.2.block.2.pwconv1.0.bias camera_net.backbone.stages.2.block.2.pwconv2.weight camera_net.backbone.stages.2.block.2.pwconv2.bias camera_net.backbone.stages.2.block.2.layer_scale.weight camera_net.backbone.stages.2.block.3.dwconv.0.0.weight camera_net.backbone.stages.2.block.3.dwconv.0.0.bias camera_net.backbone.stages.2.block.3.dwconv.0.1.weight camera_net.backbone.stages.2.block.3.dwconv.0.1.bias camera_net.backbone.stages.2.block.3.dwconv.0.1.running_mean camera_net.backbone.stages.2.block.3.dwconv.0.1.running_var camera_net.backbone.stages.2.block.3.pwconv1.0.weight camera_net.backbone.stages.2.block.3.pwconv1.0.bias camera_net.backbone.stages.2.block.3.pwconv2.weight camera_net.backbone.stages.2.block.3.pwconv2.bias camera_net.backbone.stages.2.block.3.layer_scale.weight camera_net.backbone.stages.2.block.4.dwconv.0.0.weight camera_net.backbone.stages.2.block.4.dwconv.0.0.bias camera_net.backbone.stages.2.block.4.dwconv.0.1.weight camera_net.backbone.stages.2.block.4.dwconv.0.1.bias camera_net.backbone.stages.2.block.4.dwconv.0.1.running_mean camera_net.backbone.stages.2.block.4.dwconv.0.1.running_var camera_net.backbone.stages.2.block.4.pwconv1.0.weight camera_net.backbone.stages.2.block.4.pwconv1.0.bias camera_net.backbone.stages.2.block.4.pwconv2.weight camera_net.backbone.stages.2.block.4.pwconv2.bias camera_net.backbone.stages.2.block.4.layer_scale.weight camera_net.backbone.stages.2.block.5.dwconv.0.0.weight camera_net.backbone.stages.2.block.5.dwconv.0.0.bias camera_net.backbone.stages.2.block.5.dwconv.0.1.weight camera_net.backbone.stages.2.block.5.dwconv.0.1.bias camera_net.backbone.stages.2.block.5.dwconv.0.1.running_mean camera_net.backbone.stages.2.block.5.dwconv.0.1.running_var camera_net.backbone.stages.2.block.5.pwconv1.0.weight camera_net.backbone.stages.2.block.5.pwconv1.0.bias camera_net.backbone.stages.2.block.5.pwconv2.weight camera_net.backbone.stages.2.block.5.pwconv2.bias camera_net.backbone.stages.2.block.5.layer_scale.weight camera_net.backbone.stages.2.block.6.dwconv.0.0.weight camera_net.backbone.stages.2.block.6.dwconv.0.0.bias camera_net.backbone.stages.2.block.6.dwconv.0.1.weight camera_net.backbone.stages.2.block.6.dwconv.0.1.bias camera_net.backbone.stages.2.block.6.dwconv.0.1.running_mean camera_net.backbone.stages.2.block.6.dwconv.0.1.running_var camera_net.backbone.stages.2.block.6.pwconv1.0.weight camera_net.backbone.stages.2.block.6.pwconv1.0.bias camera_net.backbone.stages.2.block.6.pwconv2.weight camera_net.backbone.stages.2.block.6.pwconv2.bias camera_net.backbone.stages.2.block.6.layer_scale.weight camera_net.backbone.stages.2.block.7.dwconv.0.0.weight camera_net.backbone.stages.2.block.7.dwconv.0.0.bias camera_net.backbone.stages.2.block.7.dwconv.0.1.weight camera_net.backbone.stages.2.block.7.dwconv.0.1.bias camera_net.backbone.stages.2.block.7.dwconv.0.1.running_mean camera_net.backbone.stages.2.block.7.dwconv.0.1.running_var camera_net.backbone.stages.2.block.7.pwconv1.0.weight camera_net.backbone.stages.2.block.7.pwconv1.0.bias camera_net.backbone.stages.2.block.7.pwconv2.weight camera_net.backbone.stages.2.block.7.pwconv2.bias camera_net.backbone.stages.2.block.7.layer_scale.weight camera_net.backbone.stages.3.block.0.dwconv.0.weight camera_net.backbone.stages.3.block.0.dwconv.0.bias camera_net.backbone.stages.3.block.0.dwconv.1.weight camera_net.backbone.stages.3.block.0.dwconv.1.bias camera_net.backbone.stages.3.block.0.dwconv.1.running_mean camera_net.backbone.stages.3.block.0.dwconv.1.running_var camera_net.backbone.stages.3.block.0.pwconv1.weight camera_net.backbone.stages.3.block.0.pwconv1.bias camera_net.backbone.stages.3.block.0.pwconv2.weight camera_net.backbone.stages.3.block.0.pwconv2.bias camera_net.backbone.stages.3.block.0.layer_scale.weight camera_net.backbone.stages.3.block.1.dwconv.0.weight camera_net.backbone.stages.3.block.1.dwconv.0.bias camera_net.backbone.stages.3.block.1.dwconv.1.weight camera_net.backbone.stages.3.block.1.dwconv.1.bias camera_net.backbone.stages.3.block.1.dwconv.1.running_mean camera_net.backbone.stages.3.block.1.dwconv.1.running_var camera_net.backbone.stages.3.block.1.pwconv1.weight camera_net.backbone.stages.3.block.1.pwconv1.bias camera_net.backbone.stages.3.block.1.pwconv2.weight camera_net.backbone.stages.3.block.1.pwconv2.bias camera_net.backbone.stages.3.block.1.layer_scale.weight camera_net.backbone.stages.3.block.2.dwconv.0.weight camera_net.backbone.stages.3.block.2.dwconv.0.bias camera_net.backbone.stages.3.block.2.dwconv.1.weight camera_net.backbone.stages.3.block.2.dwconv.1.bias camera_net.backbone.stages.3.block.2.dwconv.1.running_mean camera_net.backbone.stages.3.block.2.dwconv.1.running_var camera_net.backbone.stages.3.block.2.pwconv1.weight camera_net.backbone.stages.3.block.2.pwconv1.bias camera_net.backbone.stages.3.block.2.pwconv2.weight camera_net.backbone.stages.3.block.2.pwconv2.bias camera_net.backbone.stages.3.block.2.layer_scale.weight camera_net.backbone.stages.3.block.3.dwconv.0.weight camera_net.backbone.stages.3.block.3.dwconv.0.bias camera_net.backbone.stages.3.block.3.dwconv.1.weight camera_net.backbone.stages.3.block.3.dwconv.1.bias camera_net.backbone.stages.3.block.3.dwconv.1.running_mean camera_net.backbone.stages.3.block.3.dwconv.1.running_var camera_net.backbone.stages.3.block.3.pwconv1.weight camera_net.backbone.stages.3.block.3.pwconv1.bias camera_net.backbone.stages.3.block.3.pwconv2.weight camera_net.backbone.stages.3.block.3.pwconv2.bias camera_net.backbone.stages.3.block.3.layer_scale.weight camera_net.backbone.stages.3.block.4.dwconv.0.weight camera_net.backbone.stages.3.block.4.dwconv.0.bias camera_net.backbone.stages.3.block.4.dwconv.1.weight camera_net.backbone.stages.3.block.4.dwconv.1.bias camera_net.backbone.stages.3.block.4.dwconv.1.running_mean camera_net.backbone.stages.3.block.4.dwconv.1.running_var camera_net.backbone.stages.3.block.4.pwconv1.weight camera_net.backbone.stages.3.block.4.pwconv1.bias camera_net.backbone.stages.3.block.4.pwconv2.weight camera_net.backbone.stages.3.block.4.pwconv2.bias camera_net.backbone.stages.3.block.4.layer_scale.weight camera_net.backbone.stages.3.block.5.dwconv.0.weight camera_net.backbone.stages.3.block.5.dwconv.0.bias camera_net.backbone.stages.3.block.5.dwconv.1.weight camera_net.backbone.stages.3.block.5.dwconv.1.bias camera_net.backbone.stages.3.block.5.dwconv.1.running_mean camera_net.backbone.stages.3.block.5.dwconv.1.running_var camera_net.backbone.stages.3.block.5.pwconv1.weight camera_net.backbone.stages.3.block.5.pwconv1.bias camera_net.backbone.stages.3.block.5.pwconv2.weight camera_net.backbone.stages.3.block.5.pwconv2.bias camera_net.backbone.stages.3.block.5.layer_scale.weight camera_net.backbone.downsample_block.0.proj.0.weight camera_net.backbone.downsample_block.0.proj.0.bias camera_net.backbone.downsample_block.0.proj.1.weight camera_net.backbone.downsample_block.0.proj.1.bias camera_net.backbone.downsample_block.0.proj.1.running_mean camera_net.backbone.downsample_block.0.proj.1.running_var camera_net.backbone.downsample_block.1.proj.0.weight camera_net.backbone.downsample_block.1.proj.0.bias camera_net.backbone.downsample_block.1.proj.1.weight camera_net.backbone.downsample_block.1.proj.1.bias camera_net.backbone.downsample_block.1.proj.1.running_mean camera_net.backbone.downsample_block.1.proj.1.running_var camera_net.backbone.downsample_block.2.proj.0.weight camera_net.backbone.downsample_block.2.proj.0.bias camera_net.backbone.downsample_block.2.proj.1.weight camera_net.backbone.downsample_block.2.proj.1.bias camera_net.backbone.downsample_block.2.proj.1.running_mean camera_net.backbone.downsample_block.2.proj.1.running_var camera_net.backbone.norm.weight camera_net.backbone.norm.bias camera_net.backbone.norm.running_mean camera_net.backbone.norm.running_var camera_net.backbone.feature_mix_layer.0.weight camera_net.backbone.feature_mix_layer.1.weight camera_net.backbone.feature_mix_layer.1.bias camera_net.backbone.feature_mix_layer.1.running_mean camera_net.backbone.feature_mix_layer.1.running_var camera_net.backbone.stage_norm.0.weight camera_net.backbone.stage_norm.0.bias camera_net.backbone.stage_norm.0.running_mean camera_net.backbone.stage_norm.0.running_var camera_net.backbone.stage_norm.1.weight camera_net.backbone.stage_norm.1.bias camera_net.backbone.stage_norm.1.running_mean camera_net.backbone.stage_norm.1.running_var camera_net.backbone.stage_norm.2.weight camera_net.backbone.stage_norm.2.bias camera_net.backbone.stage_norm.2.running_mean camera_net.backbone.stage_norm.2.running_var camera_net.backbone.stage_norm.3.weight camera_net.backbone.stage_norm.3.bias camera_net.backbone.stage_norm.3.running_mean camera_net.backbone.stage_norm.3.running_var camera_net.neck.conv_extract.0.0.weight camera_net.neck.conv_extract.0.0.bias camera_net.neck.conv_extract.0.1.weight camera_net.neck.conv_extract.0.1.bias camera_net.neck.conv_extract.0.1.running_mean camera_net.neck.conv_extract.0.1.running_var camera_net.view_transformer.encoder.level_embeds camera_net.view_transformer.encoder.cams_embeds camera_net.view_transformer.encoder.layers.0.sa.sampling_offsets.weight camera_net.view_transformer.encoder.layers.0.sa.sampling_offsets.bias camera_net.view_transformer.encoder.layers.0.sa.attention_weights.weight camera_net.view_transformer.encoder.layers.0.sa.attention_weights.bias camera_net.view_transformer.encoder.layers.0.sa.reduce_sum.weight camera_net.view_transformer.encoder.layers.0.sa.value_proj.weight camera_net.view_transformer.encoder.layers.0.sa.value_proj.bias camera_net.view_transformer.encoder.layers.0.sa.output_proj.weight camera_net.view_transformer.encoder.layers.0.sa.output_proj.bias camera_net.view_transformer.encoder.layers.0.sa_norm.weight camera_net.view_transformer.encoder.layers.0.sa_norm.bias camera_net.view_transformer.encoder.layers.0.ca.deformable_attention.sampling_offsets.weight camera_net.view_transformer.encoder.layers.0.ca.deformable_attention.sampling_offsets.bias camera_net.view_transformer.encoder.layers.0.ca.deformable_attention.attention_weights.weight camera_net.view_transformer.encoder.layers.0.ca.deformable_attention.attention_weights.bias camera_net.view_transformer.encoder.layers.0.ca.deformable_attention.reduce_sum.weight camera_net.view_transformer.encoder.layers.0.ca.deformable_attention.value_proj.weight camera_net.view_transformer.encoder.layers.0.ca.deformable_attention.value_proj.bias camera_net.view_transformer.encoder.layers.0.ca.output_proj.weight camera_net.view_transformer.encoder.layers.0.ca.output_proj.bias camera_net.view_transformer.encoder.layers.0.ca.query_reduce_sum.weight camera_net.view_transformer.encoder.layers.0.ca_norm.weight camera_net.view_transformer.encoder.layers.0.ca_norm.bias camera_net.view_transformer.encoder.layers.0.ffn.ffn1.weight camera_net.view_transformer.encoder.layers.0.ffn.ffn1.bias camera_net.view_transformer.encoder.layers.0.ffn.ffn2.weight camera_net.view_transformer.encoder.layers.0.ffn.ffn2.bias camera_net.view_transformer.encoder.layers.0.ffn_norm.weight camera_net.view_transformer.encoder.layers.0.ffn_norm.bias camera_net.view_transformer.positional_encoding.row_embed.weight camera_net.view_transformer.positional_encoding.col_embed.weight camera_net.view_transformer.bev_embedding.weight fuse_module.reduce_conv.0.weight fuse_module.reduce_conv.0.bias fuse_module.reduce_conv.1.weight fuse_module.reduce_conv.1.bias fuse_module.reduce_conv.1.running_mean fuse_module.reduce_conv.1.running_var fuse_module.conv2.0.weight fuse_module.conv2.0.bias fuse_module.conv2.1.weight fuse_module.conv2.1.bias fuse_module.conv2.1.running_mean fuse_module.conv2.1.running_var fuse_module.seblock.att.1.weight fuse_module.seblock.att.1.bias bev_decoders.0.head.shared_conv.0.0.weight bev_decoders.0.head.shared_conv.0.0.bias bev_decoders.0.head.shared_conv.0.1.weight bev_decoders.0.head.shared_conv.0.1.bias bev_decoders.0.head.shared_conv.0.1.running_mean bev_decoders.0.head.shared_conv.0.1.running_var bev_decoders.0.head.task_heads.0.reg.0.0.weight bev_decoders.0.head.task_heads.0.reg.0.0.bias bev_decoders.0.head.task_heads.0.reg.0.1.weight bev_decoders.0.head.task_heads.0.reg.0.1.bias bev_decoders.0.head.task_heads.0.reg.0.1.running_mean bev_decoders.0.head.task_heads.0.reg.0.1.running_var bev_decoders.0.head.task_heads.0.reg.1.0.weight bev_decoders.0.head.task_heads.0.height.0.0.weight bev_decoders.0.head.task_heads.0.height.0.0.bias bev_decoders.0.head.task_heads.0.height.0.1.weight bev_decoders.0.head.task_heads.0.height.0.1.bias bev_decoders.0.head.task_heads.0.height.0.1.running_mean bev_decoders.0.head.task_heads.0.height.0.1.running_var bev_decoders.0.head.task_heads.0.height.1.0.weight bev_decoders.0.head.task_heads.0.dim.0.0.weight bev_decoders.0.head.task_heads.0.dim.0.0.bias bev_decoders.0.head.task_heads.0.dim.0.1.weight bev_decoders.0.head.task_heads.0.dim.0.1.bias bev_decoders.0.head.task_heads.0.dim.0.1.running_mean bev_decoders.0.head.task_heads.0.dim.0.1.running_var bev_decoders.0.head.task_heads.0.dim.1.0.weight bev_decoders.0.head.task_heads.0.rot.0.0.weight bev_decoders.0.head.task_heads.0.rot.0.0.bias bev_decoders.0.head.task_heads.0.rot.0.1.weight bev_decoders.0.head.task_heads.0.rot.0.1.bias bev_decoders.0.head.task_heads.0.rot.0.1.running_mean bev_decoders.0.head.task_heads.0.rot.0.1.running_var bev_decoders.0.head.task_heads.0.rot.1.0.weight bev_decoders.0.head.task_heads.0.vel.0.0.weight bev_decoders.0.head.task_heads.0.vel.0.0.bias bev_decoders.0.head.task_heads.0.vel.0.1.weight bev_decoders.0.head.task_heads.0.vel.0.1.bias bev_decoders.0.head.task_heads.0.vel.0.1.running_mean bev_decoders.0.head.task_heads.0.vel.0.1.running_var bev_decoders.0.head.task_heads.0.vel.1.0.weight bev_decoders.0.head.task_heads.0.heatmap.0.0.weight bev_decoders.0.head.task_heads.0.heatmap.0.0.bias bev_decoders.0.head.task_heads.0.heatmap.0.1.weight bev_decoders.0.head.task_heads.0.heatmap.0.1.bias bev_decoders.0.head.task_heads.0.heatmap.0.1.running_mean bev_decoders.0.head.task_heads.0.heatmap.0.1.running_var bev_decoders.0.head.task_heads.0.heatmap.1.0.weight bev_decoders.0.head.task_heads.0.heatmap.1.0.bias bev_decoders.0.head.task_heads.1.reg.0.0.weight bev_decoders.0.head.task_heads.1.reg.0.0.bias bev_decoders.0.head.task_heads.1.reg.0.1.weight bev_decoders.0.head.task_heads.1.reg.0.1.bias bev_decoders.0.head.task_heads.1.reg.0.1.running_mean bev_decoders.0.head.task_heads.1.reg.0.1.running_var bev_decoders.0.head.task_heads.1.reg.1.0.weight bev_decoders.0.head.task_heads.1.height.0.0.weight bev_decoders.0.head.task_heads.1.height.0.0.bias bev_decoders.0.head.task_heads.1.height.0.1.weight bev_decoders.0.head.task_heads.1.height.0.1.bias bev_decoders.0.head.task_heads.1.height.0.1.running_mean bev_decoders.0.head.task_heads.1.height.0.1.running_var bev_decoders.0.head.task_heads.1.height.1.0.weight bev_decoders.0.head.task_heads.1.dim.0.0.weight bev_decoders.0.head.task_heads.1.dim.0.0.bias bev_decoders.0.head.task_heads.1.dim.0.1.weight bev_decoders.0.head.task_heads.1.dim.0.1.bias bev_decoders.0.head.task_heads.1.dim.0.1.running_mean bev_decoders.0.head.task_heads.1.dim.0.1.running_var bev_decoders.0.head.task_heads.1.dim.1.0.weight bev_decoders.0.head.task_heads.1.rot.0.0.weight bev_decoders.0.head.task_heads.1.rot.0.0.bias bev_decoders.0.head.task_heads.1.rot.0.1.weight bev_decoders.0.head.task_heads.1.rot.0.1.bias bev_decoders.0.head.task_heads.1.rot.0.1.running_mean bev_decoders.0.head.task_heads.1.rot.0.1.running_var bev_decoders.0.head.task_heads.1.rot.1.0.weight bev_decoders.0.head.task_heads.1.vel.0.0.weight bev_decoders.0.head.task_heads.1.vel.0.0.bias bev_decoders.0.head.task_heads.1.vel.0.1.weight bev_decoders.0.head.task_heads.1.vel.0.1.bias bev_decoders.0.head.task_heads.1.vel.0.1.running_mean bev_decoders.0.head.task_heads.1.vel.0.1.running_var bev_decoders.0.head.task_heads.1.vel.1.0.weight bev_decoders.0.head.task_heads.1.heatmap.0.0.weight bev_decoders.0.head.task_heads.1.heatmap.0.0.bias bev_decoders.0.head.task_heads.1.heatmap.0.1.weight bev_decoders.0.head.task_heads.1.heatmap.0.1.bias bev_decoders.0.head.task_heads.1.heatmap.0.1.running_mean bev_decoders.0.head.task_heads.1.heatmap.0.1.running_var bev_decoders.0.head.task_heads.1.heatmap.1.0.weight bev_decoders.0.head.task_heads.1.heatmap.1.0.bias bev_decoders.0.head.task_heads.2.reg.0.0.weight bev_decoders.0.head.task_heads.2.reg.0.0.bias bev_decoders.0.head.task_heads.2.reg.0.1.weight bev_decoders.0.head.task_heads.2.reg.0.1.bias bev_decoders.0.head.task_heads.2.reg.0.1.running_mean bev_decoders.0.head.task_heads.2.reg.0.1.running_var bev_decoders.0.head.task_heads.2.reg.1.0.weight bev_decoders.0.head.task_heads.2.height.0.0.weight bev_decoders.0.head.task_heads.2.height.0.0.bias bev_decoders.0.head.task_heads.2.height.0.1.weight bev_decoders.0.head.task_heads.2.height.0.1.bias bev_decoders.0.head.task_heads.2.height.0.1.running_mean bev_decoders.0.head.task_heads.2.height.0.1.running_var bev_decoders.0.head.task_heads.2.height.1.0.weight bev_decoders.0.head.task_heads.2.dim.0.0.weight bev_decoders.0.head.task_heads.2.dim.0.0.bias bev_decoders.0.head.task_heads.2.dim.0.1.weight bev_decoders.0.head.task_heads.2.dim.0.1.bias bev_decoders.0.head.task_heads.2.dim.0.1.running_mean bev_decoders.0.head.task_heads.2.dim.0.1.running_var bev_decoders.0.head.task_heads.2.dim.1.0.weight bev_decoders.0.head.task_heads.2.rot.0.0.weight bev_decoders.0.head.task_heads.2.rot.0.0.bias bev_decoders.0.head.task_heads.2.rot.0.1.weight bev_decoders.0.head.task_heads.2.rot.0.1.bias bev_decoders.0.head.task_heads.2.rot.0.1.running_mean bev_decoders.0.head.task_heads.2.rot.0.1.running_var bev_decoders.0.head.task_heads.2.rot.1.0.weight bev_decoders.0.head.task_heads.2.vel.0.0.weight bev_decoders.0.head.task_heads.2.vel.0.0.bias bev_decoders.0.head.task_heads.2.vel.0.1.weight bev_decoders.0.head.task_heads.2.vel.0.1.bias bev_decoders.0.head.task_heads.2.vel.0.1.running_mean bev_decoders.0.head.task_heads.2.vel.0.1.running_var bev_decoders.0.head.task_heads.2.vel.1.0.weight bev_decoders.0.head.task_heads.2.heatmap.0.0.weight bev_decoders.0.head.task_heads.2.heatmap.0.0.bias bev_decoders.0.head.task_heads.2.heatmap.0.1.weight bev_decoders.0.head.task_heads.2.heatmap.0.1.bias bev_decoders.0.head.task_heads.2.heatmap.0.1.running_mean bev_decoders.0.head.task_heads.2.heatmap.0.1.running_var bev_decoders.0.head.task_heads.2.heatmap.1.0.weight bev_decoders.0.head.task_heads.2.heatmap.1.0.bias bev_decoders.0.head.task_heads.3.reg.0.0.weight bev_decoders.0.head.task_heads.3.reg.0.0.bias bev_decoders.0.head.task_heads.3.reg.0.1.weight bev_decoders.0.head.task_heads.3.reg.0.1.bias bev_decoders.0.head.task_heads.3.reg.0.1.running_mean bev_decoders.0.head.task_heads.3.reg.0.1.running_var bev_decoders.0.head.task_heads.3.reg.1.0.weight bev_decoders.0.head.task_heads.3.height.0.0.weight bev_decoders.0.head.task_heads.3.height.0.0.bias bev_decoders.0.head.task_heads.3.height.0.1.weight bev_decoders.0.head.task_heads.3.height.0.1.bias bev_decoders.0.head.task_heads.3.height.0.1.running_mean bev_decoders.0.head.task_heads.3.height.0.1.running_var bev_decoders.0.head.task_heads.3.height.1.0.weight bev_decoders.0.head.task_heads.3.dim.0.0.weight bev_decoders.0.head.task_heads.3.dim.0.0.bias bev_decoders.0.head.task_heads.3.dim.0.1.weight bev_decoders.0.head.task_heads.3.dim.0.1.bias bev_decoders.0.head.task_heads.3.dim.0.1.running_mean bev_decoders.0.head.task_heads.3.dim.0.1.running_var bev_decoders.0.head.task_heads.3.dim.1.0.weight bev_decoders.0.head.task_heads.3.rot.0.0.weight bev_decoders.0.head.task_heads.3.rot.0.0.bias bev_decoders.0.head.task_heads.3.rot.0.1.weight bev_decoders.0.head.task_heads.3.rot.0.1.bias bev_decoders.0.head.task_heads.3.rot.0.1.running_mean bev_decoders.0.head.task_heads.3.rot.0.1.running_var bev_decoders.0.head.task_heads.3.rot.1.0.weight bev_decoders.0.head.task_heads.3.vel.0.0.weight bev_decoders.0.head.task_heads.3.vel.0.0.bias bev_decoders.0.head.task_heads.3.vel.0.1.weight bev_decoders.0.head.task_heads.3.vel.0.1.bias bev_decoders.0.head.task_heads.3.vel.0.1.running_mean bev_decoders.0.head.task_heads.3.vel.0.1.running_var bev_decoders.0.head.task_heads.3.vel.1.0.weight bev_decoders.0.head.task_heads.3.heatmap.0.0.weight bev_decoders.0.head.task_heads.3.heatmap.0.0.bias bev_decoders.0.head.task_heads.3.heatmap.0.1.weight bev_decoders.0.head.task_heads.3.heatmap.0.1.bias bev_decoders.0.head.task_heads.3.heatmap.0.1.running_mean bev_decoders.0.head.task_heads.3.heatmap.0.1.running_var bev_decoders.0.head.task_heads.3.heatmap.1.0.weight bev_decoders.0.head.task_heads.3.heatmap.1.0.bias bev_decoders.0.head.task_heads.4.reg.0.0.weight bev_decoders.0.head.task_heads.4.reg.0.0.bias bev_decoders.0.head.task_heads.4.reg.0.1.weight bev_decoders.0.head.task_heads.4.reg.0.1.bias bev_decoders.0.head.task_heads.4.reg.0.1.running_mean bev_decoders.0.head.task_heads.4.reg.0.1.running_var bev_decoders.0.head.task_heads.4.reg.1.0.weight bev_decoders.0.head.task_heads.4.height.0.0.weight bev_decoders.0.head.task_heads.4.height.0.0.bias bev_decoders.0.head.task_heads.4.height.0.1.weight bev_decoders.0.head.task_heads.4.height.0.1.bias bev_decoders.0.head.task_heads.4.height.0.1.running_mean bev_decoders.0.head.task_heads.4.height.0.1.running_var bev_decoders.0.head.task_heads.4.height.1.0.weight bev_decoders.0.head.task_heads.4.dim.0.0.weight bev_decoders.0.head.task_heads.4.dim.0.0.bias bev_decoders.0.head.task_heads.4.dim.0.1.weight bev_decoders.0.head.task_heads.4.dim.0.1.bias bev_decoders.0.head.task_heads.4.dim.0.1.running_mean bev_decoders.0.head.task_heads.4.dim.0.1.running_var bev_decoders.0.head.task_heads.4.dim.1.0.weight bev_decoders.0.head.task_heads.4.rot.0.0.weight bev_decoders.0.head.task_heads.4.rot.0.0.bias bev_decoders.0.head.task_heads.4.rot.0.1.weight bev_decoders.0.head.task_heads.4.rot.0.1.bias bev_decoders.0.head.task_heads.4.rot.0.1.running_mean bev_decoders.0.head.task_heads.4.rot.0.1.running_var bev_decoders.0.head.task_heads.4.rot.1.0.weight bev_decoders.0.head.task_heads.4.vel.0.0.weight bev_decoders.0.head.task_heads.4.vel.0.0.bias bev_decoders.0.head.task_heads.4.vel.0.1.weight bev_decoders.0.head.task_heads.4.vel.0.1.bias bev_decoders.0.head.task_heads.4.vel.0.1.running_mean bev_decoders.0.head.task_heads.4.vel.0.1.running_var bev_decoders.0.head.task_heads.4.vel.1.0.weight bev_decoders.0.head.task_heads.4.heatmap.0.0.weight bev_decoders.0.head.task_heads.4.heatmap.0.0.bias bev_decoders.0.head.task_heads.4.heatmap.0.1.weight bev_decoders.0.head.task_heads.4.heatmap.0.1.bias bev_decoders.0.head.task_heads.4.heatmap.0.1.running_mean bev_decoders.0.head.task_heads.4.heatmap.0.1.running_var bev_decoders.0.head.task_heads.4.heatmap.1.0.weight bev_decoders.0.head.task_heads.4.heatmap.1.0.bias bev_decoders.0.head.task_heads.5.reg.0.0.weight bev_decoders.0.head.task_heads.5.reg.0.0.bias bev_decoders.0.head.task_heads.5.reg.0.1.weight bev_decoders.0.head.task_heads.5.reg.0.1.bias bev_decoders.0.head.task_heads.5.reg.0.1.running_mean bev_decoders.0.head.task_heads.5.reg.0.1.running_var bev_decoders.0.head.task_heads.5.reg.1.0.weight bev_decoders.0.head.task_heads.5.height.0.0.weight bev_decoders.0.head.task_heads.5.height.0.0.bias bev_decoders.0.head.task_heads.5.height.0.1.weight bev_decoders.0.head.task_heads.5.height.0.1.bias bev_decoders.0.head.task_heads.5.height.0.1.running_mean bev_decoders.0.head.task_heads.5.height.0.1.running_var bev_decoders.0.head.task_heads.5.height.1.0.weight bev_decoders.0.head.task_heads.5.dim.0.0.weight bev_decoders.0.head.task_heads.5.dim.0.0.bias bev_decoders.0.head.task_heads.5.dim.0.1.weight bev_decoders.0.head.task_heads.5.dim.0.1.bias bev_decoders.0.head.task_heads.5.dim.0.1.running_mean bev_decoders.0.head.task_heads.5.dim.0.1.running_var bev_decoders.0.head.task_heads.5.dim.1.0.weight bev_decoders.0.head.task_heads.5.rot.0.0.weight bev_decoders.0.head.task_heads.5.rot.0.0.bias bev_decoders.0.head.task_heads.5.rot.0.1.weight bev_decoders.0.head.task_heads.5.rot.0.1.bias bev_decoders.0.head.task_heads.5.rot.0.1.running_mean bev_decoders.0.head.task_heads.5.rot.0.1.running_var bev_decoders.0.head.task_heads.5.rot.1.0.weight bev_decoders.0.head.task_heads.5.vel.0.0.weight bev_decoders.0.head.task_heads.5.vel.0.0.bias bev_decoders.0.head.task_heads.5.vel.0.1.weight bev_decoders.0.head.task_heads.5.vel.0.1.bias bev_decoders.0.head.task_heads.5.vel.0.1.running_mean bev_decoders.0.head.task_heads.5.vel.0.1.running_var bev_decoders.0.head.task_heads.5.vel.1.0.weight bev_decoders.0.head.task_heads.5.heatmap.0.0.weight bev_decoders.0.head.task_heads.5.heatmap.0.0.bias bev_decoders.0.head.task_heads.5.heatmap.0.1.weight bev_decoders.0.head.task_heads.5.heatmap.0.1.bias bev_decoders.0.head.task_heads.5.heatmap.0.1.running_mean bev_decoders.0.head.task_heads.5.heatmap.0.1.running_var bev_decoders.0.head.task_heads.5.heatmap.1.0.weight bev_decoders.0.head.task_heads.5.heatmap.1.0.bias bev_decoders.1.occ_head.final_conv.0.weight bev_decoders.1.occ_head.final_conv.0.bias bev_decoders.1.occ_head.predicter.0.weight bev_decoders.1.occ_head.predicter.0.bias bev_decoders.1.occ_head.predicter.2.weight bev_decoders.1.occ_head.predicter.2.bias
2026-07-15 09:16:55,882 WARNING [checkpoint.py:415] Node[0] unexpect_key num: 0
2026-07-15 09:16:55,882 WARNING [checkpoint.py:417] Node[0] unexpect_key: 
2026-07-15 09:16:55,882 INFO [ckpt_converters.py:88] Node[0] [32mLoad the checkpoint successfully from ./tmp_pretrained_models/centerpoint_pointpillar_nuscenes/float-checkpoint-last.pth.tar[0m
2026-07-15 09:16:56,048 WARNING [ddp_trainer.py:61] Node[0] Detected that `torch==2.6.0+cu126`, and `hat.models.SyncBatchNorm `will be used to replace `torch.nn.SyncBatchNorm`, which will be faster during training.
2026-07-15 09:16:56,573 WARNING [request.py:27] Node[0] Train strategy upload failed ! Cannot get USER_TOKEN/JOB_ID/CLUSTER from env.
2026-07-15 09:16:56,573 INFO [loop_base.py:482] Node[0] [32mStart DistributedDataParallelTrainer loop from epoch 0, num_epochs=24[0m
2026-07-15 09:16:56,575 INFO [grad_scale.py:151] Node[0] [GradScale] []
2026-07-15 09:16:56,580 INFO [monitor.py:143] Node[0] Epoch[0] Begin ==================================================
2026-07-15 09:16:56,580 INFO [lr_updater.py:204] Node[0] Epoch[0] Step[0] GlobalStep[0] lr=0.000400
2026-07-15 09:21:38,767 INFO [monitor.py:131] Node[0] Epoch[0] Step[0-199] Cost Time: 282.187s Speed: 4.25 samples/sec Remaining Time: 11:00:36 Remaining step percent: 99.29%
2026-07-15 09:21:39,938 INFO [metric_updater.py:360] Node[0] Epoch[0] Step[199] GlobalStep[199] loss_bevfusion_centerpoint_pointpillar_henet_multisensor_multitask_nuscenes_opt: car_cls_loss[1.0837] car_reg_loss[0.8425] truck_cls_loss[3.4037] truck_reg_loss[0.9305] bus_cls_loss[9.7211] bus_reg_loss[1.0021] barrier_cls_loss[4.2308] barrier_reg_loss[0.8438] bicycle_cls_loss[19.7160] bicycle_reg_loss[0.8602] pedestrian_cls_loss[1.6458] pedestrian_reg_loss[0.9005] loss_occ[2.9068] 
2026-07-15 09:25:48,077 INFO [monitor.py:131] Node[0] Epoch[0] Step[200-399] Cost Time: 249.308s Speed: 4.81 samples/sec Remaining Time: 9:36:33 Remaining step percent: 98.58%
2026-07-15 09:25:49,484 INFO [metric_updater.py:360] Node[0] Epoch[0] Step[399] GlobalStep[399] loss_bevfusion_centerpoint_pointpillar_henet_multisensor_multitask_nuscenes_opt: car_cls_loss[0.7912] car_reg_loss[0.7341] truck_cls_loss[2.1164] truck_reg_loss[0.8205] bus_cls_loss[5.2479] bus_reg_loss[0.8685] barrier_cls_loss[2.4213] barrier_reg_loss[0.7539] bicycle_cls_loss[10.3757] bicycle_reg_loss[0.8012] pedestrian_cls_loss[1.0666] pedestrian_reg_loss[0.8221] loss_occ[2.3895] 
2026-07-15 09:27:53,877 INFO [lr_updater.py:204] Node[0] Epoch[0] Step[499] GlobalStep[499] lr=0.000399
2026-07-15 09:30:07,702 INFO [monitor.py:131] Node[0] Epoch[0] Step[400-599] Cost Time: 259.622s Speed: 4.62 samples/sec Remaining Time: 9:56:05 Remaining step percent: 97.87%
2026-07-15 09:30:08,752 INFO [metric_updater.py:360] Node[0] Epoch[0] Step[599] GlobalStep[599] loss_bevfusion_centerpoint_pointpillar_henet_multisensor_multitask_nuscenes_opt: car_cls_loss[0.6910] car_reg_loss[0.6723] truck_cls_loss[1.6642] truck_reg_loss[0.7516] bus_cls_loss[3.7186] bus_reg_loss[0.8025] barrier_cls_loss[1.8119] barrier_reg_loss[0.7081] bicycle_cls_loss[7.1937] bicycle_reg_loss[0.7557] pedestrian_cls_loss[0.8657] pedestrian_reg_loss[0.7865] loss_occ[2.2154] 
2026-07-15 09:34:34,408 INFO [monitor.py:131] Node[0] Epoch[0] Step[600-799] Cost Time: 266.704s Speed: 4.50 samples/sec Remaining Time: 10:07:54 Remaining step percent: 97.16%
2026-07-15 09:34:35,751 INFO [metric_updater.py:360] Node[0] Epoch[0] Step[799] GlobalStep[799] loss_bevfusion_centerpoint_pointpillar_henet_multisensor_multitask_nuscenes_opt: car_cls_loss[0.6401] car_reg_loss[0.6296] truck_cls_loss[1.4294] truck_reg_loss[0.7078] bus_cls_loss[2.9534] bus_reg_loss[0.7605] barrier_cls_loss[1.5147] barrier_reg_loss[0.6818] bicycle_cls_loss[5.6117] bicycle_reg_loss[0.7340] pedestrian_cls_loss[0.7633] pedestrian_reg_loss[0.7623] loss_occ[2.1122] 
2026-07-15 09:39:01,612 INFO [monitor.py:131] Node[0] Epoch[0] Step[800-999] Cost Time: 267.203s Speed: 4.49 samples/sec Remaining Time: 10:04:35 Remaining step percent: 96.45%
2026-07-15 09:39:02,875 INFO [metric_updater.py:360] Node[0] Epoch[0] Step[999] GlobalStep[999] loss_bevfusion_centerpoint_pointpillar_henet_multisensor_multitask_nuscenes_opt: car_cls_loss[0.6052] car_reg_loss[0.5978] truck_cls_loss[1.2904] truck_reg_loss[0.6755] bus_cls_loss[2.4799] bus_reg_loss[0.7283] barrier_cls_loss[1.3135] barrier_reg_loss[0.6613] bicycle_cls_loss[4.6463] bicycle_reg_loss[0.7075] pedestrian_cls_loss[0.7002] pedestrian_reg_loss[0.7442] loss_occ[2.0384] 
2026-07-15 09:42:56,966 INFO [monitor.py:146] Node[0] Epoch[0] End   ==================================================
2026-07-15 09:42:56,968 INFO [monitor.py:149] Node[0] Epoch[0] Cost Time: 1560.388s
2026-07-15 09:42:56,968 INFO [metric_updater.py:360] Node[0] Epoch[0] loss_bevfusion_centerpoint_pointpillar_henet_multisensor_multitask_nuscenes_opt: car_cls_loss[0.5867] car_reg_loss[0.5785] truck_cls_loss[1.2085] truck_reg_loss[0.6538] bus_cls_loss[2.2070] bus_reg_loss[0.7013] barrier_cls_loss[1.2021] barrier_reg_loss[0.6529] bicycle_cls_loss[4.0918] bicycle_reg_loss[0.6914] pedestrian_cls_loss[0.6608] pedestrian_reg_loss[0.7308] loss_occ[1.9962] 
2026-07-15 09:42:56,968 INFO [validation.py:156] Node[0] [32mUse train `model` as val model.[0m
2026-07-15 09:42:57,150 INFO [loop_base.py:482] Node[0] [32mStart Predictor loop from epoch 0, num_epochs=1[0m
2026-07-15 09:42:57,153 INFO [fake_quantize.py:253] Node[0] Set fake quantize state to FakeQuantState.VALIDATION
2026-07-15 09:43:06,387 INFO [loop_base.py:553] Node[0] 0 / 1505
2026-07-15 09:43:35,999 INFO [loop_base.py:553] Node[0] 200 / 1505
2026-07-15 09:44:02,180 INFO [loop_base.py:553] Node[0] 400 / 1505
2026-07-15 09:44:28,526 INFO [loop_base.py:553] Node[0] 600 / 1505
2026-07-15 09:44:55,848 INFO [loop_base.py:553] Node[0] 800 / 1505
2026-07-15 09:45:22,611 INFO [loop_base.py:553] Node[0] 1000 / 1505
2026-07-15 09:45:48,273 INFO [loop_base.py:553] Node[0] 1200 / 1505
2026-07-15 09:46:15,702 INFO [loop_base.py:553] Node[0] 1400 / 1505
2026-07-15 09:46:31,304 INFO [nuscenes_metric.py:322] Node[0] The length of self.nusc_annos is: 1505
2026-07-15 09:46:34,663 INFO [nuscenes_metric.py:346] Node[0] Results writes to ./metric_results/bevfusion_centerpoint_pointpillar_henet_multisensor_multitask_nuscenes_opt/results_nusc.json
2026-07-15 09:48:58,507 INFO [nuscenes_metric.py:388] Node[0] NDS: 0.5038, mAP:0.4827
car_AP: [0.5]:0.5923  [1.0]:0.8143  [2.0]:0.8736  [4.0]:0.8941 
truck_AP: [0.5]:0.2145  [1.0]:0.4729  [2.0]:0.5966  [4.0]:0.6392 
trailer_AP: [0.5]:0.0404  [1.0]:0.2506  [2.0]:0.4111  [4.0]:0.4795 
bus_AP: [0.5]:0.2319  [1.0]:0.6056  [2.0]:0.7515  [4.0]:0.7952 
construction_vehicle_AP: [0.5]:0.0043  [1.0]:0.1230  [2.0]:0.2894  [4.0]:0.3431 
bicycle_AP: [0.5]:0.2196  [1.0]:0.3977  [2.0]:0.4230  [4.0]:0.4413 
motorcycle_AP: [0.5]:0.3174  [1.0]:0.6149  [2.0]:0.6475  [4.0]:0.6630 
pedestrian_AP: [0.5]:0.3617  [1.0]:0.5441  [2.0]:0.5718  [4.0]:0.6212 
traffic_cone_AP: [0.5]:0.3518  [1.0]:0.5492  [2.0]:0.5988  [4.0]:0.6585 
barrier_AP: [0.5]:0.1363  [1.0]:0.5101  [2.0]:0.6062  [4.0]:0.6509 

2026-07-15 09:48:58,781 WARNING [metric.py:200] Node[0] <class 'hat.metrics.nuscenes_metric.NuscenesMetric'> not ready for distributed environment, should not be used together with DistributedSampler.Might be slow in validation due to resource competition
2026-07-15 09:48:58,816 INFO [mean_iou.py:170] Node[0] ~~~~ MeanIOU Summary metrics ~~~~
Summary:
Scope                 mIoU       mAcc       aAcc
global               44.13      52.35      71.55
Per Class Results:
Class                  IoU        Acc
others                1.28       1.30
barrier              48.99      65.65
bicycle              27.20      32.01
bus                  61.44      78.40
car                  66.41      75.27
construction_vehicle      30.80      36.71
motorcycle           35.37      38.31
pedestrian           51.72      60.17
traffic_cone         22.11      25.98
trailer              38.85      51.71
truck                49.21      58.29
driveable_surface      76.26      85.14
other_flat           23.74      26.35
sidewalk             38.67      46.93
terrain              48.85      63.79
manmade              63.41      73.35
vegetation           65.98      70.53

2026-07-15 09:48:58,834 INFO [metric_updater.py:360] Node[0] Epoch[0] Validation bevfusion_centerpoint_pointpillar_henet_multisensor_multitask_nuscenes_opt: NDS[0.5038] MeanIOU[tensor(0.4413, device='cuda:0')] 
2026-07-15 09:49:06,891 INFO [checkpoint.py:233] Node[0] Save model checkpoint: ./tmp_models/bevfusion_centerpoint_pointpillar_henet_multisensor_multitask_nuscenes_opt/float-checkpoint-epoch-0000-dbaf3229.pth.tar
2026-07-15 09:49:07,512 INFO [checkpoint.py:270] Node[0] Save last model checkpoint: ./tmp_models/bevfusion_centerpoint_pointpillar_henet_multisensor_multitask_nuscenes_opt/float-checkpoint-last-2ca36d2b.pth.tar
2026-07-15 09:49:07,520 INFO [monitor.py:143] Node[0] Epoch[1] Begin ==================================================
2026-07-15 09:49:07,520 INFO [lr_updater.py:204] Node[0] Epoch[1] Step[0] GlobalStep[1173] lr=0.000398
2026-07-15 09:53:34,762 INFO [monitor.py:131] Node[0] Epoch[1] Step[0-199] Cost Time: 267.239s Speed: 4.49 samples/sec Remaining Time: 9:59:21 Remaining step percent: 95.12%
2026-07-15 09:53:35,871 INFO [metric_updater.py:360] Node[0] Epoch[1] Step[199] GlobalStep[1372] loss_bevfusion_centerpoint_pointpillar_henet_multisensor_multitask_nuscenes_opt: car_cls_loss[0.4542] car_reg_loss[0.4559] truck_cls_loss[0.6479] truck_reg_loss[0.5208] bus_cls_loss[0.5338] bus_reg_loss[0.5225] barrier_cls_loss[0.5794] barrier_reg_loss[0.5498] bicycle_cls_loss[0.7155] bicycle_reg_loss[0.5841] pedestrian_cls_loss[0.4275] pedestrian_reg_loss[0.6481] loss_occ[1.7060] 
2026-07-15 09:57:40,365 INFO [monitor.py:131] Node[0] Epoch[1] Step[200-399] Cost Time: 245.601s Speed: 4.89 samples/sec Remaining Time: 9:03:59 Remaining step percent: 94.41%
2026-07-15 09:57:41,554 INFO [metric_updater.py:360] Node[0] Epoch[1] Step[399] GlobalStep[1572] loss_bevfusion_centerpoint_pointpillar_henet_multisensor_multitask_nuscenes_opt: car_cls_loss[0.4534] car_reg_loss[0.4488] truck_cls_loss[0.6582] truck_reg_loss[0.5069] bus_cls_loss[0.5406] bus_reg_loss[0.5235] barrier_cls_loss[0.5523] barrier_reg_loss[0.5463] bicycle_cls_loss[0.7087] bicycle_reg_loss[0.5705] pedestrian_cls_loss[0.4266] pedestrian_reg_loss[0.6433] loss_occ[1.7050] 
2026-07-15 10:01:47,560 INFO [monitor.py:131] Node[0] Epoch[1] Step[400-599] Cost Time: 247.194s Speed: 4.85 samples/sec Remaining Time: 9:03:23 Remaining step percent: 93.70%
2026-07-15 10:01:48,835 INFO [metric_updater.py:360] Node[0] Epoch[1] Step[599] GlobalStep[1772] loss_bevfusion_centerpoint_pointpillar_henet_multisensor_multitask_nuscenes_opt: car_cls_loss[0.4549] car_reg_loss[0.4444] truck_cls_loss[0.6648] truck_reg_loss[0.4994] bus_cls_loss[0.5132] bus_reg_loss[0.5087] barrier_cls_loss[0.5425] barrier_reg_loss[0.5423] bicycle_cls_loss[0.7012] bicycle_reg_loss[0.5698] pedestrian_cls_loss[0.4228] pedestrian_reg_loss[0.6388] loss_occ[1.7057] 
2026-07-15 10:05:57,816 INFO [monitor.py:131] Node[0] Epoch[1] Step[600-799] Cost Time: 250.254s Speed: 4.80 samples/sec Remaining Time: 9:05:56 Remaining step percent: 92.99%
2026-07-15 10:05:59,037 INFO [metric_updater.py:360] Node[0] Epoch[1] Step[799] GlobalStep[1972] loss_bevfusion_centerpoint_pointpillar_henet_multisensor_multitask_nuscenes_opt: car_cls_loss[0.4547] car_reg_loss[0.4409] truck_cls_loss[0.6609] truck_reg_loss[0.4944] bus_cls_loss[0.5071] bus_reg_loss[0.5021] barrier_cls_loss[0.5499] barrier_reg_loss[0.5464] bicycle_cls_loss[0.6947] bicycle_reg_loss[0.5604] pedestrian_cls_loss[0.4223] pedestrian_reg_loss[0.6369] loss_occ[1.6901] 
2026-07-15 10:10:20,736 INFO [monitor.py:131] Node[0] Epoch[1] Step[800-999] Cost Time: 262.919s Speed: 4.56 samples/sec Remaining Time: 9:29:11 Remaining step percent: 92.28%
2026-07-15 10:10:22,014 INFO [metric_updater.py:360] Node[0] Epoch[1] Step[999] GlobalStep[2172] loss_bevfusion_centerpoint_pointpillar_henet_multisensor_multitask_nuscenes_opt: car_cls_loss[0.4502] car_reg_loss[0.4371] truck_cls_loss[0.6576] truck_reg_loss[0.4902] bus_cls_loss[0.4993] bus_reg_loss[0.5021] barrier_cls_loss[0.5355] barrier_reg_loss[0.5464] bicycle_cls_loss[0.6794] bicycle_reg_loss[0.5536] pedestrian_cls_loss[0.4175] pedestrian_reg_loss[0.6333] loss_occ[1.6845] 
2026-07-15 10:14:06,401 INFO [monitor.py:146] Node[0] Epoch[1] End   ==================================================
2026-07-15 10:14:06,403 INFO [monitor.py:149] Node[0] Epoch[1] Cost Time: 1498.883s
2026-07-15 10:14:06,404 INFO [metric_updater.py:360] Node[0] Epoch[1] loss_bevfusion_centerpoint_pointpillar_henet_multisensor_multitask_nuscenes_opt: car_cls_loss[0.4484] car_reg_loss[0.4351] truck_cls_loss[0.6549] truck_reg_loss[0.4878] bus_cls_loss[0.5063] bus_reg_loss[0.5002] barrier_cls_loss[0.5268] barrier_reg_loss[0.5420] bicycle_cls_loss[0.6698] bicycle_reg_loss[0.5459] pedestrian_cls_loss[0.4168] pedestrian_reg_loss[0.6315] loss_occ[1.6788] 
2026-07-15 10:14:06,404 INFO [validation.py:156] Node[0] [32mUse train `model` as val model.[0m
2026-07-15 10:14:06,626 INFO [loop_base.py:482] Node[0] [32mStart Predictor loop from epoch 1, num_epochs=1[0m
2026-07-15 10:14:06,628 INFO [fake_quantize.py:253] Node[0] Set fake quantize state to FakeQuantState.VALIDATION
2026-07-15 10:14:15,817 INFO [loop_base.py:553] Node[0] 0 / 1505
2026-07-15 10:14:42,321 INFO [loop_base.py:553] Node[0] 200 / 1505
2026-07-15 10:15:09,118 INFO [loop_base.py:553] Node[0] 400 / 1505
2026-07-15 10:15:49,547 INFO [loop_base.py:553] Node[0] 600 / 1505
2026-07-15 10:16:20,068 INFO [loop_base.py:553] Node[0] 800 / 1505
2026-07-15 10:16:55,842 INFO [loop_base.py:553] Node[0] 1000 / 1505
2026-07-15 10:17:22,892 INFO [loop_base.py:553] Node[0] 1200 / 1505
2026-07-15 10:17:49,238 INFO [loop_base.py:553] Node[0] 1400 / 1505
2026-07-15 10:18:09,928 INFO [nuscenes_metric.py:322] Node[0] The length of self.nusc_annos is: 1505
2026-07-15 10:18:12,672 INFO [nuscenes_metric.py:346] Node[0] Results writes to ./metric_results/bevfusion_centerpoint_pointpillar_henet_multisensor_multitask_nuscenes_opt/results_nusc.json
2026-07-15 10:20:26,612 INFO [nuscenes_metric.py:388] Node[0] NDS: 0.5525, mAP:0.5008
car_AP: [0.5]:0.6423  [1.0]:0.8291  [2.0]:0.8791  [4.0]:0.8984 
truck_AP: [0.5]:0.2768  [1.0]:0.5070  [2.0]:0.6263  [4.0]:0.6601 
trailer_AP: [0.5]:0.0411  [1.0]:0.2671  [2.0]:0.4257  [4.0]:0.5338 
bus_AP: [0.5]:0.3318  [1.0]:0.6542  [2.0]:0.7958  [4.0]:0.8363 
construction_vehicle_AP: [0.5]:0.0013  [1.0]:0.1054  [2.0]:0.2870  [4.0]:0.4034 
bicycle_AP: [0.5]:0.2317  [1.0]:0.3902  [2.0]:0.4111  [4.0]:0.4330 
motorcycle_AP: [0.5]:0.3451  [1.0]:0.6187  [2.0]:0.6589  [4.0]:0.6781 
pedestrian_AP: [0.5]:0.3711  [1.0]:0.5632  [2.0]:0.5921  [4.0]:0.6395 
traffic_cone_AP: [0.5]:0.3962  [1.0]:0.5699  [2.0]:0.6179  [4.0]:0.6688 
barrier_AP: [0.5]:0.1777  [1.0]:0.4864  [2.0]:0.5734  [4.0]:0.6066 

2026-07-15 10:20:26,815 WARNING [metric.py:200] Node[0] <class 'hat.metrics.nuscenes_metric.NuscenesMetric'> not ready for distributed environment, should not be used together with DistributedSampler.Might be slow in validation due to resource competition
2026-07-15 10:20:26,832 INFO [mean_iou.py:170] Node[0] ~~~~ MeanIOU Summary metrics ~~~~
Summary:
Scope                 mIoU       mAcc       aAcc
global               43.38      50.48      70.05
Per Class Results:
Class                  IoU        Acc
others                3.18       3.35
barrier              47.08      59.08
bicycle              19.00      20.46
bus                  61.78      65.99
car                  65.76      74.39
construction_vehicle      30.56      37.17
motorcycle           37.84      42.68
pedestrian           47.73      54.93
traffic_cone         22.67      26.59
trailer              42.06      52.30
truck                51.44      62.89
driveable_surface      75.89      82.15
other_flat           24.69      27.95
sidewalk             36.48      42.18
terrain              44.88      64.83
manmade              59.19      63.29
vegetation           67.27      77.93

2026-07-15 10:20:26,833 INFO [metric_updater.py:360] Node[0] Epoch[1] Validation bevfusion_centerpoint_pointpillar_henet_multisensor_multitask_nuscenes_opt: NDS[0.5525] MeanIOU[tensor(0.4338, device='cuda:0')] 
2026-07-15 10:20:34,079 INFO [checkpoint.py:233] Node[0] Save model checkpoint: ./tmp_models/bevfusion_centerpoint_pointpillar_henet_multisensor_multitask_nuscenes_opt/float-checkpoint-epoch-0001-e3f5c722.pth.tar
2026-07-15 10:20:35,076 INFO [checkpoint.py:270] Node[0] Save last model checkpoint: ./tmp_models/bevfusion_centerpoint_pointpillar_henet_multisensor_multitask_nuscenes_opt/float-checkpoint-last-849d1f5b.pth.tar
2026-07-15 10:20:35,084 INFO [monitor.py:143] Node[0] Epoch[2] Begin ==================================================
2026-07-15 10:20:35,084 INFO [lr_updater.py:204] Node[0] Epoch[2] Step[0] GlobalStep[2346] lr=0.000393
2026-07-15 10:25:16,136 INFO [monitor.py:131] Node[0] Epoch[2] Step[0-199] Cost Time: 281.049s Speed: 4.27 samples/sec Remaining Time: 10:02:43 Remaining step percent: 90.96%
2026-07-15 10:25:17,265 INFO [metric_updater.py:360] Node[0] Epoch[2] Step[199] GlobalStep[2545] loss_bevfusion_centerpoint_pointpillar_henet_multisensor_multitask_nuscenes_opt: car_cls_loss[0.4358] car_reg_loss[0.4203] truck_cls_loss[0.6009] truck_reg_loss[0.4598] bus_cls_loss[0.4839] bus_reg_loss[0.4629] barrier_cls_loss[0.4902] barrier_reg_loss[0.5172] bicycle_cls_loss[0.5969] bicycle_reg_loss[0.5119] pedestrian_cls_loss[0.3910] pedestrian_reg_loss[0.6173] loss_occ[1.6213] 
2026-07-15 10:29:25,816 INFO [monitor.py:131] Node[0] Epoch[2] Step[200-399] Cost Time: 249.679s Speed: 4.81 samples/sec Remaining Time: 8:48:36 Remaining step percent: 90.25%
2026-07-15 10:29:26,977 INFO [metric_updater.py:360] Node[0] Epoch[2] Step[399] GlobalStep[2745] loss_bevfusion_centerpoint_pointpillar_henet_multisensor_multitask_nuscenes_opt: car_cls_loss[0.4383] car_reg_loss[0.4180] truck_cls_loss[0.5901] truck_reg_loss[0.4578] bus_cls_loss[0.4790] bus_reg_loss[0.4680] barrier_cls_loss[0.4878] barrier_reg_loss[0.5292] bicycle_cls_loss[0.5763] bicycle_reg_loss[0.5093] pedestrian_cls_loss[0.3942] pedestrian_reg_loss[0.6159] loss_occ[1.6142] 
2026-07-15 10:33:30,037 INFO [monitor.py:131] Node[0] Epoch[2] Step[400-599] Cost Time: 244.220s Speed: 4.91 samples/sec Remaining Time: 8:32:59 Remaining step percent: 89.54%
2026-07-15 10:33:31,220 INFO [metric_updater.py:360] Node[0] Epoch[2] Step[599] GlobalStep[2945] loss_bevfusion_centerpoint_pointpillar_henet_multisensor_multitask_nuscenes_opt: car_cls_loss[0.4380] car_reg_loss[0.4157] truck_cls_loss[0.5927] truck_reg_loss[0.4540] bus_cls_loss[0.4573] bus_reg_loss[0.4571] barrier_cls_loss[0.4860] barrier_reg_loss[0.5257] bicycle_cls_loss[0.5594] bicycle_reg_loss[0.4936] pedestrian_cls_loss[0.3975] pedestrian_reg_loss[0.6161] loss_occ[1.6175] 
2026-07-15 10:37:49,312 INFO [monitor.py:131] Node[0] Epoch[2] Step[600-799] Cost Time: 259.273s Speed: 4.63 samples/sec Remaining Time: 9:00:16 Remaining step percent: 88.82%
2026-07-15 10:37:50,562 INFO [metric_updater.py:360] Node[0] Epoch[2] Step[799] GlobalStep[3145] loss_bevfusion_centerpoint_pointpillar_henet_multisensor_multitask_nuscenes_opt: car_cls_loss[0.4361] car_reg_loss[0.4134] truck_cls_loss[0.5877] truck_reg_loss[0.4509] bus_cls_loss[0.4609] bus_reg_loss[0.4581] barrier_cls_loss[0.4780] barrier_reg_loss[0.5198] bicycle_cls_loss[0.5610] bicycle_reg_loss[0.4913] pedestrian_cls_loss[0.3999] pedestrian_reg_loss[0.6152] loss_occ[1.6138] 
2026-07-15 10:42:06,032 INFO [monitor.py:131] Node[0] Epoch[2] Step[800-999] Cost Time: 256.718s Speed: 4.67 samples/sec Remaining Time: 8:50:40 Remaining step percent: 88.11%
2026-07-15 10:42:07,199 INFO [metric_updater.py:360] Node[0] Epoch[2] Step[999] GlobalStep[3345] loss_bevfusion_centerpoint_pointpillar_henet_multisensor_multitask_nuscenes_opt: car_cls_loss[0.4343] car_reg_loss[0.4124] truck_cls_loss[0.5884] truck_reg_loss[0.4495] bus_cls_loss[0.4599] bus_reg_loss[0.4551] barrier_cls_loss[0.4801] barrier_reg_loss[0.5155] bicycle_cls_loss[0.5594] bicycle_reg_loss[0.4914] pedestrian_cls_loss[0.3995] pedestrian_reg_loss[0.6134] loss_occ[1.6151] 
2026-07-15 10:45:49,530 INFO [monitor.py:146] Node[0] Epoch[2] End   ==================================================
2026-07-15 10:45:49,531 INFO [monitor.py:149] Node[0] Epoch[2] Cost Time: 1514.447s
2026-07-15 10:45:49,532 INFO [metric_updater.py:360] Node[0] Epoch[2] loss_bevfusion_centerpoint_pointpillar_henet_multisensor_multitask_nuscenes_opt: car_cls_loss[0.4334] car_reg_loss[0.4115] truck_cls_loss[0.5862] truck_reg_loss[0.4475] bus_cls_loss[0.4563] bus_reg_loss[0.4548] barrier_cls_loss[0.4768] barrier_reg_loss[0.5136] bicycle_cls_loss[0.5709] bicycle_reg_loss[0.4894] pedestrian_cls_loss[0.3974] pedestrian_reg_loss[0.6112] loss_occ[1.6153] 
2026-07-15 10:45:49,532 INFO [validation.py:156] Node[0] [32mUse train `model` as val model.[0m
2026-07-15 10:45:49,703 INFO [loop_base.py:482] Node[0] [32mStart Predictor loop from epoch 2, num_epochs=1[0m
2026-07-15 10:45:49,706 INFO [fake_quantize.py:253] Node[0] Set fake quantize state to FakeQuantState.VALIDATION
2026-07-15 10:45:57,370 INFO [loop_base.py:553] Node[0] 0 / 1505
2026-07-15 10:46:24,678 INFO [loop_base.py:553] Node[0] 200 / 1505
2026-07-15 10:47:02,908 INFO [loop_base.py:553] Node[0] 400 / 1505
2026-07-15 10:47:35,702 INFO [loop_base.py:553] Node[0] 600 / 1505
2026-07-15 10:48:17,233 INFO [loop_base.py:553] Node[0] 800 / 1505
2026-07-15 10:48:56,662 INFO [loop_base.py:553] Node[0] 1000 / 1505
2026-07-15 10:49:23,939 INFO [loop_base.py:553] Node[0] 1200 / 1505
2026-07-15 10:49:58,232 INFO [loop_base.py:553] Node[0] 1400 / 1505
2026-07-15 10:50:13,564 INFO [nuscenes_metric.py:322] Node[0] The length of self.nusc_annos is: 1505
2026-07-15 10:50:16,322 INFO [nuscenes_metric.py:346] Node[0] Results writes to ./metric_results/bevfusion_centerpoint_pointpillar_henet_multisensor_multitask_nuscenes_opt/results_nusc.json
2026-07-15 10:52:24,857 INFO [nuscenes_metric.py:388] Node[0] NDS: 0.5647, mAP:0.5010
car_AP: [0.5]:0.6355  [1.0]:0.8162  [2.0]:0.8674  [4.0]:0.8875 
truck_AP: [0.5]:0.2917  [1.0]:0.5064  [2.0]:0.6044  [4.0]:0.6375 
trailer_AP: [0.5]:0.0485  [1.0]:0.2728  [2.0]:0.4173  [4.0]:0.5396 
bus_AP: [0.5]:0.3412  [1.0]:0.6721  [2.0]:0.7949  [4.0]:0.8300 
construction_vehicle_AP: [0.5]:0.0027  [1.0]:0.1096  [2.0]:0.2702  [4.0]:0.3725 
bicycle_AP: [0.5]:0.2619  [1.0]:0.3792  [2.0]:0.3919  [4.0]:0.4066 
motorcycle_AP: [0.5]:0.3719  [1.0]:0.5995  [2.0]:0.6299  [4.0]:0.6423 
pedestrian_AP: [0.5]:0.3762  [1.0]:0.5507  [2.0]:0.5818  [4.0]:0.6227 
traffic_cone_AP: [0.5]:0.4215  [1.0]:0.5744  [2.0]:0.6176  [4.0]:0.6765 
barrier_AP: [0.5]:0.2341  [1.0]:0.5294  [2.0]:0.6120  [4.0]:0.6424 

2026-07-15 10:52:25,080 WARNING [metric.py:200] Node[0] <class 'hat.metrics.nuscenes_metric.NuscenesMetric'> not ready for distributed environment, should not be used together with DistributedSampler.Might be slow in validation due to resource competition
2026-07-15 10:52:25,100 INFO [mean_iou.py:170] Node[0] ~~~~ MeanIOU Summary metrics ~~~~
Summary:
Scope                 mIoU       mAcc       aAcc
global               46.15      56.06      73.39
Per Class Results:
Class                  IoU        Acc
others                4.26       4.71
barrier              51.24      64.95
bicycle              26.20      30.82
bus                  68.80      76.67
car                  68.88      75.93
construction_vehicle      32.72      42.32
motorcycle           34.56      38.10
pedestrian           52.85      59.93
traffic_cone         27.42      32.87
trailer              36.96      73.54
truck                50.49      60.34
driveable_surface      77.07      83.39
other_flat           30.76      37.37
sidewalk             42.98      55.47
terrain              47.50      70.04
manmade              62.94      67.80
vegetation           68.97      78.68

2026-07-15 10:52:25,102 INFO [metric_updater.py:360] Node[0] Epoch[2] Validation bevfusion_centerpoint_pointpillar_henet_multisensor_multitask_nuscenes_opt: NDS[0.5647] MeanIOU[tensor(0.4615, device='cuda:0')] 
2026-07-15 10:52:32,460 INFO [checkpoint.py:233] Node[0] Save model checkpoint: ./tmp_models/bevfusion_centerpoint_pointpillar_henet_multisensor_multitask_nuscenes_opt/float-checkpoint-epoch-0002-d455e029.pth.tar
2026-07-15 10:52:33,352 INFO [checkpoint.py:270] Node[0] Save last model checkpoint: ./tmp_models/bevfusion_centerpoint_pointpillar_henet_multisensor_multitask_nuscenes_opt/float-checkpoint-last-e2b9419b.pth.tar
2026-07-15 10:52:33,360 INFO [monitor.py:143] Node[0] Epoch[3] Begin ==================================================
2026-07-15 10:52:33,361 INFO [lr_updater.py:204] Node[0] Epoch[3] Step[0] GlobalStep[3519] lr=0.000385
2026-07-15 10:57:18,281 INFO [monitor.py:131] Node[0] Epoch[3] Step[0-199] Cost Time: 284.918s Speed: 4.21 samples/sec Remaining Time: 9:43:01 Remaining step percent: 86.79%
2026-07-15 10:57:19,615 INFO [metric_updater.py:360] Node[0] Epoch[3] Step[199] GlobalStep[3718] loss_bevfusion_centerpoint_pointpillar_henet_multisensor_multitask_nuscenes_opt: car_cls_loss[0.4384] car_reg_loss[0.4033] truck_cls_loss[0.5391] truck_reg_loss[0.4226] bus_cls_loss[0.3868] bus_reg_loss[0.4371] barrier_cls_loss[0.4353] barrier_reg_loss[0.5155] bicycle_cls_loss[0.4478] bicycle_reg_loss[0.4696] pedestrian_cls_loss[0.3959] pedestrian_reg_loss[0.5904] loss_occ[1.5780] 
2026-07-15 11:01:35,220 INFO [monitor.py:131] Node[0] Epoch[3] Step[200-399] Cost Time: 256.937s Speed: 4.67 samples/sec Remaining Time: 8:38:51 Remaining step percent: 86.08%
2026-07-15 11:01:36,612 INFO [metric_updater.py:360] Node[0] Epoch[3] Step[399] GlobalStep[3918] loss_bevfusion_centerpoint_pointpillar_henet_multisensor_multitask_nuscenes_opt: car_cls_loss[0.4322] car_reg_loss[0.4021] truck_cls_loss[0.5380] truck_reg_loss[0.4286] bus_cls_loss[0.3865] bus_reg_loss[0.4339] barrier_cls_loss[0.4378] barrier_reg_loss[0.5087] bicycle_cls_loss[0.4217] bicycle_reg_loss[0.4545] pedestrian_cls_loss[0.3856] pedestrian_reg_loss[0.5925] loss_occ[1.5816] 
2026-07-15 11:05:56,517 INFO [monitor.py:131] Node[0] Epoch[3] Step[400-599] Cost Time: 261.295s Speed: 4.59 samples/sec Remaining Time: 8:43:18 Remaining step percent: 85.37%
2026-07-15 11:05:57,756 INFO [metric_updater.py:360] Node[0] Epoch[3] Step[599] GlobalStep[4118] loss_bevfusion_centerpoint_pointpillar_henet_multisensor_multitask_nuscenes_opt: car_cls_loss[0.4311] car_reg_loss[0.4016] truck_cls_loss[0.5369] truck_reg_loss[0.4262] bus_cls_loss[0.3983] bus_reg_loss[0.4273] barrier_cls_loss[0.4383] barrier_reg_loss[0.4970] bicycle_cls_loss[0.4389] bicycle_reg_loss[0.4538] pedestrian_cls_loss[0.3866] pedestrian_reg_loss[0.5952] loss_occ[1.5816] 
2026-07-15 11:10:21,216 INFO [monitor.py:131] Node[0] Epoch[3] Step[600-799] Cost Time: 264.698s Speed: 4.53 samples/sec Remaining Time: 8:45:42 Remaining step percent: 84.66%
2026-07-15 11:10:22,396 INFO [metric_updater.py:360] Node[0] Epoch[3] Step[799] GlobalStep[4318] loss_bevfusion_centerpoint_pointpillar_henet_multisensor_multitask_nuscenes_opt: car_cls_loss[0.4297] car_reg_loss[0.4004] truck_cls_loss[0.5485] truck_reg_loss[0.4274] bus_cls_loss[0.4046] bus_reg_loss[0.4257] barrier_cls_loss[0.4343] barrier_reg_loss[0.4899] bicycle_cls_loss[0.4389] bicycle_reg_loss[0.4527] pedestrian_cls_loss[0.3876] pedestrian_reg_loss[0.5945] loss_occ[1.5779] 
2026-07-15 11:14:40,099 INFO [monitor.py:131] Node[0] Epoch[3] Step[800-999] Cost Time: 258.882s Speed: 4.64 samples/sec Remaining Time: 8:29:50 Remaining step percent: 83.95%
2026-07-15 11:14:41,551 INFO [metric_updater.py:360] Node[0] Epoch[3] Step[999] GlobalStep[4518] loss_bevfusion_centerpoint_pointpillar_henet_multisensor_multitask_nuscenes_opt: car_cls_loss[0.4281] car_reg_loss[0.3996] truck_cls_loss[0.5466] truck_reg_loss[0.4255] bus_cls_loss[0.4093] bus_reg_loss[0.4235] barrier_cls_loss[0.4252] barrier_reg_loss[0.4840] bicycle_cls_loss[0.4426] bicycle_reg_loss[0.4529] pedestrian_cls_loss[0.3878] pedestrian_reg_loss[0.5947] loss_occ[1.5705] 
2026-07-15 11:18:19,009 INFO [monitor.py:146] Node[0] Epoch[3] End   ==================================================
2026-07-15 11:18:19,010 INFO [monitor.py:149] Node[0] Epoch[3] Cost Time: 1545.650s
2026-07-15 11:18:19,010 INFO [metric_updater.py:360] Node[0] Epoch[3] loss_bevfusion_centerpoint_pointpillar_henet_multisensor_multitask_nuscenes_opt: car_cls_loss[0.4279] car_reg_loss[0.3981] truck_cls_loss[0.5480] truck_reg_loss[0.4245] bus_cls_loss[0.4069] bus_reg_loss[0.4219] barrier_cls_loss[0.4326] barrier_reg_loss[0.4838] bicycle_cls_loss[0.4381] bicycle_reg_loss[0.4473] pedestrian_cls_loss[0.3900] pedestrian_reg_loss[0.5950] loss_occ[1.5713] 
2026-07-15 11:18:19,011 INFO [validation.py:156] Node[0] [32mUse train `model` as val model.[0m
2026-07-15 11:18:19,177 INFO [loop_base.py:482] Node[0] [32mStart Predictor loop from epoch 3, num_epochs=1[0m
2026-07-15 11:18:19,180 INFO [fake_quantize.py:253] Node[0] Set fake quantize state to FakeQuantState.VALIDATION
2026-07-15 11:18:25,307 INFO [loop_base.py:553] Node[0] 0 / 1505
2026-07-15 11:18:49,697 INFO [loop_base.py:553] Node[0] 200 / 1505
2026-07-15 11:19:14,714 INFO [loop_base.py:553] Node[0] 400 / 1505
2026-07-15 11:19:38,601 INFO [loop_base.py:553] Node[0] 600 / 1505
2026-07-15 11:20:02,705 INFO [loop_base.py:553] Node[0] 800 / 1505
2026-07-15 11:20:31,877 INFO [loop_base.py:553] Node[0] 1000 / 1505
2026-07-15 11:21:01,380 INFO [loop_base.py:553] Node[0] 1200 / 1505
2026-07-15 11:21:43,006 INFO [loop_base.py:553] Node[0] 1400 / 1505
2026-07-15 11:21:58,170 INFO [nuscenes_metric.py:322] Node[0] The length of self.nusc_annos is: 1505
2026-07-15 11:22:00,506 INFO [nuscenes_metric.py:346] Node[0] Results writes to ./metric_results/bevfusion_centerpoint_pointpillar_henet_multisensor_multitask_nuscenes_opt/results_nusc.json
2026-07-15 11:24:15,199 INFO [nuscenes_metric.py:388] Node[0] NDS: 0.5710, mAP:0.5089
car_AP: [0.5]:0.6660  [1.0]:0.8368  [2.0]:0.8863  [4.0]:0.9044 
truck_AP: [0.5]:0.2936  [1.0]:0.5274  [2.0]:0.6391  [4.0]:0.6759 
trailer_AP: [0.5]:0.0410  [1.0]:0.2840  [2.0]:0.4629  [4.0]:0.5158 
bus_AP: [0.5]:0.3673  [1.0]:0.6421  [2.0]:0.7983  [4.0]:0.8250 
construction_vehicle_AP: [0.5]:0.0021  [1.0]:0.1119  [2.0]:0.2883  [4.0]:0.3609 
bicycle_AP: [0.5]:0.2204  [1.0]:0.3321  [2.0]:0.3447  [4.0]:0.3545 
motorcycle_AP: [0.5]:0.3830  [1.0]:0.6112  [2.0]:0.6413  [4.0]:0.6526 
pedestrian_AP: [0.5]:0.4063  [1.0]:0.5645  [2.0]:0.5911  [4.0]:0.6323 
traffic_cone_AP: [0.5]:0.4566  [1.0]:0.5724  [2.0]:0.6117  [4.0]:0.6644 
barrier_AP: [0.5]:0.2714  [1.0]:0.5801  [2.0]:0.6531  [4.0]:0.6847 

2026-07-15 11:24:15,421 WARNING [metric.py:200] Node[0] <class 'hat.metrics.nuscenes_metric.NuscenesMetric'> not ready for distributed environment, should not be used together with DistributedSampler.Might be slow in validation due to resource competition
2026-07-15 11:24:15,442 INFO [mean_iou.py:170] Node[0] ~~~~ MeanIOU Summary metrics ~~~~
Summary:
Scope                 mIoU       mAcc       aAcc
global               45.23      52.28      70.82
Per Class Results:
Class                  IoU        Acc
others                3.10       3.18
barrier              50.11      63.34
bicycle              22.98      25.41
bus                  64.03      71.20
car                  69.13      77.75
construction_vehicle      29.71      34.70
motorcycle           36.90      41.11
pedestrian           46.37      51.67
traffic_cone         25.34      29.87
trailer              43.77      55.29
truck                50.33      56.66
driveable_surface      77.88      87.86
other_flat           30.99      38.39
sidewalk             42.49      54.26
terrain              49.92      61.23
manmade              61.10      67.30
vegetation           64.70      69.56

2026-07-15 11:24:15,443 INFO [metric_updater.py:360] Node[0] Epoch[3] Validation bevfusion_centerpoint_pointpillar_henet_multisensor_multitask_nuscenes_opt: NDS[0.5710] MeanIOU[tensor(0.4523, device='cuda:0')] 
2026-07-15 11:24:23,154 INFO [checkpoint.py:233] Node[0] Save model checkpoint: ./tmp_models/bevfusion_centerpoint_pointpillar_henet_multisensor_multitask_nuscenes_opt/float-checkpoint-epoch-0003-2957a33b.pth.tar
2026-07-15 11:24:24,053 INFO [checkpoint.py:270] Node[0] Save last model checkpoint: ./tmp_models/bevfusion_centerpoint_pointpillar_henet_multisensor_multitask_nuscenes_opt/float-checkpoint-last-d021d3fa.pth.tar
2026-07-15 11:24:24,062 INFO [monitor.py:143] Node[0] Epoch[4] Begin ==================================================
2026-07-15 11:24:24,062 INFO [lr_updater.py:204] Node[0] Epoch[4] Step[0] GlobalStep[4692] lr=0.000373
2026-07-15 11:29:01,678 INFO [monitor.py:131] Node[0] Epoch[4] Step[0-199] Cost Time: 277.613s Speed: 4.32 samples/sec Remaining Time: 9:00:48 Remaining step percent: 82.62%
2026-07-15 11:29:02,845 INFO [metric_updater.py:360] Node[0] Epoch[4] Step[199] GlobalStep[4891] loss_bevfusion_centerpoint_pointpillar_henet_multisensor_multitask_nuscenes_opt: car_cls_loss[0.4121] car_reg_loss[0.3915] truck_cls_loss[0.5000] truck_reg_loss[0.4093] bus_cls_loss[0.3464] bus_reg_loss[0.3961] barrier_cls_loss[0.4354] barrier_reg_loss[0.4784] bicycle_cls_loss[0.4120] bicycle_reg_loss[0.4281] pedestrian_cls_loss[0.3654] pedestrian_reg_loss[0.5857] loss_occ[1.5536] 
2026-07-15 11:32:57,586 INFO [monitor.py:131] Node[0] Epoch[4] Step[200-399] Cost Time: 235.906s Speed: 5.09 samples/sec Remaining Time: 7:33:19 Remaining step percent: 81.91%
2026-07-15 11:32:58,638 INFO [metric_updater.py:360] Node[0] Epoch[4] Step[399] GlobalStep[5091] loss_bevfusion_centerpoint_pointpillar_henet_multisensor_multitask_nuscenes_opt: car_cls_loss[0.4118] car_reg_loss[0.3915] truck_cls_loss[0.4977] truck_reg_loss[0.4064] bus_cls_loss[0.3587] bus_reg_loss[0.3978] barrier_cls_loss[0.4073] barrier_reg_loss[0.4676] bicycle_cls_loss[0.4111] bicycle_reg_loss[0.4221] pedestrian_cls_loss[0.3686] pedestrian_reg_loss[0.5819] loss_occ[1.5425] 
2026-07-15 11:36:54,548 INFO [monitor.py:131] Node[0] Epoch[4] Step[400-599] Cost Time: 236.959s Speed: 5.06 samples/sec Remaining Time: 7:31:24 Remaining step percent: 81.20%
2026-07-15 11:36:55,558 INFO [metric_updater.py:360] Node[0] Epoch[4] Step[599] GlobalStep[5291] loss_bevfusion_centerpoint_pointpillar_henet_multisensor_multitask_nuscenes_opt: car_cls_loss[0.4106] car_reg_loss[0.3909] truck_cls_loss[0.5060] truck_reg_loss[0.4102] bus_cls_loss[0.3537] bus_reg_loss[0.3960] barrier_cls_loss[0.4016] barrier_reg_loss[0.4624] bicycle_cls_loss[0.4086] bicycle_reg_loss[0.4175] pedestrian_cls_loss[0.3640] pedestrian_reg_loss[0.5807] loss_occ[1.5461] 
2026-07-15 11:40:53,414 INFO [monitor.py:131] Node[0] Epoch[4] Step[600-799] Cost Time: 238.864s Speed: 5.02 samples/sec Remaining Time: 7:31:03 Remaining step percent: 80.49%
2026-07-15 11:40:54,400 INFO [metric_updater.py:360] Node[0] Epoch[4] Step[799] GlobalStep[5491] loss_bevfusion_centerpoint_pointpillar_henet_multisensor_multitask_nuscenes_opt: car_cls_loss[0.4120] car_reg_loss[0.3904] truck_cls_loss[0.5110] truck_reg_loss[0.4123] bus_cls_loss[0.3664] bus_reg_loss[0.3986] barrier_cls_loss[0.3972] barrier_reg_loss[0.4646] bicycle_cls_loss[0.4028] bicycle_reg_loss[0.4165] pedestrian_cls_loss[0.3682] pedestrian_reg_loss[0.5802] loss_occ[1.5418] 
2026-07-15 11:44:53,193 INFO [monitor.py:131] Node[0] Epoch[4] Step[800-999] Cost Time: 239.777s Speed: 5.00 samples/sec Remaining Time: 7:28:46 Remaining step percent: 79.78%
2026-07-15 11:44:54,596 INFO [metric_updater.py:360] Node[0] Epoch[4] Step[999] GlobalStep[5691] loss_bevfusion_centerpoint_pointpillar_henet_multisensor_multitask_nuscenes_opt: car_cls_loss[0.4126] car_reg_loss[0.3899] truck_cls_loss[0.5158] truck_reg_loss[0.4126] bus_cls_loss[0.3701] bus_reg_loss[0.3974] barrier_cls_loss[0.4002] barrier_reg_loss[0.4673] bicycle_cls_loss[0.3998] bicycle_reg_loss[0.4152] pedestrian_cls_loss[0.3683] pedestrian_reg_loss[0.5809] loss_occ[1.5420] 
2026-07-15 11:48:23,471 INFO [monitor.py:146] Node[0] Epoch[4] End   ==================================================
2026-07-15 11:48:23,473 INFO [monitor.py:149] Node[0] Epoch[4] Cost Time: 1439.411s
2026-07-15 11:48:23,473 INFO [metric_updater.py:360] Node[0] Epoch[4] loss_bevfusion_centerpoint_pointpillar_henet_multisensor_multitask_nuscenes_opt: car_cls_loss[0.4119] car_reg_loss[0.3896] truck_cls_loss[0.5234] truck_reg_loss[0.4130] bus_cls_loss[0.3701] bus_reg_loss[0.3967] barrier_cls_loss[0.3952] barrier_reg_loss[0.4626] bicycle_cls_loss[0.3970] bicycle_reg_loss[0.4162] pedestrian_cls_loss[0.3697] pedestrian_reg_loss[0.5817] loss_occ[1.5405] 
2026-07-15 11:48:23,473 INFO [validation.py:156] Node[0] [32mUse train `model` as val model.[0m
2026-07-15 11:48:23,646 INFO [loop_base.py:482] Node[0] [32mStart Predictor loop from epoch 4, num_epochs=1[0m
2026-07-15 11:48:23,649 INFO [fake_quantize.py:253] Node[0] Set fake quantize state to FakeQuantState.VALIDATION
2026-07-15 11:48:30,323 INFO [loop_base.py:553] Node[0] 0 / 1505
2026-07-15 11:49:00,457 INFO [loop_base.py:553] Node[0] 200 / 1505
2026-07-15 11:49:39,500 INFO [loop_base.py:553] Node[0] 400 / 1505
2026-07-15 11:50:07,646 INFO [loop_base.py:553] Node[0] 600 / 1505
2026-07-15 11:50:35,187 INFO [loop_base.py:553] Node[0] 800 / 1505
2026-07-15 11:51:01,655 INFO [loop_base.py:553] Node[0] 1000 / 1505
2026-07-15 11:51:29,529 INFO [loop_base.py:553] Node[0] 1200 / 1505
2026-07-15 11:52:00,893 INFO [loop_base.py:553] Node[0] 1400 / 1505
2026-07-15 11:52:16,605 INFO [nuscenes_metric.py:322] Node[0] The length of self.nusc_annos is: 1505
2026-07-15 11:52:18,820 INFO [nuscenes_metric.py:346] Node[0] Results writes to ./metric_results/bevfusion_centerpoint_pointpillar_henet_multisensor_multitask_nuscenes_opt/results_nusc.json
2026-07-15 11:54:15,043 INFO [nuscenes_metric.py:388] Node[0] NDS: 0.5576, mAP:0.4752
car_AP: [0.5]:0.6312  [1.0]:0.7836  [2.0]:0.8329  [4.0]:0.8524 
truck_AP: [0.5]:0.2665  [1.0]:0.4688  [2.0]:0.5790  [4.0]:0.6191 
trailer_AP: [0.5]:0.0459  [1.0]:0.2151  [2.0]:0.3092  [4.0]:0.3769 
bus_AP: [0.5]:0.3154  [1.0]:0.5327  [2.0]:0.6731  [4.0]:0.7241 
construction_vehicle_AP: [0.5]:0.0027  [1.0]:0.1287  [2.0]:0.2795  [4.0]:0.3478 
bicycle_AP: [0.5]:0.2490  [1.0]:0.3427  [2.0]:0.3701  [4.0]:0.3799 
motorcycle_AP: [0.5]:0.3669  [1.0]:0.5447  [2.0]:0.5791  [4.0]:0.5877 
pedestrian_AP: [0.5]:0.4048  [1.0]:0.5602  [2.0]:0.5872  [4.0]:0.6292 
traffic_cone_AP: [0.5]:0.4585  [1.0]:0.5848  [2.0]:0.6288  [4.0]:0.6847 
barrier_AP: [0.5]:0.2558  [1.0]:0.5427  [2.0]:0.6181  [4.0]:0.6483 

2026-07-15 11:54:15,214 WARNING [metric.py:200] Node[0] <class 'hat.metrics.nuscenes_metric.NuscenesMetric'> not ready for distributed environment, should not be used together with DistributedSampler.Might be slow in validation due to resource competition
2026-07-15 11:54:15,237 INFO [mean_iou.py:170] Node[0] ~~~~ MeanIOU Summary metrics ~~~~
Summary:
Scope                 mIoU       mAcc       aAcc
global               45.33      53.80      70.92
Per Class Results:
Class                  IoU        Acc
others                3.77       3.98
barrier              49.27      61.64
bicycle              23.25      25.23
bus                  63.28      67.07
car                  67.49      74.96
construction_vehicle      28.90      34.43
motorcycle           36.12      38.91
pedestrian           56.04      65.29
traffic_cone         30.70      38.54
trailer              41.15      64.90
truck                51.46      60.67
driveable_surface      74.67      80.17
other_flat           26.09      42.08
sidewalk             41.06      49.54
terrain              48.31      61.82
manmade              62.48      73.29
vegetation           66.66      72.04

2026-07-15 11:54:15,238 INFO [metric_updater.py:360] Node[0] Epoch[4] Validation bevfusion_centerpoint_pointpillar_henet_multisensor_multitask_nuscenes_opt: NDS[0.5576] MeanIOU[tensor(0.4533, device='cuda:0')] 
2026-07-15 11:54:22,264 INFO [checkpoint.py:233] Node[0] Save model checkpoint: ./tmp_models/bevfusion_centerpoint_pointpillar_henet_multisensor_multitask_nuscenes_opt/float-checkpoint-epoch-0004-6dd7c6a6.pth.tar
2026-07-15 11:54:23,110 INFO [checkpoint.py:270] Node[0] Save last model checkpoint: ./tmp_models/bevfusion_centerpoint_pointpillar_henet_multisensor_multitask_nuscenes_opt/float-checkpoint-last-90ee9783.pth.tar
2026-07-15 11:54:23,118 INFO [monitor.py:143] Node[0] Epoch[5] Begin ==================================================
2026-07-15 11:54:23,118 INFO [lr_updater.py:204] Node[0] Epoch[5] Step[0] GlobalStep[5865] lr=0.000359
2026-07-15 11:58:45,166 INFO [monitor.py:131] Node[0] Epoch[5] Step[0-199] Cost Time: 262.047s Speed: 4.58 samples/sec Remaining Time: 8:04:44 Remaining step percent: 78.46%
2026-07-15 11:58:46,292 INFO [metric_updater.py:360] Node[0] Epoch[5] Step[199] GlobalStep[6064] loss_bevfusion_centerpoint_pointpillar_henet_multisensor_multitask_nuscenes_opt: car_cls_loss[0.4005] car_reg_loss[0.3861] truck_cls_loss[0.4542] truck_reg_loss[0.3984] bus_cls_loss[0.3809] bus_reg_loss[0.4104] barrier_cls_loss[0.3863] barrier_reg_loss[0.4704] bicycle_cls_loss[0.3364] bicycle_reg_loss[0.3895] pedestrian_cls_loss[0.3376] pedestrian_reg_loss[0.5697] loss_occ[1.5006] 
2026-07-15 12:02:44,306 INFO [monitor.py:131] Node[0] Epoch[5] Step[200-399] Cost Time: 239.138s Speed: 5.02 samples/sec Remaining Time: 7:16:10 Remaining step percent: 77.75%
2026-07-15 12:02:45,326 INFO [metric_updater.py:360] Node[0] Epoch[5] Step[399] GlobalStep[6264] loss_bevfusion_centerpoint_pointpillar_henet_multisensor_multitask_nuscenes_opt: car_cls_loss[0.4024] car_reg_loss[0.3854] truck_cls_loss[0.4539] truck_reg_loss[0.3969] bus_cls_loss[0.3681] bus_reg_loss[0.3946] barrier_cls_loss[0.3731] barrier_reg_loss[0.4636] bicycle_cls_loss[0.3563] bicycle_reg_loss[0.4067] pedestrian_cls_loss[0.3527] pedestrian_reg_loss[0.5736] loss_occ[1.5043] 
2026-07-15 12:06:37,518 INFO [monitor.py:131] Node[0] Epoch[5] Step[400-599] Cost Time: 233.210s Speed: 5.15 samples/sec Remaining Time: 7:01:28 Remaining step percent: 77.04%
2026-07-15 12:06:38,869 INFO [metric_updater.py:360] Node[0] Epoch[5] Step[599] GlobalStep[6464] loss_bevfusion_centerpoint_pointpillar_henet_multisensor_multitask_nuscenes_opt: car_cls_loss[0.4068] car_reg_loss[0.3854] truck_cls_loss[0.4647] truck_reg_loss[0.3970] bus_cls_loss[0.3637] bus_reg_loss[0.3951] barrier_cls_loss[0.3815] barrier_reg_loss[0.4636] bicycle_cls_loss[0.3796] bicycle_reg_loss[0.4041] pedestrian_cls_loss[0.3629] pedestrian_reg_loss[0.5749] loss_occ[1.5095] 
2026-07-15 12:10:31,529 INFO [monitor.py:131] Node[0] Epoch[5] Step[600-799] Cost Time: 234.009s Speed: 5.13 samples/sec Remaining Time: 6:59:00 Remaining step percent: 76.32%
2026-07-15 12:10:32,549 INFO [metric_updater.py:360] Node[0] Epoch[5] Step[799] GlobalStep[6664] loss_bevfusion_centerpoint_pointpillar_henet_multisensor_multitask_nuscenes_opt: car_cls_loss[0.4068] car_reg_loss[0.3853] truck_cls_loss[0.4734] truck_reg_loss[0.3963] bus_cls_loss[0.3606] bus_reg_loss[0.3954] barrier_cls_loss[0.3889] barrier_reg_loss[0.4613] bicycle_cls_loss[0.3751] bicycle_reg_loss[0.4019] pedestrian_cls_loss[0.3655] pedestrian_reg_loss[0.5748] loss_occ[1.5171] 
2026-07-15 12:14:29,114 INFO [monitor.py:131] Node[0] Epoch[5] Step[800-999] Cost Time: 237.584s Speed: 5.05 samples/sec Remaining Time: 7:01:27 Remaining step percent: 75.61%
2026-07-15 12:14:30,190 INFO [metric_updater.py:360] Node[0] Epoch[5] Step[999] GlobalStep[6864] loss_bevfusion_centerpoint_pointpillar_henet_multisensor_multitask_nuscenes_opt: car_cls_loss[0.4044] car_reg_loss[0.3844] truck_cls_loss[0.4795] truck_reg_loss[0.3990] bus_cls_loss[0.3617] bus_reg_loss[0.3937] barrier_cls_loss[0.3905] barrier_reg_loss[0.4597] bicycle_cls_loss[0.3748] bicycle_reg_loss[0.4015] pedestrian_cls_loss[0.3645] pedestrian_reg_loss[0.5751] loss_occ[1.5141] 
2026-07-15 12:18:00,065 INFO [monitor.py:146] Node[0] Epoch[5] End   ==================================================
2026-07-15 12:18:00,066 INFO [monitor.py:149] Node[0] Epoch[5] Cost Time: 1416.948s
2026-07-15 12:18:00,066 INFO [metric_updater.py:360] Node[0] Epoch[5] loss_bevfusion_centerpoint_pointpillar_henet_multisensor_multitask_nuscenes_opt: car_cls_loss[0.4021] car_reg_loss[0.3837] truck_cls_loss[0.4837] truck_reg_loss[0.3984] bus_cls_loss[0.3585] bus_reg_loss[0.3933] barrier_cls_loss[0.3884] barrier_reg_loss[0.4571] bicycle_cls_loss[0.3635] bicycle_reg_loss[0.4006] pedestrian_cls_loss[0.3649] pedestrian_reg_loss[0.5734] loss_occ[1.5076] 
2026-07-15 12:18:00,066 INFO [validation.py:156] Node[0] [32mUse train `model` as val model.[0m
2026-07-15 12:18:00,238 INFO [loop_base.py:482] Node[0] [32mStart Predictor loop from epoch 5, num_epochs=1[0m
2026-07-15 12:18:00,241 INFO [fake_quantize.py:253] Node[0] Set fake quantize state to FakeQuantState.VALIDATION
2026-07-15 12:18:07,172 INFO [loop_base.py:553] Node[0] 0 / 1505
2026-07-15 12:18:33,439 INFO [loop_base.py:553] Node[0] 200 / 1505
2026-07-15 12:18:57,754 INFO [loop_base.py:553] Node[0] 400 / 1505
2026-07-15 12:19:39,156 INFO [loop_base.py:553] Node[0] 600 / 1505
2026-07-15 12:20:08,843 INFO [loop_base.py:553] Node[0] 800 / 1505
2026-07-15 12:20:53,703 INFO [loop_base.py:553] Node[0] 1000 / 1505
2026-07-15 12:21:37,144 INFO [loop_base.py:553] Node[0] 1200 / 1505
2026-07-15 12:22:02,272 INFO [loop_base.py:553] Node[0] 1400 / 1505
2026-07-15 12:22:15,870 INFO [nuscenes_metric.py:322] Node[0] The length of self.nusc_annos is: 1505
2026-07-15 12:22:18,166 INFO [nuscenes_metric.py:346] Node[0] Results writes to ./metric_results/bevfusion_centerpoint_pointpillar_henet_multisensor_multitask_nuscenes_opt/results_nusc.json
2026-07-15 12:24:25,912 INFO [nuscenes_metric.py:388] Node[0] NDS: 0.5817, mAP:0.5126
car_AP: [0.5]:0.6744  [1.0]:0.8387  [2.0]:0.8875  [4.0]:0.9020 
truck_AP: [0.5]:0.3129  [1.0]:0.5193  [2.0]:0.6263  [4.0]:0.6598 
trailer_AP: [0.5]:0.0385  [1.0]:0.2507  [2.0]:0.4244  [4.0]:0.5413 
bus_AP: [0.5]:0.3766  [1.0]:0.6411  [2.0]:0.7780  [4.0]:0.8075 
construction_vehicle_AP: [0.5]:0.0071  [1.0]:0.1266  [2.0]:0.3173  [4.0]:0.4064 
bicycle_AP: [0.5]:0.2961  [1.0]:0.4039  [2.0]:0.4271  [4.0]:0.4424 
motorcycle_AP: [0.5]:0.3522  [1.0]:0.5665  [2.0]:0.6163  [4.0]:0.6257 
pedestrian_AP: [0.5]:0.3783  [1.0]:0.5618  [2.0]:0.5919  [4.0]:0.6315 
traffic_cone_AP: [0.5]:0.4415  [1.0]:0.5831  [2.0]:0.6283  [4.0]:0.6843 
barrier_AP: [0.5]:0.2831  [1.0]:0.5644  [2.0]:0.6291  [4.0]:0.6602 

2026-07-15 12:24:26,166 WARNING [metric.py:200] Node[0] <class 'hat.metrics.nuscenes_metric.NuscenesMetric'> not ready for distributed environment, should not be used together with DistributedSampler.Might be slow in validation due to resource competition
2026-07-15 12:24:26,187 INFO [mean_iou.py:170] Node[0] ~~~~ MeanIOU Summary metrics ~~~~
Summary:
Scope                 mIoU       mAcc       aAcc
global               47.37      56.07      73.37
Per Class Results:
Class                  IoU        Acc
others                4.64       4.98
barrier              52.68      65.47
bicycle              26.25      30.16
bus                  65.83      69.64
car                  70.90      78.08
construction_vehicle      32.73      38.97
motorcycle           41.38      48.13
pedestrian           53.81      61.27
traffic_cone         29.67      36.66
trailer              44.64      63.53
truck                53.92      63.69
driveable_surface      77.77      83.50
other_flat           31.93      38.19
sidewalk             42.53      53.79
terrain              45.57      70.68
manmade              62.39      68.36
vegetation           68.64      78.05

2026-07-15 12:24:26,189 INFO [metric_updater.py:360] Node[0] Epoch[5] Validation bevfusion_centerpoint_pointpillar_henet_multisensor_multitask_nuscenes_opt: NDS[0.5817] MeanIOU[tensor(0.4737, device='cuda:0')] 
2026-07-15 12:24:35,870 INFO [checkpoint.py:233] Node[0] Save model checkpoint: ./tmp_models/bevfusion_centerpoint_pointpillar_henet_multisensor_multitask_nuscenes_opt/float-checkpoint-epoch-0005-871e7562.pth.tar
2026-07-15 12:24:36,660 INFO [checkpoint.py:270] Node[0] Save last model checkpoint: ./tmp_models/bevfusion_centerpoint_pointpillar_henet_multisensor_multitask_nuscenes_opt/float-checkpoint-last-8f76c352.pth.tar
2026-07-15 12:24:36,671 INFO [monitor.py:143] Node[0] Epoch[6] Begin ==================================================
2026-07-15 12:24:36,672 INFO [lr_updater.py:204] Node[0] Epoch[6] Step[0] GlobalStep[7038] lr=0.000341
2026-07-15 12:28:54,375 INFO [monitor.py:131] Node[0] Epoch[6] Step[0-199] Cost Time: 257.703s Speed: 4.66 samples/sec Remaining Time: 7:31:23 Remaining step percent: 74.29%
2026-07-15 12:28:55,475 INFO [metric_updater.py:360] Node[0] Epoch[6] Step[199] GlobalStep[7237] loss_bevfusion_centerpoint_pointpillar_henet_multisensor_multitask_nuscenes_opt: car_cls_loss[0.3900] car_reg_loss[0.3755] truck_cls_loss[0.4303] truck_reg_loss[0.3884] bus_cls_loss[0.3256] bus_reg_loss[0.3598] barrier_cls_loss[0.3862] barrier_reg_loss[0.4596] bicycle_cls_loss[0.3323] bicycle_reg_loss[0.3923] pedestrian_cls_loss[0.3523] pedestrian_reg_loss[0.5702] loss_occ[1.4760] 
2026-07-15 12:32:47,598 INFO [monitor.py:131] Node[0] Epoch[6] Step[200-399] Cost Time: 233.220s Speed: 5.15 samples/sec Remaining Time: 6:42:34 Remaining step percent: 73.58%
2026-07-15 12:32:48,634 INFO [metric_updater.py:360] Node[0] Epoch[6] Step[399] GlobalStep[7437] loss_bevfusion_centerpoint_pointpillar_henet_multisensor_multitask_nuscenes_opt: car_cls_loss[0.3955] car_reg_loss[0.3746] truck_cls_loss[0.4264] truck_reg_loss[0.3849] bus_cls_loss[0.3378] bus_reg_loss[0.3798] barrier_cls_loss[0.3745] barrier_reg_loss[0.4537] bicycle_cls_loss[0.3314] bicycle_reg_loss[0.3879] pedestrian_cls_loss[0.3496] pedestrian_reg_loss[0.5639] loss_occ[1.4748] 
2026-07-15 12:36:43,912 INFO [monitor.py:131] Node[0] Epoch[6] Step[400-599] Cost Time: 236.313s Speed: 5.08 samples/sec Remaining Time: 6:43:58 Remaining step percent: 72.87%
2026-07-15 12:36:44,937 INFO [metric_updater.py:360] Node[0] Epoch[6] Step[599] GlobalStep[7637] loss_bevfusion_centerpoint_pointpillar_henet_multisensor_multitask_nuscenes_opt: car_cls_loss[0.3958] car_reg_loss[0.3770] truck_cls_loss[0.4430] truck_reg_loss[0.3907] bus_cls_loss[0.3284] bus_reg_loss[0.3797] barrier_cls_loss[0.3714] barrier_reg_loss[0.4542] bicycle_cls_loss[0.3251] bicycle_reg_loss[0.3864] pedestrian_cls_loss[0.3519] pedestrian_reg_loss[0.5643] loss_occ[1.4842] 
2026-07-15 12:40:37,295 INFO [monitor.py:131] Node[0] Epoch[6] Step[600-799] Cost Time: 233.381s Speed: 5.14 samples/sec Remaining Time: 6:35:04 Remaining step percent: 72.16%
2026-07-15 12:40:38,273 INFO [metric_updater.py:360] Node[0] Epoch[6] Step[799] GlobalStep[7837] loss_bevfusion_centerpoint_pointpillar_henet_multisensor_multitask_nuscenes_opt: car_cls_loss[0.3970] car_reg_loss[0.3761] truck_cls_loss[0.4476] truck_reg_loss[0.3906] bus_cls_loss[0.3376] bus_reg_loss[0.3780] barrier_cls_loss[0.3650] barrier_reg_loss[0.4491] bicycle_cls_loss[0.3296] bicycle_reg_loss[0.3829] pedestrian_cls_loss[0.3513] pedestrian_reg_loss[0.5632] loss_occ[1.4801] 
2026-07-15 12:44:30,961 INFO [monitor.py:131] Node[0] Epoch[6] Step[800-999] Cost Time: 233.663s Speed: 5.14 samples/sec Remaining Time: 6:31:39 Remaining step percent: 71.45%
2026-07-15 12:44:32,003 INFO [metric_updater.py:360] Node[0] Epoch[6] Step[999] GlobalStep[8037] loss_bevfusion_centerpoint_pointpillar_henet_multisensor_multitask_nuscenes_opt: car_cls_loss[0.3964] car_reg_loss[0.3764] truck_cls_loss[0.4480] truck_reg_loss[0.3906] bus_cls_loss[0.3395] bus_reg_loss[0.3803] barrier_cls_loss[0.3596] barrier_reg_loss[0.4418] bicycle_cls_loss[0.3183] bicycle_reg_loss[0.3811] pedestrian_cls_loss[0.3548] pedestrian_reg_loss[0.5633] loss_occ[1.4853] 
2026-07-15 12:48:00,336 INFO [monitor.py:146] Node[0] Epoch[6] End   ==================================================
2026-07-15 12:48:00,338 INFO [monitor.py:149] Node[0] Epoch[6] Cost Time: 1403.666s
2026-07-15 12:48:00,338 INFO [metric_updater.py:360] Node[0] Epoch[6] loss_bevfusion_centerpoint_pointpillar_henet_multisensor_multitask_nuscenes_opt: car_cls_loss[0.3964] car_reg_loss[0.3771] truck_cls_loss[0.4462] truck_reg_loss[0.3906] bus_cls_loss[0.3338] bus_reg_loss[0.3780] barrier_cls_loss[0.3613] barrier_reg_loss[0.4427] bicycle_cls_loss[0.3177] bicycle_reg_loss[0.3821] pedestrian_cls_loss[0.3536] pedestrian_reg_loss[0.5643] loss_occ[1.4817] 
2026-07-15 12:48:00,339 INFO [validation.py:156] Node[0] [32mUse train `model` as val model.[0m
2026-07-15 12:48:00,522 INFO [loop_base.py:482] Node[0] [32mStart Predictor loop from epoch 6, num_epochs=1[0m
2026-07-15 12:48:00,525 INFO [fake_quantize.py:253] Node[0] Set fake quantize state to FakeQuantState.VALIDATION
2026-07-15 12:48:07,442 INFO [loop_base.py:553] Node[0] 0 / 1505
2026-07-15 12:48:32,699 INFO [loop_base.py:553] Node[0] 200 / 1505
2026-07-15 12:49:23,025 INFO [loop_base.py:553] Node[0] 400 / 1505
2026-07-15 12:50:02,577 INFO [loop_base.py:553] Node[0] 600 / 1505
2026-07-15 12:50:35,873 INFO [loop_base.py:553] Node[0] 800 / 1505
2026-07-15 12:51:13,848 INFO [loop_base.py:553] Node[0] 1000 / 1505
2026-07-15 12:51:48,553 INFO [loop_base.py:553] Node[0] 1200 / 1505
2026-07-15 12:52:27,998 INFO [loop_base.py:553] Node[0] 1400 / 1505
2026-07-15 12:52:41,405 INFO [nuscenes_metric.py:322] Node[0] The length of self.nusc_annos is: 1505
2026-07-15 12:52:43,409 INFO [nuscenes_metric.py:346] Node[0] Results writes to ./metric_results/bevfusion_centerpoint_pointpillar_henet_multisensor_multitask_nuscenes_opt/results_nusc.json
2026-07-15 12:54:39,948 INFO [nuscenes_metric.py:388] Node[0] NDS: 0.5877, mAP:0.5189
car_AP: [0.5]:0.6826  [1.0]:0.8405  [2.0]:0.8889  [4.0]:0.9038 
truck_AP: [0.5]:0.3238  [1.0]:0.5229  [2.0]:0.6391  [4.0]:0.6756 
trailer_AP: [0.5]:0.0662  [1.0]:0.2678  [2.0]:0.4231  [4.0]:0.5244 
bus_AP: [0.5]:0.4086  [1.0]:0.6799  [2.0]:0.8004  [4.0]:0.8306 
construction_vehicle_AP: [0.5]:0.0031  [1.0]:0.1207  [2.0]:0.2938  [4.0]:0.3751 
bicycle_AP: [0.5]:0.2756  [1.0]:0.3894  [2.0]:0.4066  [4.0]:0.4226 
motorcycle_AP: [0.5]:0.4018  [1.0]:0.6139  [2.0]:0.6501  [4.0]:0.6661 
pedestrian_AP: [0.5]:0.3776  [1.0]:0.5591  [2.0]:0.5931  [4.0]:0.6357 
traffic_cone_AP: [0.5]:0.4560  [1.0]:0.5767  [2.0]:0.6164  [4.0]:0.6717 
barrier_AP: [0.5]:0.3039  [1.0]:0.5687  [2.0]:0.6392  [4.0]:0.6621 

2026-07-15 12:54:40,136 WARNING [metric.py:200] Node[0] <class 'hat.metrics.nuscenes_metric.NuscenesMetric'> not ready for distributed environment, should not be used together with DistributedSampler.Might be slow in validation due to resource competition
2026-07-15 12:54:40,154 INFO [mean_iou.py:170] Node[0] ~~~~ MeanIOU Summary metrics ~~~~
Summary:
Scope                 mIoU       mAcc       aAcc
global               45.75      52.37      73.45
Per Class Results:
Class                  IoU        Acc
others                3.89       4.00
barrier              49.00      57.94
bicycle              25.71      28.42
bus                  63.10      66.65
car                  68.01      76.13
construction_vehicle      26.97      29.76
motorcycle           37.71      41.26
pedestrian           48.39      54.16
traffic_cone         21.86      24.01
trailer              44.52      52.09
truck                53.14      60.82
driveable_surface      79.00      85.60
other_flat           31.41      36.14
sidewalk             44.86      59.21
terrain              47.34      69.07
manmade              63.25      68.38
vegetation           69.53      76.62

2026-07-15 12:54:40,156 INFO [metric_updater.py:360] Node[0] Epoch[6] Validation bevfusion_centerpoint_pointpillar_henet_multisensor_multitask_nuscenes_opt: NDS[0.5877] MeanIOU[tensor(0.4575, device='cuda:0')] 
2026-07-15 12:54:45,738 INFO [checkpoint.py:233] Node[0] Save model checkpoint: ./tmp_models/bevfusion_centerpoint_pointpillar_henet_multisensor_multitask_nuscenes_opt/float-checkpoint-epoch-0006-99b98713.pth.tar
2026-07-15 12:54:46,567 INFO [checkpoint.py:270] Node[0] Save last model checkpoint: ./tmp_models/bevfusion_centerpoint_pointpillar_henet_multisensor_multitask_nuscenes_opt/float-checkpoint-last-2cb1e1a2.pth.tar
2026-07-15 12:54:46,575 INFO [monitor.py:143] Node[0] Epoch[7] Begin ==================================================
2026-07-15 12:54:46,575 INFO [lr_updater.py:204] Node[0] Epoch[7] Step[0] GlobalStep[8211] lr=0.000322
2026-07-15 12:59:07,749 INFO [monitor.py:131] Node[0] Epoch[7] Step[0-199] Cost Time: 261.173s Speed: 4.59 samples/sec Remaining Time: 7:11:48 Remaining step percent: 70.12%
2026-07-15 12:59:09,394 INFO [metric_updater.py:360] Node[0] Epoch[7] Step[199] GlobalStep[8410] loss_bevfusion_centerpoint_pointpillar_henet_multisensor_multitask_nuscenes_opt: car_cls_loss[0.3925] car_reg_loss[0.3728] truck_cls_loss[0.4146] truck_reg_loss[0.3810] bus_cls_loss[0.2710] bus_reg_loss[0.3488] barrier_cls_loss[0.3596] barrier_reg_loss[0.4531] bicycle_cls_loss[0.2627] bicycle_reg_loss[0.3668] pedestrian_cls_loss[0.3298] pedestrian_reg_loss[0.5542] loss_occ[1.4413] 
2026-07-15 13:03:01,653 INFO [monitor.py:131] Node[0] Epoch[7] Step[200-399] Cost Time: 233.899s Speed: 5.13 samples/sec Remaining Time: 6:20:53 Remaining step percent: 69.41%
2026-07-15 13:03:02,615 INFO [metric_updater.py:360] Node[0] Epoch[7] Step[399] GlobalStep[8610] loss_bevfusion_centerpoint_pointpillar_henet_multisensor_multitask_nuscenes_opt: car_cls_loss[0.3846] car_reg_loss[0.3713] truck_cls_loss[0.4133] truck_reg_loss[0.3789] bus_cls_loss[0.2816] bus_reg_loss[0.3533] barrier_cls_loss[0.3501] barrier_reg_loss[0.4455] bicycle_cls_loss[0.2915] bicycle_reg_loss[0.3778] pedestrian_cls_loss[0.3375] pedestrian_reg_loss[0.5568] loss_occ[1.4509] 
2026-07-15 13:06:51,813 INFO [monitor.py:131] Node[0] Epoch[7] Step[400-599] Cost Time: 230.158s Speed: 5.21 samples/sec Remaining Time: 6:10:57 Remaining step percent: 68.70%
2026-07-15 13:06:52,909 INFO [metric_updater.py:360] Node[0] Epoch[7] Step[599] GlobalStep[8810] loss_bevfusion_centerpoint_pointpillar_henet_multisensor_multitask_nuscenes_opt: car_cls_loss[0.3800] car_reg_loss[0.3700] truck_cls_loss[0.4128] truck_reg_loss[0.3791] bus_cls_loss[0.2845] bus_reg_loss[0.3548] barrier_cls_loss[0.3391] barrier_reg_loss[0.4364] bicycle_cls_loss[0.2935] bicycle_reg_loss[0.3739] pedestrian_cls_loss[0.3352] pedestrian_reg_loss[0.5575] loss_occ[1.4461] 
2026-07-15 13:10:48,243 INFO [monitor.py:131] Node[0] Epoch[7] Step[600-799] Cost Time: 236.428s Speed: 5.08 samples/sec Remaining Time: 6:17:07 Remaining step percent: 67.99%
2026-07-15 13:10:49,383 INFO [metric_updater.py:360] Node[0] Epoch[7] Step[799] GlobalStep[9010] loss_bevfusion_centerpoint_pointpillar_henet_multisensor_multitask_nuscenes_opt: car_cls_loss[0.3800] car_reg_loss[0.3709] truck_cls_loss[0.4138] truck_reg_loss[0.3789] bus_cls_loss[0.2837] bus_reg_loss[0.3573] barrier_cls_loss[0.3299] barrier_reg_loss[0.4252] bicycle_cls_loss[0.2916] bicycle_reg_loss[0.3710] pedestrian_cls_loss[0.3365] pedestrian_reg_loss[0.5561] loss_occ[1.4451] 
2026-07-15 13:14:41,963 INFO [monitor.py:131] Node[0] Epoch[7] Step[800-999] Cost Time: 233.718s Speed: 5.13 samples/sec Remaining Time: 6:08:54 Remaining step percent: 67.28%
2026-07-15 13:14:42,958 INFO [metric_updater.py:360] Node[0] Epoch[7] Step[999] GlobalStep[9210] loss_bevfusion_centerpoint_pointpillar_henet_multisensor_multitask_nuscenes_opt: car_cls_loss[0.3807] car_reg_loss[0.3718] truck_cls_loss[0.4144] truck_reg_loss[0.3779] bus_cls_loss[0.2871] bus_reg_loss[0.3555] barrier_cls_loss[0.3382] barrier_reg_loss[0.4262] bicycle_cls_loss[0.2915] bicycle_reg_loss[0.3723] pedestrian_cls_loss[0.3361] pedestrian_reg_loss[0.5561] loss_occ[1.4459] 
2026-07-15 13:18:15,193 INFO [monitor.py:146] Node[0] Epoch[7] End   ==================================================
2026-07-15 13:18:15,195 INFO [monitor.py:149] Node[0] Epoch[7] Cost Time: 1408.620s
2026-07-15 13:18:15,195 INFO [metric_updater.py:360] Node[0] Epoch[7] loss_bevfusion_centerpoint_pointpillar_henet_multisensor_multitask_nuscenes_opt: car_cls_loss[0.3802] car_reg_loss[0.3710] truck_cls_loss[0.4198] truck_reg_loss[0.3800] bus_cls_loss[0.2888] bus_reg_loss[0.3546] barrier_cls_loss[0.3334] barrier_reg_loss[0.4247] bicycle_cls_loss[0.2881] bicycle_reg_loss[0.3717] pedestrian_cls_loss[0.3339] pedestrian_reg_loss[0.5550] loss_occ[1.4455] 
2026-07-15 13:18:15,196 INFO [validation.py:156] Node[0] [32mUse train `model` as val model.[0m
2026-07-15 13:18:15,369 INFO [loop_base.py:482] Node[0] [32mStart Predictor loop from epoch 7, num_epochs=1[0m
2026-07-15 13:18:15,372 INFO [fake_quantize.py:253] Node[0] Set fake quantize state to FakeQuantState.VALIDATION
2026-07-15 13:18:22,083 INFO [loop_base.py:553] Node[0] 0 / 1505
2026-07-15 13:18:49,749 INFO [loop_base.py:553] Node[0] 200 / 1505
2026-07-15 13:19:43,741 INFO [loop_base.py:553] Node[0] 400 / 1505
2026-07-15 13:20:09,354 INFO [loop_base.py:553] Node[0] 600 / 1505
2026-07-15 13:20:34,965 INFO [loop_base.py:553] Node[0] 800 / 1505
2026-07-15 13:21:00,946 INFO [loop_base.py:553] Node[0] 1000 / 1505
2026-07-15 13:21:27,289 INFO [loop_base.py:553] Node[0] 1200 / 1505
2026-07-15 13:21:52,807 INFO [loop_base.py:553] Node[0] 1400 / 1505
2026-07-15 13:22:07,533 INFO [nuscenes_metric.py:322] Node[0] The length of self.nusc_annos is: 1505
2026-07-15 13:22:09,844 INFO [nuscenes_metric.py:346] Node[0] Results writes to ./metric_results/bevfusion_centerpoint_pointpillar_henet_multisensor_multitask_nuscenes_opt/results_nusc.json
2026-07-15 13:24:10,562 INFO [nuscenes_metric.py:388] Node[0] NDS: 0.5707, mAP:0.4925
car_AP: [0.5]:0.6632  [1.0]:0.8182  [2.0]:0.8627  [4.0]:0.8832 
truck_AP: [0.5]:0.2954  [1.0]:0.5047  [2.0]:0.5972  [4.0]:0.6300 
trailer_AP: [0.5]:0.0546  [1.0]:0.2185  [2.0]:0.3176  [4.0]:0.4066 
bus_AP: [0.5]:0.3683  [1.0]:0.6200  [2.0]:0.7369  [4.0]:0.7732 
construction_vehicle_AP: [0.5]:0.0042  [1.0]:0.1190  [2.0]:0.2976  [4.0]:0.3831 
bicycle_AP: [0.5]:0.2763  [1.0]:0.3635  [2.0]:0.3734  [4.0]:0.3821 
motorcycle_AP: [0.5]:0.3629  [1.0]:0.5529  [2.0]:0.5884  [4.0]:0.5985 
pedestrian_AP: [0.5]:0.4088  [1.0]:0.5669  [2.0]:0.5939  [4.0]:0.6290 
traffic_cone_AP: [0.5]:0.4624  [1.0]:0.5825  [2.0]:0.6240  [4.0]:0.6773 
barrier_AP: [0.5]:0.2973  [1.0]:0.5526  [2.0]:0.6151  [4.0]:0.6392 

2026-07-15 13:24:10,731 WARNING [metric.py:200] Node[0] <class 'hat.metrics.nuscenes_metric.NuscenesMetric'> not ready for distributed environment, should not be used together with DistributedSampler.Might be slow in validation due to resource competition
2026-07-15 13:24:10,748 INFO [mean_iou.py:170] Node[0] ~~~~ MeanIOU Summary metrics ~~~~
Summary:
Scope                 mIoU       mAcc       aAcc
global               47.31      56.23      73.40
Per Class Results:
Class                  IoU        Acc
others                4.18       4.35
barrier              51.05      64.24
bicycle              27.71      31.29
bus                  66.99      75.07
car                  70.20      78.54
construction_vehicle      31.04      35.92
motorcycle           35.56      37.97
pedestrian           54.80      62.95
traffic_cone         30.69      38.81
trailer              43.58      58.25
truck                55.01      65.41
driveable_surface      77.49      82.27
other_flat           31.32      47.14
sidewalk             43.72      55.71
terrain              49.07      71.40
manmade              63.59      70.54
vegetation           68.29      76.04

2026-07-15 13:24:10,749 INFO [metric_updater.py:360] Node[0] Epoch[7] Validation bevfusion_centerpoint_pointpillar_henet_multisensor_multitask_nuscenes_opt: NDS[0.5707] MeanIOU[tensor(0.4731, device='cuda:0')] 
2026-07-15 13:24:18,442 INFO [checkpoint.py:233] Node[0] Save model checkpoint: ./tmp_models/bevfusion_centerpoint_pointpillar_henet_multisensor_multitask_nuscenes_opt/float-checkpoint-epoch-0007-8c6b876e.pth.tar
2026-07-15 13:24:19,410 INFO [checkpoint.py:270] Node[0] Save last model checkpoint: ./tmp_models/bevfusion_centerpoint_pointpillar_henet_multisensor_multitask_nuscenes_opt/float-checkpoint-last-23da37ff.pth.tar
2026-07-15 13:24:19,419 INFO [monitor.py:143] Node[0] Epoch[8] Begin ==================================================
2026-07-15 13:24:19,419 INFO [lr_updater.py:204] Node[0] Epoch[8] Step[0] GlobalStep[9384] lr=0.000300
2026-07-15 13:28:39,809 INFO [monitor.py:131] Node[0] Epoch[8] Step[0-199] Cost Time: 260.389s Speed: 4.61 samples/sec Remaining Time: 6:44:56 Remaining step percent: 65.96%
2026-07-15 13:28:40,946 INFO [metric_updater.py:360] Node[0] Epoch[8] Step[199] GlobalStep[9583] loss_bevfusion_centerpoint_pointpillar_henet_multisensor_multitask_nuscenes_opt: car_cls_loss[0.3774] car_reg_loss[0.3680] truck_cls_loss[0.3834] truck_reg_loss[0.3596] bus_cls_loss[0.2876] bus_reg_loss[0.3594] barrier_cls_loss[0.3144] barrier_reg_loss[0.4204] bicycle_cls_loss[0.2257] bicycle_reg_loss[0.3578] pedestrian_cls_loss[0.3227] pedestrian_reg_loss[0.5485] loss_occ[1.4225] 
2026-07-15 13:32:34,994 INFO [monitor.py:131] Node[0] Epoch[8] Step[200-399] Cost Time: 235.184s Speed: 5.10 samples/sec Remaining Time: 5:59:59 Remaining step percent: 65.25%
2026-07-15 13:32:36,213 INFO [metric_updater.py:360] Node[0] Epoch[8] Step[399] GlobalStep[9783] loss_bevfusion_centerpoint_pointpillar_henet_multisensor_multitask_nuscenes_opt: car_cls_loss[0.3772] car_reg_loss[0.3663] truck_cls_loss[0.3740] truck_reg_loss[0.3576] bus_cls_loss[0.2805] bus_reg_loss[0.3594] barrier_cls_loss[0.3126] barrier_reg_loss[0.4182] bicycle_cls_loss[0.2458] bicycle_reg_loss[0.3587] pedestrian_cls_loss[0.3171] pedestrian_reg_loss[0.5476] loss_occ[1.4370] 
2026-07-15 13:36:27,663 INFO [monitor.py:131] Node[0] Epoch[8] Step[400-599] Cost Time: 232.668s Speed: 5.16 samples/sec Remaining Time: 5:52:15 Remaining step percent: 64.54%
2026-07-15 13:36:28,762 INFO [metric_updater.py:360] Node[0] Epoch[8] Step[599] GlobalStep[9983] loss_bevfusion_centerpoint_pointpillar_henet_multisensor_multitask_nuscenes_opt: car_cls_loss[0.3761] car_reg_loss[0.3661] truck_cls_loss[0.3798] truck_reg_loss[0.3620] bus_cls_loss[0.2748] bus_reg_loss[0.3589] barrier_cls_loss[0.3164] barrier_reg_loss[0.4191] bicycle_cls_loss[0.2560] bicycle_reg_loss[0.3592] pedestrian_cls_loss[0.3203] pedestrian_reg_loss[0.5467] loss_occ[1.4351] 
2026-07-15 13:40:19,096 INFO [monitor.py:131] Node[0] Epoch[8] Step[600-799] Cost Time: 231.432s Speed: 5.19 samples/sec Remaining Time: 5:46:31 Remaining step percent: 63.82%
2026-07-15 13:40:20,142 INFO [metric_updater.py:360] Node[0] Epoch[8] Step[799] GlobalStep[10183] loss_bevfusion_centerpoint_pointpillar_henet_multisensor_multitask_nuscenes_opt: car_cls_loss[0.3765] car_reg_loss[0.3678] truck_cls_loss[0.3793] truck_reg_loss[0.3642] bus_cls_loss[0.2680] bus_reg_loss[0.3539] barrier_cls_loss[0.3278] barrier_reg_loss[0.4226] bicycle_cls_loss[0.2594] bicycle_reg_loss[0.3582] pedestrian_cls_loss[0.3219] pedestrian_reg_loss[0.5469] loss_occ[1.4325] 
2026-07-15 13:44:17,727 INFO [monitor.py:131] Node[0] Epoch[8] Step[800-999] Cost Time: 238.630s Speed: 5.03 samples/sec Remaining Time: 5:53:19 Remaining step percent: 63.11%
2026-07-15 13:44:18,753 INFO [metric_updater.py:360] Node[0] Epoch[8] Step[999] GlobalStep[10383] loss_bevfusion_centerpoint_pointpillar_henet_multisensor_multitask_nuscenes_opt: car_cls_loss[0.3787] car_reg_loss[0.3679] truck_cls_loss[0.3831] truck_reg_loss[0.3653] bus_cls_loss[0.2727] bus_reg_loss[0.3539] barrier_cls_loss[0.3284] barrier_reg_loss[0.4227] bicycle_cls_loss[0.2633] bicycle_reg_loss[0.3593] pedestrian_cls_loss[0.3218] pedestrian_reg_loss[0.5467] loss_occ[1.4351] 
2026-07-15 13:47:48,876 INFO [monitor.py:146] Node[0] Epoch[8] End   ==================================================
2026-07-15 13:47:48,878 INFO [monitor.py:149] Node[0] Epoch[8] Cost Time: 1409.459s
2026-07-15 13:47:48,879 INFO [metric_updater.py:360] Node[0] Epoch[8] loss_bevfusion_centerpoint_pointpillar_henet_multisensor_multitask_nuscenes_opt: car_cls_loss[0.3780] car_reg_loss[0.3670] truck_cls_loss[0.3856] truck_reg_loss[0.3650] bus_cls_loss[0.2719] bus_reg_loss[0.3492] barrier_cls_loss[0.3265] barrier_reg_loss[0.4210] bicycle_cls_loss[0.2642] bicycle_reg_loss[0.3587] pedestrian_cls_loss[0.3229] pedestrian_reg_loss[0.5452] loss_occ[1.4353] 
2026-07-15 13:47:48,880 INFO [validation.py:156] Node[0] [32mUse train `model` as val model.[0m
2026-07-15 13:47:49,101 INFO [loop_base.py:482] Node[0] [32mStart Predictor loop from epoch 8, num_epochs=1[0m
2026-07-15 13:47:49,106 INFO [fake_quantize.py:253] Node[0] Set fake quantize state to FakeQuantState.VALIDATION
2026-07-15 13:47:55,831 INFO [loop_base.py:553] Node[0] 0 / 1505
2026-07-15 13:48:33,244 INFO [loop_base.py:553] Node[0] 200 / 1505
2026-07-15 13:49:28,707 INFO [loop_base.py:553] Node[0] 400 / 1505
2026-07-15 13:50:05,282 INFO [loop_base.py:553] Node[0] 600 / 1505
2026-07-15 13:50:29,667 INFO [loop_base.py:553] Node[0] 800 / 1505
2026-07-15 13:51:01,531 INFO [loop_base.py:553] Node[0] 1000 / 1505
2026-07-15 13:51:26,575 INFO [loop_base.py:553] Node[0] 1200 / 1505
2026-07-15 13:52:05,156 INFO [loop_base.py:553] Node[0] 1400 / 1505
2026-07-15 13:52:19,540 INFO [nuscenes_metric.py:322] Node[0] The length of self.nusc_annos is: 1505
2026-07-15 13:52:21,622 INFO [nuscenes_metric.py:346] Node[0] Results writes to ./metric_results/bevfusion_centerpoint_pointpillar_henet_multisensor_multitask_nuscenes_opt/results_nusc.json
2026-07-15 13:54:26,051 INFO [nuscenes_metric.py:388] Node[0] NDS: 0.5847, mAP:0.5161
car_AP: [0.5]:0.6803  [1.0]:0.8436  [2.0]:0.8919  [4.0]:0.9101 
truck_AP: [0.5]:0.3099  [1.0]:0.5288  [2.0]:0.6421  [4.0]:0.6765 
trailer_AP: [0.5]:0.0739  [1.0]:0.3024  [2.0]:0.4443  [4.0]:0.5303 
bus_AP: [0.5]:0.4041  [1.0]:0.6551  [2.0]:0.7952  [4.0]:0.8252 
construction_vehicle_AP: [0.5]:0.0040  [1.0]:0.1057  [2.0]:0.2482  [4.0]:0.3202 
bicycle_AP: [0.5]:0.3391  [1.0]:0.4345  [2.0]:0.4478  [4.0]:0.4596 
motorcycle_AP: [0.5]:0.3766  [1.0]:0.5932  [2.0]:0.6097  [4.0]:0.6203 
pedestrian_AP: [0.5]:0.3936  [1.0]:0.5627  [2.0]:0.5948  [4.0]:0.6302 
traffic_cone_AP: [0.5]:0.4562  [1.0]:0.5744  [2.0]:0.6166  [4.0]:0.6711 
barrier_AP: [0.5]:0.2816  [1.0]:0.5461  [2.0]:0.6127  [4.0]:0.6297 

2026-07-15 13:54:26,208 WARNING [metric.py:200] Node[0] <class 'hat.metrics.nuscenes_metric.NuscenesMetric'> not ready for distributed environment, should not be used together with DistributedSampler.Might be slow in validation due to resource competition
2026-07-15 13:54:26,231 INFO [mean_iou.py:170] Node[0] ~~~~ MeanIOU Summary metrics ~~~~
Summary:
Scope                 mIoU       mAcc       aAcc
global               47.60      54.18      75.66
Per Class Results:
Class                  IoU        Acc
others                4.35       4.59
barrier              48.60      56.21
bicycle              27.87      31.45
bus                  64.66      68.17
car                  69.12      78.14
construction_vehicle      25.16      27.59
motorcycle           36.66      39.08
pedestrian           51.70      57.13
traffic_cone         28.47      33.06
trailer              47.02      57.54
truck                54.69      62.38
driveable_surface      80.56      88.14
other_flat           34.12      39.48
sidewalk             45.67      57.68
terrain              53.68      68.96
manmade              67.99      76.46
vegetation           68.96      75.07

2026-07-15 13:54:26,232 INFO [metric_updater.py:360] Node[0] Epoch[8] Validation bevfusion_centerpoint_pointpillar_henet_multisensor_multitask_nuscenes_opt: NDS[0.5847] MeanIOU[tensor(0.4760, device='cuda:0')] 
2026-07-15 13:54:33,770 INFO [checkpoint.py:233] Node[0] Save model checkpoint: ./tmp_models/bevfusion_centerpoint_pointpillar_henet_multisensor_multitask_nuscenes_opt/float-checkpoint-epoch-0008-7dba7ed3.pth.tar
2026-07-15 13:54:34,702 INFO [checkpoint.py:270] Node[0] Save last model checkpoint: ./tmp_models/bevfusion_centerpoint_pointpillar_henet_multisensor_multitask_nuscenes_opt/float-checkpoint-last-4e3ea55a.pth.tar
2026-07-15 13:54:34,712 INFO [monitor.py:143] Node[0] Epoch[9] Begin ==================================================
2026-07-15 13:54:34,713 INFO [lr_updater.py:204] Node[0] Epoch[9] Step[0] GlobalStep[10557] lr=0.000277
2026-07-15 13:59:31,683 INFO [monitor.py:131] Node[0] Epoch[9] Step[0-199] Cost Time: 296.970s Speed: 4.04 samples/sec Remaining Time: 7:12:38 Remaining step percent: 61.79%
2026-07-15 13:59:32,849 INFO [metric_updater.py:360] Node[0] Epoch[9] Step[199] GlobalStep[10756] loss_bevfusion_centerpoint_pointpillar_henet_multisensor_multitask_nuscenes_opt: car_cls_loss[0.3774] car_reg_loss[0.3714] truck_cls_loss[0.3661] truck_reg_loss[0.3596] bus_cls_loss[0.2451] bus_reg_loss[0.3238] barrier_cls_loss[0.3001] barrier_reg_loss[0.4205] bicycle_cls_loss[0.2535] bicycle_reg_loss[0.3363] pedestrian_cls_loss[0.3149] pedestrian_reg_loss[0.5421] loss_occ[1.4290] 
2026-07-15 14:03:29,682 INFO [monitor.py:131] Node[0] Epoch[9] Step[200-399] Cost Time: 237.998s Speed: 5.04 samples/sec Remaining Time: 5:41:01 Remaining step percent: 61.08%
2026-07-15 14:03:30,854 INFO [metric_updater.py:360] Node[0] Epoch[9] Step[399] GlobalStep[10956] loss_bevfusion_centerpoint_pointpillar_henet_multisensor_multitask_nuscenes_opt: car_cls_loss[0.3692] car_reg_loss[0.3651] truck_cls_loss[0.3644] truck_reg_loss[0.3613] bus_cls_loss[0.2459] bus_reg_loss[0.3323] barrier_cls_loss[0.3166] barrier_reg_loss[0.4277] bicycle_cls_loss[0.2382] bicycle_reg_loss[0.3306] pedestrian_cls_loss[0.3075] pedestrian_reg_loss[0.5436] loss_occ[1.4085] 
2026-07-15 14:07:26,121 INFO [monitor.py:131] Node[0] Epoch[9] Step[400-599] Cost Time: 236.438s Speed: 5.08 samples/sec Remaining Time: 5:34:51 Remaining step percent: 60.37%
2026-07-15 14:07:27,408 INFO [metric_updater.py:360] Node[0] Epoch[9] Step[599] GlobalStep[11156] loss_bevfusion_centerpoint_pointpillar_henet_multisensor_multitask_nuscenes_opt: car_cls_loss[0.3666] car_reg_loss[0.3637] truck_cls_loss[0.3604] truck_reg_loss[0.3589] bus_cls_loss[0.2554] bus_reg_loss[0.3330] barrier_cls_loss[0.3276] barrier_reg_loss[0.4223] bicycle_cls_loss[0.2423] bicycle_reg_loss[0.3373] pedestrian_cls_loss[0.3052] pedestrian_reg_loss[0.5423] loss_occ[1.4056] 
2026-07-15 14:11:26,397 INFO [monitor.py:131] Node[0] Epoch[9] Step[600-799] Cost Time: 240.275s Speed: 4.99 samples/sec Remaining Time: 5:36:17 Remaining step percent: 59.66%
2026-07-15 14:11:27,480 INFO [metric_updater.py:360] Node[0] Epoch[9] Step[799] GlobalStep[11356] loss_bevfusion_centerpoint_pointpillar_henet_multisensor_multitask_nuscenes_opt: car_cls_loss[0.3700] car_reg_loss[0.3641] truck_cls_loss[0.3621] truck_reg_loss[0.3583] bus_cls_loss[0.2588] bus_reg_loss[0.3339] barrier_cls_loss[0.3234] barrier_reg_loss[0.4201] bicycle_cls_loss[0.2525] bicycle_reg_loss[0.3439] pedestrian_cls_loss[0.3081] pedestrian_reg_loss[0.5414] loss_occ[1.4023] 
2026-07-15 14:15:27,853 INFO [monitor.py:131] Node[0] Epoch[9] Step[800-999] Cost Time: 241.454s Speed: 4.97 samples/sec Remaining Time: 5:33:54 Remaining step percent: 58.95%
2026-07-15 14:15:29,143 INFO [metric_updater.py:360] Node[0] Epoch[9] Step[999] GlobalStep[11556] loss_bevfusion_centerpoint_pointpillar_henet_multisensor_multitask_nuscenes_opt: car_cls_loss[0.3696] car_reg_loss[0.3639] truck_cls_loss[0.3666] truck_reg_loss[0.3589] bus_cls_loss[0.2666] bus_reg_loss[0.3389] barrier_cls_loss[0.3292] barrier_reg_loss[0.4241] bicycle_cls_loss[0.2516] bicycle_reg_loss[0.3466] pedestrian_cls_loss[0.3110] pedestrian_reg_loss[0.5421] loss_occ[1.4046] 
2026-07-15 14:18:57,015 INFO [monitor.py:146] Node[0] Epoch[9] End   ==================================================
2026-07-15 14:18:57,017 INFO [monitor.py:149] Node[0] Epoch[9] Cost Time: 1462.304s
2026-07-15 14:18:57,017 INFO [metric_updater.py:360] Node[0] Epoch[9] loss_bevfusion_centerpoint_pointpillar_henet_multisensor_multitask_nuscenes_opt: car_cls_loss[0.3703] car_reg_loss[0.3640] truck_cls_loss[0.3658] truck_reg_loss[0.3586] bus_cls_loss[0.2602] bus_reg_loss[0.3375] barrier_cls_loss[0.3274] barrier_reg_loss[0.4218] bicycle_cls_loss[0.2526] bicycle_reg_loss[0.3453] pedestrian_cls_loss[0.3124] pedestrian_reg_loss[0.5420] loss_occ[1.4018] 
2026-07-15 14:18:57,017 INFO [validation.py:156] Node[0] [32mUse train `model` as val model.[0m
2026-07-15 14:18:57,839 INFO [loop_base.py:482] Node[0] [32mStart Predictor loop from epoch 9, num_epochs=1[0m
2026-07-15 14:18:57,841 INFO [fake_quantize.py:253] Node[0] Set fake quantize state to FakeQuantState.VALIDATION
2026-07-15 14:19:04,033 INFO [loop_base.py:553] Node[0] 0 / 1505
2026-07-15 14:19:31,187 INFO [loop_base.py:553] Node[0] 200 / 1505
2026-07-15 14:19:54,844 INFO [loop_base.py:553] Node[0] 400 / 1505
2026-07-15 14:20:29,356 INFO [loop_base.py:553] Node[0] 600 / 1505
2026-07-15 14:21:02,113 INFO [loop_base.py:553] Node[0] 800 / 1505
2026-07-15 14:21:33,585 INFO [loop_base.py:553] Node[0] 1000 / 1505
2026-07-15 14:22:02,117 INFO [loop_base.py:553] Node[0] 1200 / 1505
2026-07-15 14:22:27,088 INFO [loop_base.py:553] Node[0] 1400 / 1505
2026-07-15 14:22:41,046 INFO [nuscenes_metric.py:322] Node[0] The length of self.nusc_annos is: 1505
2026-07-15 14:22:43,149 INFO [nuscenes_metric.py:346] Node[0] Results writes to ./metric_results/bevfusion_centerpoint_pointpillar_henet_multisensor_multitask_nuscenes_opt/results_nusc.json
2026-07-15 14:24:36,289 INFO [nuscenes_metric.py:388] Node[0] NDS: 0.5828, mAP:0.5099
car_AP: [0.5]:0.6817  [1.0]:0.8349  [2.0]:0.8831  [4.0]:0.8972 
truck_AP: [0.5]:0.3194  [1.0]:0.5094  [2.0]:0.6221  [4.0]:0.6524 
trailer_AP: [0.5]:0.0565  [1.0]:0.2844  [2.0]:0.4029  [4.0]:0.5025 
bus_AP: [0.5]:0.3652  [1.0]:0.6161  [2.0]:0.7362  [4.0]:0.7854 
construction_vehicle_AP: [0.5]:0.0023  [1.0]:0.1087  [2.0]:0.2756  [4.0]:0.3319 
bicycle_AP: [0.5]:0.3266  [1.0]:0.4275  [2.0]:0.4438  [4.0]:0.4553 
motorcycle_AP: [0.5]:0.3879  [1.0]:0.5939  [2.0]:0.6446  [4.0]:0.6556 
pedestrian_AP: [0.5]:0.4042  [1.0]:0.5648  [2.0]:0.5957  [4.0]:0.6323 
traffic_cone_AP: [0.5]:0.4439  [1.0]:0.5708  [2.0]:0.6159  [4.0]:0.6706 
barrier_AP: [0.5]:0.2763  [1.0]:0.5495  [2.0]:0.6239  [4.0]:0.6469 

2026-07-15 14:24:36,442 WARNING [metric.py:200] Node[0] <class 'hat.metrics.nuscenes_metric.NuscenesMetric'> not ready for distributed environment, should not be used together with DistributedSampler.Might be slow in validation due to resource competition
2026-07-15 14:24:36,462 INFO [mean_iou.py:170] Node[0] ~~~~ MeanIOU Summary metrics ~~~~
Summary:
Scope                 mIoU       mAcc       aAcc
global               47.00      54.51      74.55
Per Class Results:
Class                  IoU        Acc
others                5.49       6.52
barrier              47.47      55.94
bicycle              28.29      33.79
bus                  62.64      66.30
car                  66.99      74.32
construction_vehicle      26.56      29.39
motorcycle           40.81      45.56
pedestrian           53.07      61.17
traffic_cone         28.13      32.82
trailer              44.67      60.88
truck                52.00      59.65
driveable_surface      78.21      82.66
other_flat           32.98      38.42
sidewalk             44.28      60.30
terrain              50.86      66.06
manmade              65.74      74.40
vegetation           70.78      78.44

2026-07-15 14:24:36,463 INFO [metric_updater.py:360] Node[0] Epoch[9] Validation bevfusion_centerpoint_pointpillar_henet_multisensor_multitask_nuscenes_opt: NDS[0.5828] MeanIOU[tensor(0.4700, device='cuda:0')] 
2026-07-15 14:24:42,842 INFO [checkpoint.py:233] Node[0] Save model checkpoint: ./tmp_models/bevfusion_centerpoint_pointpillar_henet_multisensor_multitask_nuscenes_opt/float-checkpoint-epoch-0009-96f7059f.pth.tar
2026-07-15 14:24:43,789 INFO [checkpoint.py:270] Node[0] Save last model checkpoint: ./tmp_models/bevfusion_centerpoint_pointpillar_henet_multisensor_multitask_nuscenes_opt/float-checkpoint-last-a1e1cfb0.pth.tar
2026-07-15 14:24:43,796 INFO [monitor.py:143] Node[0] Epoch[10] Begin ==================================================
2026-07-15 14:24:43,796 INFO [lr_updater.py:204] Node[0] Epoch[10] Step[0] GlobalStep[11730] lr=0.000252
2026-07-15 14:29:05,196 INFO [monitor.py:131] Node[0] Epoch[10] Step[0-199] Cost Time: 261.399s Speed: 4.59 samples/sec Remaining Time: 5:55:08 Remaining step percent: 57.62%
2026-07-15 14:29:06,093 INFO [metric_updater.py:360] Node[0] Epoch[10] Step[199] GlobalStep[11929] loss_bevfusion_centerpoint_pointpillar_henet_multisensor_multitask_nuscenes_opt: car_cls_loss[0.3588] car_reg_loss[0.3555] truck_cls_loss[0.3483] truck_reg_loss[0.3562] bus_cls_loss[0.2476] bus_reg_loss[0.3316] barrier_cls_loss[0.3169] barrier_reg_loss[0.4106] bicycle_cls_loss[0.2389] bicycle_reg_loss[0.3302] pedestrian_cls_loss[0.3070] pedestrian_reg_loss[0.5321] loss_occ[1.3530] 
2026-07-15 14:33:00,316 INFO [monitor.py:131] Node[0] Epoch[10] Step[200-399] Cost Time: 235.118s Speed: 5.10 samples/sec Remaining Time: 5:13:55 Remaining step percent: 56.91%
2026-07-15 14:33:01,403 INFO [metric_updater.py:360] Node[0] Epoch[10] Step[399] GlobalStep[12129] loss_bevfusion_centerpoint_pointpillar_henet_multisensor_multitask_nuscenes_opt: car_cls_loss[0.3578] car_reg_loss[0.3568] truck_cls_loss[0.3426] truck_reg_loss[0.3526] bus_cls_loss[0.2459] bus_reg_loss[0.3412] barrier_cls_loss[0.3120] barrier_reg_loss[0.4019] bicycle_cls_loss[0.2229] bicycle_reg_loss[0.3238] pedestrian_cls_loss[0.3009] pedestrian_reg_loss[0.5289] loss_occ[1.3727] 
2026-07-15 14:36:53,935 INFO [monitor.py:131] Node[0] Epoch[10] Step[400-599] Cost Time: 233.617s Speed: 5.14 samples/sec Remaining Time: 5:08:01 Remaining step percent: 56.20%
2026-07-15 14:36:54,874 INFO [metric_updater.py:360] Node[0] Epoch[10] Step[599] GlobalStep[12329] loss_bevfusion_centerpoint_pointpillar_henet_multisensor_multitask_nuscenes_opt: car_cls_loss[0.3549] car_reg_loss[0.3557] truck_cls_loss[0.3349] truck_reg_loss[0.3515] bus_cls_loss[0.2418] bus_reg_loss[0.3372] barrier_cls_loss[0.3118] barrier_reg_loss[0.4074] bicycle_cls_loss[0.2147] bicycle_reg_loss[0.3264] pedestrian_cls_loss[0.2999] pedestrian_reg_loss[0.5318] loss_occ[1.3631] 
2026-07-15 14:40:46,727 INFO [monitor.py:131] Node[0] Epoch[10] Step[600-799] Cost Time: 232.791s Speed: 5.15 samples/sec Remaining Time: 5:03:03 Remaining step percent: 55.49%
2026-07-15 14:40:47,839 INFO [metric_updater.py:360] Node[0] Epoch[10] Step[799] GlobalStep[12529] loss_bevfusion_centerpoint_pointpillar_henet_multisensor_multitask_nuscenes_opt: car_cls_loss[0.3581] car_reg_loss[0.3574] truck_cls_loss[0.3431] truck_reg_loss[0.3524] bus_cls_loss[0.2438] bus_reg_loss[0.3390] barrier_cls_loss[0.3095] barrier_reg_loss[0.4028] bicycle_cls_loss[0.2122] bicycle_reg_loss[0.3248] pedestrian_cls_loss[0.3022] pedestrian_reg_loss[0.5303] loss_occ[1.3680] 
2026-07-15 14:44:40,712 INFO [monitor.py:131] Node[0] Epoch[10] Step[800-999] Cost Time: 233.983s Speed: 5.13 samples/sec Remaining Time: 5:00:42 Remaining step percent: 54.78%
2026-07-15 14:44:41,856 INFO [metric_updater.py:360] Node[0] Epoch[10] Step[999] GlobalStep[12729] loss_bevfusion_centerpoint_pointpillar_henet_multisensor_multitask_nuscenes_opt: car_cls_loss[0.3582] car_reg_loss[0.3578] truck_cls_loss[0.3446] truck_reg_loss[0.3524] bus_cls_loss[0.2418] bus_reg_loss[0.3366] barrier_cls_loss[0.3083] barrier_reg_loss[0.4029] bicycle_cls_loss[0.2175] bicycle_reg_loss[0.3308] pedestrian_cls_loss[0.3026] pedestrian_reg_loss[0.5320] loss_occ[1.3744] 
2026-07-15 14:48:05,596 INFO [monitor.py:146] Node[0] Epoch[10] End   ==================================================
2026-07-15 14:48:05,598 INFO [monitor.py:149] Node[0] Epoch[10] Cost Time: 1401.802s
2026-07-15 14:48:05,598 INFO [metric_updater.py:360] Node[0] Epoch[10] loss_bevfusion_centerpoint_pointpillar_henet_multisensor_multitask_nuscenes_opt: car_cls_loss[0.3582] car_reg_loss[0.3575] truck_cls_loss[0.3435] truck_reg_loss[0.3518] bus_cls_loss[0.2402] bus_reg_loss[0.3339] barrier_cls_loss[0.3058] barrier_reg_loss[0.4047] bicycle_cls_loss[0.2140] bicycle_reg_loss[0.3293] pedestrian_cls_loss[0.3018] pedestrian_reg_loss[0.5318] loss_occ[1.3746] 
2026-07-15 14:48:05,599 INFO [validation.py:156] Node[0] [32mUse train `model` as val model.[0m
2026-07-15 14:48:05,767 INFO [loop_base.py:482] Node[0] [32mStart Predictor loop from epoch 10, num_epochs=1[0m
2026-07-15 14:48:05,771 INFO [fake_quantize.py:253] Node[0] Set fake quantize state to FakeQuantState.VALIDATION
2026-07-15 14:48:13,224 INFO [loop_base.py:553] Node[0] 0 / 1505
2026-07-15 14:48:43,737 INFO [loop_base.py:553] Node[0] 200 / 1505
2026-07-15 14:49:22,681 INFO [loop_base.py:553] Node[0] 400 / 1505
2026-07-15 14:49:54,605 INFO [loop_base.py:553] Node[0] 600 / 1505
2026-07-15 14:50:27,729 INFO [loop_base.py:553] Node[0] 800 / 1505
2026-07-15 14:51:01,212 INFO [loop_base.py:553] Node[0] 1000 / 1505
2026-07-15 14:51:33,492 INFO [loop_base.py:553] Node[0] 1200 / 1505
2026-07-15 14:52:09,737 INFO [loop_base.py:553] Node[0] 1400 / 1505
2026-07-15 14:52:24,152 INFO [nuscenes_metric.py:322] Node[0] The length of self.nusc_annos is: 1505
2026-07-15 14:52:26,087 INFO [nuscenes_metric.py:346] Node[0] Results writes to ./metric_results/bevfusion_centerpoint_pointpillar_henet_multisensor_multitask_nuscenes_opt/results_nusc.json
2026-07-15 14:54:30,919 INFO [nuscenes_metric.py:388] Node[0] NDS: 0.5911, mAP:0.5192
car_AP: [0.5]:0.6880  [1.0]:0.8408  [2.0]:0.8889  [4.0]:0.9033 
truck_AP: [0.5]:0.3112  [1.0]:0.5140  [2.0]:0.6157  [4.0]:0.6492 
trailer_AP: [0.5]:0.0455  [1.0]:0.2518  [2.0]:0.3790  [4.0]:0.4668 
bus_AP: [0.5]:0.3979  [1.0]:0.6505  [2.0]:0.7948  [4.0]:0.8230 
construction_vehicle_AP: [0.5]:0.0065  [1.0]:0.1233  [2.0]:0.2835  [4.0]:0.3567 
bicycle_AP: [0.5]:0.3438  [1.0]:0.4607  [2.0]:0.4740  [4.0]:0.4862 
motorcycle_AP: [0.5]:0.3956  [1.0]:0.5924  [2.0]:0.6488  [4.0]:0.6600 
pedestrian_AP: [0.5]:0.3816  [1.0]:0.5601  [2.0]:0.5946  [4.0]:0.6347 
traffic_cone_AP: [0.5]:0.4451  [1.0]:0.5789  [2.0]:0.6254  [4.0]:0.6734 
barrier_AP: [0.5]:0.3072  [1.0]:0.5804  [2.0]:0.6564  [4.0]:0.6802 

2026-07-15 14:54:31,087 WARNING [metric.py:200] Node[0] <class 'hat.metrics.nuscenes_metric.NuscenesMetric'> not ready for distributed environment, should not be used together with DistributedSampler.Might be slow in validation due to resource competition
2026-07-15 14:54:31,110 INFO [mean_iou.py:170] Node[0] ~~~~ MeanIOU Summary metrics ~~~~
Summary:
Scope                 mIoU       mAcc       aAcc
global               46.74      54.42      73.10
Per Class Results:
Class                  IoU        Acc
others                4.16       4.35
barrier              51.76      66.36
bicycle              27.92      32.49
bus                  65.05      69.56
car                  67.43      77.51
construction_vehicle      28.52      34.11
motorcycle           36.31      39.91
pedestrian           52.02      60.47
traffic_cone         28.63      34.11
trailer              45.03      52.77
truck                53.84      63.27
driveable_surface      78.09      82.71
other_flat           33.26      39.09
sidewalk             42.54      54.51
terrain              47.85      65.98
manmade              62.95      70.03
vegetation           69.19      77.86

2026-07-15 14:54:31,112 INFO [metric_updater.py:360] Node[0] Epoch[10] Validation bevfusion_centerpoint_pointpillar_henet_multisensor_multitask_nuscenes_opt: NDS[0.5911] MeanIOU[tensor(0.4674, device='cuda:0')] 
2026-07-15 14:54:38,155 INFO [checkpoint.py:233] Node[0] Save model checkpoint: ./tmp_models/bevfusion_centerpoint_pointpillar_henet_multisensor_multitask_nuscenes_opt/float-checkpoint-epoch-0010-3bf88854.pth.tar
2026-07-15 14:54:39,107 INFO [checkpoint.py:270] Node[0] Save last model checkpoint: ./tmp_models/bevfusion_centerpoint_pointpillar_henet_multisensor_multitask_nuscenes_opt/float-checkpoint-last-df695ef6.pth.tar
2026-07-15 14:54:39,115 INFO [monitor.py:143] Node[0] Epoch[11] Begin ==================================================
2026-07-15 14:54:39,116 INFO [lr_updater.py:204] Node[0] Epoch[11] Step[0] GlobalStep[12903] lr=0.000226
2026-07-15 14:59:00,228 INFO [monitor.py:131] Node[0] Epoch[11] Step[0-199] Cost Time: 261.112s Speed: 4.60 samples/sec Remaining Time: 5:29:06 Remaining step percent: 53.46%
2026-07-15 14:59:01,496 INFO [metric_updater.py:360] Node[0] Epoch[11] Step[199] GlobalStep[13102] loss_bevfusion_centerpoint_pointpillar_henet_multisensor_multitask_nuscenes_opt: car_cls_loss[0.3451] car_reg_loss[0.3526] truck_cls_loss[0.3183] truck_reg_loss[0.3481] bus_cls_loss[0.2124] bus_reg_loss[0.3099] barrier_cls_loss[0.2788] barrier_reg_loss[0.4061] bicycle_cls_loss[0.2016] bicycle_reg_loss[0.3440] pedestrian_cls_loss[0.2739] pedestrian_reg_loss[0.5259] loss_occ[1.3782] 
2026-07-15 15:02:56,508 INFO [monitor.py:131] Node[0] Epoch[11] Step[200-399] Cost Time: 236.278s Speed: 5.08 samples/sec Remaining Time: 4:52:22 Remaining step percent: 52.75%
2026-07-15 15:02:57,586 INFO [metric_updater.py:360] Node[0] Epoch[11] Step[399] GlobalStep[13302] loss_bevfusion_centerpoint_pointpillar_henet_multisensor_multitask_nuscenes_opt: car_cls_loss[0.3493] car_reg_loss[0.3518] truck_cls_loss[0.3217] truck_reg_loss[0.3432] bus_cls_loss[0.2086] bus_reg_loss[0.3164] barrier_cls_loss[0.2808] barrier_reg_loss[0.4044] bicycle_cls_loss[0.1927] bicycle_reg_loss[0.3287] pedestrian_cls_loss[0.2819] pedestrian_reg_loss[0.5236] loss_occ[1.3748] 
2026-07-15 15:06:51,152 INFO [monitor.py:131] Node[0] Epoch[11] Step[400-599] Cost Time: 234.642s Speed: 5.11 samples/sec Remaining Time: 4:46:26 Remaining step percent: 52.04%
2026-07-15 15:06:52,293 INFO [metric_updater.py:360] Node[0] Epoch[11] Step[599] GlobalStep[13502] loss_bevfusion_centerpoint_pointpillar_henet_multisensor_multitask_nuscenes_opt: car_cls_loss[0.3480] car_reg_loss[0.3519] truck_cls_loss[0.3224] truck_reg_loss[0.3424] bus_cls_loss[0.2120] bus_reg_loss[0.3194] barrier_cls_loss[0.2800] barrier_reg_loss[0.3940] bicycle_cls_loss[0.1976] bicycle_reg_loss[0.3310] pedestrian_cls_loss[0.2815] pedestrian_reg_loss[0.5262] loss_occ[1.3743] 
2026-07-15 15:10:49,546 INFO [monitor.py:131] Node[0] Epoch[11] Step[600-799] Cost Time: 238.394s Speed: 5.03 samples/sec Remaining Time: 4:47:02 Remaining step percent: 51.32%
2026-07-15 15:10:50,663 INFO [metric_updater.py:360] Node[0] Epoch[11] Step[799] GlobalStep[13702] loss_bevfusion_centerpoint_pointpillar_henet_multisensor_multitask_nuscenes_opt: car_cls_loss[0.3504] car_reg_loss[0.3517] truck_cls_loss[0.3196] truck_reg_loss[0.3418] bus_cls_loss[0.2192] bus_reg_loss[0.3186] barrier_cls_loss[0.2804] barrier_reg_loss[0.3972] bicycle_cls_loss[0.1994] bicycle_reg_loss[0.3281] pedestrian_cls_loss[0.2805] pedestrian_reg_loss[0.5251] loss_occ[1.3705] 
2026-07-15 15:14:46,481 INFO [monitor.py:131] Node[0] Epoch[11] Step[800-999] Cost Time: 236.933s Speed: 5.06 samples/sec Remaining Time: 4:41:20 Remaining step percent: 50.61%
2026-07-15 15:14:47,728 INFO [metric_updater.py:360] Node[0] Epoch[11] Step[999] GlobalStep[13902] loss_bevfusion_centerpoint_pointpillar_henet_multisensor_multitask_nuscenes_opt: car_cls_loss[0.3494] car_reg_loss[0.3515] truck_cls_loss[0.3218] truck_reg_loss[0.3426] bus_cls_loss[0.2192] bus_reg_loss[0.3181] barrier_cls_loss[0.2790] barrier_reg_loss[0.3970] bicycle_cls_loss[0.1984] bicycle_reg_loss[0.3261] pedestrian_cls_loss[0.2830] pedestrian_reg_loss[0.5252] loss_occ[1.3681] 
2026-07-15 15:18:30,868 INFO [monitor.py:146] Node[0] Epoch[11] End   ==================================================
2026-07-15 15:18:30,870 INFO [monitor.py:149] Node[0] Epoch[11] Cost Time: 1431.755s
2026-07-15 15:18:30,870 INFO [metric_updater.py:360] Node[0] Epoch[11] loss_bevfusion_centerpoint_pointpillar_henet_multisensor_multitask_nuscenes_opt: car_cls_loss[0.3496] car_reg_loss[0.3522] truck_cls_loss[0.3221] truck_reg_loss[0.3418] bus_cls_loss[0.2200] bus_reg_loss[0.3172] barrier_cls_loss[0.2842] barrier_reg_loss[0.3985] bicycle_cls_loss[0.1980] bicycle_reg_loss[0.3266] pedestrian_cls_loss[0.2852] pedestrian_reg_loss[0.5241] loss_occ[1.3693] 
2026-07-15 15:18:30,870 INFO [validation.py:156] Node[0] [32mUse train `model` as val model.[0m
2026-07-15 15:18:31,084 INFO [loop_base.py:482] Node[0] [32mStart Predictor loop from epoch 11, num_epochs=1[0m
2026-07-15 15:18:31,090 INFO [fake_quantize.py:253] Node[0] Set fake quantize state to FakeQuantState.VALIDATION
2026-07-15 15:18:36,478 INFO [loop_base.py:553] Node[0] 0 / 1505
2026-07-15 15:19:05,574 INFO [loop_base.py:553] Node[0] 200 / 1505
2026-07-15 15:19:39,996 INFO [loop_base.py:553] Node[0] 400 / 1505
2026-07-15 15:20:18,572 INFO [loop_base.py:553] Node[0] 600 / 1505
2026-07-15 15:20:56,840 INFO [loop_base.py:553] Node[0] 800 / 1505
2026-07-15 15:21:21,445 INFO [loop_base.py:553] Node[0] 1000 / 1505
2026-07-15 15:21:54,098 INFO [loop_base.py:553] Node[0] 1200 / 1505
2026-07-15 15:22:18,419 INFO [loop_base.py:553] Node[0] 1400 / 1505
2026-07-15 15:22:32,217 INFO [nuscenes_metric.py:322] Node[0] The length of self.nusc_annos is: 1505
2026-07-15 15:22:34,153 INFO [nuscenes_metric.py:346] Node[0] Results writes to ./metric_results/bevfusion_centerpoint_pointpillar_henet_multisensor_multitask_nuscenes_opt/results_nusc.json
2026-07-15 15:24:36,856 INFO [nuscenes_metric.py:388] Node[0] NDS: 0.5827, mAP:0.5070
car_AP: [0.5]:0.6870  [1.0]:0.8443  [2.0]:0.8872  [4.0]:0.9064 
truck_AP: [0.5]:0.3148  [1.0]:0.5060  [2.0]:0.5986  [4.0]:0.6394 
trailer_AP: [0.5]:0.0430  [1.0]:0.2281  [2.0]:0.3485  [4.0]:0.4996 
bus_AP: [0.5]:0.4271  [1.0]:0.6867  [2.0]:0.7959  [4.0]:0.8221 
construction_vehicle_AP: [0.5]:0.0022  [1.0]:0.1156  [2.0]:0.2648  [4.0]:0.3299 
bicycle_AP: [0.5]:0.2906  [1.0]:0.3979  [2.0]:0.4144  [4.0]:0.4245 
motorcycle_AP: [0.5]:0.3645  [1.0]:0.5523  [2.0]:0.6031  [4.0]:0.6049 
pedestrian_AP: [0.5]:0.3853  [1.0]:0.5590  [2.0]:0.5891  [4.0]:0.6255 
traffic_cone_AP: [0.5]:0.4592  [1.0]:0.5820  [2.0]:0.6210  [4.0]:0.6785 
barrier_AP: [0.5]:0.3035  [1.0]:0.5728  [2.0]:0.6396  [4.0]:0.6644 

2026-07-15 15:24:37,017 WARNING [metric.py:200] Node[0] <class 'hat.metrics.nuscenes_metric.NuscenesMetric'> not ready for distributed environment, should not be used together with DistributedSampler.Might be slow in validation due to resource competition
2026-07-15 15:24:37,041 INFO [mean_iou.py:170] Node[0] ~~~~ MeanIOU Summary metrics ~~~~
Summary:
Scope                 mIoU       mAcc       aAcc
global               47.94      55.34      76.58
Per Class Results:
Class                  IoU        Acc
others                4.06       4.21
barrier              51.23      62.33
bicycle              25.49      28.53
bus                  68.98      73.23
car                  68.18      75.42
construction_vehicle      26.53      30.82
motorcycle           33.41      35.20
pedestrian           52.07      58.83
traffic_cone         28.11      32.97
trailer              47.59      65.69
truck                55.54      65.58
driveable_surface      80.64      87.98
other_flat           35.39      41.80
sidewalk             44.51      53.40
terrain              53.59      68.33
manmade              69.17      81.08
vegetation           70.44      75.45

2026-07-15 15:24:37,043 INFO [metric_updater.py:360] Node[0] Epoch[11] Validation bevfusion_centerpoint_pointpillar_henet_multisensor_multitask_nuscenes_opt: NDS[0.5827] MeanIOU[tensor(0.4794, device='cuda:0')] 
2026-07-15 15:24:44,464 INFO [checkpoint.py:233] Node[0] Save model checkpoint: ./tmp_models/bevfusion_centerpoint_pointpillar_henet_multisensor_multitask_nuscenes_opt/float-checkpoint-epoch-0011-d9cfb913.pth.tar
2026-07-15 15:24:45,392 INFO [checkpoint.py:270] Node[0] Save last model checkpoint: ./tmp_models/bevfusion_centerpoint_pointpillar_henet_multisensor_multitask_nuscenes_opt/float-checkpoint-last-b876081d.pth.tar
2026-07-15 15:24:45,400 INFO [monitor.py:143] Node[0] Epoch[12] Begin ==================================================
2026-07-15 15:24:45,400 INFO [lr_updater.py:204] Node[0] Epoch[12] Step[0] GlobalStep[14076] lr=0.000200
2026-07-15 15:29:27,017 INFO [monitor.py:131] Node[0] Epoch[12] Step[0-199] Cost Time: 281.617s Speed: 4.26 samples/sec Remaining Time: 5:27:16 Remaining step percent: 49.29%
2026-07-15 15:29:28,163 INFO [metric_updater.py:360] Node[0] Epoch[12] Step[199] GlobalStep[14275] loss_bevfusion_centerpoint_pointpillar_henet_multisensor_multitask_nuscenes_opt: car_cls_loss[0.3419] car_reg_loss[0.3512] truck_cls_loss[0.2889] truck_reg_loss[0.3303] bus_cls_loss[0.2256] bus_reg_loss[0.3254] barrier_cls_loss[0.2730] barrier_reg_loss[0.3936] bicycle_cls_loss[0.1984] bicycle_reg_loss[0.3185] pedestrian_cls_loss[0.2911] pedestrian_reg_loss[0.5220] loss_occ[1.3449] 
2026-07-15 15:33:27,133 INFO [monitor.py:131] Node[0] Epoch[12] Step[200-399] Cost Time: 240.114s Speed: 5.00 samples/sec Remaining Time: 4:33:39 Remaining step percent: 48.58%
2026-07-15 15:33:28,283 INFO [metric_updater.py:360] Node[0] Epoch[12] Step[399] GlobalStep[14475] loss_bevfusion_centerpoint_pointpillar_henet_multisensor_multitask_nuscenes_opt: car_cls_loss[0.3416] car_reg_loss[0.3483] truck_cls_loss[0.2913] truck_reg_loss[0.3320] bus_cls_loss[0.2126] bus_reg_loss[0.3181] barrier_cls_loss[0.2775] barrier_reg_loss[0.3946] bicycle_cls_loss[0.1847] bicycle_reg_loss[0.3178] pedestrian_cls_loss[0.2822] pedestrian_reg_loss[0.5207] loss_occ[1.3307] 
2026-07-15 15:37:21,391 INFO [monitor.py:131] Node[0] Epoch[12] Step[400-599] Cost Time: 234.256s Speed: 5.12 samples/sec Remaining Time: 4:23:04 Remaining step percent: 47.87%
2026-07-15 15:37:22,553 INFO [metric_updater.py:360] Node[0] Epoch[12] Step[599] GlobalStep[14675] loss_bevfusion_centerpoint_pointpillar_henet_multisensor_multitask_nuscenes_opt: car_cls_loss[0.3400] car_reg_loss[0.3472] truck_cls_loss[0.2979] truck_reg_loss[0.3360] bus_cls_loss[0.2211] bus_reg_loss[0.3205] barrier_cls_loss[0.2831] barrier_reg_loss[0.3943] bicycle_cls_loss[0.1833] bicycle_reg_loss[0.3135] pedestrian_cls_loss[0.2800] pedestrian_reg_loss[0.5203] loss_occ[1.3283] 
2026-07-15 15:41:16,404 INFO [monitor.py:131] Node[0] Epoch[12] Step[600-799] Cost Time: 235.011s Speed: 5.11 samples/sec Remaining Time: 4:20:00 Remaining step percent: 47.16%
2026-07-15 15:41:17,379 INFO [metric_updater.py:360] Node[0] Epoch[12] Step[799] GlobalStep[14875] loss_bevfusion_centerpoint_pointpillar_henet_multisensor_multitask_nuscenes_opt: car_cls_loss[0.3421] car_reg_loss[0.3475] truck_cls_loss[0.2960] truck_reg_loss[0.3335] bus_cls_loss[0.2168] bus_reg_loss[0.3161] barrier_cls_loss[0.2782] barrier_reg_loss[0.3919] bicycle_cls_loss[0.1872] bicycle_reg_loss[0.3160] pedestrian_cls_loss[0.2776] pedestrian_reg_loss[0.5190] loss_occ[1.3317] 
2026-07-15 15:45:13,730 INFO [monitor.py:131] Node[0] Epoch[12] Step[800-999] Cost Time: 237.324s Speed: 5.06 samples/sec Remaining Time: 4:18:36 Remaining step percent: 46.45%
2026-07-15 15:45:14,821 INFO [metric_updater.py:360] Node[0] Epoch[12] Step[999] GlobalStep[15075] loss_bevfusion_centerpoint_pointpillar_henet_multisensor_multitask_nuscenes_opt: car_cls_loss[0.3415] car_reg_loss[0.3477] truck_cls_loss[0.2973] truck_reg_loss[0.3332] bus_cls_loss[0.2157] bus_reg_loss[0.3153] barrier_cls_loss[0.2811] barrier_reg_loss[0.3925] bicycle_cls_loss[0.1833] bicycle_reg_loss[0.3149] pedestrian_cls_loss[0.2793] pedestrian_reg_loss[0.5206] loss_occ[1.3342] 
2026-07-15 15:48:44,922 INFO [monitor.py:146] Node[0] Epoch[12] End   ==================================================
2026-07-15 15:48:44,924 INFO [monitor.py:149] Node[0] Epoch[12] Cost Time: 1439.524s
2026-07-15 15:48:44,924 INFO [metric_updater.py:360] Node[0] Epoch[12] loss_bevfusion_centerpoint_pointpillar_henet_multisensor_multitask_nuscenes_opt: car_cls_loss[0.3421] car_reg_loss[0.3480] truck_cls_loss[0.2968] truck_reg_loss[0.3336] bus_cls_loss[0.2110] bus_reg_loss[0.3127] barrier_cls_loss[0.2796] barrier_reg_loss[0.3923] bicycle_cls_loss[0.1849] bicycle_reg_loss[0.3153] pedestrian_cls_loss[0.2788] pedestrian_reg_loss[0.5194] loss_occ[1.3344] 
2026-07-15 15:48:44,924 INFO [validation.py:156] Node[0] [32mUse train `model` as val model.[0m
2026-07-15 15:48:45,095 INFO [loop_base.py:482] Node[0] [32mStart Predictor loop from epoch 12, num_epochs=1[0m
2026-07-15 15:48:45,098 INFO [fake_quantize.py:253] Node[0] Set fake quantize state to FakeQuantState.VALIDATION
2026-07-15 15:48:51,949 INFO [loop_base.py:553] Node[0] 0 / 1505
2026-07-15 15:49:21,024 INFO [loop_base.py:553] Node[0] 200 / 1505
2026-07-15 15:49:56,329 INFO [loop_base.py:553] Node[0] 400 / 1505
2026-07-15 15:50:25,252 INFO [loop_base.py:553] Node[0] 600 / 1505
2026-07-15 15:51:00,214 INFO [loop_base.py:553] Node[0] 800 / 1505
2026-07-15 15:51:24,603 INFO [loop_base.py:553] Node[0] 1000 / 1505
2026-07-15 15:52:01,520 INFO [loop_base.py:553] Node[0] 1200 / 1505
2026-07-15 15:52:25,872 INFO [loop_base.py:553] Node[0] 1400 / 1505
2026-07-15 15:52:39,967 INFO [nuscenes_metric.py:322] Node[0] The length of self.nusc_annos is: 1505
2026-07-15 15:52:42,030 INFO [nuscenes_metric.py:346] Node[0] Results writes to ./metric_results/bevfusion_centerpoint_pointpillar_henet_multisensor_multitask_nuscenes_opt/results_nusc.json
2026-07-15 15:54:31,889 INFO [nuscenes_metric.py:388] Node[0] NDS: 0.5912, mAP:0.5113
car_AP: [0.5]:0.6971  [1.0]:0.8462  [2.0]:0.8932  [4.0]:0.9069 
truck_AP: [0.5]:0.3204  [1.0]:0.5330  [2.0]:0.6379  [4.0]:0.6698 
trailer_AP: [0.5]:0.0760  [1.0]:0.2688  [2.0]:0.4127  [4.0]:0.4915 
bus_AP: [0.5]:0.4145  [1.0]:0.6650  [2.0]:0.7896  [4.0]:0.8162 
construction_vehicle_AP: [0.5]:0.0130  [1.0]:0.1292  [2.0]:0.2785  [4.0]:0.3467 
bicycle_AP: [0.5]:0.3109  [1.0]:0.4126  [2.0]:0.4247  [4.0]:0.4351 
motorcycle_AP: [0.5]:0.3519  [1.0]:0.5281  [2.0]:0.5789  [4.0]:0.5808 
pedestrian_AP: [0.5]:0.3899  [1.0]:0.5579  [2.0]:0.5946  [4.0]:0.6304 
traffic_cone_AP: [0.5]:0.4536  [1.0]:0.5777  [2.0]:0.6223  [4.0]:0.6694 
barrier_AP: [0.5]:0.2966  [1.0]:0.5459  [2.0]:0.6313  [4.0]:0.6543 

2026-07-15 15:54:32,035 WARNING [metric.py:200] Node[0] <class 'hat.metrics.nuscenes_metric.NuscenesMetric'> not ready for distributed environment, should not be used together with DistributedSampler.Might be slow in validation due to resource competition
2026-07-15 15:54:32,056 INFO [mean_iou.py:170] Node[0] ~~~~ MeanIOU Summary metrics ~~~~
Summary:
Scope                 mIoU       mAcc       aAcc
global               48.61      55.86      77.01
Per Class Results:
Class                  IoU        Acc
others                4.38       4.59
barrier              52.88      64.75
bicycle              25.75      28.92
bus                  67.05      71.32
car                  70.55      79.28
construction_vehicle      28.57      32.77
motorcycle           34.26      36.02
pedestrian           54.09      60.95
traffic_cone         29.87      35.38
trailer              45.89      53.28
truck                57.27      67.26
driveable_surface      80.42      88.07
other_flat           36.23      43.47
sidewalk             47.08      63.15
terrain              51.80      64.84
manmade              67.92      74.94
vegetation           72.28      80.58

2026-07-15 15:54:32,060 INFO [metric_updater.py:360] Node[0] Epoch[12] Validation bevfusion_centerpoint_pointpillar_henet_multisensor_multitask_nuscenes_opt: NDS[0.5912] MeanIOU[tensor(0.4861, device='cuda:0')] 
2026-07-15 15:54:37,490 INFO [checkpoint.py:233] Node[0] Save model checkpoint: ./tmp_models/bevfusion_centerpoint_pointpillar_henet_multisensor_multitask_nuscenes_opt/float-checkpoint-epoch-0012-a17b7258.pth.tar
2026-07-15 15:54:38,284 INFO [checkpoint.py:270] Node[0] Save last model checkpoint: ./tmp_models/bevfusion_centerpoint_pointpillar_henet_multisensor_multitask_nuscenes_opt/float-checkpoint-last-f31d43c6.pth.tar
2026-07-15 15:54:38,292 INFO [monitor.py:143] Node[0] Epoch[13] Begin ==================================================
2026-07-15 15:54:38,292 INFO [lr_updater.py:204] Node[0] Epoch[13] Step[0] GlobalStep[15249] lr=0.000174
2026-07-15 15:58:59,571 INFO [monitor.py:131] Node[0] Epoch[13] Step[0-199] Cost Time: 261.279s Speed: 4.59 samples/sec Remaining Time: 4:37:58 Remaining step percent: 45.12%
2026-07-15 15:59:00,617 INFO [metric_updater.py:360] Node[0] Epoch[13] Step[199] GlobalStep[15448] loss_bevfusion_centerpoint_pointpillar_henet_multisensor_multitask_nuscenes_opt: car_cls_loss[0.3281] car_reg_loss[0.3392] truck_cls_loss[0.2927] truck_reg_loss[0.3313] bus_cls_loss[0.1866] bus_reg_loss[0.3142] barrier_cls_loss[0.2244] barrier_reg_loss[0.3761] bicycle_cls_loss[0.1506] bicycle_reg_loss[0.3141] pedestrian_cls_loss[0.2642] pedestrian_reg_loss[0.5099] loss_occ[1.3285] 
2026-07-15 16:02:57,608 INFO [monitor.py:131] Node[0] Epoch[13] Step[200-399] Cost Time: 238.036s Speed: 5.04 samples/sec Remaining Time: 4:08:00 Remaining step percent: 44.41%
2026-07-15 16:02:58,780 INFO [metric_updater.py:360] Node[0] Epoch[13] Step[399] GlobalStep[15648] loss_bevfusion_centerpoint_pointpillar_henet_multisensor_multitask_nuscenes_opt: car_cls_loss[0.3309] car_reg_loss[0.3409] truck_cls_loss[0.2827] truck_reg_loss[0.3293] bus_cls_loss[0.1818] bus_reg_loss[0.3093] barrier_cls_loss[0.2442] barrier_reg_loss[0.3881] bicycle_cls_loss[0.1604] bicycle_reg_loss[0.3118] pedestrian_cls_loss[0.2680] pedestrian_reg_loss[0.5127] loss_occ[1.3294] 
2026-07-15 16:07:01,662 INFO [monitor.py:131] Node[0] Epoch[13] Step[400-599] Cost Time: 244.050s Speed: 4.92 samples/sec Remaining Time: 4:10:12 Remaining step percent: 43.70%
2026-07-15 16:07:03,639 INFO [metric_updater.py:360] Node[0] Epoch[13] Step[599] GlobalStep[15848] loss_bevfusion_centerpoint_pointpillar_henet_multisensor_multitask_nuscenes_opt: car_cls_loss[0.3343] car_reg_loss[0.3435] truck_cls_loss[0.2799] truck_reg_loss[0.3291] bus_cls_loss[0.1863] bus_reg_loss[0.3092] barrier_cls_loss[0.2455] barrier_reg_loss[0.3878] bicycle_cls_loss[0.1657] bicycle_reg_loss[0.3130] pedestrian_cls_loss[0.2650] pedestrian_reg_loss[0.5122] loss_occ[1.3291] 
2026-07-15 16:11:18,790 INFO [monitor.py:131] Node[0] Epoch[13] Step[600-799] Cost Time: 257.121s Speed: 4.67 samples/sec Remaining Time: 4:19:19 Remaining step percent: 42.99%
2026-07-15 16:11:19,967 INFO [metric_updater.py:360] Node[0] Epoch[13] Step[799] GlobalStep[16048] loss_bevfusion_centerpoint_pointpillar_henet_multisensor_multitask_nuscenes_opt: car_cls_loss[0.3362] car_reg_loss[0.3446] truck_cls_loss[0.2802] truck_reg_loss[0.3285] bus_cls_loss[0.1867] bus_reg_loss[0.3074] barrier_cls_loss[0.2502] barrier_reg_loss[0.3884] bicycle_cls_loss[0.1657] bicycle_reg_loss[0.3113] pedestrian_cls_loss[0.2646] pedestrian_reg_loss[0.5125] loss_occ[1.3282] 
2026-07-15 16:15:21,848 INFO [monitor.py:131] Node[0] Epoch[13] Step[800-999] Cost Time: 243.056s Speed: 4.94 samples/sec Remaining Time: 4:01:05 Remaining step percent: 42.28%
2026-07-15 16:15:23,073 INFO [metric_updater.py:360] Node[0] Epoch[13] Step[999] GlobalStep[16248] loss_bevfusion_centerpoint_pointpillar_henet_multisensor_multitask_nuscenes_opt: car_cls_loss[0.3376] car_reg_loss[0.3451] truck_cls_loss[0.2779] truck_reg_loss[0.3263] bus_cls_loss[0.1926] bus_reg_loss[0.3040] barrier_cls_loss[0.2547] barrier_reg_loss[0.3859] bicycle_cls_loss[0.1695] bicycle_reg_loss[0.3152] pedestrian_cls_loss[0.2662] pedestrian_reg_loss[0.5134] loss_occ[1.3317] 
2026-07-15 16:18:48,744 INFO [monitor.py:146] Node[0] Epoch[13] End   ==================================================
2026-07-15 16:18:48,745 INFO [monitor.py:149] Node[0] Epoch[13] Cost Time: 1450.454s
2026-07-15 16:18:48,745 INFO [metric_updater.py:360] Node[0] Epoch[13] loss_bevfusion_centerpoint_pointpillar_henet_multisensor_multitask_nuscenes_opt: car_cls_loss[0.3382] car_reg_loss[0.3457] truck_cls_loss[0.2751] truck_reg_loss[0.3252] bus_cls_loss[0.1911] bus_reg_loss[0.3012] barrier_cls_loss[0.2567] barrier_reg_loss[0.3859] bicycle_cls_loss[0.1685] bicycle_reg_loss[0.3170] pedestrian_cls_loss[0.2675] pedestrian_reg_loss[0.5133] loss_occ[1.3313] 
2026-07-15 16:18:48,746 INFO [validation.py:156] Node[0] [32mUse train `model` as val model.[0m
2026-07-15 16:18:49,414 INFO [loop_base.py:482] Node[0] [32mStart Predictor loop from epoch 13, num_epochs=1[0m
2026-07-15 16:18:49,416 INFO [fake_quantize.py:253] Node[0] Set fake quantize state to FakeQuantState.VALIDATION
2026-07-15 16:18:57,067 INFO [loop_base.py:553] Node[0] 0 / 1505
2026-07-15 16:19:27,836 INFO [loop_base.py:553] Node[0] 200 / 1505
2026-07-15 16:20:01,680 INFO [loop_base.py:553] Node[0] 400 / 1505
2026-07-15 16:20:42,948 INFO [loop_base.py:553] Node[0] 600 / 1505
2026-07-15 16:21:18,108 INFO [loop_base.py:553] Node[0] 800 / 1505
2026-07-15 16:21:55,854 INFO [loop_base.py:553] Node[0] 1000 / 1505
2026-07-15 16:22:34,162 INFO [loop_base.py:553] Node[0] 1200 / 1505
2026-07-15 16:23:00,644 INFO [loop_base.py:553] Node[0] 1400 / 1505
2026-07-15 16:23:14,666 INFO [nuscenes_metric.py:322] Node[0] The length of self.nusc_annos is: 1505
2026-07-15 16:23:16,166 INFO [nuscenes_metric.py:346] Node[0] Results writes to ./metric_results/bevfusion_centerpoint_pointpillar_henet_multisensor_multitask_nuscenes_opt/results_nusc.json
2026-07-15 16:25:19,723 INFO [nuscenes_metric.py:388] Node[0] NDS: 0.5858, mAP:0.5002
car_AP: [0.5]:0.6880  [1.0]:0.8424  [2.0]:0.8849  [4.0]:0.9034 
truck_AP: [0.5]:0.2879  [1.0]:0.4807  [2.0]:0.5901  [4.0]:0.6160 
trailer_AP: [0.5]:0.0553  [1.0]:0.2537  [2.0]:0.3986  [4.0]:0.5172 
bus_AP: [0.5]:0.3929  [1.0]:0.6433  [2.0]:0.7689  [4.0]:0.7971 
construction_vehicle_AP: [0.5]:0.0114  [1.0]:0.1361  [2.0]:0.2617  [4.0]:0.3330 
bicycle_AP: [0.5]:0.2759  [1.0]:0.3684  [2.0]:0.3845  [4.0]:0.3889 
motorcycle_AP: [0.5]:0.3533  [1.0]:0.5473  [2.0]:0.5825  [4.0]:0.5932 
pedestrian_AP: [0.5]:0.3857  [1.0]:0.5571  [2.0]:0.5862  [4.0]:0.6209 
traffic_cone_AP: [0.5]:0.4640  [1.0]:0.5842  [2.0]:0.6259  [4.0]:0.6806 
barrier_AP: [0.5]:0.2960  [1.0]:0.5585  [2.0]:0.6337  [4.0]:0.6570 

2026-07-15 16:25:19,879 WARNING [metric.py:200] Node[0] <class 'hat.metrics.nuscenes_metric.NuscenesMetric'> not ready for distributed environment, should not be used together with DistributedSampler.Might be slow in validation due to resource competition
2026-07-15 16:25:19,895 INFO [mean_iou.py:170] Node[0] ~~~~ MeanIOU Summary metrics ~~~~
Summary:
Scope                 mIoU       mAcc       aAcc
global               48.44      55.35      76.97
Per Class Results:
Class                  IoU        Acc
others                4.60       4.82
barrier              51.08      59.98
bicycle              24.19      26.32
bus                  67.29      72.21
car                  69.98      78.28
construction_vehicle      29.90      35.86
motorcycle           35.22      36.87
pedestrian           53.16      59.14
traffic_cone         31.30      36.88
trailer              48.16      60.76
truck                53.78      61.06
driveable_surface      80.86      88.07
other_flat           33.23      37.12
sidewalk             46.42      57.47
terrain              53.90      69.62
manmade              69.83      80.69
vegetation           70.54      75.77

2026-07-15 16:25:19,896 INFO [metric_updater.py:360] Node[0] Epoch[13] Validation bevfusion_centerpoint_pointpillar_henet_multisensor_multitask_nuscenes_opt: NDS[0.5858] MeanIOU[tensor(0.4844, device='cuda:0')] 
2026-07-15 16:25:26,563 INFO [checkpoint.py:233] Node[0] Save model checkpoint: ./tmp_models/bevfusion_centerpoint_pointpillar_henet_multisensor_multitask_nuscenes_opt/float-checkpoint-epoch-0013-d18c6f06.pth.tar
2026-07-15 16:25:27,447 INFO [checkpoint.py:270] Node[0] Save last model checkpoint: ./tmp_models/bevfusion_centerpoint_pointpillar_henet_multisensor_multitask_nuscenes_opt/float-checkpoint-last-e2068ea6.pth.tar
2026-07-15 16:25:27,455 INFO [monitor.py:143] Node[0] Epoch[14] Begin ==================================================
2026-07-15 16:25:27,455 INFO [lr_updater.py:204] Node[0] Epoch[14] Step[0] GlobalStep[16422] lr=0.000148
2026-07-15 16:29:45,624 INFO [monitor.py:131] Node[0] Epoch[14] Step[0-199] Cost Time: 258.166s Speed: 4.65 samples/sec Remaining Time: 4:09:18 Remaining step percent: 40.96%
2026-07-15 16:29:46,695 INFO [metric_updater.py:360] Node[0] Epoch[14] Step[199] GlobalStep[16621] loss_bevfusion_centerpoint_pointpillar_henet_multisensor_multitask_nuscenes_opt: car_cls_loss[0.3255] car_reg_loss[0.3390] truck_cls_loss[0.2528] truck_reg_loss[0.3164] bus_cls_loss[0.1639] bus_reg_loss[0.2735] barrier_cls_loss[0.2432] barrier_reg_loss[0.3750] bicycle_cls_loss[0.1417] bicycle_reg_loss[0.2839] pedestrian_cls_loss[0.2531] pedestrian_reg_loss[0.5056] loss_occ[1.3000] 
2026-07-15 16:33:43,173 INFO [monitor.py:131] Node[0] Epoch[14] Step[200-399] Cost Time: 237.547s Speed: 5.05 samples/sec Remaining Time: 3:44:17 Remaining step percent: 40.25%
2026-07-15 16:33:44,330 INFO [metric_updater.py:360] Node[0] Epoch[14] Step[399] GlobalStep[16821] loss_bevfusion_centerpoint_pointpillar_henet_multisensor_multitask_nuscenes_opt: car_cls_loss[0.3263] car_reg_loss[0.3389] truck_cls_loss[0.2484] truck_reg_loss[0.3187] bus_cls_loss[0.1681] bus_reg_loss[0.2839] barrier_cls_loss[0.2360] barrier_reg_loss[0.3691] bicycle_cls_loss[0.1610] bicycle_reg_loss[0.2992] pedestrian_cls_loss[0.2605] pedestrian_reg_loss[0.5120] loss_occ[1.3030] 
2026-07-15 16:37:48,732 INFO [monitor.py:131] Node[0] Epoch[14] Step[400-599] Cost Time: 245.557s Speed: 4.89 samples/sec Remaining Time: 3:47:45 Remaining step percent: 39.54%
2026-07-15 16:37:49,813 INFO [metric_updater.py:360] Node[0] Epoch[14] Step[599] GlobalStep[17021] loss_bevfusion_centerpoint_pointpillar_henet_multisensor_multitask_nuscenes_opt: car_cls_loss[0.3233] car_reg_loss[0.3406] truck_cls_loss[0.2527] truck_reg_loss[0.3207] bus_cls_loss[0.1728] bus_reg_loss[0.2872] barrier_cls_loss[0.2389] barrier_reg_loss[0.3709] bicycle_cls_loss[0.1531] bicycle_reg_loss[0.2973] pedestrian_cls_loss[0.2589] pedestrian_reg_loss[0.5099] loss_occ[1.3110] 
2026-07-15 16:41:49,607 INFO [monitor.py:131] Node[0] Epoch[14] Step[600-799] Cost Time: 240.873s Speed: 4.98 samples/sec Remaining Time: 3:39:23 Remaining step percent: 38.82%
2026-07-15 16:41:50,606 INFO [metric_updater.py:360] Node[0] Epoch[14] Step[799] GlobalStep[17221] loss_bevfusion_centerpoint_pointpillar_henet_multisensor_multitask_nuscenes_opt: car_cls_loss[0.3240] car_reg_loss[0.3420] truck_cls_loss[0.2551] truck_reg_loss[0.3220] bus_cls_loss[0.1749] bus_reg_loss[0.2866] barrier_cls_loss[0.2444] barrier_reg_loss[0.3741] bicycle_cls_loss[0.1529] bicycle_reg_loss[0.2978] pedestrian_cls_loss[0.2588] pedestrian_reg_loss[0.5077] loss_occ[1.3143] 
2026-07-15 16:45:45,983 INFO [monitor.py:131] Node[0] Epoch[14] Step[800-999] Cost Time: 236.375s Speed: 5.08 samples/sec Remaining Time: 3:31:21 Remaining step percent: 38.11%
2026-07-15 16:45:47,127 INFO [metric_updater.py:360] Node[0] Epoch[14] Step[999] GlobalStep[17421] loss_bevfusion_centerpoint_pointpillar_henet_multisensor_multitask_nuscenes_opt: car_cls_loss[0.3253] car_reg_loss[0.3418] truck_cls_loss[0.2548] truck_reg_loss[0.3222] bus_cls_loss[0.1756] bus_reg_loss[0.2887] barrier_cls_loss[0.2480] barrier_reg_loss[0.3729] bicycle_cls_loss[0.1554] bicycle_reg_loss[0.3004] pedestrian_cls_loss[0.2571] pedestrian_reg_loss[0.5075] loss_occ[1.3096] 
2026-07-15 16:49:15,465 INFO [monitor.py:146] Node[0] Epoch[14] End   ==================================================
2026-07-15 16:49:15,467 INFO [monitor.py:149] Node[0] Epoch[14] Cost Time: 1428.012s
2026-07-15 16:49:15,467 INFO [metric_updater.py:360] Node[0] Epoch[14] loss_bevfusion_centerpoint_pointpillar_henet_multisensor_multitask_nuscenes_opt: car_cls_loss[0.3240] car_reg_loss[0.3411] truck_cls_loss[0.2523] truck_reg_loss[0.3210] bus_cls_loss[0.1763] bus_reg_loss[0.2891] barrier_cls_loss[0.2509] barrier_reg_loss[0.3736] bicycle_cls_loss[0.1561] bicycle_reg_loss[0.2980] pedestrian_cls_loss[0.2579] pedestrian_reg_loss[0.5066] loss_occ[1.3081] 
2026-07-15 16:49:15,468 INFO [validation.py:156] Node[0] [32mUse train `model` as val model.[0m
2026-07-15 16:49:15,636 INFO [loop_base.py:482] Node[0] [32mStart Predictor loop from epoch 14, num_epochs=1[0m
2026-07-15 16:49:15,639 INFO [fake_quantize.py:253] Node[0] Set fake quantize state to FakeQuantState.VALIDATION
2026-07-15 16:49:21,214 INFO [loop_base.py:553] Node[0] 0 / 1505
2026-07-15 16:50:03,080 INFO [loop_base.py:553] Node[0] 200 / 1505
2026-07-15 16:50:46,492 INFO [loop_base.py:553] Node[0] 400 / 1505
2026-07-15 16:51:24,600 INFO [loop_base.py:553] Node[0] 600 / 1505
2026-07-15 16:51:54,180 INFO [loop_base.py:553] Node[0] 800 / 1505
2026-07-15 16:52:33,021 INFO [loop_base.py:553] Node[0] 1000 / 1505
2026-07-15 16:53:00,494 INFO [loop_base.py:553] Node[0] 1200 / 1505
2026-07-15 16:53:27,526 INFO [loop_base.py:553] Node[0] 1400 / 1505
2026-07-15 16:53:43,427 INFO [nuscenes_metric.py:322] Node[0] The length of self.nusc_annos is: 1505
2026-07-15 16:53:45,678 INFO [nuscenes_metric.py:346] Node[0] Results writes to ./metric_results/bevfusion_centerpoint_pointpillar_henet_multisensor_multitask_nuscenes_opt/results_nusc.json
2026-07-15 16:55:46,956 INFO [nuscenes_metric.py:388] Node[0] NDS: 0.5840, mAP:0.4954
car_AP: [0.5]:0.6878  [1.0]:0.8356  [2.0]:0.8836  [4.0]:0.8972 
truck_AP: [0.5]:0.3039  [1.0]:0.5022  [2.0]:0.5926  [4.0]:0.6340 
trailer_AP: [0.5]:0.0753  [1.0]:0.2504  [2.0]:0.3695  [4.0]:0.4543 
bus_AP: [0.5]:0.4245  [1.0]:0.6474  [2.0]:0.7644  [4.0]:0.7954 
construction_vehicle_AP: [0.5]:0.0094  [1.0]:0.1466  [2.0]:0.3019  [4.0]:0.3668 
bicycle_AP: [0.5]:0.2640  [1.0]:0.3426  [2.0]:0.3508  [4.0]:0.3548 
motorcycle_AP: [0.5]:0.3422  [1.0]:0.4959  [2.0]:0.5432  [4.0]:0.5451 
pedestrian_AP: [0.5]:0.3797  [1.0]:0.5519  [2.0]:0.5872  [4.0]:0.6183 
traffic_cone_AP: [0.5]:0.4411  [1.0]:0.5700  [2.0]:0.6137  [4.0]:0.6632 
barrier_AP: [0.5]:0.3134  [1.0]:0.5791  [2.0]:0.6458  [4.0]:0.6694 

2026-07-15 16:55:47,174 WARNING [metric.py:200] Node[0] <class 'hat.metrics.nuscenes_metric.NuscenesMetric'> not ready for distributed environment, should not be used together with DistributedSampler.Might be slow in validation due to resource competition
2026-07-15 16:55:47,193 INFO [mean_iou.py:170] Node[0] ~~~~ MeanIOU Summary metrics ~~~~
Summary:
Scope                 mIoU       mAcc       aAcc
global               48.80      57.28      76.47
Per Class Results:
Class                  IoU        Acc
others                4.11       4.20
barrier              54.22      67.88
bicycle              25.30      27.34
bus                  66.73      72.75
car                  71.22      80.34
construction_vehicle      31.47      37.58
motorcycle           34.46      36.02
pedestrian           55.61      62.91
traffic_cone         32.32      39.24
trailer              44.18      63.22
truck                56.72      65.87
driveable_surface      79.65      85.62
other_flat           34.20      47.96
sidewalk             46.67      60.90
terrain              52.86      66.82
manmade              67.63      74.77
vegetation           72.29      80.37

2026-07-15 16:55:47,195 INFO [metric_updater.py:360] Node[0] Epoch[14] Validation bevfusion_centerpoint_pointpillar_henet_multisensor_multitask_nuscenes_opt: NDS[0.5840] MeanIOU[tensor(0.4880, device='cuda:0')] 
2026-07-15 16:55:55,131 INFO [checkpoint.py:233] Node[0] Save model checkpoint: ./tmp_models/bevfusion_centerpoint_pointpillar_henet_multisensor_multitask_nuscenes_opt/float-checkpoint-epoch-0014-535a2d17.pth.tar
2026-07-15 16:55:56,096 INFO [checkpoint.py:270] Node[0] Save last model checkpoint: ./tmp_models/bevfusion_centerpoint_pointpillar_henet_multisensor_multitask_nuscenes_opt/float-checkpoint-last-32de4add.pth.tar
2026-07-15 16:55:56,104 INFO [monitor.py:143] Node[0] Epoch[15] Begin ==================================================
2026-07-15 16:55:56,104 INFO [lr_updater.py:204] Node[0] Epoch[15] Step[0] GlobalStep[17595] lr=0.000124
2026-07-15 17:00:27,895 INFO [monitor.py:131] Node[0] Epoch[15] Step[0-199] Cost Time: 271.788s Speed: 4.42 samples/sec Remaining Time: 3:55:45 Remaining step percent: 36.79%
2026-07-15 17:00:29,061 INFO [metric_updater.py:360] Node[0] Epoch[15] Step[199] GlobalStep[17794] loss_bevfusion_centerpoint_pointpillar_henet_multisensor_multitask_nuscenes_opt: car_cls_loss[0.3190] car_reg_loss[0.3395] truck_cls_loss[0.2523] truck_reg_loss[0.3211] bus_cls_loss[0.1609] bus_reg_loss[0.2819] barrier_cls_loss[0.2518] barrier_reg_loss[0.3913] bicycle_cls_loss[0.1482] bicycle_reg_loss[0.2872] pedestrian_cls_loss[0.2546] pedestrian_reg_loss[0.5078] loss_occ[1.3165] 
2026-07-15 17:04:34,104 INFO [monitor.py:131] Node[0] Epoch[15] Step[200-399] Cost Time: 246.207s Speed: 4.87 samples/sec Remaining Time: 3:28:23 Remaining step percent: 36.08%
2026-07-15 17:04:35,256 INFO [metric_updater.py:360] Node[0] Epoch[15] Step[399] GlobalStep[17994] loss_bevfusion_centerpoint_pointpillar_henet_multisensor_multitask_nuscenes_opt: car_cls_loss[0.3240] car_reg_loss[0.3411] truck_cls_loss[0.2482] truck_reg_loss[0.3149] bus_cls_loss[0.1678] bus_reg_loss[0.2839] barrier_cls_loss[0.2504] barrier_reg_loss[0.3819] bicycle_cls_loss[0.1458] bicycle_reg_loss[0.2922] pedestrian_cls_loss[0.2527] pedestrian_reg_loss[0.4985] loss_occ[1.3012] 
2026-07-15 17:08:44,841 INFO [monitor.py:131] Node[0] Epoch[15] Step[400-599] Cost Time: 250.735s Speed: 4.79 samples/sec Remaining Time: 3:28:02 Remaining step percent: 35.37%
2026-07-15 17:08:46,122 INFO [metric_updater.py:360] Node[0] Epoch[15] Step[599] GlobalStep[18194] loss_bevfusion_centerpoint_pointpillar_henet_multisensor_multitask_nuscenes_opt: car_cls_loss[0.3211] car_reg_loss[0.3383] truck_cls_loss[0.2448] truck_reg_loss[0.3147] bus_cls_loss[0.1606] bus_reg_loss[0.2786] barrier_cls_loss[0.2461] barrier_reg_loss[0.3785] bicycle_cls_loss[0.1463] bicycle_reg_loss[0.2918] pedestrian_cls_loss[0.2516] pedestrian_reg_loss[0.4992] loss_occ[1.3029] 
2026-07-15 17:12:56,061 INFO [monitor.py:131] Node[0] Epoch[15] Step[600-799] Cost Time: 251.218s Speed: 4.78 samples/sec Remaining Time: 3:24:15 Remaining step percent: 34.66%
2026-07-15 17:12:57,101 INFO [metric_updater.py:360] Node[0] Epoch[15] Step[799] GlobalStep[18394] loss_bevfusion_centerpoint_pointpillar_henet_multisensor_multitask_nuscenes_opt: car_cls_loss[0.3235] car_reg_loss[0.3380] truck_cls_loss[0.2441] truck_reg_loss[0.3152] bus_cls_loss[0.1613] bus_reg_loss[0.2780] barrier_cls_loss[0.2482] barrier_reg_loss[0.3755] bicycle_cls_loss[0.1434] bicycle_reg_loss[0.2889] pedestrian_cls_loss[0.2522] pedestrian_reg_loss[0.5010] loss_occ[1.3056] 
2026-07-15 17:17:00,453 INFO [monitor.py:131] Node[0] Epoch[15] Step[800-999] Cost Time: 244.391s Speed: 4.91 samples/sec Remaining Time: 3:14:38 Remaining step percent: 33.95%
2026-07-15 17:17:01,501 INFO [metric_updater.py:360] Node[0] Epoch[15] Step[999] GlobalStep[18594] loss_bevfusion_centerpoint_pointpillar_henet_multisensor_multitask_nuscenes_opt: car_cls_loss[0.3223] car_reg_loss[0.3361] truck_cls_loss[0.2454] truck_reg_loss[0.3151] bus_cls_loss[0.1657] bus_reg_loss[0.2806] barrier_cls_loss[0.2502] barrier_reg_loss[0.3721] bicycle_cls_loss[0.1429] bicycle_reg_loss[0.2883] pedestrian_cls_loss[0.2513] pedestrian_reg_loss[0.4992] loss_occ[1.3051] 
2026-07-15 17:20:31,201 INFO [monitor.py:146] Node[0] Epoch[15] End   ==================================================
2026-07-15 17:20:31,202 INFO [monitor.py:149] Node[0] Epoch[15] Cost Time: 1475.098s
2026-07-15 17:20:31,203 INFO [metric_updater.py:360] Node[0] Epoch[15] loss_bevfusion_centerpoint_pointpillar_henet_multisensor_multitask_nuscenes_opt: car_cls_loss[0.3222] car_reg_loss[0.3360] truck_cls_loss[0.2471] truck_reg_loss[0.3144] bus_cls_loss[0.1630] bus_reg_loss[0.2790] barrier_cls_loss[0.2494] barrier_reg_loss[0.3731] bicycle_cls_loss[0.1420] bicycle_reg_loss[0.2863] pedestrian_cls_loss[0.2511] pedestrian_reg_loss[0.4984] loss_occ[1.3041] 
2026-07-15 17:20:31,203 INFO [validation.py:156] Node[0] [32mUse train `model` as val model.[0m
2026-07-15 17:20:31,381 INFO [loop_base.py:482] Node[0] [32mStart Predictor loop from epoch 15, num_epochs=1[0m
2026-07-15 17:20:31,385 INFO [fake_quantize.py:253] Node[0] Set fake quantize state to FakeQuantState.VALIDATION
2026-07-15 17:20:37,685 INFO [loop_base.py:553] Node[0] 0 / 1505
2026-07-15 17:21:09,013 INFO [loop_base.py:553] Node[0] 200 / 1505
2026-07-15 17:21:42,073 INFO [loop_base.py:553] Node[0] 400 / 1505
2026-07-15 17:22:25,914 INFO [loop_base.py:553] Node[0] 600 / 1505
2026-07-15 17:23:01,672 INFO [loop_base.py:553] Node[0] 800 / 1505
2026-07-15 17:23:35,080 INFO [loop_base.py:553] Node[0] 1000 / 1505
2026-07-15 17:24:03,860 INFO [loop_base.py:553] Node[0] 1200 / 1505
2026-07-15 17:24:36,833 INFO [loop_base.py:553] Node[0] 1400 / 1505
2026-07-15 17:24:50,841 INFO [nuscenes_metric.py:322] Node[0] The length of self.nusc_annos is: 1505
2026-07-15 17:24:52,233 INFO [nuscenes_metric.py:346] Node[0] Results writes to ./metric_results/bevfusion_centerpoint_pointpillar_henet_multisensor_multitask_nuscenes_opt/results_nusc.json
2026-07-15 17:26:41,023 INFO [nuscenes_metric.py:388] Node[0] NDS: 0.5854, mAP:0.5001
car_AP: [0.5]:0.6871  [1.0]:0.8407  [2.0]:0.8834  [4.0]:0.8969 
truck_AP: [0.5]:0.3097  [1.0]:0.5101  [2.0]:0.6150  [4.0]:0.6447 
trailer_AP: [0.5]:0.0894  [1.0]:0.2790  [2.0]:0.4410  [4.0]:0.5319 
bus_AP: [0.5]:0.4241  [1.0]:0.6391  [2.0]:0.7566  [4.0]:0.7825 
construction_vehicle_AP: [0.5]:0.0169  [1.0]:0.1372  [2.0]:0.2701  [4.0]:0.3380 
bicycle_AP: [0.5]:0.2548  [1.0]:0.3314  [2.0]:0.3424  [4.0]:0.3526 
motorcycle_AP: [0.5]:0.3586  [1.0]:0.5464  [2.0]:0.5970  [4.0]:0.5989 
pedestrian_AP: [0.5]:0.3736  [1.0]:0.5482  [2.0]:0.5853  [4.0]:0.6167 
traffic_cone_AP: [0.5]:0.4359  [1.0]:0.5718  [2.0]:0.6184  [4.0]:0.6686 
barrier_AP: [0.5]:0.2889  [1.0]:0.5468  [2.0]:0.6251  [4.0]:0.6488 

2026-07-15 17:26:41,178 WARNING [metric.py:200] Node[0] <class 'hat.metrics.nuscenes_metric.NuscenesMetric'> not ready for distributed environment, should not be used together with DistributedSampler.Might be slow in validation due to resource competition
2026-07-15 17:26:41,195 INFO [mean_iou.py:170] Node[0] ~~~~ MeanIOU Summary metrics ~~~~
Summary:
Scope                 mIoU       mAcc       aAcc
global               48.75      56.17      75.72
Per Class Results:
Class                  IoU        Acc
others                4.49       4.65
barrier              51.78      62.21
bicycle              25.83      28.23
bus                  66.16      70.20
car                  69.55      77.77
construction_vehicle      31.98      37.77
motorcycle           37.36      39.46
pedestrian           53.53      60.15
traffic_cone         29.47      34.11
trailer              48.07      66.30
truck                56.45      65.51
driveable_surface      80.35      86.72
other_flat           35.92      42.45
sidewalk             46.74      58.15
terrain              53.14      68.84
manmade              68.30      76.92
vegetation           69.54      75.39

2026-07-15 17:26:41,197 INFO [metric_updater.py:360] Node[0] Epoch[15] Validation bevfusion_centerpoint_pointpillar_henet_multisensor_multitask_nuscenes_opt: NDS[0.5854] MeanIOU[tensor(0.4875, device='cuda:0')] 
2026-07-15 17:26:47,947 INFO [checkpoint.py:233] Node[0] Save model checkpoint: ./tmp_models/bevfusion_centerpoint_pointpillar_henet_multisensor_multitask_nuscenes_opt/float-checkpoint-epoch-0015-8a8fabea.pth.tar
2026-07-15 17:26:48,816 INFO [checkpoint.py:270] Node[0] Save last model checkpoint: ./tmp_models/bevfusion_centerpoint_pointpillar_henet_multisensor_multitask_nuscenes_opt/float-checkpoint-last-6132d69d.pth.tar
2026-07-15 17:26:48,824 INFO [monitor.py:143] Node[0] Epoch[16] Begin ==================================================
2026-07-15 17:26:48,824 INFO [lr_updater.py:204] Node[0] Epoch[16] Step[0] GlobalStep[18768] lr=0.000100
2026-07-15 17:31:10,906 INFO [monitor.py:131] Node[0] Epoch[16] Step[0-199] Cost Time: 262.080s Speed: 4.58 samples/sec Remaining Time: 3:21:35 Remaining step percent: 32.62%
2026-07-15 17:31:12,061 INFO [metric_updater.py:360] Node[0] Epoch[16] Step[199] GlobalStep[18967] loss_bevfusion_centerpoint_pointpillar_henet_multisensor_multitask_nuscenes_opt: car_cls_loss[0.3182] car_reg_loss[0.3358] truck_cls_loss[0.2364] truck_reg_loss[0.3107] bus_cls_loss[0.1590] bus_reg_loss[0.2698] barrier_cls_loss[0.2582] barrier_reg_loss[0.3834] bicycle_cls_loss[0.1127] bicycle_reg_loss[0.2968] pedestrian_cls_loss[0.2393] pedestrian_reg_loss[0.4923] loss_occ[1.2736] 
2026-07-15 17:35:11,142 INFO [monitor.py:131] Node[0] Epoch[16] Step[200-399] Cost Time: 240.234s Speed: 5.00 samples/sec Remaining Time: 2:59:51 Remaining step percent: 31.91%
2026-07-15 17:35:12,262 INFO [metric_updater.py:360] Node[0] Epoch[16] Step[399] GlobalStep[19167] loss_bevfusion_centerpoint_pointpillar_henet_multisensor_multitask_nuscenes_opt: car_cls_loss[0.3187] car_reg_loss[0.3373] truck_cls_loss[0.2425] truck_reg_loss[0.3107] bus_cls_loss[0.1679] bus_reg_loss[0.2834] barrier_cls_loss[0.2565] barrier_reg_loss[0.3717] bicycle_cls_loss[0.1237] bicycle_reg_loss[0.2870] pedestrian_cls_loss[0.2465] pedestrian_reg_loss[0.4983] loss_occ[1.2748] 
2026-07-15 17:39:06,149 INFO [monitor.py:131] Node[0] Epoch[16] Step[400-599] Cost Time: 235.005s Speed: 5.11 samples/sec Remaining Time: 2:52:01 Remaining step percent: 31.20%
2026-07-15 17:39:07,338 INFO [metric_updater.py:360] Node[0] Epoch[16] Step[599] GlobalStep[19367] loss_bevfusion_centerpoint_pointpillar_henet_multisensor_multitask_nuscenes_opt: car_cls_loss[0.3206] car_reg_loss[0.3369] truck_cls_loss[0.2343] truck_reg_loss[0.3108] bus_cls_loss[0.1658] bus_reg_loss[0.2809] barrier_cls_loss[0.2430] barrier_reg_loss[0.3644] bicycle_cls_loss[0.1356] bicycle_reg_loss[0.2865] pedestrian_cls_loss[0.2436] pedestrian_reg_loss[0.4959] loss_occ[1.2788] 
2026-07-15 17:43:02,119 INFO [monitor.py:131] Node[0] Epoch[16] Step[600-799] Cost Time: 235.967s Speed: 5.09 samples/sec Remaining Time: 2:48:47 Remaining step percent: 30.49%
2026-07-15 17:43:03,110 INFO [metric_updater.py:360] Node[0] Epoch[16] Step[799] GlobalStep[19567] loss_bevfusion_centerpoint_pointpillar_henet_multisensor_multitask_nuscenes_opt: car_cls_loss[0.3205] car_reg_loss[0.3385] truck_cls_loss[0.2353] truck_reg_loss[0.3122] bus_cls_loss[0.1628] bus_reg_loss[0.2755] barrier_cls_loss[0.2440] barrier_reg_loss[0.3682] bicycle_cls_loss[0.1321] bicycle_reg_loss[0.2863] pedestrian_cls_loss[0.2453] pedestrian_reg_loss[0.4973] loss_occ[1.2789] 
2026-07-15 17:47:02,897 INFO [monitor.py:131] Node[0] Epoch[16] Step[800-999] Cost Time: 240.775s Speed: 4.98 samples/sec Remaining Time: 2:48:13 Remaining step percent: 29.78%
2026-07-15 17:47:03,890 INFO [metric_updater.py:360] Node[0] Epoch[16] Step[999] GlobalStep[19767] loss_bevfusion_centerpoint_pointpillar_henet_multisensor_multitask_nuscenes_opt: car_cls_loss[0.3198] car_reg_loss[0.3374] truck_cls_loss[0.2334] truck_reg_loss[0.3103] bus_cls_loss[0.1638] bus_reg_loss[0.2751] barrier_cls_loss[0.2405] barrier_reg_loss[0.3677] bicycle_cls_loss[0.1342] bicycle_reg_loss[0.2865] pedestrian_cls_loss[0.2451] pedestrian_reg_loss[0.4962] loss_occ[1.2778] 
2026-07-15 17:50:32,658 INFO [monitor.py:146] Node[0] Epoch[16] End   ==================================================
2026-07-15 17:50:32,659 INFO [monitor.py:149] Node[0] Epoch[16] Cost Time: 1423.835s
2026-07-15 17:50:32,659 INFO [metric_updater.py:360] Node[0] Epoch[16] loss_bevfusion_centerpoint_pointpillar_henet_multisensor_multitask_nuscenes_opt: car_cls_loss[0.3192] car_reg_loss[0.3373] truck_cls_loss[0.2333] truck_reg_loss[0.3107] bus_cls_loss[0.1642] bus_reg_loss[0.2760] barrier_cls_loss[0.2370] barrier_reg_loss[0.3622] bicycle_cls_loss[0.1336] bicycle_reg_loss[0.2862] pedestrian_cls_loss[0.2447] pedestrian_reg_loss[0.4963] loss_occ[1.2779] 
2026-07-15 17:50:32,660 INFO [validation.py:156] Node[0] [32mUse train `model` as val model.[0m
2026-07-15 17:50:32,826 INFO [loop_base.py:482] Node[0] [32mStart Predictor loop from epoch 16, num_epochs=1[0m
2026-07-15 17:50:32,829 INFO [fake_quantize.py:253] Node[0] Set fake quantize state to FakeQuantState.VALIDATION
2026-07-15 17:50:39,716 INFO [loop_base.py:553] Node[0] 0 / 1505
2026-07-15 17:51:12,612 INFO [loop_base.py:553] Node[0] 200 / 1505
2026-07-15 17:51:45,554 INFO [loop_base.py:553] Node[0] 400 / 1505
2026-07-15 17:52:21,722 INFO [loop_base.py:553] Node[0] 600 / 1505
2026-07-15 17:52:52,127 INFO [loop_base.py:553] Node[0] 800 / 1505
2026-07-15 17:53:39,465 INFO [loop_base.py:553] Node[0] 1000 / 1505
2026-07-15 17:54:06,509 INFO [loop_base.py:553] Node[0] 1200 / 1505
2026-07-15 17:54:30,412 INFO [loop_base.py:553] Node[0] 1400 / 1505
2026-07-15 17:54:58,556 INFO [nuscenes_metric.py:322] Node[0] The length of self.nusc_annos is: 1505
2026-07-15 17:55:00,472 INFO [nuscenes_metric.py:346] Node[0] Results writes to ./metric_results/bevfusion_centerpoint_pointpillar_henet_multisensor_multitask_nuscenes_opt/results_nusc.json
2026-07-15 17:56:48,847 INFO [nuscenes_metric.py:388] Node[0] NDS: 0.5879, mAP:0.5011
car_AP: [0.5]:0.7001  [1.0]:0.8457  [2.0]:0.8887  [4.0]:0.9020 
truck_AP: [0.5]:0.3100  [1.0]:0.5103  [2.0]:0.6193  [4.0]:0.6436 
trailer_AP: [0.5]:0.0628  [1.0]:0.2564  [2.0]:0.3667  [4.0]:0.4838 
bus_AP: [0.5]:0.4263  [1.0]:0.6555  [2.0]:0.7593  [4.0]:0.7856 
construction_vehicle_AP: [0.5]:0.0074  [1.0]:0.1385  [2.0]:0.2669  [4.0]:0.3314 
bicycle_AP: [0.5]:0.2881  [1.0]:0.3760  [2.0]:0.3878  [4.0]:0.3981 
motorcycle_AP: [0.5]:0.3437  [1.0]:0.5296  [2.0]:0.5871  [4.0]:0.5978 
pedestrian_AP: [0.5]:0.3878  [1.0]:0.5567  [2.0]:0.5929  [4.0]:0.6280 
traffic_cone_AP: [0.5]:0.4505  [1.0]:0.5746  [2.0]:0.6189  [4.0]:0.6686 
barrier_AP: [0.5]:0.2844  [1.0]:0.5449  [2.0]:0.6237  [4.0]:0.6463 

2026-07-15 17:56:48,979 WARNING [metric.py:200] Node[0] <class 'hat.metrics.nuscenes_metric.NuscenesMetric'> not ready for distributed environment, should not be used together with DistributedSampler.Might be slow in validation due to resource competition
2026-07-15 17:56:48,996 INFO [mean_iou.py:170] Node[0] ~~~~ MeanIOU Summary metrics ~~~~
Summary:
Scope                 mIoU       mAcc       aAcc
global               49.49      56.79      77.58
Per Class Results:
Class                  IoU        Acc
others                4.70       4.93
barrier              51.94      62.42
bicycle              26.48      29.21
bus                  68.12      72.52
car                  70.38      77.71
construction_vehicle      31.48      37.05
motorcycle           35.97      38.15
pedestrian           53.51      60.43
traffic_cone         31.23      37.10
trailer              49.48      61.66
truck                57.57      67.42
driveable_surface      81.08      87.69
other_flat           36.55      42.90
sidewalk             46.81      59.37
terrain              53.78      68.98
manmade              69.44      77.41
vegetation           72.76      80.48

2026-07-15 17:56:48,998 INFO [metric_updater.py:360] Node[0] Epoch[16] Validation bevfusion_centerpoint_pointpillar_henet_multisensor_multitask_nuscenes_opt: NDS[0.5879] MeanIOU[tensor(0.4949, device='cuda:0')] 
2026-07-15 17:56:54,967 INFO [checkpoint.py:233] Node[0] Save model checkpoint: ./tmp_models/bevfusion_centerpoint_pointpillar_henet_multisensor_multitask_nuscenes_opt/float-checkpoint-epoch-0016-f504f383.pth.tar
2026-07-15 17:56:55,984 INFO [checkpoint.py:270] Node[0] Save last model checkpoint: ./tmp_models/bevfusion_centerpoint_pointpillar_henet_multisensor_multitask_nuscenes_opt/float-checkpoint-last-d881797c.pth.tar
2026-07-15 17:56:55,994 INFO [monitor.py:143] Node[0] Epoch[17] Begin ==================================================
2026-07-15 17:56:55,995 INFO [lr_updater.py:204] Node[0] Epoch[17] Step[0] GlobalStep[19941] lr=0.000078
2026-07-15 18:01:18,374 INFO [monitor.py:131] Node[0] Epoch[17] Step[0-199] Cost Time: 262.377s Speed: 4.57 samples/sec Remaining Time: 2:56:02 Remaining step percent: 28.46%
2026-07-15 18:01:19,432 INFO [metric_updater.py:360] Node[0] Epoch[17] Step[199] GlobalStep[20140] loss_bevfusion_centerpoint_pointpillar_henet_multisensor_multitask_nuscenes_opt: car_cls_loss[0.3030] car_reg_loss[0.3276] truck_cls_loss[0.2131] truck_reg_loss[0.2970] bus_cls_loss[0.1652] bus_reg_loss[0.2838] barrier_cls_loss[0.2374] barrier_reg_loss[0.3904] bicycle_cls_loss[0.1271] bicycle_reg_loss[0.2851] pedestrian_cls_loss[0.2310] pedestrian_reg_loss[0.4953] loss_occ[1.2461] 
2026-07-15 18:05:20,511 INFO [monitor.py:131] Node[0] Epoch[17] Step[200-399] Cost Time: 242.135s Speed: 4.96 samples/sec Remaining Time: 2:37:36 Remaining step percent: 27.75%
2026-07-15 18:05:21,558 INFO [metric_updater.py:360] Node[0] Epoch[17] Step[399] GlobalStep[20340] loss_bevfusion_centerpoint_pointpillar_henet_multisensor_multitask_nuscenes_opt: car_cls_loss[0.3062] car_reg_loss[0.3267] truck_cls_loss[0.2133] truck_reg_loss[0.3022] bus_cls_loss[0.1691] bus_reg_loss[0.2855] barrier_cls_loss[0.2484] barrier_reg_loss[0.3745] bicycle_cls_loss[0.1194] bicycle_reg_loss[0.2779] pedestrian_cls_loss[0.2282] pedestrian_reg_loss[0.4936] loss_occ[1.2645] 
2026-07-15 18:09:16,329 INFO [monitor.py:131] Node[0] Epoch[17] Step[400-599] Cost Time: 235.817s Speed: 5.09 samples/sec Remaining Time: 2:29:33 Remaining step percent: 27.04%
2026-07-15 18:09:17,351 INFO [metric_updater.py:360] Node[0] Epoch[17] Step[599] GlobalStep[20540] loss_bevfusion_centerpoint_pointpillar_henet_multisensor_multitask_nuscenes_opt: car_cls_loss[0.3067] car_reg_loss[0.3288] truck_cls_loss[0.2105] truck_reg_loss[0.3002] bus_cls_loss[0.1590] bus_reg_loss[0.2772] barrier_cls_loss[0.2425] barrier_reg_loss[0.3726] bicycle_cls_loss[0.1217] bicycle_reg_loss[0.2749] pedestrian_cls_loss[0.2291] pedestrian_reg_loss[0.4931] loss_occ[1.2612] 
2026-07-15 18:13:11,390 INFO [monitor.py:131] Node[0] Epoch[17] Step[600-799] Cost Time: 235.059s Speed: 5.11 samples/sec Remaining Time: 2:25:10 Remaining step percent: 26.32%
2026-07-15 18:13:12,566 INFO [metric_updater.py:360] Node[0] Epoch[17] Step[799] GlobalStep[20740] loss_bevfusion_centerpoint_pointpillar_henet_multisensor_multitask_nuscenes_opt: car_cls_loss[0.3090] car_reg_loss[0.3306] truck_cls_loss[0.2130] truck_reg_loss[0.3007] bus_cls_loss[0.1582] bus_reg_loss[0.2778] barrier_cls_loss[0.2393] barrier_reg_loss[0.3698] bicycle_cls_loss[0.1277] bicycle_reg_loss[0.2788] pedestrian_cls_loss[0.2280] pedestrian_reg_loss[0.4936] loss_occ[1.2692] 
2026-07-15 18:17:08,126 INFO [monitor.py:131] Node[0] Epoch[17] Step[800-999] Cost Time: 236.734s Speed: 5.07 samples/sec Remaining Time: 2:22:15 Remaining step percent: 25.61%
2026-07-15 18:17:09,168 INFO [metric_updater.py:360] Node[0] Epoch[17] Step[999] GlobalStep[20940] loss_bevfusion_centerpoint_pointpillar_henet_multisensor_multitask_nuscenes_opt: car_cls_loss[0.3087] car_reg_loss[0.3301] truck_cls_loss[0.2170] truck_reg_loss[0.3027] bus_cls_loss[0.1585] bus_reg_loss[0.2751] barrier_cls_loss[0.2387] barrier_reg_loss[0.3693] bicycle_cls_loss[0.1291] bicycle_reg_loss[0.2806] pedestrian_cls_loss[0.2283] pedestrian_reg_loss[0.4909] loss_occ[1.2699] 
2026-07-15 18:20:42,188 INFO [monitor.py:146] Node[0] Epoch[17] End   ==================================================
2026-07-15 18:20:42,190 INFO [monitor.py:149] Node[0] Epoch[17] Cost Time: 1426.195s
2026-07-15 18:20:42,190 INFO [metric_updater.py:360] Node[0] Epoch[17] loss_bevfusion_centerpoint_pointpillar_henet_multisensor_multitask_nuscenes_opt: car_cls_loss[0.3094] car_reg_loss[0.3303] truck_cls_loss[0.2150] truck_reg_loss[0.3024] bus_cls_loss[0.1557] bus_reg_loss[0.2735] barrier_cls_loss[0.2394] barrier_reg_loss[0.3685] bicycle_cls_loss[0.1302] bicycle_reg_loss[0.2782] pedestrian_cls_loss[0.2307] pedestrian_reg_loss[0.4912] loss_occ[1.2660] 
2026-07-15 18:20:42,190 INFO [validation.py:156] Node[0] [32mUse train `model` as val model.[0m
2026-07-15 18:20:42,368 INFO [loop_base.py:482] Node[0] [32mStart Predictor loop from epoch 17, num_epochs=1[0m
2026-07-15 18:20:42,371 INFO [fake_quantize.py:253] Node[0] Set fake quantize state to FakeQuantState.VALIDATION
2026-07-15 18:20:49,204 INFO [loop_base.py:553] Node[0] 0 / 1505
2026-07-15 18:21:17,998 INFO [loop_base.py:553] Node[0] 200 / 1505
2026-07-15 18:21:54,495 INFO [loop_base.py:553] Node[0] 400 / 1505
2026-07-15 18:22:34,546 INFO [loop_base.py:553] Node[0] 600 / 1505
2026-07-15 18:23:06,041 INFO [loop_base.py:553] Node[0] 800 / 1505
2026-07-15 18:23:37,964 INFO [loop_base.py:553] Node[0] 1000 / 1505
2026-07-15 18:24:09,577 INFO [loop_base.py:553] Node[0] 1200 / 1505
2026-07-15 18:24:44,175 INFO [loop_base.py:553] Node[0] 1400 / 1505
2026-07-15 18:25:03,714 INFO [nuscenes_metric.py:322] Node[0] The length of self.nusc_annos is: 1505
2026-07-15 18:25:05,380 INFO [nuscenes_metric.py:346] Node[0] Results writes to ./metric_results/bevfusion_centerpoint_pointpillar_henet_multisensor_multitask_nuscenes_opt/results_nusc.json
2026-07-15 18:26:49,790 INFO [nuscenes_metric.py:388] Node[0] NDS: 0.5898, mAP:0.5027
car_AP: [0.5]:0.6976  [1.0]:0.8460  [2.0]:0.8884  [4.0]:0.9071 
truck_AP: [0.5]:0.3023  [1.0]:0.4976  [2.0]:0.6024  [4.0]:0.6341 
trailer_AP: [0.5]:0.0811  [1.0]:0.2578  [2.0]:0.3711  [4.0]:0.4796 
bus_AP: [0.5]:0.4096  [1.0]:0.6448  [2.0]:0.7628  [4.0]:0.7792 
construction_vehicle_AP: [0.5]:0.0132  [1.0]:0.1406  [2.0]:0.2850  [4.0]:0.3388 
bicycle_AP: [0.5]:0.3063  [1.0]:0.3846  [2.0]:0.3874  [4.0]:0.3972 
motorcycle_AP: [0.5]:0.3689  [1.0]:0.5436  [2.0]:0.5951  [4.0]:0.6059 
pedestrian_AP: [0.5]:0.3782  [1.0]:0.5469  [2.0]:0.5825  [4.0]:0.6181 
traffic_cone_AP: [0.5]:0.4454  [1.0]:0.5763  [2.0]:0.6176  [4.0]:0.6647 
barrier_AP: [0.5]:0.2942  [1.0]:0.5564  [2.0]:0.6374  [4.0]:0.6603 

2026-07-15 18:26:49,915 WARNING [metric.py:200] Node[0] <class 'hat.metrics.nuscenes_metric.NuscenesMetric'> not ready for distributed environment, should not be used together with DistributedSampler.Might be slow in validation due to resource competition
2026-07-15 18:26:49,930 INFO [mean_iou.py:170] Node[0] ~~~~ MeanIOU Summary metrics ~~~~
Summary:
Scope                 mIoU       mAcc       aAcc
global               49.65      56.75      77.79
Per Class Results:
Class                  IoU        Acc
others                4.70       4.93
barrier              53.06      63.83
bicycle              26.59      28.92
bus                  67.00      70.52
car                  70.73      78.60
construction_vehicle      32.00      37.20
motorcycle           37.07      39.20
pedestrian           54.32      61.02
traffic_cone         31.17      36.41
trailer              50.23      63.61
truck                57.28      66.37
driveable_surface      81.51      89.13
other_flat           34.52      39.10
sidewalk             46.81      57.51
terrain              54.59      70.99
manmade              70.19      78.91
vegetation           72.26      78.51

2026-07-15 18:26:49,932 INFO [metric_updater.py:360] Node[0] Epoch[17] Validation bevfusion_centerpoint_pointpillar_henet_multisensor_multitask_nuscenes_opt: NDS[0.5898] MeanIOU[tensor(0.4965, device='cuda:0')] 
2026-07-15 18:26:55,250 INFO [checkpoint.py:233] Node[0] Save model checkpoint: ./tmp_models/bevfusion_centerpoint_pointpillar_henet_multisensor_multitask_nuscenes_opt/float-checkpoint-epoch-0017-c60d9856.pth.tar
2026-07-15 18:26:56,136 INFO [checkpoint.py:270] Node[0] Save last model checkpoint: ./tmp_models/bevfusion_centerpoint_pointpillar_henet_multisensor_multitask_nuscenes_opt/float-checkpoint-last-d385ff04.pth.tar
2026-07-15 18:26:56,143 INFO [monitor.py:143] Node[0] Epoch[18] Begin ==================================================
2026-07-15 18:26:56,143 INFO [lr_updater.py:204] Node[0] Epoch[18] Step[0] GlobalStep[21114] lr=0.000059
2026-07-15 18:31:19,538 INFO [monitor.py:131] Node[0] Epoch[18] Step[0-199] Cost Time: 263.395s Speed: 4.56 samples/sec Remaining Time: 2:30:50 Remaining step percent: 24.29%
2026-07-15 18:31:20,610 INFO [metric_updater.py:360] Node[0] Epoch[18] Step[199] GlobalStep[21313] loss_bevfusion_centerpoint_pointpillar_henet_multisensor_multitask_nuscenes_opt: car_cls_loss[0.2994] car_reg_loss[0.3303] truck_cls_loss[0.2090] truck_reg_loss[0.2948] bus_cls_loss[0.1288] bus_reg_loss[0.2598] barrier_cls_loss[0.2178] barrier_reg_loss[0.3436] bicycle_cls_loss[0.1435] bicycle_reg_loss[0.2636] pedestrian_cls_loss[0.2220] pedestrian_reg_loss[0.4786] loss_occ[1.2708] 
2026-07-15 18:35:12,289 INFO [monitor.py:131] Node[0] Epoch[18] Step[200-399] Cost Time: 232.749s Speed: 5.16 samples/sec Remaining Time: 2:08:44 Remaining step percent: 23.58%
2026-07-15 18:35:13,399 INFO [metric_updater.py:360] Node[0] Epoch[18] Step[399] GlobalStep[21513] loss_bevfusion_centerpoint_pointpillar_henet_multisensor_multitask_nuscenes_opt: car_cls_loss[0.2982] car_reg_loss[0.3298] truck_cls_loss[0.2035] truck_reg_loss[0.2960] bus_cls_loss[0.1395] bus_reg_loss[0.2641] barrier_cls_loss[0.2204] barrier_reg_loss[0.3460] bicycle_cls_loss[0.1278] bicycle_reg_loss[0.2730] pedestrian_cls_loss[0.2228] pedestrian_reg_loss[0.4817] loss_occ[1.2618] 
2026-07-15 18:39:05,453 INFO [monitor.py:131] Node[0] Epoch[18] Step[400-599] Cost Time: 233.162s Speed: 5.15 samples/sec Remaining Time: 2:05:05 Remaining step percent: 22.87%
2026-07-15 18:39:06,655 INFO [metric_updater.py:360] Node[0] Epoch[18] Step[599] GlobalStep[21713] loss_bevfusion_centerpoint_pointpillar_henet_multisensor_multitask_nuscenes_opt: car_cls_loss[0.2985] car_reg_loss[0.3292] truck_cls_loss[0.1989] truck_reg_loss[0.2959] bus_cls_loss[0.1383] bus_reg_loss[0.2656] barrier_cls_loss[0.2143] barrier_reg_loss[0.3475] bicycle_cls_loss[0.1296] bicycle_reg_loss[0.2742] pedestrian_cls_loss[0.2232] pedestrian_reg_loss[0.4828] loss_occ[1.2620] 
2026-07-15 18:43:00,249 INFO [monitor.py:131] Node[0] Epoch[18] Step[600-799] Cost Time: 234.794s Speed: 5.11 samples/sec Remaining Time: 2:02:03 Remaining step percent: 22.16%
2026-07-15 18:43:01,263 INFO [metric_updater.py:360] Node[0] Epoch[18] Step[799] GlobalStep[21913] loss_bevfusion_centerpoint_pointpillar_henet_multisensor_multitask_nuscenes_opt: car_cls_loss[0.2985] car_reg_loss[0.3284] truck_cls_loss[0.1995] truck_reg_loss[0.2973] bus_cls_loss[0.1391] bus_reg_loss[0.2631] barrier_cls_loss[0.2159] barrier_reg_loss[0.3510] bicycle_cls_loss[0.1267] bicycle_reg_loss[0.2769] pedestrian_cls_loss[0.2234] pedestrian_reg_loss[0.4836] loss_occ[1.2606] 
2026-07-15 18:46:57,441 INFO [monitor.py:131] Node[0] Epoch[18] Step[800-999] Cost Time: 237.191s Speed: 5.06 samples/sec Remaining Time: 1:59:20 Remaining step percent: 21.45%
2026-07-15 18:46:58,454 INFO [metric_updater.py:360] Node[0] Epoch[18] Step[999] GlobalStep[22113] loss_bevfusion_centerpoint_pointpillar_henet_multisensor_multitask_nuscenes_opt: car_cls_loss[0.3011] car_reg_loss[0.3295] truck_cls_loss[0.2005] truck_reg_loss[0.2979] bus_cls_loss[0.1405] bus_reg_loss[0.2644] barrier_cls_loss[0.2169] barrier_reg_loss[0.3512] bicycle_cls_loss[0.1228] bicycle_reg_loss[0.2763] pedestrian_cls_loss[0.2241] pedestrian_reg_loss[0.4845] loss_occ[1.2652] 
2026-07-15 18:50:27,260 INFO [monitor.py:146] Node[0] Epoch[18] End   ==================================================
2026-07-15 18:50:27,262 INFO [monitor.py:149] Node[0] Epoch[18] Cost Time: 1411.119s
2026-07-15 18:50:27,262 INFO [metric_updater.py:360] Node[0] Epoch[18] loss_bevfusion_centerpoint_pointpillar_henet_multisensor_multitask_nuscenes_opt: car_cls_loss[0.3018] car_reg_loss[0.3292] truck_cls_loss[0.2001] truck_reg_loss[0.2968] bus_cls_loss[0.1406] bus_reg_loss[0.2647] barrier_cls_loss[0.2167] barrier_reg_loss[0.3500] bicycle_cls_loss[0.1222] bicycle_reg_loss[0.2746] pedestrian_cls_loss[0.2242] pedestrian_reg_loss[0.4841] loss_occ[1.2608] 
2026-07-15 18:50:27,263 INFO [validation.py:156] Node[0] [32mUse train `model` as val model.[0m
2026-07-15 18:50:27,457 INFO [loop_base.py:482] Node[0] [32mStart Predictor loop from epoch 18, num_epochs=1[0m
2026-07-15 18:50:27,460 INFO [fake_quantize.py:253] Node[0] Set fake quantize state to FakeQuantState.VALIDATION
2026-07-15 18:50:34,891 INFO [loop_base.py:553] Node[0] 0 / 1505
2026-07-15 18:50:58,560 INFO [loop_base.py:553] Node[0] 200 / 1505
2026-07-15 18:51:41,153 INFO [loop_base.py:553] Node[0] 400 / 1505
2026-07-15 18:52:15,571 INFO [loop_base.py:553] Node[0] 600 / 1505
2026-07-15 18:52:44,314 INFO [loop_base.py:553] Node[0] 800 / 1505
2026-07-15 18:53:09,943 INFO [loop_base.py:553] Node[0] 1000 / 1505
2026-07-15 18:53:42,310 INFO [loop_base.py:553] Node[0] 1200 / 1505
2026-07-15 18:54:05,819 INFO [loop_base.py:553] Node[0] 1400 / 1505
2026-07-15 18:54:23,817 INFO [nuscenes_metric.py:322] Node[0] The length of self.nusc_annos is: 1505
2026-07-15 18:54:25,508 INFO [nuscenes_metric.py:346] Node[0] Results writes to ./metric_results/bevfusion_centerpoint_pointpillar_henet_multisensor_multitask_nuscenes_opt/results_nusc.json
2026-07-15 18:56:10,839 INFO [nuscenes_metric.py:388] Node[0] NDS: 0.5905, mAP:0.5033
car_AP: [0.5]:0.7005  [1.0]:0.8473  [2.0]:0.8894  [4.0]:0.9078 
truck_AP: [0.5]:0.3102  [1.0]:0.5007  [2.0]:0.6046  [4.0]:0.6319 
trailer_AP: [0.5]:0.0924  [1.0]:0.2807  [2.0]:0.4224  [4.0]:0.5225 
bus_AP: [0.5]:0.4118  [1.0]:0.6406  [2.0]:0.7637  [4.0]:0.7890 
construction_vehicle_AP: [0.5]:0.0111  [1.0]:0.1340  [2.0]:0.2696  [4.0]:0.3318 
bicycle_AP: [0.5]:0.2855  [1.0]:0.3771  [2.0]:0.3886  [4.0]:0.3996 
motorcycle_AP: [0.5]:0.3463  [1.0]:0.5219  [2.0]:0.5759  [4.0]:0.5784 
pedestrian_AP: [0.5]:0.3750  [1.0]:0.5470  [2.0]:0.5808  [4.0]:0.6117 
traffic_cone_AP: [0.5]:0.4476  [1.0]:0.5721  [2.0]:0.6147  [4.0]:0.6635 
barrier_AP: [0.5]:0.3084  [1.0]:0.5698  [2.0]:0.6451  [4.0]:0.6607 

2026-07-15 18:56:10,969 WARNING [metric.py:200] Node[0] <class 'hat.metrics.nuscenes_metric.NuscenesMetric'> not ready for distributed environment, should not be used together with DistributedSampler.Might be slow in validation due to resource competition
2026-07-15 18:56:10,986 INFO [mean_iou.py:170] Node[0] ~~~~ MeanIOU Summary metrics ~~~~
Summary:
Scope                 mIoU       mAcc       aAcc
global               49.56      56.48      77.78
Per Class Results:
Class                  IoU        Acc
others                5.12       5.44
barrier              53.13      63.46
bicycle              26.83      29.32
bus                  67.00      70.21
car                  70.95      78.70
construction_vehicle      30.20      35.05
motorcycle           35.51      37.32
pedestrian           53.30      59.38
traffic_cone         30.61      35.63
trailer              50.76      63.41
truck                56.80      65.71
driveable_surface      81.88      90.48
other_flat           35.99      41.25
sidewalk             47.83      59.42
terrain              54.87      68.82
manmade              70.27      79.34
vegetation           71.47      77.14

2026-07-15 18:56:10,990 INFO [metric_updater.py:360] Node[0] Epoch[18] Validation bevfusion_centerpoint_pointpillar_henet_multisensor_multitask_nuscenes_opt: NDS[0.5905] MeanIOU[tensor(0.4956, device='cuda:0')] 
2026-07-15 18:56:16,021 INFO [checkpoint.py:233] Node[0] Save model checkpoint: ./tmp_models/bevfusion_centerpoint_pointpillar_henet_multisensor_multitask_nuscenes_opt/float-checkpoint-epoch-0018-e77d93e1.pth.tar
2026-07-15 18:56:17,000 INFO [checkpoint.py:270] Node[0] Save last model checkpoint: ./tmp_models/bevfusion_centerpoint_pointpillar_henet_multisensor_multitask_nuscenes_opt/float-checkpoint-last-b0af5609.pth.tar
2026-07-15 18:56:17,007 INFO [monitor.py:143] Node[0] Epoch[19] Begin ==================================================
2026-07-15 18:56:17,008 INFO [lr_updater.py:204] Node[0] Epoch[19] Step[0] GlobalStep[22287] lr=0.000042
2026-07-15 19:00:36,083 INFO [monitor.py:131] Node[0] Epoch[19] Step[0-199] Cost Time: 259.075s Speed: 4.63 samples/sec Remaining Time: 2:02:55 Remaining step percent: 20.12%
2026-07-15 19:00:37,080 INFO [metric_updater.py:360] Node[0] Epoch[19] Step[199] GlobalStep[22486] loss_bevfusion_centerpoint_pointpillar_henet_multisensor_multitask_nuscenes_opt: car_cls_loss[0.2912] car_reg_loss[0.3248] truck_cls_loss[0.1855] truck_reg_loss[0.2910] bus_cls_loss[0.1299] bus_reg_loss[0.2565] barrier_cls_loss[0.2288] barrier_reg_loss[0.3697] bicycle_cls_loss[0.1187] bicycle_reg_loss[0.2647] pedestrian_cls_loss[0.2243] pedestrian_reg_loss[0.4882] loss_occ[1.2392] 
2026-07-15 19:04:30,876 INFO [monitor.py:131] Node[0] Epoch[19] Step[200-399] Cost Time: 234.791s Speed: 5.11 samples/sec Remaining Time: 1:46:55 Remaining step percent: 19.41%
2026-07-15 19:04:31,903 INFO [metric_updater.py:360] Node[0] Epoch[19] Step[399] GlobalStep[22686] loss_bevfusion_centerpoint_pointpillar_henet_multisensor_multitask_nuscenes_opt: car_cls_loss[0.2967] car_reg_loss[0.3272] truck_cls_loss[0.1840] truck_reg_loss[0.2917] bus_cls_loss[0.1445] bus_reg_loss[0.2663] barrier_cls_loss[0.2149] barrier_reg_loss[0.3524] bicycle_cls_loss[0.1197] bicycle_reg_loss[0.2691] pedestrian_cls_loss[0.2219] pedestrian_reg_loss[0.4860] loss_occ[1.2622] 
2026-07-15 19:08:24,707 INFO [monitor.py:131] Node[0] Epoch[19] Step[400-599] Cost Time: 233.829s Speed: 5.13 samples/sec Remaining Time: 1:42:35 Remaining step percent: 18.70%
2026-07-15 19:08:25,758 INFO [metric_updater.py:360] Node[0] Epoch[19] Step[599] GlobalStep[22886] loss_bevfusion_centerpoint_pointpillar_henet_multisensor_multitask_nuscenes_opt: car_cls_loss[0.2926] car_reg_loss[0.3270] truck_cls_loss[0.1854] truck_reg_loss[0.2919] bus_cls_loss[0.1400] bus_reg_loss[0.2612] barrier_cls_loss[0.2221] barrier_reg_loss[0.3572] bicycle_cls_loss[0.1130] bicycle_reg_loss[0.2647] pedestrian_cls_loss[0.2221] pedestrian_reg_loss[0.4840] loss_occ[1.2488] 
2026-07-15 19:12:17,290 INFO [monitor.py:131] Node[0] Epoch[19] Step[600-799] Cost Time: 232.582s Speed: 5.16 samples/sec Remaining Time: 1:38:10 Remaining step percent: 17.99%
2026-07-15 19:12:18,410 INFO [metric_updater.py:360] Node[0] Epoch[19] Step[799] GlobalStep[23086] loss_bevfusion_centerpoint_pointpillar_henet_multisensor_multitask_nuscenes_opt: car_cls_loss[0.2937] car_reg_loss[0.3277] truck_cls_loss[0.1901] truck_reg_loss[0.2920] bus_cls_loss[0.1342] bus_reg_loss[0.2567] barrier_cls_loss[0.2180] barrier_reg_loss[0.3566] bicycle_cls_loss[0.1159] bicycle_reg_loss[0.2672] pedestrian_cls_loss[0.2216] pedestrian_reg_loss[0.4825] loss_occ[1.2448] 
2026-07-15 19:16:14,679 INFO [monitor.py:131] Node[0] Epoch[19] Step[800-999] Cost Time: 237.388s Speed: 5.06 samples/sec Remaining Time: 1:36:14 Remaining step percent: 17.28%
2026-07-15 19:16:15,846 INFO [metric_updater.py:360] Node[0] Epoch[19] Step[999] GlobalStep[23286] loss_bevfusion_centerpoint_pointpillar_henet_multisensor_multitask_nuscenes_opt: car_cls_loss[0.2940] car_reg_loss[0.3263] truck_cls_loss[0.1897] truck_reg_loss[0.2910] bus_cls_loss[0.1328] bus_reg_loss[0.2559] barrier_cls_loss[0.2183] barrier_reg_loss[0.3557] bicycle_cls_loss[0.1137] bicycle_reg_loss[0.2675] pedestrian_cls_loss[0.2209] pedestrian_reg_loss[0.4821] loss_occ[1.2449] 
2026-07-15 19:19:46,094 INFO [monitor.py:146] Node[0] Epoch[19] End   ==================================================
2026-07-15 19:19:46,095 INFO [monitor.py:149] Node[0] Epoch[19] Cost Time: 1409.087s
2026-07-15 19:19:46,095 INFO [metric_updater.py:360] Node[0] Epoch[19] loss_bevfusion_centerpoint_pointpillar_henet_multisensor_multitask_nuscenes_opt: car_cls_loss[0.2951] car_reg_loss[0.3265] truck_cls_loss[0.1912] truck_reg_loss[0.2912] bus_cls_loss[0.1348] bus_reg_loss[0.2572] barrier_cls_loss[0.2183] barrier_reg_loss[0.3576] bicycle_cls_loss[0.1128] bicycle_reg_loss[0.2683] pedestrian_cls_loss[0.2206] pedestrian_reg_loss[0.4822] loss_occ[1.2444] 
2026-07-15 19:19:46,096 INFO [validation.py:156] Node[0] [32mUse train `model` as val model.[0m
2026-07-15 19:19:46,307 INFO [loop_base.py:482] Node[0] [32mStart Predictor loop from epoch 19, num_epochs=1[0m
2026-07-15 19:19:46,310 INFO [fake_quantize.py:253] Node[0] Set fake quantize state to FakeQuantState.VALIDATION
2026-07-15 19:19:53,322 INFO [loop_base.py:553] Node[0] 0 / 1505
2026-07-15 19:20:21,448 INFO [loop_base.py:553] Node[0] 200 / 1505
2026-07-15 19:21:00,865 INFO [loop_base.py:553] Node[0] 400 / 1505
2026-07-15 19:21:24,886 INFO [loop_base.py:553] Node[0] 600 / 1505
2026-07-15 19:21:55,896 INFO [loop_base.py:553] Node[0] 800 / 1505
2026-07-15 19:22:26,307 INFO [loop_base.py:553] Node[0] 1000 / 1505
2026-07-15 19:22:59,761 INFO [loop_base.py:553] Node[0] 1200 / 1505
2026-07-15 19:23:25,323 INFO [loop_base.py:553] Node[0] 1400 / 1505
2026-07-15 19:23:40,476 INFO [nuscenes_metric.py:322] Node[0] The length of self.nusc_annos is: 1505
2026-07-15 19:23:41,862 INFO [nuscenes_metric.py:346] Node[0] Results writes to ./metric_results/bevfusion_centerpoint_pointpillar_henet_multisensor_multitask_nuscenes_opt/results_nusc.json
2026-07-15 19:25:33,484 INFO [nuscenes_metric.py:388] Node[0] NDS: 0.5874, mAP:0.4947
car_AP: [0.5]:0.6998  [1.0]:0.8466  [2.0]:0.8892  [4.0]:0.9018 
truck_AP: [0.5]:0.3079  [1.0]:0.4947  [2.0]:0.5907  [4.0]:0.6153 
trailer_AP: [0.5]:0.0897  [1.0]:0.2682  [2.0]:0.3855  [4.0]:0.4979 
bus_AP: [0.5]:0.4156  [1.0]:0.6430  [2.0]:0.7617  [4.0]:0.7802 
construction_vehicle_AP: [0.5]:0.0079  [1.0]:0.1254  [2.0]:0.2522  [4.0]:0.2939 
bicycle_AP: [0.5]:0.2898  [1.0]:0.3667  [2.0]:0.3786  [4.0]:0.3890 
motorcycle_AP: [0.5]:0.3413  [1.0]:0.5210  [2.0]:0.5756  [4.0]:0.5869 
pedestrian_AP: [0.5]:0.3773  [1.0]:0.5412  [2.0]:0.5748  [4.0]:0.6047 
traffic_cone_AP: [0.5]:0.4348  [1.0]:0.5710  [2.0]:0.6115  [4.0]:0.6603 
barrier_AP: [0.5]:0.2847  [1.0]:0.5431  [2.0]:0.6227  [4.0]:0.6453 

2026-07-15 19:25:33,614 WARNING [metric.py:200] Node[0] <class 'hat.metrics.nuscenes_metric.NuscenesMetric'> not ready for distributed environment, should not be used together with DistributedSampler.Might be slow in validation due to resource competition
2026-07-15 19:25:33,634 INFO [mean_iou.py:170] Node[0] ~~~~ MeanIOU Summary metrics ~~~~
Summary:
Scope                 mIoU       mAcc       aAcc
global               49.58      56.51      77.74
Per Class Results:
Class                  IoU        Acc
others                4.82       5.02
barrier              52.51      62.26
bicycle              26.75      29.30
bus                  67.59      71.28
car                  70.99      78.71
construction_vehicle      29.52      33.46
motorcycle           35.87      37.76
pedestrian           54.03      60.57
traffic_cone         30.89      36.22
trailer              50.15      62.83
truck                57.42      66.35
driveable_surface      81.80      89.76
other_flat           36.15      41.87
sidewalk             47.51      58.55
terrain              54.98      70.01
manmade              70.31      79.35
vegetation           71.59      77.37

2026-07-15 19:25:33,636 INFO [metric_updater.py:360] Node[0] Epoch[19] Validation bevfusion_centerpoint_pointpillar_henet_multisensor_multitask_nuscenes_opt: NDS[0.5874] MeanIOU[tensor(0.4958, device='cuda:0')] 
2026-07-15 19:25:40,423 INFO [checkpoint.py:233] Node[0] Save model checkpoint: ./tmp_models/bevfusion_centerpoint_pointpillar_henet_multisensor_multitask_nuscenes_opt/float-checkpoint-epoch-0019-f3e199de.pth.tar
2026-07-15 19:25:41,266 INFO [checkpoint.py:270] Node[0] Save last model checkpoint: ./tmp_models/bevfusion_centerpoint_pointpillar_henet_multisensor_multitask_nuscenes_opt/float-checkpoint-last-ff6b0ce7.pth.tar
2026-07-15 19:25:41,274 INFO [monitor.py:143] Node[0] Epoch[20] Begin ==================================================
2026-07-15 19:25:41,274 INFO [lr_updater.py:204] Node[0] Epoch[20] Step[0] GlobalStep[23460] lr=0.000027
2026-07-15 19:29:55,035 INFO [monitor.py:131] Node[0] Epoch[20] Step[0-199] Cost Time: 253.760s Speed: 4.73 samples/sec Remaining Time: 1:35:28 Remaining step percent: 15.96%
2026-07-15 19:29:55,966 INFO [metric_updater.py:360] Node[0] Epoch[20] Step[199] GlobalStep[23659] loss_bevfusion_centerpoint_pointpillar_henet_multisensor_multitask_nuscenes_opt: car_cls_loss[0.2835] car_reg_loss[0.3244] truck_cls_loss[0.1816] truck_reg_loss[0.2929] bus_cls_loss[0.1479] bus_reg_loss[0.2645] barrier_cls_loss[0.2249] barrier_reg_loss[0.3620] bicycle_cls_loss[0.1076] bicycle_reg_loss[0.2670] pedestrian_cls_loss[0.2132] pedestrian_reg_loss[0.4712] loss_occ[1.2483] 
2026-07-15 19:33:49,066 INFO [monitor.py:131] Node[0] Epoch[20] Step[200-399] Cost Time: 234.029s Speed: 5.13 samples/sec Remaining Time: 1:23:42 Remaining step percent: 15.25%
2026-07-15 19:33:50,269 INFO [metric_updater.py:360] Node[0] Epoch[20] Step[399] GlobalStep[23859] loss_bevfusion_centerpoint_pointpillar_henet_multisensor_multitask_nuscenes_opt: car_cls_loss[0.2886] car_reg_loss[0.3240] truck_cls_loss[0.1824] truck_reg_loss[0.2898] bus_cls_loss[0.1371] bus_reg_loss[0.2562] barrier_cls_loss[0.2119] barrier_reg_loss[0.3548] bicycle_cls_loss[0.1047] bicycle_reg_loss[0.2622] pedestrian_cls_loss[0.2120] pedestrian_reg_loss[0.4719] loss_occ[1.2428] 
2026-07-15 19:37:49,771 INFO [monitor.py:131] Node[0] Epoch[20] Step[400-599] Cost Time: 240.703s Speed: 4.99 samples/sec Remaining Time: 1:22:04 Remaining step percent: 14.54%
2026-07-15 19:37:50,791 INFO [metric_updater.py:360] Node[0] Epoch[20] Step[599] GlobalStep[24059] loss_bevfusion_centerpoint_pointpillar_henet_multisensor_multitask_nuscenes_opt: car_cls_loss[0.2901] car_reg_loss[0.3244] truck_cls_loss[0.1853] truck_reg_loss[0.2910] bus_cls_loss[0.1349] bus_reg_loss[0.2544] barrier_cls_loss[0.2146] barrier_reg_loss[0.3598] bicycle_cls_loss[0.1066] bicycle_reg_loss[0.2601] pedestrian_cls_loss[0.2147] pedestrian_reg_loss[0.4765] loss_occ[1.2482] 
2026-07-15 19:41:51,207 INFO [monitor.py:131] Node[0] Epoch[20] Step[600-799] Cost Time: 241.436s Speed: 4.97 samples/sec Remaining Time: 1:18:18 Remaining step percent: 13.82%
2026-07-15 19:41:52,363 INFO [metric_updater.py:360] Node[0] Epoch[20] Step[799] GlobalStep[24259] loss_bevfusion_centerpoint_pointpillar_henet_multisensor_multitask_nuscenes_opt: car_cls_loss[0.2909] car_reg_loss[0.3246] truck_cls_loss[0.1867] truck_reg_loss[0.2923] bus_cls_loss[0.1305] bus_reg_loss[0.2542] barrier_cls_loss[0.2126] barrier_reg_loss[0.3536] bicycle_cls_loss[0.1081] bicycle_reg_loss[0.2602] pedestrian_cls_loss[0.2145] pedestrian_reg_loss[0.4779] loss_occ[1.2466] 
2026-07-15 19:45:49,226 INFO [monitor.py:131] Node[0] Epoch[20] Step[800-999] Cost Time: 238.018s Speed: 5.04 samples/sec Remaining Time: 1:13:13 Remaining step percent: 13.11%
2026-07-15 19:45:50,186 INFO [metric_updater.py:360] Node[0] Epoch[20] Step[999] GlobalStep[24459] loss_bevfusion_centerpoint_pointpillar_henet_multisensor_multitask_nuscenes_opt: car_cls_loss[0.2904] car_reg_loss[0.3244] truck_cls_loss[0.1844] truck_reg_loss[0.2908] bus_cls_loss[0.1319] bus_reg_loss[0.2553] barrier_cls_loss[0.2130] barrier_reg_loss[0.3541] bicycle_cls_loss[0.1091] bicycle_reg_loss[0.2592] pedestrian_cls_loss[0.2140] pedestrian_reg_loss[0.4776] loss_occ[1.2380] 
2026-07-15 19:49:20,782 INFO [monitor.py:146] Node[0] Epoch[20] End   ==================================================
2026-07-15 19:49:20,784 INFO [monitor.py:149] Node[0] Epoch[20] Cost Time: 1419.510s
2026-07-15 19:49:20,784 INFO [metric_updater.py:360] Node[0] Epoch[20] loss_bevfusion_centerpoint_pointpillar_henet_multisensor_multitask_nuscenes_opt: car_cls_loss[0.2908] car_reg_loss[0.3241] truck_cls_loss[0.1853] truck_reg_loss[0.2912] bus_cls_loss[0.1337] bus_reg_loss[0.2548] barrier_cls_loss[0.2134] barrier_reg_loss[0.3534] bicycle_cls_loss[0.1071] bicycle_reg_loss[0.2577] pedestrian_cls_loss[0.2144] pedestrian_reg_loss[0.4779] loss_occ[1.2364] 
2026-07-15 19:49:20,784 INFO [validation.py:156] Node[0] [32mUse train `model` as val model.[0m
2026-07-15 19:49:20,954 INFO [loop_base.py:482] Node[0] [32mStart Predictor loop from epoch 20, num_epochs=1[0m
2026-07-15 19:49:20,957 INFO [fake_quantize.py:253] Node[0] Set fake quantize state to FakeQuantState.VALIDATION
2026-07-15 19:49:27,656 INFO [loop_base.py:553] Node[0] 0 / 1505
2026-07-15 19:50:02,127 INFO [loop_base.py:553] Node[0] 200 / 1505
2026-07-15 19:50:35,078 INFO [loop_base.py:553] Node[0] 400 / 1505
2026-07-15 19:51:09,567 INFO [loop_base.py:553] Node[0] 600 / 1505
2026-07-15 19:51:39,418 INFO [loop_base.py:553] Node[0] 800 / 1505
2026-07-15 19:52:14,802 INFO [loop_base.py:553] Node[0] 1000 / 1505
2026-07-15 19:52:44,132 INFO [loop_base.py:553] Node[0] 1200 / 1505
2026-07-15 19:53:13,426 INFO [loop_base.py:553] Node[0] 1400 / 1505
2026-07-15 19:53:28,442 INFO [nuscenes_metric.py:322] Node[0] The length of self.nusc_annos is: 1505
2026-07-15 19:53:30,115 INFO [nuscenes_metric.py:346] Node[0] Results writes to ./metric_results/bevfusion_centerpoint_pointpillar_henet_multisensor_multitask_nuscenes_opt/results_nusc.json
2026-07-15 19:55:15,931 INFO [nuscenes_metric.py:388] Node[0] NDS: 0.5882, mAP:0.4968
car_AP: [0.5]:0.6996  [1.0]:0.8460  [2.0]:0.8885  [4.0]:0.9015 
truck_AP: [0.5]:0.3077  [1.0]:0.4991  [2.0]:0.5942  [4.0]:0.6187 
trailer_AP: [0.5]:0.0797  [1.0]:0.2595  [2.0]:0.3804  [4.0]:0.4794 
bus_AP: [0.5]:0.4177  [1.0]:0.6445  [2.0]:0.7550  [4.0]:0.7797 
construction_vehicle_AP: [0.5]:0.0159  [1.0]:0.1322  [2.0]:0.2618  [4.0]:0.3132 
bicycle_AP: [0.5]:0.2939  [1.0]:0.3751  [2.0]:0.3865  [4.0]:0.3903 
motorcycle_AP: [0.5]:0.3627  [1.0]:0.5232  [2.0]:0.5760  [4.0]:0.5871 
pedestrian_AP: [0.5]:0.3676  [1.0]:0.5394  [2.0]:0.5808  [4.0]:0.6116 
traffic_cone_AP: [0.5]:0.4372  [1.0]:0.5704  [2.0]:0.6113  [4.0]:0.6654 
barrier_AP: [0.5]:0.2912  [1.0]:0.5453  [2.0]:0.6333  [4.0]:0.6484 

2026-07-15 19:55:16,071 WARNING [metric.py:200] Node[0] <class 'hat.metrics.nuscenes_metric.NuscenesMetric'> not ready for distributed environment, should not be used together with DistributedSampler.Might be slow in validation due to resource competition
2026-07-15 19:55:16,092 INFO [mean_iou.py:170] Node[0] ~~~~ MeanIOU Summary metrics ~~~~
Summary:
Scope                 mIoU       mAcc       aAcc
global               49.23      56.13      77.17
Per Class Results:
Class                  IoU        Acc
others                5.06       5.35
barrier              52.78      62.79
bicycle              26.38      28.86
bus                  67.20      70.70
car                  69.89      77.15
construction_vehicle      29.99      34.65
motorcycle           36.78      39.06
pedestrian           52.50      58.41
traffic_cone         31.04      36.54
trailer              49.69      61.10
truck                56.76      65.56
driveable_surface      81.65      89.33
other_flat           35.49      40.40
sidewalk             47.18      58.08
terrain              53.70      71.23
manmade              69.40      77.48
vegetation           71.41      77.45

2026-07-15 19:55:16,093 INFO [metric_updater.py:360] Node[0] Epoch[20] Validation bevfusion_centerpoint_pointpillar_henet_multisensor_multitask_nuscenes_opt: NDS[0.5882] MeanIOU[tensor(0.4923, device='cuda:0')] 
2026-07-15 19:55:21,808 INFO [checkpoint.py:233] Node[0] Save model checkpoint: ./tmp_models/bevfusion_centerpoint_pointpillar_henet_multisensor_multitask_nuscenes_opt/float-checkpoint-epoch-0020-96853210.pth.tar
2026-07-15 19:55:22,651 INFO [checkpoint.py:270] Node[0] Save last model checkpoint: ./tmp_models/bevfusion_centerpoint_pointpillar_henet_multisensor_multitask_nuscenes_opt/float-checkpoint-last-4c0c8dd4.pth.tar
2026-07-15 19:55:22,659 INFO [monitor.py:143] Node[0] Epoch[21] Begin ==================================================
2026-07-15 19:55:22,659 INFO [lr_updater.py:204] Node[0] Epoch[21] Step[0] GlobalStep[24633] lr=0.000015
2026-07-15 19:59:40,135 INFO [monitor.py:131] Node[0] Epoch[21] Step[0-199] Cost Time: 257.475s Speed: 4.66 samples/sec Remaining Time: 1:11:34 Remaining step percent: 11.79%
2026-07-15 19:59:41,122 INFO [metric_updater.py:360] Node[0] Epoch[21] Step[199] GlobalStep[24832] loss_bevfusion_centerpoint_pointpillar_henet_multisensor_multitask_nuscenes_opt: car_cls_loss[0.3026] car_reg_loss[0.3298] truck_cls_loss[0.1853] truck_reg_loss[0.2894] bus_cls_loss[0.1356] bus_reg_loss[0.2495] barrier_cls_loss[0.2243] barrier_reg_loss[0.3615] bicycle_cls_loss[0.0948] bicycle_reg_loss[0.2500] pedestrian_cls_loss[0.2124] pedestrian_reg_loss[0.4782] loss_occ[1.2341] 
2026-07-15 20:03:40,119 INFO [monitor.py:131] Node[0] Epoch[21] Step[200-399] Cost Time: 239.983s Speed: 5.00 samples/sec Remaining Time: 1:02:22 Remaining step percent: 11.08%
2026-07-15 20:03:41,157 INFO [metric_updater.py:360] Node[0] Epoch[21] Step[399] GlobalStep[25032] loss_bevfusion_centerpoint_pointpillar_henet_multisensor_multitask_nuscenes_opt: car_cls_loss[0.2949] car_reg_loss[0.3267] truck_cls_loss[0.1844] truck_reg_loss[0.2885] bus_cls_loss[0.1277] bus_reg_loss[0.2449] barrier_cls_loss[0.2167] barrier_reg_loss[0.3553] bicycle_cls_loss[0.0977] bicycle_reg_loss[0.2491] pedestrian_cls_loss[0.2114] pedestrian_reg_loss[0.4739] loss_occ[1.2273] 
2026-07-15 20:07:36,202 INFO [monitor.py:131] Node[0] Epoch[21] Step[400-599] Cost Time: 236.081s Speed: 5.08 samples/sec Remaining Time: 0:57:25 Remaining step percent: 10.37%
2026-07-15 20:07:37,203 INFO [metric_updater.py:360] Node[0] Epoch[21] Step[599] GlobalStep[25232] loss_bevfusion_centerpoint_pointpillar_henet_multisensor_multitask_nuscenes_opt: car_cls_loss[0.2944] car_reg_loss[0.3251] truck_cls_loss[0.1864] truck_reg_loss[0.2887] bus_cls_loss[0.1308] bus_reg_loss[0.2481] barrier_cls_loss[0.2129] barrier_reg_loss[0.3531] bicycle_cls_loss[0.1014] bicycle_reg_loss[0.2511] pedestrian_cls_loss[0.2108] pedestrian_reg_loss[0.4748] loss_occ[1.2244] 
2026-07-15 20:11:30,990 INFO [monitor.py:131] Node[0] Epoch[21] Step[600-799] Cost Time: 234.786s Speed: 5.11 samples/sec Remaining Time: 0:53:11 Remaining step percent: 9.66%
2026-07-15 20:11:32,050 INFO [metric_updater.py:360] Node[0] Epoch[21] Step[799] GlobalStep[25432] loss_bevfusion_centerpoint_pointpillar_henet_multisensor_multitask_nuscenes_opt: car_cls_loss[0.2919] car_reg_loss[0.3248] truck_cls_loss[0.1865] truck_reg_loss[0.2882] bus_cls_loss[0.1282] bus_reg_loss[0.2492] barrier_cls_loss[0.2172] barrier_reg_loss[0.3580] bicycle_cls_loss[0.1055] bicycle_reg_loss[0.2558] pedestrian_cls_loss[0.2111] pedestrian_reg_loss[0.4758] loss_occ[1.2316] 
2026-07-15 20:15:24,723 INFO [monitor.py:131] Node[0] Epoch[21] Step[800-999] Cost Time: 233.731s Speed: 5.13 samples/sec Remaining Time: 0:49:03 Remaining step percent: 8.95%
2026-07-15 20:15:25,844 INFO [metric_updater.py:360] Node[0] Epoch[21] Step[999] GlobalStep[25632] loss_bevfusion_centerpoint_pointpillar_henet_multisensor_multitask_nuscenes_opt: car_cls_loss[0.2924] car_reg_loss[0.3254] truck_cls_loss[0.1853] truck_reg_loss[0.2888] bus_cls_loss[0.1264] bus_reg_loss[0.2496] barrier_cls_loss[0.2144] barrier_reg_loss[0.3543] bicycle_cls_loss[0.1045] bicycle_reg_loss[0.2549] pedestrian_cls_loss[0.2124] pedestrian_reg_loss[0.4758] loss_occ[1.2351] 
2026-07-15 20:18:50,321 INFO [monitor.py:146] Node[0] Epoch[21] End   ==================================================
2026-07-15 20:18:50,322 INFO [monitor.py:149] Node[0] Epoch[21] Cost Time: 1407.664s
2026-07-15 20:18:50,323 INFO [metric_updater.py:360] Node[0] Epoch[21] loss_bevfusion_centerpoint_pointpillar_henet_multisensor_multitask_nuscenes_opt: car_cls_loss[0.2904] car_reg_loss[0.3248] truck_cls_loss[0.1843] truck_reg_loss[0.2887] bus_cls_loss[0.1260] bus_reg_loss[0.2493] barrier_cls_loss[0.2157] barrier_reg_loss[0.3578] bicycle_cls_loss[0.1070] bicycle_reg_loss[0.2557] pedestrian_cls_loss[0.2116] pedestrian_reg_loss[0.4757] loss_occ[1.2337] 
2026-07-15 20:18:50,323 INFO [validation.py:156] Node[0] [32mUse train `model` as val model.[0m
2026-07-15 20:18:50,496 INFO [loop_base.py:482] Node[0] [32mStart Predictor loop from epoch 21, num_epochs=1[0m
2026-07-15 20:18:50,499 INFO [fake_quantize.py:253] Node[0] Set fake quantize state to FakeQuantState.VALIDATION
2026-07-15 20:18:57,927 INFO [loop_base.py:553] Node[0] 0 / 1505
2026-07-15 20:19:27,669 INFO [loop_base.py:553] Node[0] 200 / 1505
2026-07-15 20:20:00,235 INFO [loop_base.py:553] Node[0] 400 / 1505
2026-07-15 20:20:34,728 INFO [loop_base.py:553] Node[0] 600 / 1505
2026-07-15 20:21:02,235 INFO [loop_base.py:553] Node[0] 800 / 1505
2026-07-15 20:21:28,825 INFO [loop_base.py:553] Node[0] 1000 / 1505
2026-07-15 20:22:06,537 INFO [loop_base.py:553] Node[0] 1200 / 1505
2026-07-15 20:22:45,870 INFO [loop_base.py:553] Node[0] 1400 / 1505
2026-07-15 20:23:00,709 INFO [nuscenes_metric.py:322] Node[0] The length of self.nusc_annos is: 1505
2026-07-15 20:23:02,400 INFO [nuscenes_metric.py:346] Node[0] Results writes to ./metric_results/bevfusion_centerpoint_pointpillar_henet_multisensor_multitask_nuscenes_opt/results_nusc.json
2026-07-15 20:24:48,157 INFO [nuscenes_metric.py:388] Node[0] NDS: 0.5874, mAP:0.4943
car_AP: [0.5]:0.7001  [1.0]:0.8467  [2.0]:0.8887  [4.0]:0.9013 
truck_AP: [0.5]:0.3090  [1.0]:0.5007  [2.0]:0.5967  [4.0]:0.6216 
trailer_AP: [0.5]:0.0892  [1.0]:0.2612  [2.0]:0.3901  [4.0]:0.4927 
bus_AP: [0.5]:0.4048  [1.0]:0.6453  [2.0]:0.7552  [4.0]:0.7798 
construction_vehicle_AP: [0.5]:0.0143  [1.0]:0.1361  [2.0]:0.2609  [4.0]:0.3202 
bicycle_AP: [0.5]:0.2791  [1.0]:0.3514  [2.0]:0.3628  [4.0]:0.3730 
motorcycle_AP: [0.5]:0.3395  [1.0]:0.5138  [2.0]:0.5571  [4.0]:0.5676 
pedestrian_AP: [0.5]:0.3772  [1.0]:0.5403  [2.0]:0.5808  [4.0]:0.6117 
traffic_cone_AP: [0.5]:0.4371  [1.0]:0.5720  [2.0]:0.6125  [4.0]:0.6592 
barrier_AP: [0.5]:0.2942  [1.0]:0.5543  [2.0]:0.6261  [4.0]:0.6490 

2026-07-15 20:24:48,284 WARNING [metric.py:200] Node[0] <class 'hat.metrics.nuscenes_metric.NuscenesMetric'> not ready for distributed environment, should not be used together with DistributedSampler.Might be slow in validation due to resource competition
2026-07-15 20:24:48,306 INFO [mean_iou.py:170] Node[0] ~~~~ MeanIOU Summary metrics ~~~~
Summary:
Scope                 mIoU       mAcc       aAcc
global               49.53      56.47      77.65
Per Class Results:
Class                  IoU        Acc
others                5.13       5.46
barrier              52.85      62.78
bicycle              25.82      28.01
bus                  66.83      70.05
car                  70.54      78.28
construction_vehicle      30.97      35.84
motorcycle           36.08      38.09
pedestrian           53.62      60.04
traffic_cone         30.78      36.00
trailer              50.22      62.41
truck                56.80      65.71
driveable_surface      81.89      89.71
other_flat           36.20      41.82
sidewalk             47.69      59.05
terrain              54.90      70.57
manmade              70.44      79.42
vegetation           71.27      76.83

2026-07-15 20:24:48,310 INFO [metric_updater.py:360] Node[0] Epoch[21] Validation bevfusion_centerpoint_pointpillar_henet_multisensor_multitask_nuscenes_opt: NDS[0.5874] MeanIOU[tensor(0.4953, device='cuda:0')] 
2026-07-15 20:24:54,932 INFO [checkpoint.py:233] Node[0] Save model checkpoint: ./tmp_models/bevfusion_centerpoint_pointpillar_henet_multisensor_multitask_nuscenes_opt/float-checkpoint-epoch-0021-0edd9791.pth.tar
2026-07-15 20:24:55,854 INFO [checkpoint.py:270] Node[0] Save last model checkpoint: ./tmp_models/bevfusion_centerpoint_pointpillar_henet_multisensor_multitask_nuscenes_opt/float-checkpoint-last-d287e87a.pth.tar
2026-07-15 20:24:55,862 INFO [monitor.py:143] Node[0] Epoch[22] Begin ==================================================
2026-07-15 20:24:55,862 INFO [lr_updater.py:204] Node[0] Epoch[22] Step[0] GlobalStep[25806] lr=0.000007
2026-07-15 20:29:17,582 INFO [monitor.py:131] Node[0] Epoch[22] Step[0-199] Cost Time: 261.719s Speed: 4.59 samples/sec Remaining Time: 0:47:02 Remaining step percent: 7.62%
2026-07-15 20:29:18,830 INFO [metric_updater.py:360] Node[0] Epoch[22] Step[199] GlobalStep[26005] loss_bevfusion_centerpoint_pointpillar_henet_multisensor_multitask_nuscenes_opt: car_cls_loss[0.2979] car_reg_loss[0.3234] truck_cls_loss[0.1864] truck_reg_loss[0.2837] bus_cls_loss[0.1113] bus_reg_loss[0.2479] barrier_cls_loss[0.2062] barrier_reg_loss[0.3454] bicycle_cls_loss[0.1110] bicycle_reg_loss[0.2608] pedestrian_cls_loss[0.2149] pedestrian_reg_loss[0.4746] loss_occ[1.2344] 
2026-07-15 20:33:13,862 INFO [monitor.py:131] Node[0] Epoch[22] Step[200-399] Cost Time: 236.278s Speed: 5.08 samples/sec Remaining Time: 0:38:18 Remaining step percent: 6.91%
2026-07-15 20:33:15,103 INFO [metric_updater.py:360] Node[0] Epoch[22] Step[399] GlobalStep[26205] loss_bevfusion_centerpoint_pointpillar_henet_multisensor_multitask_nuscenes_opt: car_cls_loss[0.2965] car_reg_loss[0.3230] truck_cls_loss[0.1790] truck_reg_loss[0.2849] bus_cls_loss[0.1181] bus_reg_loss[0.2503] barrier_cls_loss[0.2152] barrier_reg_loss[0.3403] bicycle_cls_loss[0.1085] bicycle_reg_loss[0.2539] pedestrian_cls_loss[0.2135] pedestrian_reg_loss[0.4743] loss_occ[1.2316] 
2026-07-15 20:37:13,638 INFO [monitor.py:131] Node[0] Epoch[22] Step[400-599] Cost Time: 239.775s Speed: 5.00 samples/sec Remaining Time: 0:34:53 Remaining step percent: 6.20%
2026-07-15 20:37:14,736 INFO [metric_updater.py:360] Node[0] Epoch[22] Step[599] GlobalStep[26405] loss_bevfusion_centerpoint_pointpillar_henet_multisensor_multitask_nuscenes_opt: car_cls_loss[0.2931] car_reg_loss[0.3237] truck_cls_loss[0.1813] truck_reg_loss[0.2855] bus_cls_loss[0.1241] bus_reg_loss[0.2507] barrier_cls_loss[0.2108] barrier_reg_loss[0.3435] bicycle_cls_loss[0.1065] bicycle_reg_loss[0.2567] pedestrian_cls_loss[0.2103] pedestrian_reg_loss[0.4734] loss_occ[1.2265] 
2026-07-15 20:41:07,231 INFO [monitor.py:131] Node[0] Epoch[22] Step[600-799] Cost Time: 233.591s Speed: 5.14 samples/sec Remaining Time: 0:30:05 Remaining step percent: 5.49%
2026-07-15 20:41:08,283 INFO [metric_updater.py:360] Node[0] Epoch[22] Step[799] GlobalStep[26605] loss_bevfusion_centerpoint_pointpillar_henet_multisensor_multitask_nuscenes_opt: car_cls_loss[0.2946] car_reg_loss[0.3242] truck_cls_loss[0.1798] truck_reg_loss[0.2855] bus_cls_loss[0.1240] bus_reg_loss[0.2501] barrier_cls_loss[0.2114] barrier_reg_loss[0.3450] bicycle_cls_loss[0.1044] bicycle_reg_loss[0.2582] pedestrian_cls_loss[0.2068] pedestrian_reg_loss[0.4738] loss_occ[1.2337] 
2026-07-15 20:45:05,146 INFO [monitor.py:131] Node[0] Epoch[22] Step[800-999] Cost Time: 237.914s Speed: 5.04 samples/sec Remaining Time: 0:26:41 Remaining step percent: 4.78%
2026-07-15 20:45:06,345 INFO [metric_updater.py:360] Node[0] Epoch[22] Step[999] GlobalStep[26805] loss_bevfusion_centerpoint_pointpillar_henet_multisensor_multitask_nuscenes_opt: car_cls_loss[0.2935] car_reg_loss[0.3237] truck_cls_loss[0.1788] truck_reg_loss[0.2850] bus_cls_loss[0.1250] bus_reg_loss[0.2496] barrier_cls_loss[0.2098] barrier_reg_loss[0.3460] bicycle_cls_loss[0.1026] bicycle_reg_loss[0.2571] pedestrian_cls_loss[0.2059] pedestrian_reg_loss[0.4729] loss_occ[1.2336] 
2026-07-15 20:48:35,723 INFO [monitor.py:146] Node[0] Epoch[22] End   ==================================================
2026-07-15 20:48:35,725 INFO [monitor.py:149] Node[0] Epoch[22] Cost Time: 1419.863s
2026-07-15 20:48:35,726 INFO [metric_updater.py:360] Node[0] Epoch[22] loss_bevfusion_centerpoint_pointpillar_henet_multisensor_multitask_nuscenes_opt: car_cls_loss[0.2934] car_reg_loss[0.3234] truck_cls_loss[0.1811] truck_reg_loss[0.2853] bus_cls_loss[0.1266] bus_reg_loss[0.2510] barrier_cls_loss[0.2086] barrier_reg_loss[0.3434] bicycle_cls_loss[0.1025] bicycle_reg_loss[0.2582] pedestrian_cls_loss[0.2048] pedestrian_reg_loss[0.4733] loss_occ[1.2348] 
2026-07-15 20:48:35,726 INFO [validation.py:156] Node[0] [32mUse train `model` as val model.[0m
2026-07-15 20:48:35,901 INFO [loop_base.py:482] Node[0] [32mStart Predictor loop from epoch 22, num_epochs=1[0m
2026-07-15 20:48:35,904 INFO [fake_quantize.py:253] Node[0] Set fake quantize state to FakeQuantState.VALIDATION
2026-07-15 20:48:43,489 INFO [loop_base.py:553] Node[0] 0 / 1505
2026-07-15 20:49:14,224 INFO [loop_base.py:553] Node[0] 200 / 1505
2026-07-15 20:49:53,146 INFO [loop_base.py:553] Node[0] 400 / 1505
2026-07-15 20:50:22,954 INFO [loop_base.py:553] Node[0] 600 / 1505
2026-07-15 20:50:46,770 INFO [loop_base.py:553] Node[0] 800 / 1505
2026-07-15 20:51:27,155 INFO [loop_base.py:553] Node[0] 1000 / 1505
2026-07-15 20:51:56,196 INFO [loop_base.py:553] Node[0] 1200 / 1505
2026-07-15 20:52:36,087 INFO [loop_base.py:553] Node[0] 1400 / 1505
2026-07-15 20:52:55,526 INFO [nuscenes_metric.py:322] Node[0] The length of self.nusc_annos is: 1505
2026-07-15 20:52:56,861 INFO [nuscenes_metric.py:346] Node[0] Results writes to ./metric_results/bevfusion_centerpoint_pointpillar_henet_multisensor_multitask_nuscenes_opt/results_nusc.json
2026-07-15 20:54:46,309 INFO [nuscenes_metric.py:388] Node[0] NDS: 0.5870, mAP:0.4924
car_AP: [0.5]:0.7001  [1.0]:0.8464  [2.0]:0.8886  [4.0]:0.9016 
truck_AP: [0.5]:0.3057  [1.0]:0.4974  [2.0]:0.5944  [4.0]:0.6189 
trailer_AP: [0.5]:0.0891  [1.0]:0.2633  [2.0]:0.3803  [4.0]:0.4844 
bus_AP: [0.5]:0.4066  [1.0]:0.6335  [2.0]:0.7554  [4.0]:0.7804 
construction_vehicle_AP: [0.5]:0.0116  [1.0]:0.1287  [2.0]:0.2645  [4.0]:0.3174 
bicycle_AP: [0.5]:0.2683  [1.0]:0.3593  [2.0]:0.3623  [4.0]:0.3730 
motorcycle_AP: [0.5]:0.3268  [1.0]:0.5168  [2.0]:0.5588  [4.0]:0.5700 
pedestrian_AP: [0.5]:0.3664  [1.0]:0.5393  [2.0]:0.5804  [4.0]:0.6114 
traffic_cone_AP: [0.5]:0.4343  [1.0]:0.5630  [2.0]:0.6103  [4.0]:0.6587 
barrier_AP: [0.5]:0.2913  [1.0]:0.5544  [2.0]:0.6343  [4.0]:0.6492 

2026-07-15 20:54:46,439 WARNING [metric.py:200] Node[0] <class 'hat.metrics.nuscenes_metric.NuscenesMetric'> not ready for distributed environment, should not be used together with DistributedSampler.Might be slow in validation due to resource competition
2026-07-15 20:54:46,460 INFO [mean_iou.py:170] Node[0] ~~~~ MeanIOU Summary metrics ~~~~
Summary:
Scope                 mIoU       mAcc       aAcc
global               49.70      56.66      77.96
Per Class Results:
Class                  IoU        Acc
others                5.29       5.63
barrier              52.84      62.76
bicycle              26.04      28.19
bus                  66.97      70.18
car                  71.03      78.60
construction_vehicle      31.10      35.98
motorcycle           36.08      37.90
pedestrian           53.74      60.04
traffic_cone         30.99      36.32
trailer              50.57      63.62
truck                57.06      65.79
driveable_surface      81.95      89.90
other_flat           36.10      41.42
sidewalk             47.84      59.10
terrain              54.97      70.74
manmade              70.63      79.82
vegetation           71.75      77.32

2026-07-15 20:54:46,462 INFO [metric_updater.py:360] Node[0] Epoch[22] Validation bevfusion_centerpoint_pointpillar_henet_multisensor_multitask_nuscenes_opt: NDS[0.5870] MeanIOU[tensor(0.4970, device='cuda:0')] 
2026-07-15 20:54:52,543 INFO [checkpoint.py:233] Node[0] Save model checkpoint: ./tmp_models/bevfusion_centerpoint_pointpillar_henet_multisensor_multitask_nuscenes_opt/float-checkpoint-epoch-0022-86375048.pth.tar
2026-07-15 20:54:53,395 INFO [checkpoint.py:270] Node[0] Save last model checkpoint: ./tmp_models/bevfusion_centerpoint_pointpillar_henet_multisensor_multitask_nuscenes_opt/float-checkpoint-last-9b0ff32b.pth.tar
2026-07-15 20:54:53,403 INFO [monitor.py:143] Node[0] Epoch[23] Begin ==================================================
2026-07-15 20:54:53,403 INFO [lr_updater.py:204] Node[0] Epoch[23] Step[0] GlobalStep[26979] lr=0.000002
2026-07-15 20:59:15,157 INFO [monitor.py:131] Node[0] Epoch[23] Step[0-199] Cost Time: 261.754s Speed: 4.58 samples/sec Remaining Time: 0:21:19 Remaining step percent: 3.46%
2026-07-15 20:59:16,244 INFO [metric_updater.py:360] Node[0] Epoch[23] Step[199] GlobalStep[27178] loss_bevfusion_centerpoint_pointpillar_henet_multisensor_multitask_nuscenes_opt: car_cls_loss[0.2949] car_reg_loss[0.3220] truck_cls_loss[0.1778] truck_reg_loss[0.2840] bus_cls_loss[0.1287] bus_reg_loss[0.2507] barrier_cls_loss[0.2141] barrier_reg_loss[0.3475] bicycle_cls_loss[0.1055] bicycle_reg_loss[0.2702] pedestrian_cls_loss[0.2050] pedestrian_reg_loss[0.4735] loss_occ[1.2166] 
2026-07-15 21:03:10,306 INFO [monitor.py:131] Node[0] Epoch[23] Step[200-399] Cost Time: 235.146s Speed: 5.10 samples/sec Remaining Time: 0:15:08 Remaining step percent: 2.75%
2026-07-15 21:03:11,445 INFO [metric_updater.py:360] Node[0] Epoch[23] Step[399] GlobalStep[27378] loss_bevfusion_centerpoint_pointpillar_henet_multisensor_multitask_nuscenes_opt: car_cls_loss[0.2906] car_reg_loss[0.3221] truck_cls_loss[0.1778] truck_reg_loss[0.2874] bus_cls_loss[0.1232] bus_reg_loss[0.2440] barrier_cls_loss[0.2081] barrier_reg_loss[0.3409] bicycle_cls_loss[0.0990] bicycle_reg_loss[0.2589] pedestrian_cls_loss[0.2055] pedestrian_reg_loss[0.4752] loss_occ[1.2235] 
2026-07-15 21:07:07,064 INFO [monitor.py:131] Node[0] Epoch[23] Step[400-599] Cost Time: 236.757s Speed: 5.07 samples/sec Remaining Time: 0:11:18 Remaining step percent: 2.04%
2026-07-15 21:07:08,225 INFO [metric_updater.py:360] Node[0] Epoch[23] Step[599] GlobalStep[27578] loss_bevfusion_centerpoint_pointpillar_henet_multisensor_multitask_nuscenes_opt: car_cls_loss[0.2904] car_reg_loss[0.3238] truck_cls_loss[0.1772] truck_reg_loss[0.2852] bus_cls_loss[0.1238] bus_reg_loss[0.2440] barrier_cls_loss[0.2074] barrier_reg_loss[0.3449] bicycle_cls_loss[0.0979] bicycle_reg_loss[0.2574] pedestrian_cls_loss[0.2091] pedestrian_reg_loss[0.4768] loss_occ[1.2305] 
2026-07-15 21:10:59,180 INFO [monitor.py:131] Node[0] Epoch[23] Step[600-799] Cost Time: 232.114s Speed: 5.17 samples/sec Remaining Time: 0:07:12 Remaining step percent: 1.32%
2026-07-15 21:11:00,173 INFO [metric_updater.py:360] Node[0] Epoch[23] Step[799] GlobalStep[27778] loss_bevfusion_centerpoint_pointpillar_henet_multisensor_multitask_nuscenes_opt: car_cls_loss[0.2895] car_reg_loss[0.3226] truck_cls_loss[0.1756] truck_reg_loss[0.2848] bus_cls_loss[0.1236] bus_reg_loss[0.2448] barrier_cls_loss[0.2070] barrier_reg_loss[0.3494] bicycle_cls_loss[0.0991] bicycle_reg_loss[0.2578] pedestrian_cls_loss[0.2092] pedestrian_reg_loss[0.4759] loss_occ[1.2276] 
2026-07-15 21:14:53,397 INFO [monitor.py:131] Node[0] Epoch[23] Step[800-999] Cost Time: 234.216s Speed: 5.12 samples/sec Remaining Time: 0:03:22 Remaining step percent: 0.61%
2026-07-15 21:14:54,383 INFO [metric_updater.py:360] Node[0] Epoch[23] Step[999] GlobalStep[27978] loss_bevfusion_centerpoint_pointpillar_henet_multisensor_multitask_nuscenes_opt: car_cls_loss[0.2892] car_reg_loss[0.3227] truck_cls_loss[0.1751] truck_reg_loss[0.2857] bus_cls_loss[0.1235] bus_reg_loss[0.2452] barrier_cls_loss[0.2050] barrier_reg_loss[0.3465] bicycle_cls_loss[0.0976] bicycle_reg_loss[0.2548] pedestrian_cls_loss[0.2093] pedestrian_reg_loss[0.4751] loss_occ[1.2245] 
2026-07-15 21:18:23,461 INFO [monitor.py:146] Node[0] Epoch[23] End   ==================================================
2026-07-15 21:18:23,463 INFO [monitor.py:149] Node[0] Epoch[23] Cost Time: 1410.060s
2026-07-15 21:18:23,463 INFO [metric_updater.py:360] Node[0] Epoch[23] loss_bevfusion_centerpoint_pointpillar_henet_multisensor_multitask_nuscenes_opt: car_cls_loss[0.2898] car_reg_loss[0.3227] truck_cls_loss[0.1742] truck_reg_loss[0.2852] bus_cls_loss[0.1281] bus_reg_loss[0.2466] barrier_cls_loss[0.2083] barrier_reg_loss[0.3474] bicycle_cls_loss[0.1003] bicycle_reg_loss[0.2560] pedestrian_cls_loss[0.2090] pedestrian_reg_loss[0.4746] loss_occ[1.2256] 
2026-07-15 21:18:23,464 INFO [validation.py:156] Node[0] [32mUse train `model` as val model.[0m
2026-07-15 21:18:23,633 INFO [loop_base.py:482] Node[0] [32mStart Predictor loop from epoch 23, num_epochs=1[0m
2026-07-15 21:18:23,636 INFO [fake_quantize.py:253] Node[0] Set fake quantize state to FakeQuantState.VALIDATION
2026-07-15 21:18:30,930 INFO [loop_base.py:553] Node[0] 0 / 1505
2026-07-15 21:18:57,564 INFO [loop_base.py:553] Node[0] 200 / 1505
2026-07-15 21:19:24,347 INFO [loop_base.py:553] Node[0] 400 / 1505
2026-07-15 21:19:48,667 INFO [loop_base.py:553] Node[0] 600 / 1505
2026-07-15 21:20:28,088 INFO [loop_base.py:553] Node[0] 800 / 1505
2026-07-15 21:21:09,682 INFO [loop_base.py:553] Node[0] 1000 / 1505
2026-07-15 21:21:46,038 INFO [loop_base.py:553] Node[0] 1200 / 1505
2026-07-15 21:22:13,092 INFO [loop_base.py:553] Node[0] 1400 / 1505
2026-07-15 21:22:33,534 INFO [nuscenes_metric.py:322] Node[0] The length of self.nusc_annos is: 1505
2026-07-15 21:22:34,857 INFO [nuscenes_metric.py:346] Node[0] Results writes to ./metric_results/bevfusion_centerpoint_pointpillar_henet_multisensor_multitask_nuscenes_opt/results_nusc.json
2026-07-15 21:24:19,517 INFO [nuscenes_metric.py:388] Node[0] NDS: 0.5872, mAP:0.4935
car_AP: [0.5]:0.7014  [1.0]:0.8467  [2.0]:0.8886  [4.0]:0.9015 
truck_AP: [0.5]:0.3060  [1.0]:0.4952  [2.0]:0.5943  [4.0]:0.6190 
trailer_AP: [0.5]:0.0878  [1.0]:0.2697  [2.0]:0.3911  [4.0]:0.4938 
bus_AP: [0.5]:0.4178  [1.0]:0.6448  [2.0]:0.7550  [4.0]:0.7807 
construction_vehicle_AP: [0.5]:0.0163  [1.0]:0.1298  [2.0]:0.2586  [4.0]:0.3128 
bicycle_AP: [0.5]:0.2703  [1.0]:0.3438  [2.0]:0.3544  [4.0]:0.3652 
motorcycle_AP: [0.5]:0.3408  [1.0]:0.5154  [2.0]:0.5659  [4.0]:0.5679 
pedestrian_AP: [0.5]:0.3660  [1.0]:0.5401  [2.0]:0.5808  [4.0]:0.6117 
traffic_cone_AP: [0.5]:0.4369  [1.0]:0.5684  [2.0]:0.6104  [4.0]:0.6580 
barrier_AP: [0.5]:0.2923  [1.0]:0.5525  [2.0]:0.6335  [4.0]:0.6566 

2026-07-15 21:24:19,659 WARNING [metric.py:200] Node[0] <class 'hat.metrics.nuscenes_metric.NuscenesMetric'> not ready for distributed environment, should not be used together with DistributedSampler.Might be slow in validation due to resource competition
2026-07-15 21:24:19,683 INFO [mean_iou.py:170] Node[0] ~~~~ MeanIOU Summary metrics ~~~~
Summary:
Scope                 mIoU       mAcc       aAcc
global               49.78      56.82      77.87
Per Class Results:
Class                  IoU        Acc
others                5.40       5.77
barrier              53.16      63.49
bicycle              26.11      28.33
bus                  66.81      70.04
car                  70.89      78.57
construction_vehicle      30.93      35.72
motorcycle           36.55      38.54
pedestrian           53.81      60.38
traffic_cone         31.15      36.66
trailer              50.87      63.87
truck                57.18      65.93
driveable_surface      82.00      89.84
other_flat           36.39      41.96
sidewalk             47.85      58.95
terrain              54.93      71.17
manmade              70.48      79.10
vegetation           71.69      77.57

2026-07-15 21:24:19,684 INFO [metric_updater.py:360] Node[0] Epoch[23] Validation bevfusion_centerpoint_pointpillar_henet_multisensor_multitask_nuscenes_opt: NDS[0.5872] MeanIOU[tensor(0.4978, device='cuda:0')] 
2026-07-15 21:24:26,218 INFO [checkpoint.py:233] Node[0] Save model checkpoint: ./tmp_models/bevfusion_centerpoint_pointpillar_henet_multisensor_multitask_nuscenes_opt/float-checkpoint-epoch-0023-3ac52175.pth.tar
2026-07-15 21:24:27,049 INFO [checkpoint.py:270] Node[0] Save last model checkpoint: ./tmp_models/bevfusion_centerpoint_pointpillar_henet_multisensor_multitask_nuscenes_opt/float-checkpoint-last-45fe7aef.pth.tar
2026-07-15 21:24:27,936 INFO [checkpoint.py:270] Node[0] Save last model checkpoint: ./tmp_models/bevfusion_centerpoint_pointpillar_henet_multisensor_multitask_nuscenes_opt/float-checkpoint-last-f155fd3b.pth.tar
2026-07-15 21:24:27,946 INFO [logger.py:199] Node[0] ==================================================END FLOAT STAGE==================================================
