2026-05-27 08:10:52,357 INFO [logger.py:199] Node[0] {'ConfigVersion': <enum 'ConfigVersion'>,
 'Image': <module 'PIL.Image' from '/usr/local/lib/python3.10/dist-packages/PIL/Image.py'>,
 'March': <class 'horizon_plugin_pytorch.march.March'>,
 'MixVarGENetConfig': <class 'hat.models.backbones.mixvargenet.MixVarGENetConfig'>,
 'VERSION': <ConfigVersion.v2: 2>,
 '_dim_': 256,
 '_num_levels_': 1,
 '_pos_dim_': 128,
 'align_bpu_data_loader': {'batch_size': 1,
                           'collate_fn': <function collate_nuscenes_sequencev2 at 0x7f041eabf910>,
                           'dataset': {'bev_range': [-51.2,
                                                     -51.2,
                                                     -5.0,
                                                     51.2,
                                                     51.2,
                                                     3.0],
                                       'load_dim': 5,
                                       'map_path': None,
                                       'map_size': None,
                                       'need_lidar': True,
                                       'num_seq': 1,
                                       'num_sweeps': 9,
                                       'split_name': 'val',
                                       'src_data_dir': './data/nuscenes',
                                       'transforms': [{'size': [512, 960],
                                                       'type': 'MultiViewsImgResize'},
                                                      {'transforms': [{'type': 'PILToTensor'},
                                                                      {'divisor': 32,
                                                                       'type': 'Pad'},
                                                                      {'rgb_input': True,
                                                                       'type': 'BgrToYuv444'},
                                                                      {'mean': 128.0,
                                                                       'std': 128.0,
                                                                       'type': 'Normalize'}],
                                                       'type': 'MultiViewsImgTransformWrapper'}],
                                       'type': 'NuscenesFromImageSequence',
                                       'use_dim': [0, 1, 2, 3, 4],
                                       'version': 'v1.0-trainval',
                                       'with_bev_bboxes': False,
                                       'with_bev_mask': False,
                                       'with_ego_bboxes': True,
                                       'with_lidar_bboxes': True,
                                       'with_lidar_occ': True},
                           'num_workers': 2,
                           'pin_memory': True,
                           'shuffle': False,
                           'type': <class 'torch.utils.data.dataloader.DataLoader'>},
 'align_bpu_predictor': {'batch_processor': {'need_grad_update': False,
                                             'type': 'BasicBatchProcessor'},
                         'callbacks': [{'epoch_log_freq': 1,
                                        'log_prefix': 'Validation '
                                                      'bevfusion_pointpillar_henet_multisensor_multitask_nuscenes',
                                        'metric_update_func': <function update_metric at 0x7f0417fb9bd0>,
                                        'step_log_freq': 10000,
                                        'type': 'MetricUpdater'}],
                         'data_loader': {'batch_size': 1,
                                         'collate_fn': <function collate_nuscenes_sequencev2 at 0x7f041eabf910>,
                                         'dataset': {'bev_range': [-51.2,
                                                                   -51.2,
                                                                   -5.0,
                                                                   51.2,
                                                                   51.2,
                                                                   3.0],
                                                     'load_dim': 5,
                                                     'map_path': None,
                                                     'map_size': None,
                                                     'need_lidar': True,
                                                     'num_seq': 1,
                                                     'num_sweeps': 9,
                                                     'split_name': 'val',
                                                     'src_data_dir': './data/nuscenes',
                                                     'transforms': [{'size': [512,
                                                                              960],
                                                                     'type': 'MultiViewsImgResize'},
                                                                    {'transforms': [{'type': 'PILToTensor'},
                                                                                    {'divisor': 32,
                                                                                     'type': 'Pad'},
                                                                                    {'rgb_input': True,
                                                                                     'type': 'BgrToYuv444'},
                                                                                    {'mean': 128.0,
                                                                                     'std': 128.0,
                                                                                     'type': 'Normalize'}],
                                                                     'type': 'MultiViewsImgTransformWrapper'}],
                                                     'type': 'NuscenesFromImageSequence',
                                                     'use_dim': [0, 1, 2, 3, 4],
                                                     'version': 'v1.0-trainval',
                                                     'with_bev_bboxes': False,
                                                     'with_bev_mask': False,
                                                     'with_ego_bboxes': True,
                                                     'with_lidar_bboxes': True,
                                                     'with_lidar_occ': True},
                                         'num_workers': 2,
                                         'pin_memory': True,
                                         'shuffle': False,
                                         'type': <class 'torch.utils.data.dataloader.DataLoader'>},
                         'device': None,
                         'log_interval': 1,
                         'metrics': [{'classes': ['car',
                                                  'truck',
                                                  'trailer',
                                                  'bus',
                                                  'construction_vehicle',
                                                  'bicycle',
                                                  'motorcycle',
                                                  'pedestrian',
                                                  'traffic_cone',
                                                  'barrier'],
                                      'data_root': 'data/nuscenes',
                                      'lidar_key': 'sensor2ego',
                                      'save_prefix': './metric_results/bevfusion_pointpillar_henet_multisensor_multitask_nuscenes',
                                      'trans_lidar_dim': True,
                                      'trans_lidar_rot': False,
                                      'type': 'NuscenesMetric',
                                      'use_lidar': True,
                                      'version': 'v1.0-trainval'},
                                     {'ignore_index': 17,
                                      'seg_class': ['others',
                                                    'barrier',
                                                    'bicycle',
                                                    'bus',
                                                    'car',
                                                    'construction_vehicle',
                                                    'motorcycle',
                                                    'pedestrian',
                                                    'traffic_cone',
                                                    'trailer',
                                                    'truck',
                                                    'driveable_surface',
                                                    'other_flat',
                                                    'sidewalk',
                                                    'terrain',
                                                    'manmade',
                                                    'vegetation'],
                                      'type': 'MeanIOU'}],
                         'model': {'deploy_model': {'bev_decoders': [{'bev_h': 128,
                                                                      'bev_w': 128,
                                                                      'criterion': {'assigner': {'cls_cost': {'type': 'FocalLossCost',
                                                                                                              'weight': 2.0},
                                                                                                 'reg_cost': {'type': 'BBox3DL1Cost',
                                                                                                              'weight': 0.25},
                                                                                                 'type': 'BevFormerHungarianAssigner3D'},
                                                                                    'bbox_key': 'lidar_bboxes_labels',
                                                                                    'loss_bbox': {'loss_weight': 0.25,
                                                                                                  'type': 'L1Loss'},
                                                                                    'loss_cls': {'alpha': 0.25,
                                                                                                 'gamma': 2.0,
                                                                                                 'loss_name': 'cls',
                                                                                                 'loss_weight': 2.0,
                                                                                                 'num_classes': 11,
                                                                                                 'reduction': 'mean',
                                                                                                 'type': 'FocalLoss'},
                                                                                    'pc_range': [-51.2,
                                                                                                 -51.2,
                                                                                                 -5.0,
                                                                                                 51.2,
                                                                                                 51.2,
                                                                                                 3.0],
                                                                                    'type': 'BevFormerCriterion'},
                                                                      'decoder': {'decoder_layer': {'crossattention': {'embed_dims': 256,
                                                                                                                       'feats_size': [[128,
                                                                                                                                       128]],
                                                                                                                       'grid_align_num': 4,
                                                                                                                       'num_levels': 1,
                                                                                                                       'type': 'HorizonMultiScaleDeformableAttention'},
                                                                                                    'dropout': 0.1,
                                                                                                    'type': 'DetrTransformerDecoderLayer'},
                                                                                  'num_layers': 6,
                                                                                  'return_intermediate': True,
                                                                                  'type': 'DetectionTransformerDecoder'},
                                                                      'embed_dims': 256,
                                                                      'num_query': 900,
                                                                      'pc_range': [-51.2,
                                                                                   -51.2,
                                                                                   -5.0,
                                                                                   51.2,
                                                                                   51.2,
                                                                                   3.0],
                                                                      'post_process': {'max_num': 300,
                                                                                       'num_classes': 10,
                                                                                       'pc_range': [-51.2,
                                                                                                    -51.2,
                                                                                                    -5.0,
                                                                                                    51.2,
                                                                                                    51.2,
                                                                                                    3.0],
                                                                                       'post_center_range': [-61.2,
                                                                                                             -61.2,
                                                                                                             -10.0,
                                                                                                             61.2,
                                                                                                             61.2,
                                                                                                             10.0],
                                                                                       'type': 'BevFormerProcess'},
                                                                      'type': 'BEVFormerDetDecoder'},
                                                                     {'camera_input': True,
                                                                      'lidar_input': True,
                                                                      'loss_occ': {'ignore_index': 255,
                                                                                   'loss_weight': 6.0,
                                                                                   'type': 'CrossEntropyLoss',
                                                                                   'use_sigmoid': False},
                                                                      'num_classes': 18,
                                                                      'occ_head': {'Dz': 16,
                                                                                   'in_dim': 256,
                                                                                   'num_classes': 18,
                                                                                   'out_dim': 128,
                                                                                   'type': 'BEVOCCHead2D',
                                                                                   'use_predicter': True,
                                                                                   'use_upsample': True},
                                                                      'roi_resizer': {'in_strides': [1],
                                                                                      'roi_resize_cfgs': [{'in_stride': 1,
                                                                                                           'roi_box': [14,
                                                                                                                       14,
                                                                                                                       114,
                                                                                                                       114]}],
                                                                                      'type': 'RoiResize'},
                                                                      'type': 'BevformerOccDetDecoder',
                                                                      'use_mask': True}],
                                                    'bev_h': 128,
                                                    'bev_w': 128,
                                                    'camera_network': {'backbone': {'act_layer': ['nn.GELU',
                                                                                                  'nn.GELU',
                                                                                                  'nn.GELU',
                                                                                                  'nn.GELU'],
                                                                                    'attention_block_num': [0,
                                                                                                            0,
                                                                                                            0,
                                                                                                            0],
                                                                                    'block_cls': ['GroupDWCB',
                                                                                                  'GroupDWCB',
                                                                                                  'AltDWCB',
                                                                                                  'DWCB'],
                                                                                    'block_nums': [4,
                                                                                                   3,
                                                                                                   8,
                                                                                                   6],
                                                                                    'down_cls': ['S2DDown',
                                                                                                 'S2DDown',
                                                                                                 'S2DDown',
                                                                                                 'None'],
                                                                                    'embed_dims': [64,
                                                                                                   128,
                                                                                                   192,
                                                                                                   384],
                                                                                    'extra_act': [False,
                                                                                                  False,
                                                                                                  False,
                                                                                                  False],
                                                                                    'feature_mix_channel': 1024,
                                                                                    'final_expand_channel': 0,
                                                                                    'in_channels': 3,
                                                                                    'include_top': False,
                                                                                    'layer_scale_init_value': 1e-05,
                                                                                    'mlp_ratio_attn': 2,
                                                                                    'mlp_ratios': [2,
                                                                                                   2,
                                                                                                   2,
                                                                                                   3],
                                                                                    'num_classes': 1000,
                                                                                    'patch_embed': 'origin',
                                                                                    'type': 'HENet',
                                                                                    'use_layer_scale': [True,
                                                                                                        True,
                                                                                                        True,
                                                                                                        True]},
                                                                       'neck': {'bn_kwargs': {'eps': 1e-05,
                                                                                              'momentum': 0.1},
                                                                                'in_channels': [384],
                                                                                'in_strides': [32],
                                                                                'out_channels': [256],
                                                                                'out_strides': [32],
                                                                                'type': 'FPN'},
                                                                       'out_indices': [-1],
                                                                       'type': 'BevFormer',
                                                                       'view_transformer': {'bev_h': 128,
                                                                                            'bev_w': 128,
                                                                                            'embed_dims': 256,
                                                                                            'encoder': {'bev_h': 128,
                                                                                                        'bev_w': 128,
                                                                                                        'embed_dims': 256,
                                                                                                        'encoder_layer': {'crossattention': {'bev_h': 128,
                                                                                                                                             'bev_w': 128,
                                                                                                                                             'deformable_attention': {'embed_dims': 256,
                                                                                                                                                                      'feats_size': [[30,
                                                                                                                                                                                      16]],
                                                                                                                                                                      'grid_align_num': 64,
                                                                                                                                                                      'num_levels': 1,
                                                                                                                                                                      'num_points': 2,
                                                                                                                                                                      'type': 'HorizonMultiScaleDeformableAttention3D'},
                                                                                                                                             'embed_dims': 256,
                                                                                                                                             'max_camoverlap_num': 2,
                                                                                                                                             'type': 'HorizonSpatialCrossAttention'},
                                                                                                                          'dropout': 0.1,
                                                                                                                          'embed_dims': 256,
                                                                                                                          'selfattention': {'batch_first': True,
                                                                                                                                            'embed_dims': 256,
                                                                                                                                            'feats_size': [[128,
                                                                                                                                                            128]],
                                                                                                                                            'grid_align_num': 4,
                                                                                                                                            'num_levels': 1,
                                                                                                                                            'num_points': 2,
                                                                                                                                            'type': 'HorizonMultiScaleDeformableAttention'},
                                                                                                                          'type': 'SingleBEVFormerEncoderLayer'},
                                                                                                        'num_layers': 1,
                                                                                                        'return_intermediate': False,
                                                                                                        'type': 'SingleBEVFormerEncoder'},
                                                                                            'in_indices': [-1],
                                                                                            'max_camoverlap_num': 2,
                                                                                            'num_points_in_pillar': 2,
                                                                                            'pc_range': [-51.2,
                                                                                                         -51.2,
                                                                                                         -5.0,
                                                                                                         51.2,
                                                                                                         51.2,
                                                                                                         3.0],
                                                                                            'positional_encoding': {'col_num_embed': 128,
                                                                                                                    'num_feats': 128,
                                                                                                                    'row_num_embed': 128,
                                                                                                                    'type': 'LearnedPositionalEncoding'},
                                                                                            'queue_length': 1,
                                                                                            'single_bev': True,
                                                                                            'type': 'SingleBevFormerViewTransformer',
                                                                                            'use_lidar2img': True,
                                                                                            'virtual_bev_h': 64,
                                                                                            'virtual_bev_w': 80}},
                                                    'fuse_module': {'fuse_c': 256,
                                                                    'input_c': 640,
                                                                    'type': 'BevFuseModule'},
                                                    'lidar_network': {'backbone': {'num_input_features': 64,
                                                                                   'quantize': True,
                                                                                   'type': 'PointPillarScatter',
                                                                                   'use_horizon_pillar_scatter': True},
                                                                      'feature_map_shape': array([512, 512,   1]),
                                                                      'neck': {'bn_kwargs': None,
                                                                               'down_layer_channels': [64,
                                                                                                       128,
                                                                                                       256],
                                                                               'down_layer_nums': [3,
                                                                                                   5,
                                                                                                   5],
                                                                               'down_layer_strides': [2,
                                                                                                      2,
                                                                                                      2],
                                                                               'in_feature_channel': 64,
                                                                               'quantize': True,
                                                                               'type': 'SECONDNeck',
                                                                               'up_layer_channels': [128,
                                                                                                     128,
                                                                                                     128],
                                                                               'up_layer_strides': [0.5,
                                                                                                    1,
                                                                                                    2],
                                                                               'use_relu6': False},
                                                                      'pre_process': {'max_points_in_voxel': 20,
                                                                                      'max_voxels_num': [30000,
                                                                                                         40000],
                                                                                      'norm_dims': [0,
                                                                                                    1,
                                                                                                    2,
                                                                                                    3],
                                                                                      'norm_range': [-51.2,
                                                                                                     -51.2,
                                                                                                     -5.0,
                                                                                                     0.0,
                                                                                                     51.2,
                                                                                                     51.2,
                                                                                                     3.0,
                                                                                                     255.0],
                                                                                      'pc_range': [-51.2,
                                                                                                   -51.2,
                                                                                                   -5.0,
                                                                                                   51.2,
                                                                                                   51.2,
                                                                                                   3.0],
                                                                                      'type': 'CenterPointPreProcess',
                                                                                      'voxel_size': [0.2,
                                                                                                     0.2,
                                                                                                     8]},
                                                                      'reader': {'bn_kwargs': None,
                                                                                 'hw_reverse': True,
                                                                                 'num_filters': [64],
                                                                                 'num_input_features': 5,
                                                                                 'pc_range': [-51.2,
                                                                                              -51.2,
                                                                                              -5.0,
                                                                                              51.2,
                                                                                              51.2,
                                                                                              3.0],
                                                                                 'pool_size': [20,
                                                                                               1],
                                                                                 'quantize': True,
                                                                                 'type': 'PillarFeatureNet',
                                                                                 'use_4dim': True,
                                                                                 'use_conv': True,
                                                                                 'voxel_size': [0.2,
                                                                                                0.2,
                                                                                                8],
                                                                                 'with_distance': False},
                                                                      'type': 'CenterPointDetector'},
                                                    'type': 'BevFusion'},
                                   'ir_model': {'model_path': './tmp_models/bevfusion_pointpillar_henet_multisensor_multitask_nuscenes/quantized.bc',
                                                'type': 'HbirModule'},
                                   'type': 'BevFusionHbirInfer'},
                         'type': 'Predictor'},
 'batch_processor': {'enable_amp': True,
                     'loss_collector': <function loss_collector at 0x7f0417fb9b40>,
                     'need_grad_update': True,
                     'type': 'MultiBatchProcessor'},
 'batch_size_per_gpu': 4,
 'bev_decoders': [{'bev_h': 128,
                   'bev_w': 128,
                   'criterion': {'assigner': {'cls_cost': {'type': 'FocalLossCost',
                                                           'weight': 2.0},
                                              'reg_cost': {'type': 'BBox3DL1Cost',
                                                           'weight': 0.25},
                                              'type': 'BevFormerHungarianAssigner3D'},
                                 'bbox_key': 'lidar_bboxes_labels',
                                 'loss_bbox': {'loss_weight': 0.25,
                                               'type': 'L1Loss'},
                                 'loss_cls': {'alpha': 0.25,
                                              'gamma': 2.0,
                                              'loss_name': 'cls',
                                              'loss_weight': 2.0,
                                              'num_classes': 11,
                                              'reduction': 'mean',
                                              'type': 'FocalLoss'},
                                 'pc_range': [-51.2,
                                              -51.2,
                                              -5.0,
                                              51.2,
                                              51.2,
                                              3.0],
                                 'type': 'BevFormerCriterion'},
                   'decoder': {'decoder_layer': {'crossattention': {'embed_dims': 256,
                                                                    'feats_size': [[128,
                                                                                    128]],
                                                                    'grid_align_num': 4,
                                                                    'num_levels': 1,
                                                                    'type': 'HorizonMultiScaleDeformableAttention'},
                                                 'dropout': 0.1,
                                                 'type': 'DetrTransformerDecoderLayer'},
                               'num_layers': 6,
                               'return_intermediate': True,
                               'type': 'DetectionTransformerDecoder'},
                   'embed_dims': 256,
                   'num_query': 900,
                   'pc_range': [-51.2, -51.2, -5.0, 51.2, 51.2, 3.0],
                   'post_process': {'max_num': 300,
                                    'num_classes': 10,
                                    'pc_range': [-51.2,
                                                 -51.2,
                                                 -5.0,
                                                 51.2,
                                                 51.2,
                                                 3.0],
                                    'post_center_range': [-61.2,
                                                          -61.2,
                                                          -10.0,
                                                          61.2,
                                                          61.2,
                                                          10.0],
                                    'type': 'BevFormerProcess'},
                   'type': 'BEVFormerDetDecoder'},
                  {'camera_input': True,
                   'lidar_input': True,
                   'loss_occ': {'ignore_index': 255,
                                'loss_weight': 6.0,
                                'type': 'CrossEntropyLoss',
                                'use_sigmoid': False},
                   'num_classes': 18,
                   'occ_head': {'Dz': 16,
                                'in_dim': 256,
                                'num_classes': 18,
                                'out_dim': 128,
                                'type': 'BEVOCCHead2D',
                                'use_predicter': True,
                                'use_upsample': True},
                   'roi_resizer': {'in_strides': [1],
                                   'roi_resize_cfgs': [{'in_stride': 1,
                                                        'roi_box': [14,
                                                                    14,
                                                                    114,
                                                                    114]}],
                                   'type': 'RoiResize'},
                   'type': 'BevformerOccDetDecoder',
                   'use_mask': True}],
 'bev_h_': 128,
 'bev_head': {'bev_h': 128,
              'bev_w': 128,
              'criterion': {'assigner': {'cls_cost': {'type': 'FocalLossCost',
                                                      'weight': 2.0},
                                         'reg_cost': {'type': 'BBox3DL1Cost',
                                                      'weight': 0.25},
                                         'type': 'BevFormerHungarianAssigner3D'},
                            'bbox_key': 'lidar_bboxes_labels',
                            'loss_bbox': {'loss_weight': 0.25,
                                          'type': 'L1Loss'},
                            'loss_cls': {'alpha': 0.25,
                                         'gamma': 2.0,
                                         'loss_name': 'cls',
                                         'loss_weight': 2.0,
                                         'num_classes': 11,
                                         'reduction': 'mean',
                                         'type': 'FocalLoss'},
                            'pc_range': [-51.2, -51.2, -5.0, 51.2, 51.2, 3.0],
                            'type': 'BevFormerCriterion'},
              'decoder': {'decoder_layer': {'crossattention': {'embed_dims': 256,
                                                               'feats_size': [[128,
                                                                               128]],
                                                               'grid_align_num': 4,
                                                               'num_levels': 1,
                                                               'type': 'HorizonMultiScaleDeformableAttention'},
                                            'dropout': 0.1,
                                            'type': 'DetrTransformerDecoderLayer'},
                          'num_layers': 6,
                          'return_intermediate': True,
                          'type': 'DetectionTransformerDecoder'},
              'embed_dims': 256,
              'num_query': 900,
              'pc_range': [-51.2, -51.2, -5.0, 51.2, 51.2, 3.0],
              'post_process': {'max_num': 300,
                               'num_classes': 10,
                               'pc_range': [-51.2,
                                            -51.2,
                                            -5.0,
                                            51.2,
                                            51.2,
                                            3.0],
                               'post_center_range': [-61.2,
                                                     -61.2,
                                                     -10.0,
                                                     61.2,
                                                     61.2,
                                                     10.0],
                               'type': 'BevFormerProcess'},
              'type': 'BEVFormerDetDecoder'},
 'bev_size': [51.2, 51.2, 0.8],
 'bev_size_occ': [40, 40],
 'bev_sparse_rate': 0.4,
 'bev_val_nuscenes_metric': {'classes': ['car',
                                         'truck',
                                         'trailer',
                                         'bus',
                                         'construction_vehicle',
                                         'bicycle',
                                         'motorcycle',
                                         'pedestrian',
                                         'traffic_cone',
                                         'barrier'],
                             'data_root': 'data/nuscenes',
                             'lidar_key': 'sensor2ego',
                             'save_prefix': './metric_results/bevfusion_pointpillar_henet_multisensor_multitask_nuscenes',
                             'trans_lidar_dim': True,
                             'trans_lidar_rot': False,
                             'type': 'NuscenesMetric',
                             'use_lidar': True,
                             'version': 'v1.0-trainval'},
 'bev_w_': 128,
 'bn_kwargs': {'eps': 2e-05, 'momentum': 0.1},
 'calibration_batch_processor': {'loss_collector': None,
                                 'need_grad_update': False,
                                 'type': 'MultiBatchProcessor'},
 'calibration_data_loader': {'batch_size': 1,
                             'collate_fn': <function collate_nuscenes_sequencev2 at 0x7f041eabf910>,
                             'dataset': {'bev_range': [-51.2,
                                                       -51.2,
                                                       -5.0,
                                                       51.2,
                                                       51.2,
                                                       3.0],
                                         'data_path': 'data/nuscenes/pack/horizon_bevfusion_nuscenes/val_lmdb/',
                                         'load_dim': 5,
                                         'map_path': None,
                                         'map_size': None,
                                         'need_lidar': True,
                                         'num_seq': 1,
                                         'num_sweeps': 9,
                                         'transforms': [{'size': [512, 960],
                                                         'type': 'MultiViewsImgResize'},
                                                        {'transforms': [{'type': 'PILToTensor'},
                                                                        {'divisor': 32,
                                                                         'type': 'Pad'},
                                                                        {'rgb_input': True,
                                                                         'type': 'BgrToYuv444'},
                                                                        {'mean': 128.0,
                                                                         'std': 128.0,
                                                                         'type': 'Normalize'}],
                                                         'type': 'MultiViewsImgTransformWrapper'}],
                                         'type': 'NuscenesBevSequenceDataset',
                                         'use_dim': [0, 1, 2, 3, 4],
                                         'with_bev_bboxes': False,
                                         'with_bev_mask': False,
                                         'with_ego_bboxes': True,
                                         'with_lidar_bboxes': True,
                                         'with_lidar_occ': True},
                             'num_workers': 4,
                             'pin_memory': True,
                             'shuffle': False,
                             'type': <class 'torch.utils.data.dataloader.DataLoader'>},
 'calibration_example_data_loader': {'batch_size': 1,
                                     'collate_fn': <function collate_nuscenes_sequencev2 at 0x7f041eabf910>,
                                     'dataset': {'bev_range': [-51.2,
                                                               -51.2,
                                                               -5.0,
                                                               51.2,
                                                               51.2,
                                                               3.0],
                                                 'data_path': 'data/nuscenes/pack/horizon_bevfusion_nuscenes/val_lmdb/',
                                                 'load_dim': 5,
                                                 'map_path': None,
                                                 'map_size': None,
                                                 'need_lidar': True,
                                                 'num_seq': 1,
                                                 'num_sweeps': 9,
                                                 'transforms': [{'size': [512,
                                                                          960],
                                                                 'type': 'MultiViewsImgResize'},
                                                                {'transforms': [{'type': 'PILToTensor'},
                                                                                {'divisor': 32,
                                                                                 'type': 'Pad'},
                                                                                {'rgb_input': True,
                                                                                 'type': 'BgrToYuv444'},
                                                                                {'mean': 128.0,
                                                                                 'std': 128.0,
                                                                                 'type': 'Normalize'}],
                                                                 'type': 'MultiViewsImgTransformWrapper'}],
                                                 'type': 'NuscenesBevSequenceDataset',
                                                 'use_dim': [0, 1, 2, 3, 4],
                                                 'with_bev_bboxes': False,
                                                 'with_bev_mask': False,
                                                 'with_ego_bboxes': True,
                                                 'with_lidar_bboxes': True,
                                                 'with_lidar_occ': True},
                                     'num_workers': 0,
                                     'pin_memory': True,
                                     'shuffle': False,
                                     'type': <class 'torch.utils.data.dataloader.DataLoader'>},
 'calibration_predictor': {'batch_processor': {'loss_collector': None,
                                               'need_grad_update': False,
                                               'type': 'MultiBatchProcessor'},
                           'callbacks': [{'epoch_log_freq': 1,
                                          'log_prefix': 'Validation '
                                                        'bevfusion_pointpillar_henet_multisensor_multitask_nuscenes',
                                          'metric_update_func': <function update_metric at 0x7f0417fb9bd0>,
                                          'step_log_freq': 10000,
                                          'type': 'MetricUpdater'}],
                           'data_loader': [{'batch_size': 1,
                                            'collate_fn': <function collate_nuscenes_sequencev2 at 0x7f041eabf910>,
                                            'dataset': {'bev_range': [-51.2,
                                                                      -51.2,
                                                                      -5.0,
                                                                      51.2,
                                                                      51.2,
                                                                      3.0],
                                                        'data_path': 'data/nuscenes/pack/horizon_bevfusion_nuscenes/val_lmdb/',
                                                        'load_dim': 5,
                                                        'map_path': None,
                                                        'map_size': None,
                                                        'need_lidar': True,
                                                        'num_seq': 1,
                                                        'num_sweeps': 9,
                                                        'transforms': [{'size': [512,
                                                                                 960],
                                                                        'type': 'MultiViewsImgResize'},
                                                                       {'transforms': [{'type': 'PILToTensor'},
                                                                                       {'divisor': 32,
                                                                                        'type': 'Pad'},
                                                                                       {'rgb_input': True,
                                                                                        'type': 'BgrToYuv444'},
                                                                                       {'mean': 128.0,
                                                                                        'std': 128.0,
                                                                                        'type': 'Normalize'}],
                                                                        'type': 'MultiViewsImgTransformWrapper'}],
                                                        'type': 'NuscenesBevSequenceDataset',
                                                        'use_dim': [0,
                                                                    1,
                                                                    2,
                                                                    3,
                                                                    4],
                                                        'with_bev_bboxes': False,
                                                        'with_bev_mask': False,
                                                        'with_ego_bboxes': True,
                                                        'with_lidar_bboxes': True,
                                                        'with_lidar_occ': True},
                                            'num_workers': 4,
                                            'pin_memory': True,
                                            'sampler': {'type': <class 'torch.utils.data.distributed.DistributedSampler'>},
                                            'shuffle': False,
                                            'type': <class 'torch.utils.data.dataloader.DataLoader'>}],
                           'device': None,
                           'log_interval': 100,
                           'metrics': [{'classes': ['car',
                                                    'truck',
                                                    'trailer',
                                                    'bus',
                                                    'construction_vehicle',
                                                    'bicycle',
                                                    'motorcycle',
                                                    'pedestrian',
                                                    'traffic_cone',
                                                    'barrier'],
                                        'data_root': 'data/nuscenes',
                                        'lidar_key': 'sensor2ego',
                                        'save_prefix': './metric_results/bevfusion_pointpillar_henet_multisensor_multitask_nuscenes',
                                        'trans_lidar_dim': True,
                                        'trans_lidar_rot': False,
                                        'type': 'NuscenesMetric',
                                        'use_lidar': True,
                                        'version': 'v1.0-trainval'},
                                       {'ignore_index': 17,
                                        'seg_class': ['others',
                                                      'barrier',
                                                      'bicycle',
                                                      'bus',
                                                      'car',
                                                      'construction_vehicle',
                                                      'motorcycle',
                                                      'pedestrian',
                                                      'traffic_cone',
                                                      'trailer',
                                                      'truck',
                                                      'driveable_surface',
                                                      'other_flat',
                                                      'sidewalk',
                                                      'terrain',
                                                      'manmade',
                                                      'vegetation'],
                                        'type': 'MeanIOU'}],
                           'model': {'bev_decoders': [{'bev_h': 128,
                                                       'bev_w': 128,
                                                       'criterion': {'assigner': {'cls_cost': {'type': 'FocalLossCost',
                                                                                               'weight': 2.0},
                                                                                  'reg_cost': {'type': 'BBox3DL1Cost',
                                                                                               'weight': 0.25},
                                                                                  'type': 'BevFormerHungarianAssigner3D'},
                                                                     'bbox_key': 'lidar_bboxes_labels',
                                                                     'loss_bbox': {'loss_weight': 0.25,
                                                                                   'type': 'L1Loss'},
                                                                     'loss_cls': {'alpha': 0.25,
                                                                                  'gamma': 2.0,
                                                                                  'loss_name': 'cls',
                                                                                  'loss_weight': 2.0,
                                                                                  'num_classes': 11,
                                                                                  'reduction': 'mean',
                                                                                  'type': 'FocalLoss'},
                                                                     'pc_range': [-51.2,
                                                                                  -51.2,
                                                                                  -5.0,
                                                                                  51.2,
                                                                                  51.2,
                                                                                  3.0],
                                                                     'type': 'BevFormerCriterion'},
                                                       'decoder': {'decoder_layer': {'crossattention': {'embed_dims': 256,
                                                                                                        'feats_size': [[128,
                                                                                                                        128]],
                                                                                                        'grid_align_num': 4,
                                                                                                        'num_levels': 1,
                                                                                                        'type': 'HorizonMultiScaleDeformableAttention'},
                                                                                     'dropout': 0.1,
                                                                                     'type': 'DetrTransformerDecoderLayer'},
                                                                   'num_layers': 6,
                                                                   'return_intermediate': True,
                                                                   'type': 'DetectionTransformerDecoder'},
                                                       'embed_dims': 256,
                                                       'num_query': 900,
                                                       'pc_range': [-51.2,
                                                                    -51.2,
                                                                    -5.0,
                                                                    51.2,
                                                                    51.2,
                                                                    3.0],
                                                       'post_process': {'max_num': 300,
                                                                        'num_classes': 10,
                                                                        'pc_range': [-51.2,
                                                                                     -51.2,
                                                                                     -5.0,
                                                                                     51.2,
                                                                                     51.2,
                                                                                     3.0],
                                                                        'post_center_range': [-61.2,
                                                                                              -61.2,
                                                                                              -10.0,
                                                                                              61.2,
                                                                                              61.2,
                                                                                              10.0],
                                                                        'type': 'BevFormerProcess'},
                                                       'type': 'BEVFormerDetDecoder'},
                                                      {'camera_input': True,
                                                       'lidar_input': True,
                                                       'loss_occ': {'ignore_index': 255,
                                                                    'loss_weight': 6.0,
                                                                    'type': 'CrossEntropyLoss',
                                                                    'use_sigmoid': False},
                                                       'num_classes': 18,
                                                       'occ_head': {'Dz': 16,
                                                                    'in_dim': 256,
                                                                    'num_classes': 18,
                                                                    'out_dim': 128,
                                                                    'type': 'BEVOCCHead2D',
                                                                    'use_predicter': True,
                                                                    'use_upsample': True},
                                                       'roi_resizer': {'in_strides': [1],
                                                                       'roi_resize_cfgs': [{'in_stride': 1,
                                                                                            'roi_box': [14,
                                                                                                        14,
                                                                                                        114,
                                                                                                        114]}],
                                                                       'type': 'RoiResize'},
                                                       'type': 'BevformerOccDetDecoder',
                                                       'use_mask': True}],
                                     'bev_h': 128,
                                     'bev_w': 128,
                                     'camera_network': {'backbone': {'act_layer': ['nn.GELU',
                                                                                   'nn.GELU',
                                                                                   'nn.GELU',
                                                                                   'nn.GELU'],
                                                                     'attention_block_num': [0,
                                                                                             0,
                                                                                             0,
                                                                                             0],
                                                                     'block_cls': ['GroupDWCB',
                                                                                   'GroupDWCB',
                                                                                   'AltDWCB',
                                                                                   'DWCB'],
                                                                     'block_nums': [4,
                                                                                    3,
                                                                                    8,
                                                                                    6],
                                                                     'down_cls': ['S2DDown',
                                                                                  'S2DDown',
                                                                                  'S2DDown',
                                                                                  'None'],
                                                                     'embed_dims': [64,
                                                                                    128,
                                                                                    192,
                                                                                    384],
                                                                     'extra_act': [False,
                                                                                   False,
                                                                                   False,
                                                                                   False],
                                                                     'feature_mix_channel': 1024,
                                                                     'final_expand_channel': 0,
                                                                     'in_channels': 3,
                                                                     'include_top': False,
                                                                     'layer_scale_init_value': 1e-05,
                                                                     'mlp_ratio_attn': 2,
                                                                     'mlp_ratios': [2,
                                                                                    2,
                                                                                    2,
                                                                                    3],
                                                                     'num_classes': 1000,
                                                                     'patch_embed': 'origin',
                                                                     'type': 'HENet',
                                                                     'use_layer_scale': [True,
                                                                                         True,
                                                                                         True,
                                                                                         True]},
                                                        'neck': {'bn_kwargs': {'eps': 1e-05,
                                                                               'momentum': 0.1},
                                                                 'in_channels': [384],
                                                                 'in_strides': [32],
                                                                 'out_channels': [256],
                                                                 'out_strides': [32],
                                                                 'type': 'FPN'},
                                                        'out_indices': [-1],
                                                        'type': 'BevFormer',
                                                        'view_transformer': {'bev_h': 128,
                                                                             'bev_w': 128,
                                                                             'embed_dims': 256,
                                                                             'encoder': {'bev_h': 128,
                                                                                         'bev_w': 128,
                                                                                         'embed_dims': 256,
                                                                                         'encoder_layer': {'crossattention': {'bev_h': 128,
                                                                                                                              'bev_w': 128,
                                                                                                                              'deformable_attention': {'embed_dims': 256,
                                                                                                                                                       'feats_size': [[30,
                                                                                                                                                                       16]],
                                                                                                                                                       'grid_align_num': 64,
                                                                                                                                                       'num_levels': 1,
                                                                                                                                                       'num_points': 2,
                                                                                                                                                       'type': 'HorizonMultiScaleDeformableAttention3D'},
                                                                                                                              'embed_dims': 256,
                                                                                                                              'max_camoverlap_num': 2,
                                                                                                                              'type': 'HorizonSpatialCrossAttention'},
                                                                                                           'dropout': 0.1,
                                                                                                           'embed_dims': 256,
                                                                                                           'selfattention': {'batch_first': True,
                                                                                                                             'embed_dims': 256,
                                                                                                                             'feats_size': [[128,
                                                                                                                                             128]],
                                                                                                                             'grid_align_num': 4,
                                                                                                                             'num_levels': 1,
                                                                                                                             'num_points': 2,
                                                                                                                             'type': 'HorizonMultiScaleDeformableAttention'},
                                                                                                           'type': 'SingleBEVFormerEncoderLayer'},
                                                                                         'num_layers': 1,
                                                                                         'return_intermediate': False,
                                                                                         'type': 'SingleBEVFormerEncoder'},
                                                                             'in_indices': [-1],
                                                                             'max_camoverlap_num': 2,
                                                                             'num_points_in_pillar': 2,
                                                                             'pc_range': [-51.2,
                                                                                          -51.2,
                                                                                          -5.0,
                                                                                          51.2,
                                                                                          51.2,
                                                                                          3.0],
                                                                             'positional_encoding': {'col_num_embed': 128,
                                                                                                     'num_feats': 128,
                                                                                                     'row_num_embed': 128,
                                                                                                     'type': 'LearnedPositionalEncoding'},
                                                                             'queue_length': 1,
                                                                             'single_bev': True,
                                                                             'type': 'SingleBevFormerViewTransformer',
                                                                             'use_lidar2img': True,
                                                                             'virtual_bev_h': 64,
                                                                             'virtual_bev_w': 80}},
                                     'fuse_module': {'fuse_c': 256,
                                                     'input_c': 640,
                                                     'type': 'BevFuseModule'},
                                     'lidar_network': {'backbone': {'num_input_features': 64,
                                                                    'quantize': True,
                                                                    'type': 'PointPillarScatter',
                                                                    'use_horizon_pillar_scatter': True},
                                                       'feature_map_shape': array([512, 512,   1]),
                                                       'neck': {'bn_kwargs': None,
                                                                'down_layer_channels': [64,
                                                                                        128,
                                                                                        256],
                                                                'down_layer_nums': [3,
                                                                                    5,
                                                                                    5],
                                                                'down_layer_strides': [2,
                                                                                       2,
                                                                                       2],
                                                                'in_feature_channel': 64,
                                                                'quantize': True,
                                                                'type': 'SECONDNeck',
                                                                'up_layer_channels': [128,
                                                                                      128,
                                                                                      128],
                                                                'up_layer_strides': [0.5,
                                                                                     1,
                                                                                     2],
                                                                'use_relu6': False},
                                                       'pre_process': {'max_points_in_voxel': 20,
                                                                       'max_voxels_num': [30000,
                                                                                          40000],
                                                                       'norm_dims': [0,
                                                                                     1,
                                                                                     2,
                                                                                     3],
                                                                       'norm_range': [-51.2,
                                                                                      -51.2,
                                                                                      -5.0,
                                                                                      0.0,
                                                                                      51.2,
                                                                                      51.2,
                                                                                      3.0,
                                                                                      255.0],
                                                                       'pc_range': [-51.2,
                                                                                    -51.2,
                                                                                    -5.0,
                                                                                    51.2,
                                                                                    51.2,
                                                                                    3.0],
                                                                       'type': 'CenterPointPreProcess',
                                                                       'voxel_size': [0.2,
                                                                                      0.2,
                                                                                      8]},
                                                       'reader': {'bn_kwargs': None,
                                                                  'hw_reverse': True,
                                                                  'num_filters': [64],
                                                                  'num_input_features': 5,
                                                                  'pc_range': [-51.2,
                                                                               -51.2,
                                                                               -5.0,
                                                                               51.2,
                                                                               51.2,
                                                                               3.0],
                                                                  'pool_size': [20,
                                                                                1],
                                                                  'quantize': True,
                                                                  'type': 'PillarFeatureNet',
                                                                  'use_4dim': True,
                                                                  'use_conv': True,
                                                                  'voxel_size': [0.2,
                                                                                 0.2,
                                                                                 8],
                                                                  'with_distance': False},
                                                       'type': 'CenterPointDetector'},
                                     'type': 'BevFusion'},
                           'model_convert_pipeline': {'converters': [{'type': 'RepModel2Deploy'},
                                                                     {'convert_mode': 'jit-strip',
                                                                      'example_data_loader': {'batch_size': 1,
                                                                                              'collate_fn': <function collate_nuscenes_sequencev2 at 0x7f041eabf910>,
                                                                                              'dataset': {'bev_range': [-51.2,
                                                                                                                        -51.2,
                                                                                                                        -5.0,
                                                                                                                        51.2,
                                                                                                                        51.2,
                                                                                                                        3.0],
                                                                                                          'data_path': 'data/nuscenes/pack/horizon_bevfusion_nuscenes/val_lmdb/',
                                                                                                          'load_dim': 5,
                                                                                                          'map_path': None,
                                                                                                          'map_size': None,
                                                                                                          'need_lidar': True,
                                                                                                          'num_seq': 1,
                                                                                                          'num_sweeps': 9,
                                                                                                          'transforms': [{'size': [512,
                                                                                                                                   960],
                                                                                                                          'type': 'MultiViewsImgResize'},
                                                                                                                         {'transforms': [{'type': 'PILToTensor'},
                                                                                                                                         {'divisor': 32,
                                                                                                                                          'type': 'Pad'},
                                                                                                                                         {'rgb_input': True,
                                                                                                                                          'type': 'BgrToYuv444'},
                                                                                                                                         {'mean': 128.0,
                                                                                                                                          'std': 128.0,
                                                                                                                                          'type': 'Normalize'}],
                                                                                                                          'type': 'MultiViewsImgTransformWrapper'}],
                                                                                                          'type': 'NuscenesBevSequenceDataset',
                                                                                                          'use_dim': [0,
                                                                                                                      1,
                                                                                                                      2,
                                                                                                                      3,
                                                                                                                      4],
                                                                                                          'with_bev_bboxes': False,
                                                                                                          'with_bev_mask': False,
                                                                                                          'with_ego_bboxes': True,
                                                                                                          'with_lidar_bboxes': True,
                                                                                                          'with_lidar_occ': True},
                                                                                              'num_workers': 0,
                                                                                              'pin_memory': True,
                                                                                              'shuffle': False,
                                                                                              'type': <class 'torch.utils.data.dataloader.DataLoader'>},
                                                                      'type': 'Float2QAT'},
                                                                     {'allow_miss': True,
                                                                      'checkpoint_path': './tmp_models/bevfusion_pointpillar_henet_multisensor_multitask_nuscenes/calibration-checkpoint-last.pth.tar',
                                                                      'ignore_extra': True,
                                                                      'type': 'LoadCheckpoint',
                                                                      'verbose': True}],
                                                      'qat_mode': 'fuse_bn',
                                                      'type': 'ModelConvertPipeline'},
                           'type': 'Predictor'},
 'calibration_trainer': {'batch_processor': {'loss_collector': None,
                                             'need_grad_update': False,
                                             'type': 'MultiBatchProcessor'},
                         'callbacks': [{'log_freq': 200,
                                        'type': 'StatsMonitor'},
                                       {'batch_processor': {'loss_collector': None,
                                                            'need_grad_update': False,
                                                            'type': 'MultiBatchProcessor'},
                                        'callbacks': [{'epoch_log_freq': 1,
                                                       'log_prefix': 'Validation '
                                                                     'bevfusion_pointpillar_henet_multisensor_multitask_nuscenes',
                                                       'metric_update_func': <function update_metric at 0x7f0417fb9bd0>,
                                                       'step_log_freq': 10000,
                                                       'type': 'MetricUpdater'}],
                                        'data_loader': {'batch_size': 1,
                                                        'collate_fn': <function collate_nuscenes_sequencev2 at 0x7f041eabf910>,
                                                        'dataset': {'bev_range': [-51.2,
                                                                                  -51.2,
                                                                                  -5.0,
                                                                                  51.2,
                                                                                  51.2,
                                                                                  3.0],
                                                                    'data_path': 'data/nuscenes/pack/horizon_bevfusion_nuscenes/val_lmdb/',
                                                                    'load_dim': 5,
                                                                    'map_path': None,
                                                                    'map_size': None,
                                                                    'need_lidar': True,
                                                                    'num_seq': 1,
                                                                    'num_sweeps': 9,
                                                                    'transforms': [{'size': [512,
                                                                                             960],
                                                                                    'type': 'MultiViewsImgResize'},
                                                                                   {'transforms': [{'type': 'PILToTensor'},
                                                                                                   {'divisor': 32,
                                                                                                    'type': 'Pad'},
                                                                                                   {'rgb_input': True,
                                                                                                    'type': 'BgrToYuv444'},
                                                                                                   {'mean': 128.0,
                                                                                                    'std': 128.0,
                                                                                                    'type': 'Normalize'}],
                                                                                    'type': 'MultiViewsImgTransformWrapper'}],
                                                                    'type': 'NuscenesBevSequenceDataset',
                                                                    'use_dim': [0,
                                                                                1,
                                                                                2,
                                                                                3,
                                                                                4],
                                                                    'with_bev_bboxes': False,
                                                                    'with_bev_mask': False,
                                                                    'with_ego_bboxes': True,
                                                                    'with_lidar_bboxes': True,
                                                                    'with_lidar_occ': True},
                                                        'num_workers': 4,
                                                        'pin_memory': True,
                                                        'sampler': {'type': <class 'torch.utils.data.distributed.DistributedSampler'>},
                                                        'shuffle': False,
                                                        'type': <class 'torch.utils.data.dataloader.DataLoader'>},
                                        'log_interval': 200,
                                        'type': 'Validation',
                                        'val_interval': 1,
                                        'val_model': None,
                                        'val_on_train_end': False},
                                       {'mode': None,
                                        'name_prefix': 'float-',
                                        'save_dir': './tmp_models/bevfusion_pointpillar_henet_multisensor_multitask_nuscenes',
                                        'save_interval': 1,
                                        'strict_match': True,
                                        'type': 'Checkpoint'}],
                         'data_loader': {'batch_size': 1,
                                         'collate_fn': <function collate_nuscenes_sequencev2 at 0x7f041eabf910>,
                                         'dataset': {'bev_range': [-51.2,
                                                                   -51.2,
                                                                   -5.0,
                                                                   51.2,
                                                                   51.2,
                                                                   3.0],
                                                     'data_path': 'data/nuscenes/pack/horizon_bevfusion_nuscenes/val_lmdb/',
                                                     'load_dim': 5,
                                                     'map_path': None,
                                                     'map_size': None,
                                                     'need_lidar': True,
                                                     'num_seq': 1,
                                                     'num_sweeps': 9,
                                                     'transforms': [{'size': [512,
                                                                              960],
                                                                     'type': 'MultiViewsImgResize'},
                                                                    {'transforms': [{'type': 'PILToTensor'},
                                                                                    {'divisor': 32,
                                                                                     'type': 'Pad'},
                                                                                    {'rgb_input': True,
                                                                                     'type': 'BgrToYuv444'},
                                                                                    {'mean': 128.0,
                                                                                     'std': 128.0,
                                                                                     'type': 'Normalize'}],
                                                                     'type': 'MultiViewsImgTransformWrapper'}],
                                                     'type': 'NuscenesBevSequenceDataset',
                                                     'use_dim': [0, 1, 2, 3, 4],
                                                     'with_bev_bboxes': False,
                                                     'with_bev_mask': False,
                                                     'with_ego_bboxes': True,
                                                     'with_lidar_bboxes': True,
                                                     'with_lidar_occ': True},
                                         'num_workers': 4,
                                         'pin_memory': True,
                                         'shuffle': False,
                                         'type': <class 'torch.utils.data.dataloader.DataLoader'>},
                         'device': None,
                         'log_interval': 20,
                         'model': {'bev_decoders': [{'bev_h': 128,
                                                     'bev_w': 128,
                                                     'criterion': {'assigner': {'cls_cost': {'type': 'FocalLossCost',
                                                                                             'weight': 2.0},
                                                                                'reg_cost': {'type': 'BBox3DL1Cost',
                                                                                             'weight': 0.25},
                                                                                'type': 'BevFormerHungarianAssigner3D'},
                                                                   'bbox_key': 'lidar_bboxes_labels',
                                                                   'loss_bbox': {'loss_weight': 0.25,
                                                                                 'type': 'L1Loss'},
                                                                   'loss_cls': {'alpha': 0.25,
                                                                                'gamma': 2.0,
                                                                                'loss_name': 'cls',
                                                                                'loss_weight': 2.0,
                                                                                'num_classes': 11,
                                                                                'reduction': 'mean',
                                                                                'type': 'FocalLoss'},
                                                                   'pc_range': [-51.2,
                                                                                -51.2,
                                                                                -5.0,
                                                                                51.2,
                                                                                51.2,
                                                                                3.0],
                                                                   'type': 'BevFormerCriterion'},
                                                     'decoder': {'decoder_layer': {'crossattention': {'embed_dims': 256,
                                                                                                      'feats_size': [[128,
                                                                                                                      128]],
                                                                                                      'grid_align_num': 4,
                                                                                                      'num_levels': 1,
                                                                                                      'type': 'HorizonMultiScaleDeformableAttention'},
                                                                                   'dropout': 0.1,
                                                                                   'type': 'DetrTransformerDecoderLayer'},
                                                                 'num_layers': 6,
                                                                 'return_intermediate': True,
                                                                 'type': 'DetectionTransformerDecoder'},
                                                     'embed_dims': 256,
                                                     'num_query': 900,
                                                     'pc_range': [-51.2,
                                                                  -51.2,
                                                                  -5.0,
                                                                  51.2,
                                                                  51.2,
                                                                  3.0],
                                                     'post_process': {'max_num': 300,
                                                                      'num_classes': 10,
                                                                      'pc_range': [-51.2,
                                                                                   -51.2,
                                                                                   -5.0,
                                                                                   51.2,
                                                                                   51.2,
                                                                                   3.0],
                                                                      'post_center_range': [-61.2,
                                                                                            -61.2,
                                                                                            -10.0,
                                                                                            61.2,
                                                                                            61.2,
                                                                                            10.0],
                                                                      'type': 'BevFormerProcess'},
                                                     'type': 'BEVFormerDetDecoder'},
                                                    {'camera_input': True,
                                                     'lidar_input': True,
                                                     'loss_occ': {'ignore_index': 255,
                                                                  'loss_weight': 6.0,
                                                                  'type': 'CrossEntropyLoss',
                                                                  'use_sigmoid': False},
                                                     'num_classes': 18,
                                                     'occ_head': {'Dz': 16,
                                                                  'in_dim': 256,
                                                                  'num_classes': 18,
                                                                  'out_dim': 128,
                                                                  'type': 'BEVOCCHead2D',
                                                                  'use_predicter': True,
                                                                  'use_upsample': True},
                                                     'roi_resizer': {'in_strides': [1],
                                                                     'roi_resize_cfgs': [{'in_stride': 1,
                                                                                          'roi_box': [14,
                                                                                                      14,
                                                                                                      114,
                                                                                                      114]}],
                                                                     'type': 'RoiResize'},
                                                     'type': 'BevformerOccDetDecoder',
                                                     'use_mask': True}],
                                   'bev_h': 128,
                                   'bev_w': 128,
                                   'camera_network': {'backbone': {'act_layer': ['nn.GELU',
                                                                                 'nn.GELU',
                                                                                 'nn.GELU',
                                                                                 'nn.GELU'],
                                                                   'attention_block_num': [0,
                                                                                           0,
                                                                                           0,
                                                                                           0],
                                                                   'block_cls': ['GroupDWCB',
                                                                                 'GroupDWCB',
                                                                                 'AltDWCB',
                                                                                 'DWCB'],
                                                                   'block_nums': [4,
                                                                                  3,
                                                                                  8,
                                                                                  6],
                                                                   'down_cls': ['S2DDown',
                                                                                'S2DDown',
                                                                                'S2DDown',
                                                                                'None'],
                                                                   'embed_dims': [64,
                                                                                  128,
                                                                                  192,
                                                                                  384],
                                                                   'extra_act': [False,
                                                                                 False,
                                                                                 False,
                                                                                 False],
                                                                   'feature_mix_channel': 1024,
                                                                   'final_expand_channel': 0,
                                                                   'in_channels': 3,
                                                                   'include_top': False,
                                                                   'layer_scale_init_value': 1e-05,
                                                                   'mlp_ratio_attn': 2,
                                                                   'mlp_ratios': [2,
                                                                                  2,
                                                                                  2,
                                                                                  3],
                                                                   'num_classes': 1000,
                                                                   'patch_embed': 'origin',
                                                                   'type': 'HENet',
                                                                   'use_layer_scale': [True,
                                                                                       True,
                                                                                       True,
                                                                                       True]},
                                                      'neck': {'bn_kwargs': {'eps': 1e-05,
                                                                             'momentum': 0.1},
                                                               'in_channels': [384],
                                                               'in_strides': [32],
                                                               'out_channels': [256],
                                                               'out_strides': [32],
                                                               'type': 'FPN'},
                                                      'out_indices': [-1],
                                                      'type': 'BevFormer',
                                                      'view_transformer': {'bev_h': 128,
                                                                           'bev_w': 128,
                                                                           'embed_dims': 256,
                                                                           'encoder': {'bev_h': 128,
                                                                                       'bev_w': 128,
                                                                                       'embed_dims': 256,
                                                                                       'encoder_layer': {'crossattention': {'bev_h': 128,
                                                                                                                            'bev_w': 128,
                                                                                                                            'deformable_attention': {'embed_dims': 256,
                                                                                                                                                     'feats_size': [[30,
                                                                                                                                                                     16]],
                                                                                                                                                     'grid_align_num': 64,
                                                                                                                                                     'num_levels': 1,
                                                                                                                                                     'num_points': 2,
                                                                                                                                                     'type': 'HorizonMultiScaleDeformableAttention3D'},
                                                                                                                            'embed_dims': 256,
                                                                                                                            'max_camoverlap_num': 2,
                                                                                                                            'type': 'HorizonSpatialCrossAttention'},
                                                                                                         'dropout': 0.1,
                                                                                                         'embed_dims': 256,
                                                                                                         'selfattention': {'batch_first': True,
                                                                                                                           'embed_dims': 256,
                                                                                                                           'feats_size': [[128,
                                                                                                                                           128]],
                                                                                                                           'grid_align_num': 4,
                                                                                                                           'num_levels': 1,
                                                                                                                           'num_points': 2,
                                                                                                                           'type': 'HorizonMultiScaleDeformableAttention'},
                                                                                                         'type': 'SingleBEVFormerEncoderLayer'},
                                                                                       'num_layers': 1,
                                                                                       'return_intermediate': False,
                                                                                       'type': 'SingleBEVFormerEncoder'},
                                                                           'in_indices': [-1],
                                                                           'max_camoverlap_num': 2,
                                                                           'num_points_in_pillar': 2,
                                                                           'pc_range': [-51.2,
                                                                                        -51.2,
                                                                                        -5.0,
                                                                                        51.2,
                                                                                        51.2,
                                                                                        3.0],
                                                                           'positional_encoding': {'col_num_embed': 128,
                                                                                                   'num_feats': 128,
                                                                                                   'row_num_embed': 128,
                                                                                                   'type': 'LearnedPositionalEncoding'},
                                                                           'queue_length': 1,
                                                                           'single_bev': True,
                                                                           'type': 'SingleBevFormerViewTransformer',
                                                                           'use_lidar2img': True,
                                                                           'virtual_bev_h': 64,
                                                                           'virtual_bev_w': 80}},
                                   'fuse_module': {'fuse_c': 256,
                                                   'input_c': 640,
                                                   'type': 'BevFuseModule'},
                                   'lidar_network': {'backbone': {'num_input_features': 64,
                                                                  'quantize': True,
                                                                  'type': 'PointPillarScatter',
                                                                  'use_horizon_pillar_scatter': True},
                                                     'feature_map_shape': array([512, 512,   1]),
                                                     'neck': {'bn_kwargs': None,
                                                              'down_layer_channels': [64,
                                                                                      128,
                                                                                      256],
                                                              'down_layer_nums': [3,
                                                                                  5,
                                                                                  5],
                                                              'down_layer_strides': [2,
                                                                                     2,
                                                                                     2],
                                                              'in_feature_channel': 64,
                                                              'quantize': True,
                                                              'type': 'SECONDNeck',
                                                              'up_layer_channels': [128,
                                                                                    128,
                                                                                    128],
                                                              'up_layer_strides': [0.5,
                                                                                   1,
                                                                                   2],
                                                              'use_relu6': False},
                                                     'pre_process': {'max_points_in_voxel': 20,
                                                                     'max_voxels_num': [30000,
                                                                                        40000],
                                                                     'norm_dims': [0,
                                                                                   1,
                                                                                   2,
                                                                                   3],
                                                                     'norm_range': [-51.2,
                                                                                    -51.2,
                                                                                    -5.0,
                                                                                    0.0,
                                                                                    51.2,
                                                                                    51.2,
                                                                                    3.0,
                                                                                    255.0],
                                                                     'pc_range': [-51.2,
                                                                                  -51.2,
                                                                                  -5.0,
                                                                                  51.2,
                                                                                  51.2,
                                                                                  3.0],
                                                                     'type': 'CenterPointPreProcess',
                                                                     'voxel_size': [0.2,
                                                                                    0.2,
                                                                                    8]},
                                                     'reader': {'bn_kwargs': None,
                                                                'hw_reverse': True,
                                                                'num_filters': [64],
                                                                'num_input_features': 5,
                                                                'pc_range': [-51.2,
                                                                             -51.2,
                                                                             -5.0,
                                                                             51.2,
                                                                             51.2,
                                                                             3.0],
                                                                'pool_size': [20,
                                                                              1],
                                                                'quantize': True,
                                                                'type': 'PillarFeatureNet',
                                                                'use_4dim': True,
                                                                'use_conv': True,
                                                                'voxel_size': [0.2,
                                                                               0.2,
                                                                               8],
                                                                'with_distance': False},
                                                     'type': 'CenterPointDetector'},
                                   'type': 'BevFusion'},
                         'model_convert_pipeline': {'converters': [{'allow_miss': True,
                                                                    'checkpoint_path': './tmp_models/bevfusion_pointpillar_henet_multisensor_multitask_nuscenes/float-checkpoint-last.pth.tar',
                                                                    'ignore_extra': True,
                                                                    'type': 'LoadCheckpoint',
                                                                    'verbose': True},
                                                                   {'type': 'RepModel2Deploy'},
                                                                   {'convert_mode': 'jit-strip',
                                                                    'example_data_loader': {'batch_size': 1,
                                                                                            'collate_fn': <function collate_nuscenes_sequencev2 at 0x7f041eabf910>,
                                                                                            'dataset': {'bev_range': [-51.2,
                                                                                                                      -51.2,
                                                                                                                      -5.0,
                                                                                                                      51.2,
                                                                                                                      51.2,
                                                                                                                      3.0],
                                                                                                        'data_path': 'data/nuscenes/pack/horizon_bevfusion_nuscenes/val_lmdb/',
                                                                                                        'load_dim': 5,
                                                                                                        'map_path': None,
                                                                                                        'map_size': None,
                                                                                                        'need_lidar': True,
                                                                                                        'num_seq': 1,
                                                                                                        'num_sweeps': 9,
                                                                                                        'transforms': [{'size': [512,
                                                                                                                                 960],
                                                                                                                        'type': 'MultiViewsImgResize'},
                                                                                                                       {'transforms': [{'type': 'PILToTensor'},
                                                                                                                                       {'divisor': 32,
                                                                                                                                        'type': 'Pad'},
                                                                                                                                       {'rgb_input': True,
                                                                                                                                        'type': 'BgrToYuv444'},
                                                                                                                                       {'mean': 128.0,
                                                                                                                                        'std': 128.0,
                                                                                                                                        'type': 'Normalize'}],
                                                                                                                        'type': 'MultiViewsImgTransformWrapper'}],
                                                                                                        'type': 'NuscenesBevSequenceDataset',
                                                                                                        'use_dim': [0,
                                                                                                                    1,
                                                                                                                    2,
                                                                                                                    3,
                                                                                                                    4],
                                                                                                        'with_bev_bboxes': False,
                                                                                                        'with_bev_mask': False,
                                                                                                        'with_ego_bboxes': True,
                                                                                                        'with_lidar_bboxes': True,
                                                                                                        'with_lidar_occ': True},
                                                                                            'num_workers': 0,
                                                                                            'pin_memory': True,
                                                                                            'shuffle': False,
                                                                                            'type': <class 'torch.utils.data.dataloader.DataLoader'>},
                                                                    'type': 'Float2Calibration'},
                                                                   {'type': 'FixWeightQScale'}],
                                                    'qat_mode': 'fuse_bn',
                                                    'type': 'ModelConvertPipeline'},
                         'num_steps': 100,
                         'type': 'Calibrator',
                         'val_metrics': [{'classes': ['car',
                                                      'truck',
                                                      'trailer',
                                                      'bus',
                                                      'construction_vehicle',
                                                      'bicycle',
                                                      'motorcycle',
                                                      'pedestrian',
                                                      'traffic_cone',
                                                      'barrier'],
                                          'data_root': 'data/nuscenes',
                                          'lidar_key': 'sensor2ego',
                                          'save_prefix': './metric_results/bevfusion_pointpillar_henet_multisensor_multitask_nuscenes',
                                          'trans_lidar_dim': True,
                                          'trans_lidar_rot': False,
                                          'type': 'NuscenesMetric',
                                          'use_lidar': True,
                                          'version': 'v1.0-trainval'},
                                         {'ignore_index': 17,
                                          'seg_class': ['others',
                                                        'barrier',
                                                        'bicycle',
                                                        'bus',
                                                        'car',
                                                        'construction_vehicle',
                                                        'motorcycle',
                                                        'pedestrian',
                                                        'traffic_cone',
                                                        'trailer',
                                                        'truck',
                                                        'driveable_surface',
                                                        'other_flat',
                                                        'sidewalk',
                                                        'terrain',
                                                        'manmade',
                                                        'vegetation'],
                                          'type': 'MeanIOU'}]},
 'calops_cfg': {'method': 'hook'},
 'camera_ckpt_dir': './tmp_models/bevformer_henet_camera_multitask_nuscenes',
 'camera_input': True,
 'camera_network': {'backbone': {'act_layer': ['nn.GELU',
                                               'nn.GELU',
                                               'nn.GELU',
                                               'nn.GELU'],
                                 'attention_block_num': [0, 0, 0, 0],
                                 'block_cls': ['GroupDWCB',
                                               'GroupDWCB',
                                               'AltDWCB',
                                               'DWCB'],
                                 'block_nums': [4, 3, 8, 6],
                                 'down_cls': ['S2DDown',
                                              'S2DDown',
                                              'S2DDown',
                                              'None'],
                                 'embed_dims': [64, 128, 192, 384],
                                 'extra_act': [False, False, False, False],
                                 'feature_mix_channel': 1024,
                                 'final_expand_channel': 0,
                                 'in_channels': 3,
                                 'include_top': False,
                                 'layer_scale_init_value': 1e-05,
                                 'mlp_ratio_attn': 2,
                                 'mlp_ratios': [2, 2, 2, 3],
                                 'num_classes': 1000,
                                 'patch_embed': 'origin',
                                 'type': 'HENet',
                                 'use_layer_scale': [True, True, True, True]},
                    'neck': {'bn_kwargs': {'eps': 1e-05, 'momentum': 0.1},
                             'in_channels': [384],
                             'in_strides': [32],
                             'out_channels': [256],
                             'out_strides': [32],
                             'type': 'FPN'},
                    'out_indices': [-1],
                    'type': 'BevFormer',
                    'view_transformer': {'bev_h': 128,
                                         'bev_w': 128,
                                         'embed_dims': 256,
                                         'encoder': {'bev_h': 128,
                                                     'bev_w': 128,
                                                     'embed_dims': 256,
                                                     'encoder_layer': {'crossattention': {'bev_h': 128,
                                                                                          'bev_w': 128,
                                                                                          'deformable_attention': {'embed_dims': 256,
                                                                                                                   'feats_size': [[30,
                                                                                                                                   16]],
                                                                                                                   'grid_align_num': 64,
                                                                                                                   'num_levels': 1,
                                                                                                                   'num_points': 2,
                                                                                                                   'type': 'HorizonMultiScaleDeformableAttention3D'},
                                                                                          'embed_dims': 256,
                                                                                          'max_camoverlap_num': 2,
                                                                                          'type': 'HorizonSpatialCrossAttention'},
                                                                       'dropout': 0.1,
                                                                       'embed_dims': 256,
                                                                       'selfattention': {'batch_first': True,
                                                                                         'embed_dims': 256,
                                                                                         'feats_size': [[128,
                                                                                                         128]],
                                                                                         'grid_align_num': 4,
                                                                                         'num_levels': 1,
                                                                                         'num_points': 2,
                                                                                         'type': 'HorizonMultiScaleDeformableAttention'},
                                                                       'type': 'SingleBEVFormerEncoderLayer'},
                                                     'num_layers': 1,
                                                     'return_intermediate': False,
                                                     'type': 'SingleBEVFormerEncoder'},
                                         'in_indices': [-1],
                                         'max_camoverlap_num': 2,
                                         'num_points_in_pillar': 2,
                                         'pc_range': [-51.2,
                                                      -51.2,
                                                      -5.0,
                                                      51.2,
                                                      51.2,
                                                      3.0],
                                         'positional_encoding': {'col_num_embed': 128,
                                                                 'num_feats': 128,
                                                                 'row_num_embed': 128,
                                                                 'type': 'LearnedPositionalEncoding'},
                                         'queue_length': 1,
                                         'single_bev': True,
                                         'type': 'SingleBevFormerViewTransformer',
                                         'use_lidar2img': True,
                                         'virtual_bev_h': 64,
                                         'virtual_bev_w': 80}},
 'camera_task_name': 'bevformer_henet_camera_multitask_nuscenes',
 'ckpt_callback': {'mode': None,
                   'name_prefix': 'float-',
                   'save_dir': './tmp_models/bevfusion_pointpillar_henet_multisensor_multitask_nuscenes',
                   'save_interval': 1,
                   'strict_match': True,
                   'type': 'Checkpoint'},
 'ckpt_dir': './tmp_models/bevfusion_pointpillar_henet_multisensor_multitask_nuscenes',
 'class_names': ['car',
                 'truck',
                 'trailer',
                 'bus',
                 'construction_vehicle',
                 'bicycle',
                 'motorcycle',
                 'pedestrian',
                 'traffic_cone',
                 'barrier'],
 'collate_nuscenes_sequencev2': <function collate_nuscenes_sequencev2 at 0x7f041eabf910>,
 'compile_cfg': {'hbm': './tmp_models/bevfusion_pointpillar_henet_multisensor_multitask_nuscenes/compile/model.hbm',
                 'input_source': ['ddr'],
                 'layer_details': True,
                 'march': 'nash-m',
                 'name': 'bevfusion_pointpillar_henet_multisensor_multitask_nuscenes',
                 'opt': 'O2'},
 'compile_dir': './tmp_models/bevfusion_pointpillar_henet_multisensor_multitask_nuscenes/compile',
 'convert_mode': 'fx',
 'copy': <module 'copy' from '/usr/lib/python3.10/copy.py'>,
 'cudnn_benchmark': True,
 'cv2': <module 'cv2' from '/usr/local/lib/python3.10/dist-packages/cv2/__init__.py'>,
 'data_loader': {'batch_size': 4,
                 'collate_fn': <function collate_nuscenes_sequencev2 at 0x7f041eabf910>,
                 'dataset': {'bev_range': [-51.2, -51.2, -5.0, 51.2, 51.2, 3.0],
                             'data_path': 'data/nuscenes/pack/horizon_bevfusion_nuscenes/train_lmdb/',
                             'load_dim': 5,
                             'map_path': None,
                             'map_size': None,
                             'need_lidar': True,
                             'num_seq': 1,
                             'num_sweeps': 9,
                             'transforms': [{'size': [512, 960],
                                             'type': 'MultiViewsImgResize'},
                                            {'type': 'MultiViewsImgFlip'},
                                            {'rot': [-5.4, 5.4],
                                             'type': 'MultiViewsImgRotate'},
                                            {'rotation_3d_range': [-0.3925,
                                                                   0.3925],
                                             'type': 'BevBBoxRotation'},
                                            {'type': 'MultiViewsPhotoMetricDistortion'},
                                            {'transforms': [{'type': 'PILToTensor'},
                                                            {'rgb_input': True,
                                                             'type': 'BgrToYuv444'},
                                                            {'mean': 128,
                                                             'std': 128,
                                                             'type': 'Normalize'}],
                                             'type': 'MultiViewsImgTransformWrapper'}],
                             'type': 'NuscenesBevSequenceDataset',
                             'use_dim': [0, 1, 2, 3, 4],
                             'with_bev_bboxes': False,
                             'with_bev_mask': False,
                             'with_ego_bboxes': True,
                             'with_ego_occ': False,
                             'with_lidar_bboxes': True,
                             'with_lidar_occ': True},
                 'num_workers': 4,
                 'pin_memory': False,
                 'sampler': {'type': <class 'torch.utils.data.distributed.DistributedSampler'>},
                 'shuffle': True,
                 'type': <class 'torch.utils.data.dataloader.DataLoader'>},
 'deploy_inputs': {'bev_pillar_counts': torch.Size([1, 16384, 1]),
                   'coors': torch.Size([40000, 4]),
                   'features': torch.Size([1, 5, 20, 40000]),
                   'img': torch.Size([6, 3, 512, 960]),
                   'queries_rebatch_grid': torch.Size([6, 64, 80, 2]),
                   'reference_points_rebatch': torch.Size([6, 5120, 2, 2]),
                   'restore_bev_grid': torch.Size([1, 256, 128, 2])},
 'deploy_model': {'bev_decoders': [{'bev_h': 128,
                                    'bev_w': 128,
                                    'decoder': {'decoder_layer': {'crossattention': {'embed_dims': 256,
                                                                                     'feats_size': [[128,
                                                                                                     128]],
                                                                                     'grid_align_num': 4,
                                                                                     'num_levels': 1,
                                                                                     'type': 'HorizonMultiScaleDeformableAttention'},
                                                                  'dropout': 0.1,
                                                                  'type': 'DetrTransformerDecoderLayer'},
                                                'num_layers': 6,
                                                'return_intermediate': True,
                                                'type': 'DetectionTransformerDecoder'},
                                    'embed_dims': 256,
                                    'is_compile': True,
                                    'num_query': 900,
                                    'pc_range': [-51.2,
                                                 -51.2,
                                                 -5.0,
                                                 51.2,
                                                 51.2,
                                                 3.0],
                                    'type': 'BEVFormerDetDecoder'},
                                   {'camera_input': True,
                                    'is_compile': True,
                                    'lidar_input': True,
                                    'num_classes': 18,
                                    'occ_head': {'Dz': 16,
                                                 'in_dim': 256,
                                                 'num_classes': 18,
                                                 'out_dim': 128,
                                                 'type': 'BEVOCCHead2D',
                                                 'use_predicter': True,
                                                 'use_upsample': True},
                                    'roi_resizer': {'in_strides': [1],
                                                    'roi_resize_cfgs': [{'in_stride': 1,
                                                                         'roi_box': [14,
                                                                                     14,
                                                                                     114,
                                                                                     114]}],
                                                    'type': 'RoiResize'},
                                    'type': 'BevformerOccDetDecoder',
                                    'use_mask': True}],
                  'bev_h': 128,
                  'bev_w': 128,
                  'camera_network': {'backbone': {'act_layer': ['nn.GELU',
                                                                'nn.GELU',
                                                                'nn.GELU',
                                                                'nn.GELU'],
                                                  'attention_block_num': [0,
                                                                          0,
                                                                          0,
                                                                          0],
                                                  'block_cls': ['GroupDWCB',
                                                                'GroupDWCB',
                                                                'AltDWCB',
                                                                'DWCB'],
                                                  'block_nums': [4, 3, 8, 6],
                                                  'down_cls': ['S2DDown',
                                                               'S2DDown',
                                                               'S2DDown',
                                                               'None'],
                                                  'embed_dims': [64,
                                                                 128,
                                                                 192,
                                                                 384],
                                                  'extra_act': [False,
                                                                False,
                                                                False,
                                                                False],
                                                  'feature_mix_channel': 1024,
                                                  'final_expand_channel': 0,
                                                  'in_channels': 3,
                                                  'include_top': False,
                                                  'layer_scale_init_value': 1e-05,
                                                  'mlp_ratio_attn': 2,
                                                  'mlp_ratios': [2, 2, 2, 3],
                                                  'num_classes': 1000,
                                                  'patch_embed': 'origin',
                                                  'type': 'HENet',
                                                  'use_layer_scale': [True,
                                                                      True,
                                                                      True,
                                                                      True]},
                                     'neck': {'bn_kwargs': {'eps': 1e-05,
                                                            'momentum': 0.1},
                                              'in_channels': [384],
                                              'in_strides': [32],
                                              'out_channels': [256],
                                              'out_strides': [32],
                                              'type': 'FPN'},
                                     'out_indices': [-1],
                                     'type': 'BevFormer',
                                     'view_transformer': {'bev_h': 128,
                                                          'bev_w': 128,
                                                          'embed_dims': 256,
                                                          'encoder': {'bev_h': 128,
                                                                      'bev_w': 128,
                                                                      'embed_dims': 256,
                                                                      'encoder_layer': {'crossattention': {'bev_h': 128,
                                                                                                           'bev_w': 128,
                                                                                                           'deformable_attention': {'embed_dims': 256,
                                                                                                                                    'feats_size': [[30,
                                                                                                                                                    16]],
                                                                                                                                    'grid_align_num': 64,
                                                                                                                                    'num_levels': 1,
                                                                                                                                    'num_points': 2,
                                                                                                                                    'type': 'HorizonMultiScaleDeformableAttention3D'},
                                                                                                           'embed_dims': 256,
                                                                                                           'max_camoverlap_num': 2,
                                                                                                           'type': 'HorizonSpatialCrossAttention'},
                                                                                        'dropout': 0.1,
                                                                                        'embed_dims': 256,
                                                                                        'selfattention': {'batch_first': True,
                                                                                                          'embed_dims': 256,
                                                                                                          'feats_size': [[128,
                                                                                                                          128]],
                                                                                                          'grid_align_num': 4,
                                                                                                          'num_levels': 1,
                                                                                                          'num_points': 2,
                                                                                                          'type': 'HorizonMultiScaleDeformableAttention'},
                                                                                        'type': 'SingleBEVFormerEncoderLayer'},
                                                                      'num_layers': 1,
                                                                      'return_intermediate': False,
                                                                      'type': 'SingleBEVFormerEncoder'},
                                                          'in_indices': [-1],
                                                          'is_compile': True,
                                                          'max_camoverlap_num': 2,
                                                          'num_points_in_pillar': 2,
                                                          'pc_range': [-51.2,
                                                                       -51.2,
                                                                       -5.0,
                                                                       51.2,
                                                                       51.2,
                                                                       3.0],
                                                          'positional_encoding': {'col_num_embed': 128,
                                                                                  'num_feats': 128,
                                                                                  'row_num_embed': 128,
                                                                                  'type': 'LearnedPositionalEncoding'},
                                                          'queue_length': 1,
                                                          'single_bev': True,
                                                          'type': 'SingleBevFormerViewTransformer',
                                                          'use_lidar2img': True,
                                                          'virtual_bev_h': 64,
                                                          'virtual_bev_w': 80}},
                  'fuse_module': {'fuse_c': 256,
                                  'input_c': 640,
                                  'type': 'BevFuseModule'},
                  'lidar_network': {'backbone': {'num_input_features': 64,
                                                 'quantize': True,
                                                 'type': 'PointPillarScatter',
                                                 'use_horizon_pillar_scatter': True},
                                    'feature_map_shape': array([512, 512,   1]),
                                    'neck': {'bn_kwargs': None,
                                             'down_layer_channels': [64,
                                                                     128,
                                                                     256],
                                             'down_layer_nums': [3, 5, 5],
                                             'down_layer_strides': [2, 2, 2],
                                             'in_feature_channel': 64,
                                             'quantize': True,
                                             'type': 'SECONDNeck',
                                             'up_layer_channels': [128,
                                                                   128,
                                                                   128],
                                             'up_layer_strides': [0.5, 1, 2],
                                             'use_relu6': False},
                                    'reader': {'bn_kwargs': None,
                                               'hw_reverse': True,
                                               'num_filters': [64],
                                               'num_input_features': 5,
                                               'pc_range': [-51.2,
                                                            -51.2,
                                                            -5.0,
                                                            51.2,
                                                            51.2,
                                                            3.0],
                                               'pool_size': [20, 1],
                                               'quantize': True,
                                               'type': 'PillarFeatureNet',
                                               'use_4dim': True,
                                               'use_conv': True,
                                               'voxel_size': [0.2, 0.2, 8],
                                               'with_distance': False},
                                    'type': 'CenterPointDetector'},
                  'type': 'BevFusion'},
 'deploy_model_convert_pipeline': {'converters': [{'convert_mode': 'jit-strip',
                                                   'example_inputs': {'bev_pillar_counts': torch.Size([1, 16384, 1]),
                                                                      'coors': torch.Size([40000, 4]),
                                                                      'features': torch.Size([1, 5, 20, 40000]),
                                                                      'img': torch.Size([6, 3, 512, 960]),
                                                                      'queries_rebatch_grid': torch.Size([6, 64, 80, 2]),
                                                                      'reference_points_rebatch': torch.Size([6, 5120, 2, 2]),
                                                                      'restore_bev_grid': torch.Size([1, 256, 128, 2])},
                                                   'type': 'Float2QAT'}],
                                   'qat_mode': 'fuse_bn',
                                   'type': 'ModelConvertPipeline'},
 'device_ids': [4, 5, 6, 7],
 'float2calibration': {'convert_mode': 'jit-strip',
                       'example_data_loader': {'batch_size': 1,
                                               'collate_fn': <function collate_nuscenes_sequencev2 at 0x7f041eabf910>,
                                               'dataset': {'bev_range': [-51.2,
                                                                         -51.2,
                                                                         -5.0,
                                                                         51.2,
                                                                         51.2,
                                                                         3.0],
                                                           'data_path': 'data/nuscenes/pack/horizon_bevfusion_nuscenes/val_lmdb/',
                                                           'load_dim': 5,
                                                           'map_path': None,
                                                           'map_size': None,
                                                           'need_lidar': True,
                                                           'num_seq': 1,
                                                           'num_sweeps': 9,
                                                           'transforms': [{'size': [512,
                                                                                    960],
                                                                           'type': 'MultiViewsImgResize'},
                                                                          {'transforms': [{'type': 'PILToTensor'},
                                                                                          {'divisor': 32,
                                                                                           'type': 'Pad'},
                                                                                          {'rgb_input': True,
                                                                                           'type': 'BgrToYuv444'},
                                                                                          {'mean': 128.0,
                                                                                           'std': 128.0,
                                                                                           'type': 'Normalize'}],
                                                                           'type': 'MultiViewsImgTransformWrapper'}],
                                                           'type': 'NuscenesBevSequenceDataset',
                                                           'use_dim': [0,
                                                                       1,
                                                                       2,
                                                                       3,
                                                                       4],
                                                           'with_bev_bboxes': False,
                                                           'with_bev_mask': False,
                                                           'with_ego_bboxes': True,
                                                           'with_lidar_bboxes': True,
                                                           'with_lidar_occ': True},
                                               'num_workers': 0,
                                               'pin_memory': True,
                                               'shuffle': False,
                                               'type': <class 'torch.utils.data.dataloader.DataLoader'>},
                       'type': 'Float2Calibration'},
 'float2qat': {'convert_mode': 'jit-strip',
               'example_data_loader': {'batch_size': 1,
                                       'collate_fn': <function collate_nuscenes_sequencev2 at 0x7f041eabf910>,
                                       'dataset': {'bev_range': [-51.2,
                                                                 -51.2,
                                                                 -5.0,
                                                                 51.2,
                                                                 51.2,
                                                                 3.0],
                                                   'data_path': 'data/nuscenes/pack/horizon_bevfusion_nuscenes/val_lmdb/',
                                                   'load_dim': 5,
                                                   'map_path': None,
                                                   'map_size': None,
                                                   'need_lidar': True,
                                                   'num_seq': 1,
                                                   'num_sweeps': 9,
                                                   'transforms': [{'size': [512,
                                                                            960],
                                                                   'type': 'MultiViewsImgResize'},
                                                                  {'transforms': [{'type': 'PILToTensor'},
                                                                                  {'divisor': 32,
                                                                                   'type': 'Pad'},
                                                                                  {'rgb_input': True,
                                                                                   'type': 'BgrToYuv444'},
                                                                                  {'mean': 128.0,
                                                                                   'std': 128.0,
                                                                                   'type': 'Normalize'}],
                                                                   'type': 'MultiViewsImgTransformWrapper'}],
                                                   'type': 'NuscenesBevSequenceDataset',
                                                   'use_dim': [0, 1, 2, 3, 4],
                                                   'with_bev_bboxes': False,
                                                   'with_bev_mask': False,
                                                   'with_ego_bboxes': True,
                                                   'with_lidar_bboxes': True,
                                                   'with_lidar_occ': True},
                                       'num_workers': 0,
                                       'pin_memory': True,
                                       'shuffle': False,
                                       'type': <class 'torch.utils.data.dataloader.DataLoader'>},
               'type': 'Float2QAT'},
 'float_predictor': {'batch_processor': {'loss_collector': None,
                                         'need_grad_update': False,
                                         'type': 'MultiBatchProcessor'},
                     'callbacks': [{'epoch_log_freq': 1,
                                    'log_prefix': 'Validation '
                                                  'bevfusion_pointpillar_henet_multisensor_multitask_nuscenes',
                                    'metric_update_func': <function update_metric at 0x7f0417fb9bd0>,
                                    'step_log_freq': 10000,
                                    'type': 'MetricUpdater'}],
                     'data_loader': [{'batch_size': 1,
                                      'collate_fn': <function collate_nuscenes_sequencev2 at 0x7f041eabf910>,
                                      'dataset': {'bev_range': [-51.2,
                                                                -51.2,
                                                                -5.0,
                                                                51.2,
                                                                51.2,
                                                                3.0],
                                                  'data_path': 'data/nuscenes/pack/horizon_bevfusion_nuscenes/val_lmdb/',
                                                  'load_dim': 5,
                                                  'map_path': None,
                                                  'map_size': None,
                                                  'need_lidar': True,
                                                  'num_seq': 1,
                                                  'num_sweeps': 9,
                                                  'transforms': [{'size': [512,
                                                                           960],
                                                                  'type': 'MultiViewsImgResize'},
                                                                 {'transforms': [{'type': 'PILToTensor'},
                                                                                 {'divisor': 32,
                                                                                  'type': 'Pad'},
                                                                                 {'rgb_input': True,
                                                                                  'type': 'BgrToYuv444'},
                                                                                 {'mean': 128.0,
                                                                                  'std': 128.0,
                                                                                  'type': 'Normalize'}],
                                                                  'type': 'MultiViewsImgTransformWrapper'}],
                                                  'type': 'NuscenesBevSequenceDataset',
                                                  'use_dim': [0, 1, 2, 3, 4],
                                                  'with_bev_bboxes': False,
                                                  'with_bev_mask': False,
                                                  'with_ego_bboxes': True,
                                                  'with_lidar_bboxes': True,
                                                  'with_lidar_occ': True},
                                      'num_workers': 4,
                                      'pin_memory': True,
                                      'sampler': {'type': <class 'torch.utils.data.distributed.DistributedSampler'>},
                                      'shuffle': False,
                                      'type': <class 'torch.utils.data.dataloader.DataLoader'>}],
                     'device': None,
                     'log_interval': 100,
                     'metrics': [{'classes': ['car',
                                              'truck',
                                              'trailer',
                                              'bus',
                                              'construction_vehicle',
                                              'bicycle',
                                              'motorcycle',
                                              'pedestrian',
                                              'traffic_cone',
                                              'barrier'],
                                  'data_root': 'data/nuscenes',
                                  'lidar_key': 'sensor2ego',
                                  'save_prefix': './metric_results/bevfusion_pointpillar_henet_multisensor_multitask_nuscenes',
                                  'trans_lidar_dim': True,
                                  'trans_lidar_rot': False,
                                  'type': 'NuscenesMetric',
                                  'use_lidar': True,
                                  'version': 'v1.0-trainval'},
                                 {'ignore_index': 17,
                                  'seg_class': ['others',
                                                'barrier',
                                                'bicycle',
                                                'bus',
                                                'car',
                                                'construction_vehicle',
                                                'motorcycle',
                                                'pedestrian',
                                                'traffic_cone',
                                                'trailer',
                                                'truck',
                                                'driveable_surface',
                                                'other_flat',
                                                'sidewalk',
                                                'terrain',
                                                'manmade',
                                                'vegetation'],
                                  'type': 'MeanIOU'}],
                     'model': {'bev_decoders': [{'bev_h': 128,
                                                 'bev_w': 128,
                                                 'criterion': {'assigner': {'cls_cost': {'type': 'FocalLossCost',
                                                                                         'weight': 2.0},
                                                                            'reg_cost': {'type': 'BBox3DL1Cost',
                                                                                         'weight': 0.25},
                                                                            'type': 'BevFormerHungarianAssigner3D'},
                                                               'bbox_key': 'lidar_bboxes_labels',
                                                               'loss_bbox': {'loss_weight': 0.25,
                                                                             'type': 'L1Loss'},
                                                               'loss_cls': {'alpha': 0.25,
                                                                            'gamma': 2.0,
                                                                            'loss_name': 'cls',
                                                                            'loss_weight': 2.0,
                                                                            'num_classes': 11,
                                                                            'reduction': 'mean',
                                                                            'type': 'FocalLoss'},
                                                               'pc_range': [-51.2,
                                                                            -51.2,
                                                                            -5.0,
                                                                            51.2,
                                                                            51.2,
                                                                            3.0],
                                                               'type': 'BevFormerCriterion'},
                                                 'decoder': {'decoder_layer': {'crossattention': {'embed_dims': 256,
                                                                                                  'feats_size': [[128,
                                                                                                                  128]],
                                                                                                  'grid_align_num': 4,
                                                                                                  'num_levels': 1,
                                                                                                  'type': 'HorizonMultiScaleDeformableAttention'},
                                                                               'dropout': 0.1,
                                                                               'type': 'DetrTransformerDecoderLayer'},
                                                             'num_layers': 6,
                                                             'return_intermediate': True,
                                                             'type': 'DetectionTransformerDecoder'},
                                                 'embed_dims': 256,
                                                 'num_query': 900,
                                                 'pc_range': [-51.2,
                                                              -51.2,
                                                              -5.0,
                                                              51.2,
                                                              51.2,
                                                              3.0],
                                                 'post_process': {'max_num': 300,
                                                                  'num_classes': 10,
                                                                  'pc_range': [-51.2,
                                                                               -51.2,
                                                                               -5.0,
                                                                               51.2,
                                                                               51.2,
                                                                               3.0],
                                                                  'post_center_range': [-61.2,
                                                                                        -61.2,
                                                                                        -10.0,
                                                                                        61.2,
                                                                                        61.2,
                                                                                        10.0],
                                                                  'type': 'BevFormerProcess'},
                                                 'type': 'BEVFormerDetDecoder'},
                                                {'camera_input': True,
                                                 'lidar_input': True,
                                                 'loss_occ': {'ignore_index': 255,
                                                              'loss_weight': 6.0,
                                                              'type': 'CrossEntropyLoss',
                                                              'use_sigmoid': False},
                                                 'num_classes': 18,
                                                 'occ_head': {'Dz': 16,
                                                              'in_dim': 256,
                                                              'num_classes': 18,
                                                              'out_dim': 128,
                                                              'type': 'BEVOCCHead2D',
                                                              'use_predicter': True,
                                                              'use_upsample': True},
                                                 'roi_resizer': {'in_strides': [1],
                                                                 'roi_resize_cfgs': [{'in_stride': 1,
                                                                                      'roi_box': [14,
                                                                                                  14,
                                                                                                  114,
                                                                                                  114]}],
                                                                 'type': 'RoiResize'},
                                                 'type': 'BevformerOccDetDecoder',
                                                 'use_mask': True}],
                               'bev_h': 128,
                               'bev_w': 128,
                               'camera_network': {'backbone': {'act_layer': ['nn.GELU',
                                                                             'nn.GELU',
                                                                             'nn.GELU',
                                                                             'nn.GELU'],
                                                               'attention_block_num': [0,
                                                                                       0,
                                                                                       0,
                                                                                       0],
                                                               'block_cls': ['GroupDWCB',
                                                                             'GroupDWCB',
                                                                             'AltDWCB',
                                                                             'DWCB'],
                                                               'block_nums': [4,
                                                                              3,
                                                                              8,
                                                                              6],
                                                               'down_cls': ['S2DDown',
                                                                            'S2DDown',
                                                                            'S2DDown',
                                                                            'None'],
                                                               'embed_dims': [64,
                                                                              128,
                                                                              192,
                                                                              384],
                                                               'extra_act': [False,
                                                                             False,
                                                                             False,
                                                                             False],
                                                               'feature_mix_channel': 1024,
                                                               'final_expand_channel': 0,
                                                               'in_channels': 3,
                                                               'include_top': False,
                                                               'layer_scale_init_value': 1e-05,
                                                               'mlp_ratio_attn': 2,
                                                               'mlp_ratios': [2,
                                                                              2,
                                                                              2,
                                                                              3],
                                                               'num_classes': 1000,
                                                               'patch_embed': 'origin',
                                                               'type': 'HENet',
                                                               'use_layer_scale': [True,
                                                                                   True,
                                                                                   True,
                                                                                   True]},
                                                  'neck': {'bn_kwargs': {'eps': 1e-05,
                                                                         'momentum': 0.1},
                                                           'in_channels': [384],
                                                           'in_strides': [32],
                                                           'out_channels': [256],
                                                           'out_strides': [32],
                                                           'type': 'FPN'},
                                                  'out_indices': [-1],
                                                  'type': 'BevFormer',
                                                  'view_transformer': {'bev_h': 128,
                                                                       'bev_w': 128,
                                                                       'embed_dims': 256,
                                                                       'encoder': {'bev_h': 128,
                                                                                   'bev_w': 128,
                                                                                   'embed_dims': 256,
                                                                                   'encoder_layer': {'crossattention': {'bev_h': 128,
                                                                                                                        'bev_w': 128,
                                                                                                                        'deformable_attention': {'embed_dims': 256,
                                                                                                                                                 'feats_size': [[30,
                                                                                                                                                                 16]],
                                                                                                                                                 'grid_align_num': 64,
                                                                                                                                                 'num_levels': 1,
                                                                                                                                                 'num_points': 2,
                                                                                                                                                 'type': 'HorizonMultiScaleDeformableAttention3D'},
                                                                                                                        'embed_dims': 256,
                                                                                                                        'max_camoverlap_num': 2,
                                                                                                                        'type': 'HorizonSpatialCrossAttention'},
                                                                                                     'dropout': 0.1,
                                                                                                     'embed_dims': 256,
                                                                                                     'selfattention': {'batch_first': True,
                                                                                                                       'embed_dims': 256,
                                                                                                                       'feats_size': [[128,
                                                                                                                                       128]],
                                                                                                                       'grid_align_num': 4,
                                                                                                                       'num_levels': 1,
                                                                                                                       'num_points': 2,
                                                                                                                       'type': 'HorizonMultiScaleDeformableAttention'},
                                                                                                     'type': 'SingleBEVFormerEncoderLayer'},
                                                                                   'num_layers': 1,
                                                                                   'return_intermediate': False,
                                                                                   'type': 'SingleBEVFormerEncoder'},
                                                                       'in_indices': [-1],
                                                                       'max_camoverlap_num': 2,
                                                                       'num_points_in_pillar': 2,
                                                                       'pc_range': [-51.2,
                                                                                    -51.2,
                                                                                    -5.0,
                                                                                    51.2,
                                                                                    51.2,
                                                                                    3.0],
                                                                       'positional_encoding': {'col_num_embed': 128,
                                                                                               'num_feats': 128,
                                                                                               'row_num_embed': 128,
                                                                                               'type': 'LearnedPositionalEncoding'},
                                                                       'queue_length': 1,
                                                                       'single_bev': True,
                                                                       'type': 'SingleBevFormerViewTransformer',
                                                                       'use_lidar2img': True,
                                                                       'virtual_bev_h': 64,
                                                                       'virtual_bev_w': 80}},
                               'fuse_module': {'fuse_c': 256,
                                               'input_c': 640,
                                               'type': 'BevFuseModule'},
                               'lidar_network': {'backbone': {'num_input_features': 64,
                                                              'quantize': True,
                                                              'type': 'PointPillarScatter',
                                                              'use_horizon_pillar_scatter': True},
                                                 'feature_map_shape': array([512, 512,   1]),
                                                 'neck': {'bn_kwargs': None,
                                                          'down_layer_channels': [64,
                                                                                  128,
                                                                                  256],
                                                          'down_layer_nums': [3,
                                                                              5,
                                                                              5],
                                                          'down_layer_strides': [2,
                                                                                 2,
                                                                                 2],
                                                          'in_feature_channel': 64,
                                                          'quantize': True,
                                                          'type': 'SECONDNeck',
                                                          'up_layer_channels': [128,
                                                                                128,
                                                                                128],
                                                          'up_layer_strides': [0.5,
                                                                               1,
                                                                               2],
                                                          'use_relu6': False},
                                                 'pre_process': {'max_points_in_voxel': 20,
                                                                 'max_voxels_num': [30000,
                                                                                    40000],
                                                                 'norm_dims': [0,
                                                                               1,
                                                                               2,
                                                                               3],
                                                                 'norm_range': [-51.2,
                                                                                -51.2,
                                                                                -5.0,
                                                                                0.0,
                                                                                51.2,
                                                                                51.2,
                                                                                3.0,
                                                                                255.0],
                                                                 'pc_range': [-51.2,
                                                                              -51.2,
                                                                              -5.0,
                                                                              51.2,
                                                                              51.2,
                                                                              3.0],
                                                                 'type': 'CenterPointPreProcess',
                                                                 'voxel_size': [0.2,
                                                                                0.2,
                                                                                8]},
                                                 'reader': {'bn_kwargs': None,
                                                            'hw_reverse': True,
                                                            'num_filters': [64],
                                                            'num_input_features': 5,
                                                            'pc_range': [-51.2,
                                                                         -51.2,
                                                                         -5.0,
                                                                         51.2,
                                                                         51.2,
                                                                         3.0],
                                                            'pool_size': [20,
                                                                          1],
                                                            'quantize': True,
                                                            'type': 'PillarFeatureNet',
                                                            'use_4dim': True,
                                                            'use_conv': True,
                                                            'voxel_size': [0.2,
                                                                           0.2,
                                                                           8],
                                                            'with_distance': False},
                                                 'type': 'CenterPointDetector'},
                               'type': 'BevFusion'},
                     'model_convert_pipeline': {'converters': [{'allow_miss': True,
                                                                'checkpoint_path': './tmp_models/bevfusion_pointpillar_henet_multisensor_multitask_nuscenes/float-checkpoint-last.pth.tar',
                                                                'ignore_extra': True,
                                                                'type': 'LoadCheckpoint',
                                                                'verbose': True}],
                                                'type': 'ModelConvertPipeline'},
                     'type': 'Predictor'},
 'float_trainer': {'batch_processor': {'enable_amp': True,
                                       'loss_collector': <function loss_collector at 0x7f0417fb9b40>,
                                       'need_grad_update': True,
                                       'type': 'MultiBatchProcessor'},
                   'callbacks': [{'log_freq': 200, 'type': 'StatsMonitor'},
                                 {'epoch_log_freq': 1,
                                  'log_prefix': 'loss_bevfusion_pointpillar_henet_multisensor_multitask_nuscenes',
                                  'metric_update_func': <function update_loss at 0x7f0417fb9c60>,
                                  'step_log_freq': 200,
                                  'type': 'MetricUpdater'},
                                 {'step_log_interval': 500,
                                  'stop_lr': 2.0000000000000002e-07,
                                  'type': 'CosineAnnealingLrUpdater',
                                  'warmup_by': 'step',
                                  'warmup_len': 500,
                                  'warmup_lr_ratio': 0.3333333333333333},
                                 {'clip_grad_norm': 35,
                                  'clip_norm_type': 2,
                                  'module_and_scale': [],
                                  'type': 'GradScale'},
                                 {'batch_processor': {'loss_collector': None,
                                                      'need_grad_update': False,
                                                      'type': 'MultiBatchProcessor'},
                                  'callbacks': [{'epoch_log_freq': 1,
                                                 'log_prefix': 'Validation '
                                                               'bevfusion_pointpillar_henet_multisensor_multitask_nuscenes',
                                                 'metric_update_func': <function update_metric at 0x7f0417fb9bd0>,
                                                 'step_log_freq': 10000,
                                                 'type': 'MetricUpdater'}],
                                  'data_loader': {'batch_size': 1,
                                                  'collate_fn': <function collate_nuscenes_sequencev2 at 0x7f041eabf910>,
                                                  'dataset': {'bev_range': [-51.2,
                                                                            -51.2,
                                                                            -5.0,
                                                                            51.2,
                                                                            51.2,
                                                                            3.0],
                                                              'data_path': 'data/nuscenes/pack/horizon_bevfusion_nuscenes/val_lmdb/',
                                                              'load_dim': 5,
                                                              'map_path': None,
                                                              'map_size': None,
                                                              'need_lidar': True,
                                                              'num_seq': 1,
                                                              'num_sweeps': 9,
                                                              'transforms': [{'size': [512,
                                                                                       960],
                                                                              'type': 'MultiViewsImgResize'},
                                                                             {'transforms': [{'type': 'PILToTensor'},
                                                                                             {'divisor': 32,
                                                                                              'type': 'Pad'},
                                                                                             {'rgb_input': True,
                                                                                              'type': 'BgrToYuv444'},
                                                                                             {'mean': 128.0,
                                                                                              'std': 128.0,
                                                                                              'type': 'Normalize'}],
                                                                              'type': 'MultiViewsImgTransformWrapper'}],
                                                              'type': 'NuscenesBevSequenceDataset',
                                                              'use_dim': [0,
                                                                          1,
                                                                          2,
                                                                          3,
                                                                          4],
                                                              'with_bev_bboxes': False,
                                                              'with_bev_mask': False,
                                                              'with_ego_bboxes': True,
                                                              'with_lidar_bboxes': True,
                                                              'with_lidar_occ': True},
                                                  'num_workers': 4,
                                                  'pin_memory': True,
                                                  'sampler': {'type': <class 'torch.utils.data.distributed.DistributedSampler'>},
                                                  'shuffle': False,
                                                  'type': <class 'torch.utils.data.dataloader.DataLoader'>},
                                  'log_interval': 200,
                                  'type': 'Validation',
                                  'val_interval': 1,
                                  'val_model': None,
                                  'val_on_train_end': False},
                                 {'mode': None,
                                  'name_prefix': 'float-',
                                  'save_dir': './tmp_models/bevfusion_pointpillar_henet_multisensor_multitask_nuscenes',
                                  'save_interval': 1,
                                  'strict_match': True,
                                  'type': 'Checkpoint'}],
                   'data_loader': {'batch_size': 4,
                                   'collate_fn': <function collate_nuscenes_sequencev2 at 0x7f041eabf910>,
                                   'dataset': {'bev_range': [-51.2,
                                                             -51.2,
                                                             -5.0,
                                                             51.2,
                                                             51.2,
                                                             3.0],
                                               'data_path': 'data/nuscenes/pack/horizon_bevfusion_nuscenes/train_lmdb/',
                                               'load_dim': 5,
                                               'map_path': None,
                                               'map_size': None,
                                               'need_lidar': True,
                                               'num_seq': 1,
                                               'num_sweeps': 9,
                                               'transforms': [{'size': [512,
                                                                        960],
                                                               'type': 'MultiViewsImgResize'},
                                                              {'type': 'MultiViewsImgFlip'},
                                                              {'rot': [-5.4,
                                                                       5.4],
                                                               'type': 'MultiViewsImgRotate'},
                                                              {'rotation_3d_range': [-0.3925,
                                                                                     0.3925],
                                                               'type': 'BevBBoxRotation'},
                                                              {'type': 'MultiViewsPhotoMetricDistortion'},
                                                              {'transforms': [{'type': 'PILToTensor'},
                                                                              {'rgb_input': True,
                                                                               'type': 'BgrToYuv444'},
                                                                              {'mean': 128,
                                                                               'std': 128,
                                                                               'type': 'Normalize'}],
                                                               'type': 'MultiViewsImgTransformWrapper'}],
                                               'type': 'NuscenesBevSequenceDataset',
                                               'use_dim': [0, 1, 2, 3, 4],
                                               'with_bev_bboxes': False,
                                               'with_bev_mask': False,
                                               'with_ego_bboxes': True,
                                               'with_ego_occ': False,
                                               'with_lidar_bboxes': True,
                                               'with_lidar_occ': True},
                                   'num_workers': 4,
                                   'pin_memory': False,
                                   'sampler': {'type': <class 'torch.utils.data.distributed.DistributedSampler'>},
                                   'shuffle': True,
                                   'type': <class 'torch.utils.data.dataloader.DataLoader'>},
                   'device': None,
                   'model': {'bev_decoders': [{'bev_h': 128,
                                               'bev_w': 128,
                                               'criterion': {'assigner': {'cls_cost': {'type': 'FocalLossCost',
                                                                                       'weight': 2.0},
                                                                          'reg_cost': {'type': 'BBox3DL1Cost',
                                                                                       'weight': 0.25},
                                                                          'type': 'BevFormerHungarianAssigner3D'},
                                                             'bbox_key': 'lidar_bboxes_labels',
                                                             'loss_bbox': {'loss_weight': 0.25,
                                                                           'type': 'L1Loss'},
                                                             'loss_cls': {'alpha': 0.25,
                                                                          'gamma': 2.0,
                                                                          'loss_name': 'cls',
                                                                          'loss_weight': 2.0,
                                                                          'num_classes': 11,
                                                                          'reduction': 'mean',
                                                                          'type': 'FocalLoss'},
                                                             'pc_range': [-51.2,
                                                                          -51.2,
                                                                          -5.0,
                                                                          51.2,
                                                                          51.2,
                                                                          3.0],
                                                             'type': 'BevFormerCriterion'},
                                               'decoder': {'decoder_layer': {'crossattention': {'embed_dims': 256,
                                                                                                'feats_size': [[128,
                                                                                                                128]],
                                                                                                'grid_align_num': 4,
                                                                                                'num_levels': 1,
                                                                                                'type': 'HorizonMultiScaleDeformableAttention'},
                                                                             'dropout': 0.1,
                                                                             'type': 'DetrTransformerDecoderLayer'},
                                                           'num_layers': 6,
                                                           'return_intermediate': True,
                                                           'type': 'DetectionTransformerDecoder'},
                                               'embed_dims': 256,
                                               'num_query': 900,
                                               'pc_range': [-51.2,
                                                            -51.2,
                                                            -5.0,
                                                            51.2,
                                                            51.2,
                                                            3.0],
                                               'post_process': {'max_num': 300,
                                                                'num_classes': 10,
                                                                'pc_range': [-51.2,
                                                                             -51.2,
                                                                             -5.0,
                                                                             51.2,
                                                                             51.2,
                                                                             3.0],
                                                                'post_center_range': [-61.2,
                                                                                      -61.2,
                                                                                      -10.0,
                                                                                      61.2,
                                                                                      61.2,
                                                                                      10.0],
                                                                'type': 'BevFormerProcess'},
                                               'type': 'BEVFormerDetDecoder'},
                                              {'camera_input': True,
                                               'lidar_input': True,
                                               'loss_occ': {'ignore_index': 255,
                                                            'loss_weight': 6.0,
                                                            'type': 'CrossEntropyLoss',
                                                            'use_sigmoid': False},
                                               'num_classes': 18,
                                               'occ_head': {'Dz': 16,
                                                            'in_dim': 256,
                                                            'num_classes': 18,
                                                            'out_dim': 128,
                                                            'type': 'BEVOCCHead2D',
                                                            'use_predicter': True,
                                                            'use_upsample': True},
                                               'roi_resizer': {'in_strides': [1],
                                                               'roi_resize_cfgs': [{'in_stride': 1,
                                                                                    'roi_box': [14,
                                                                                                14,
                                                                                                114,
                                                                                                114]}],
                                                               'type': 'RoiResize'},
                                               'type': 'BevformerOccDetDecoder',
                                               'use_mask': True}],
                             'bev_h': 128,
                             'bev_w': 128,
                             'camera_network': {'backbone': {'act_layer': ['nn.GELU',
                                                                           'nn.GELU',
                                                                           'nn.GELU',
                                                                           'nn.GELU'],
                                                             'attention_block_num': [0,
                                                                                     0,
                                                                                     0,
                                                                                     0],
                                                             'block_cls': ['GroupDWCB',
                                                                           'GroupDWCB',
                                                                           'AltDWCB',
                                                                           'DWCB'],
                                                             'block_nums': [4,
                                                                            3,
                                                                            8,
                                                                            6],
                                                             'down_cls': ['S2DDown',
                                                                          'S2DDown',
                                                                          'S2DDown',
                                                                          'None'],
                                                             'embed_dims': [64,
                                                                            128,
                                                                            192,
                                                                            384],
                                                             'extra_act': [False,
                                                                           False,
                                                                           False,
                                                                           False],
                                                             'feature_mix_channel': 1024,
                                                             'final_expand_channel': 0,
                                                             'in_channels': 3,
                                                             'include_top': False,
                                                             'layer_scale_init_value': 1e-05,
                                                             'mlp_ratio_attn': 2,
                                                             'mlp_ratios': [2,
                                                                            2,
                                                                            2,
                                                                            3],
                                                             'num_classes': 1000,
                                                             'patch_embed': 'origin',
                                                             'type': 'HENet',
                                                             'use_layer_scale': [True,
                                                                                 True,
                                                                                 True,
                                                                                 True]},
                                                'neck': {'bn_kwargs': {'eps': 1e-05,
                                                                       'momentum': 0.1},
                                                         'in_channels': [384],
                                                         'in_strides': [32],
                                                         'out_channels': [256],
                                                         'out_strides': [32],
                                                         'type': 'FPN'},
                                                'out_indices': [-1],
                                                'type': 'BevFormer',
                                                'view_transformer': {'bev_h': 128,
                                                                     'bev_w': 128,
                                                                     'embed_dims': 256,
                                                                     'encoder': {'bev_h': 128,
                                                                                 'bev_w': 128,
                                                                                 'embed_dims': 256,
                                                                                 'encoder_layer': {'crossattention': {'bev_h': 128,
                                                                                                                      'bev_w': 128,
                                                                                                                      'deformable_attention': {'embed_dims': 256,
                                                                                                                                               'feats_size': [[30,
                                                                                                                                                               16]],
                                                                                                                                               'grid_align_num': 64,
                                                                                                                                               'num_levels': 1,
                                                                                                                                               'num_points': 2,
                                                                                                                                               'type': 'HorizonMultiScaleDeformableAttention3D'},
                                                                                                                      'embed_dims': 256,
                                                                                                                      'max_camoverlap_num': 2,
                                                                                                                      'type': 'HorizonSpatialCrossAttention'},
                                                                                                   'dropout': 0.1,
                                                                                                   'embed_dims': 256,
                                                                                                   'selfattention': {'batch_first': True,
                                                                                                                     'embed_dims': 256,
                                                                                                                     'feats_size': [[128,
                                                                                                                                     128]],
                                                                                                                     'grid_align_num': 4,
                                                                                                                     'num_levels': 1,
                                                                                                                     'num_points': 2,
                                                                                                                     'type': 'HorizonMultiScaleDeformableAttention'},
                                                                                                   'type': 'SingleBEVFormerEncoderLayer'},
                                                                                 'num_layers': 1,
                                                                                 'return_intermediate': False,
                                                                                 'type': 'SingleBEVFormerEncoder'},
                                                                     'in_indices': [-1],
                                                                     'max_camoverlap_num': 2,
                                                                     'num_points_in_pillar': 2,
                                                                     'pc_range': [-51.2,
                                                                                  -51.2,
                                                                                  -5.0,
                                                                                  51.2,
                                                                                  51.2,
                                                                                  3.0],
                                                                     'positional_encoding': {'col_num_embed': 128,
                                                                                             'num_feats': 128,
                                                                                             'row_num_embed': 128,
                                                                                             'type': 'LearnedPositionalEncoding'},
                                                                     'queue_length': 1,
                                                                     'single_bev': True,
                                                                     'type': 'SingleBevFormerViewTransformer',
                                                                     'use_lidar2img': True,
                                                                     'virtual_bev_h': 64,
                                                                     'virtual_bev_w': 80}},
                             'fuse_module': {'fuse_c': 256,
                                             'input_c': 640,
                                             'type': 'BevFuseModule'},
                             'lidar_network': {'backbone': {'num_input_features': 64,
                                                            'quantize': True,
                                                            'type': 'PointPillarScatter',
                                                            'use_horizon_pillar_scatter': True},
                                               'feature_map_shape': array([512, 512,   1]),
                                               'neck': {'bn_kwargs': None,
                                                        'down_layer_channels': [64,
                                                                                128,
                                                                                256],
                                                        'down_layer_nums': [3,
                                                                            5,
                                                                            5],
                                                        'down_layer_strides': [2,
                                                                               2,
                                                                               2],
                                                        'in_feature_channel': 64,
                                                        'quantize': True,
                                                        'type': 'SECONDNeck',
                                                        'up_layer_channels': [128,
                                                                              128,
                                                                              128],
                                                        'up_layer_strides': [0.5,
                                                                             1,
                                                                             2],
                                                        'use_relu6': False},
                                               'pre_process': {'max_points_in_voxel': 20,
                                                               'max_voxels_num': [30000,
                                                                                  40000],
                                                               'norm_dims': [0,
                                                                             1,
                                                                             2,
                                                                             3],
                                                               'norm_range': [-51.2,
                                                                              -51.2,
                                                                              -5.0,
                                                                              0.0,
                                                                              51.2,
                                                                              51.2,
                                                                              3.0,
                                                                              255.0],
                                                               'pc_range': [-51.2,
                                                                            -51.2,
                                                                            -5.0,
                                                                            51.2,
                                                                            51.2,
                                                                            3.0],
                                                               'type': 'CenterPointPreProcess',
                                                               'voxel_size': [0.2,
                                                                              0.2,
                                                                              8]},
                                               'reader': {'bn_kwargs': None,
                                                          'hw_reverse': True,
                                                          'num_filters': [64],
                                                          'num_input_features': 5,
                                                          'pc_range': [-51.2,
                                                                       -51.2,
                                                                       -5.0,
                                                                       51.2,
                                                                       51.2,
                                                                       3.0],
                                                          'pool_size': [20, 1],
                                                          'quantize': True,
                                                          'type': 'PillarFeatureNet',
                                                          'use_4dim': True,
                                                          'use_conv': True,
                                                          'voxel_size': [0.2,
                                                                         0.2,
                                                                         8],
                                                          'with_distance': False},
                                               'type': 'CenterPointDetector'},
                             'type': 'BevFusion'},
                   'model_convert_pipeline': {'converters': [{'allow_miss': True,
                                                              'checkpoint_path': './tmp_models/bevformer_henet_camera_multitask_nuscenes/float-checkpoint-last.pth.tar',
                                                              'ignore_extra': True,
                                                              'type': 'LoadCheckpoint',
                                                              'verbose': True},
                                                             {'allow_miss': True,
                                                              'checkpoint_path': './tmp_pretrained_models/centerpoint_pointpillar_nuscenes/float-checkpoint-last.pth.tar',
                                                              'ignore_extra': True,
                                                              'state_dict_update_func': functools.partial(<function update_state_dict_by_add_prefix at 0x7f04548baef0>, prefix='lidar_net.'),
                                                              'type': 'LoadCheckpoint',
                                                              'verbose': True}],
                                              'type': 'ModelConvertPipeline'},
                   'num_epochs': 24,
                   'optimizer': {'betas': [0.95, 0.99],
                                 'lr': 0.0004,
                                 'params': {'camera_net.backbone': {'lr_mult': 0.1}},
                                 'type': <class 'torch.optim.adamw.AdamW'>,
                                 'weight_decay': 0.01},
                   'stop_by': 'epoch',
                   'sync_bn': True,
                   'train_metrics': {'type': 'LossShow'},
                   'type': 'distributed_data_parallel_trainer',
                   'val_metrics': [{'classes': ['car',
                                                'truck',
                                                'trailer',
                                                'bus',
                                                'construction_vehicle',
                                                'bicycle',
                                                'motorcycle',
                                                'pedestrian',
                                                'traffic_cone',
                                                'barrier'],
                                    'data_root': 'data/nuscenes',
                                    'lidar_key': 'sensor2ego',
                                    'save_prefix': './metric_results/bevfusion_pointpillar_henet_multisensor_multitask_nuscenes',
                                    'trans_lidar_dim': True,
                                    'trans_lidar_rot': False,
                                    'type': 'NuscenesMetric',
                                    'use_lidar': True,
                                    'version': 'v1.0-trainval'},
                                   {'ignore_index': 17,
                                    'seg_class': ['others',
                                                  'barrier',
                                                  'bicycle',
                                                  'bus',
                                                  'car',
                                                  'construction_vehicle',
                                                  'motorcycle',
                                                  'pedestrian',
                                                  'traffic_cone',
                                                  'trailer',
                                                  'truck',
                                                  'driveable_surface',
                                                  'other_flat',
                                                  'sidewalk',
                                                  'terrain',
                                                  'manmade',
                                                  'vegetation'],
                                    'type': 'MeanIOU'}]},
 'get_feature_map_size': <function get_feature_map_size at 0x7f041eb01000>,
 'grad_callback': {'clip_grad_norm': 35,
                   'clip_norm_type': 2,
                   'module_and_scale': [],
                   'type': 'GradScale'},
 'hbir_deploy_model': {'bev_decoders': [{'bev_h': 128,
                                         'bev_w': 128,
                                         'criterion': {'assigner': {'cls_cost': {'type': 'FocalLossCost',
                                                                                 'weight': 2.0},
                                                                    'reg_cost': {'type': 'BBox3DL1Cost',
                                                                                 'weight': 0.25},
                                                                    'type': 'BevFormerHungarianAssigner3D'},
                                                       'bbox_key': 'lidar_bboxes_labels',
                                                       'loss_bbox': {'loss_weight': 0.25,
                                                                     'type': 'L1Loss'},
                                                       'loss_cls': {'alpha': 0.25,
                                                                    'gamma': 2.0,
                                                                    'loss_name': 'cls',
                                                                    'loss_weight': 2.0,
                                                                    'num_classes': 11,
                                                                    'reduction': 'mean',
                                                                    'type': 'FocalLoss'},
                                                       'pc_range': [-51.2,
                                                                    -51.2,
                                                                    -5.0,
                                                                    51.2,
                                                                    51.2,
                                                                    3.0],
                                                       'type': 'BevFormerCriterion'},
                                         'decoder': {'decoder_layer': {'crossattention': {'embed_dims': 256,
                                                                                          'feats_size': [[128,
                                                                                                          128]],
                                                                                          'grid_align_num': 4,
                                                                                          'num_levels': 1,
                                                                                          'type': 'HorizonMultiScaleDeformableAttention'},
                                                                       'dropout': 0.1,
                                                                       'type': 'DetrTransformerDecoderLayer'},
                                                     'num_layers': 6,
                                                     'return_intermediate': True,
                                                     'type': 'DetectionTransformerDecoder'},
                                         'embed_dims': 256,
                                         'num_query': 900,
                                         'pc_range': [-51.2,
                                                      -51.2,
                                                      -5.0,
                                                      51.2,
                                                      51.2,
                                                      3.0],
                                         'post_process': {'max_num': 300,
                                                          'num_classes': 10,
                                                          'pc_range': [-51.2,
                                                                       -51.2,
                                                                       -5.0,
                                                                       51.2,
                                                                       51.2,
                                                                       3.0],
                                                          'post_center_range': [-61.2,
                                                                                -61.2,
                                                                                -10.0,
                                                                                61.2,
                                                                                61.2,
                                                                                10.0],
                                                          'type': 'BevFormerProcess'},
                                         'type': 'BEVFormerDetDecoder'},
                                        {'camera_input': True,
                                         'lidar_input': True,
                                         'loss_occ': {'ignore_index': 255,
                                                      'loss_weight': 6.0,
                                                      'type': 'CrossEntropyLoss',
                                                      'use_sigmoid': False},
                                         'num_classes': 18,
                                         'occ_head': {'Dz': 16,
                                                      'in_dim': 256,
                                                      'num_classes': 18,
                                                      'out_dim': 128,
                                                      'type': 'BEVOCCHead2D',
                                                      'use_predicter': True,
                                                      'use_upsample': True},
                                         'roi_resizer': {'in_strides': [1],
                                                         'roi_resize_cfgs': [{'in_stride': 1,
                                                                              'roi_box': [14,
                                                                                          14,
                                                                                          114,
                                                                                          114]}],
                                                         'type': 'RoiResize'},
                                         'type': 'BevformerOccDetDecoder',
                                         'use_mask': True}],
                       'bev_h': 128,
                       'bev_w': 128,
                       'camera_network': {'backbone': {'act_layer': ['nn.GELU',
                                                                     'nn.GELU',
                                                                     'nn.GELU',
                                                                     'nn.GELU'],
                                                       'attention_block_num': [0,
                                                                               0,
                                                                               0,
                                                                               0],
                                                       'block_cls': ['GroupDWCB',
                                                                     'GroupDWCB',
                                                                     'AltDWCB',
                                                                     'DWCB'],
                                                       'block_nums': [4,
                                                                      3,
                                                                      8,
                                                                      6],
                                                       'down_cls': ['S2DDown',
                                                                    'S2DDown',
                                                                    'S2DDown',
                                                                    'None'],
                                                       'embed_dims': [64,
                                                                      128,
                                                                      192,
                                                                      384],
                                                       'extra_act': [False,
                                                                     False,
                                                                     False,
                                                                     False],
                                                       'feature_mix_channel': 1024,
                                                       'final_expand_channel': 0,
                                                       'in_channels': 3,
                                                       'include_top': False,
                                                       'layer_scale_init_value': 1e-05,
                                                       'mlp_ratio_attn': 2,
                                                       'mlp_ratios': [2,
                                                                      2,
                                                                      2,
                                                                      3],
                                                       'num_classes': 1000,
                                                       'patch_embed': 'origin',
                                                       'type': 'HENet',
                                                       'use_layer_scale': [True,
                                                                           True,
                                                                           True,
                                                                           True]},
                                          'neck': {'bn_kwargs': {'eps': 1e-05,
                                                                 'momentum': 0.1},
                                                   'in_channels': [384],
                                                   'in_strides': [32],
                                                   'out_channels': [256],
                                                   'out_strides': [32],
                                                   'type': 'FPN'},
                                          'out_indices': [-1],
                                          'type': 'BevFormer',
                                          'view_transformer': {'bev_h': 128,
                                                               'bev_w': 128,
                                                               'embed_dims': 256,
                                                               'encoder': {'bev_h': 128,
                                                                           'bev_w': 128,
                                                                           'embed_dims': 256,
                                                                           'encoder_layer': {'crossattention': {'bev_h': 128,
                                                                                                                'bev_w': 128,
                                                                                                                'deformable_attention': {'embed_dims': 256,
                                                                                                                                         'feats_size': [[30,
                                                                                                                                                         16]],
                                                                                                                                         'grid_align_num': 64,
                                                                                                                                         'num_levels': 1,
                                                                                                                                         'num_points': 2,
                                                                                                                                         'type': 'HorizonMultiScaleDeformableAttention3D'},
                                                                                                                'embed_dims': 256,
                                                                                                                'max_camoverlap_num': 2,
                                                                                                                'type': 'HorizonSpatialCrossAttention'},
                                                                                             'dropout': 0.1,
                                                                                             'embed_dims': 256,
                                                                                             'selfattention': {'batch_first': True,
                                                                                                               'embed_dims': 256,
                                                                                                               'feats_size': [[128,
                                                                                                                               128]],
                                                                                                               'grid_align_num': 4,
                                                                                                               'num_levels': 1,
                                                                                                               'num_points': 2,
                                                                                                               'type': 'HorizonMultiScaleDeformableAttention'},
                                                                                             'type': 'SingleBEVFormerEncoderLayer'},
                                                                           'num_layers': 1,
                                                                           'return_intermediate': False,
                                                                           'type': 'SingleBEVFormerEncoder'},
                                                               'in_indices': [-1],
                                                               'max_camoverlap_num': 2,
                                                               'num_points_in_pillar': 2,
                                                               'pc_range': [-51.2,
                                                                            -51.2,
                                                                            -5.0,
                                                                            51.2,
                                                                            51.2,
                                                                            3.0],
                                                               'positional_encoding': {'col_num_embed': 128,
                                                                                       'num_feats': 128,
                                                                                       'row_num_embed': 128,
                                                                                       'type': 'LearnedPositionalEncoding'},
                                                               'queue_length': 1,
                                                               'single_bev': True,
                                                               'type': 'SingleBevFormerViewTransformer',
                                                               'use_lidar2img': True,
                                                               'virtual_bev_h': 64,
                                                               'virtual_bev_w': 80}},
                       'fuse_module': {'fuse_c': 256,
                                       'input_c': 640,
                                       'type': 'BevFuseModule'},
                       'lidar_network': {'backbone': {'num_input_features': 64,
                                                      'quantize': True,
                                                      'type': 'PointPillarScatter',
                                                      'use_horizon_pillar_scatter': True},
                                         'feature_map_shape': array([512, 512,   1]),
                                         'neck': {'bn_kwargs': None,
                                                  'down_layer_channels': [64,
                                                                          128,
                                                                          256],
                                                  'down_layer_nums': [3, 5, 5],
                                                  'down_layer_strides': [2,
                                                                         2,
                                                                         2],
                                                  'in_feature_channel': 64,
                                                  'quantize': True,
                                                  'type': 'SECONDNeck',
                                                  'up_layer_channels': [128,
                                                                        128,
                                                                        128],
                                                  'up_layer_strides': [0.5,
                                                                       1,
                                                                       2],
                                                  'use_relu6': False},
                                         'pre_process': {'max_points_in_voxel': 20,
                                                         'max_voxels_num': [30000,
                                                                            40000],
                                                         'norm_dims': [0,
                                                                       1,
                                                                       2,
                                                                       3],
                                                         'norm_range': [-51.2,
                                                                        -51.2,
                                                                        -5.0,
                                                                        0.0,
                                                                        51.2,
                                                                        51.2,
                                                                        3.0,
                                                                        255.0],
                                                         'pc_range': [-51.2,
                                                                      -51.2,
                                                                      -5.0,
                                                                      51.2,
                                                                      51.2,
                                                                      3.0],
                                                         'type': 'CenterPointPreProcess',
                                                         'voxel_size': [0.2,
                                                                        0.2,
                                                                        8]},
                                         'reader': {'bn_kwargs': None,
                                                    'hw_reverse': True,
                                                    'num_filters': [64],
                                                    'num_input_features': 5,
                                                    'pc_range': [-51.2,
                                                                 -51.2,
                                                                 -5.0,
                                                                 51.2,
                                                                 51.2,
                                                                 3.0],
                                                    'pool_size': [20, 1],
                                                    'quantize': True,
                                                    'type': 'PillarFeatureNet',
                                                    'use_4dim': True,
                                                    'use_conv': True,
                                                    'voxel_size': [0.2, 0.2, 8],
                                                    'with_distance': False},
                                         'type': 'CenterPointDetector'},
                       'type': 'BevFusion'},
 'hbir_exporter': {'example_inputs': {'bev_pillar_counts': torch.Size([1, 16384, 1]),
                                      'coors': torch.Size([40000, 4]),
                                      'features': torch.Size([1, 5, 20, 40000]),
                                      'img': torch.Size([6, 3, 512, 960]),
                                      'queries_rebatch_grid': torch.Size([6, 64, 80, 2]),
                                      'reference_points_rebatch': torch.Size([6, 5120, 2, 2]),
                                      'restore_bev_grid': torch.Size([1, 256, 128, 2])},
                   'input_names': ['features',
                                   'coors',
                                   'img',
                                   'queries_rebatch_grid',
                                   'restore_bev_grid',
                                   'reference_points_rebatch',
                                   'bev_pillar_counts'],
                   'march': 'nash-m',
                   'model': {'bev_decoders': [{'bev_h': 128,
                                               'bev_w': 128,
                                               'decoder': {'decoder_layer': {'crossattention': {'embed_dims': 256,
                                                                                                'feats_size': [[128,
                                                                                                                128]],
                                                                                                'grid_align_num': 4,
                                                                                                'num_levels': 1,
                                                                                                'type': 'HorizonMultiScaleDeformableAttention'},
                                                                             'dropout': 0.1,
                                                                             'type': 'DetrTransformerDecoderLayer'},
                                                           'num_layers': 6,
                                                           'return_intermediate': True,
                                                           'type': 'DetectionTransformerDecoder'},
                                               'embed_dims': 256,
                                               'is_compile': True,
                                               'num_query': 900,
                                               'pc_range': [-51.2,
                                                            -51.2,
                                                            -5.0,
                                                            51.2,
                                                            51.2,
                                                            3.0],
                                               'type': 'BEVFormerDetDecoder'},
                                              {'camera_input': True,
                                               'is_compile': True,
                                               'lidar_input': True,
                                               'num_classes': 18,
                                               'occ_head': {'Dz': 16,
                                                            'in_dim': 256,
                                                            'num_classes': 18,
                                                            'out_dim': 128,
                                                            'type': 'BEVOCCHead2D',
                                                            'use_predicter': True,
                                                            'use_upsample': True},
                                               'roi_resizer': {'in_strides': [1],
                                                               'roi_resize_cfgs': [{'in_stride': 1,
                                                                                    'roi_box': [14,
                                                                                                14,
                                                                                                114,
                                                                                                114]}],
                                                               'type': 'RoiResize'},
                                               'type': 'BevformerOccDetDecoder',
                                               'use_mask': True}],
                             'bev_h': 128,
                             'bev_w': 128,
                             'camera_network': {'backbone': {'act_layer': ['nn.GELU',
                                                                           'nn.GELU',
                                                                           'nn.GELU',
                                                                           'nn.GELU'],
                                                             'attention_block_num': [0,
                                                                                     0,
                                                                                     0,
                                                                                     0],
                                                             'block_cls': ['GroupDWCB',
                                                                           'GroupDWCB',
                                                                           'AltDWCB',
                                                                           'DWCB'],
                                                             'block_nums': [4,
                                                                            3,
                                                                            8,
                                                                            6],
                                                             'down_cls': ['S2DDown',
                                                                          'S2DDown',
                                                                          'S2DDown',
                                                                          'None'],
                                                             'embed_dims': [64,
                                                                            128,
                                                                            192,
                                                                            384],
                                                             'extra_act': [False,
                                                                           False,
                                                                           False,
                                                                           False],
                                                             'feature_mix_channel': 1024,
                                                             'final_expand_channel': 0,
                                                             'in_channels': 3,
                                                             'include_top': False,
                                                             'layer_scale_init_value': 1e-05,
                                                             'mlp_ratio_attn': 2,
                                                             'mlp_ratios': [2,
                                                                            2,
                                                                            2,
                                                                            3],
                                                             'num_classes': 1000,
                                                             'patch_embed': 'origin',
                                                             'type': 'HENet',
                                                             'use_layer_scale': [True,
                                                                                 True,
                                                                                 True,
                                                                                 True]},
                                                'neck': {'bn_kwargs': {'eps': 1e-05,
                                                                       'momentum': 0.1},
                                                         'in_channels': [384],
                                                         'in_strides': [32],
                                                         'out_channels': [256],
                                                         'out_strides': [32],
                                                         'type': 'FPN'},
                                                'out_indices': [-1],
                                                'type': 'BevFormer',
                                                'view_transformer': {'bev_h': 128,
                                                                     'bev_w': 128,
                                                                     'embed_dims': 256,
                                                                     'encoder': {'bev_h': 128,
                                                                                 'bev_w': 128,
                                                                                 'embed_dims': 256,
                                                                                 'encoder_layer': {'crossattention': {'bev_h': 128,
                                                                                                                      'bev_w': 128,
                                                                                                                      'deformable_attention': {'embed_dims': 256,
                                                                                                                                               'feats_size': [[30,
                                                                                                                                                               16]],
                                                                                                                                               'grid_align_num': 64,
                                                                                                                                               'num_levels': 1,
                                                                                                                                               'num_points': 2,
                                                                                                                                               'type': 'HorizonMultiScaleDeformableAttention3D'},
                                                                                                                      'embed_dims': 256,
                                                                                                                      'max_camoverlap_num': 2,
                                                                                                                      'type': 'HorizonSpatialCrossAttention'},
                                                                                                   'dropout': 0.1,
                                                                                                   'embed_dims': 256,
                                                                                                   'selfattention': {'batch_first': True,
                                                                                                                     'embed_dims': 256,
                                                                                                                     'feats_size': [[128,
                                                                                                                                     128]],
                                                                                                                     'grid_align_num': 4,
                                                                                                                     'num_levels': 1,
                                                                                                                     'num_points': 2,
                                                                                                                     'type': 'HorizonMultiScaleDeformableAttention'},
                                                                                                   'type': 'SingleBEVFormerEncoderLayer'},
                                                                                 'num_layers': 1,
                                                                                 'return_intermediate': False,
                                                                                 'type': 'SingleBEVFormerEncoder'},
                                                                     'in_indices': [-1],
                                                                     'is_compile': True,
                                                                     'max_camoverlap_num': 2,
                                                                     'num_points_in_pillar': 2,
                                                                     'pc_range': [-51.2,
                                                                                  -51.2,
                                                                                  -5.0,
                                                                                  51.2,
                                                                                  51.2,
                                                                                  3.0],
                                                                     'positional_encoding': {'col_num_embed': 128,
                                                                                             'num_feats': 128,
                                                                                             'row_num_embed': 128,
                                                                                             'type': 'LearnedPositionalEncoding'},
                                                                     'queue_length': 1,
                                                                     'single_bev': True,
                                                                     'type': 'SingleBevFormerViewTransformer',
                                                                     'use_lidar2img': True,
                                                                     'virtual_bev_h': 64,
                                                                     'virtual_bev_w': 80}},
                             'fuse_module': {'fuse_c': 256,
                                             'input_c': 640,
                                             'type': 'BevFuseModule'},
                             'lidar_network': {'backbone': {'num_input_features': 64,
                                                            'quantize': True,
                                                            'type': 'PointPillarScatter',
                                                            'use_horizon_pillar_scatter': True},
                                               'feature_map_shape': array([512, 512,   1]),
                                               'neck': {'bn_kwargs': None,
                                                        'down_layer_channels': [64,
                                                                                128,
                                                                                256],
                                                        'down_layer_nums': [3,
                                                                            5,
                                                                            5],
                                                        'down_layer_strides': [2,
                                                                               2,
                                                                               2],
                                                        'in_feature_channel': 64,
                                                        'quantize': True,
                                                        'type': 'SECONDNeck',
                                                        'up_layer_channels': [128,
                                                                              128,
                                                                              128],
                                                        'up_layer_strides': [0.5,
                                                                             1,
                                                                             2],
                                                        'use_relu6': False},
                                               'reader': {'bn_kwargs': None,
                                                          'hw_reverse': True,
                                                          'num_filters': [64],
                                                          'num_input_features': 5,
                                                          'pc_range': [-51.2,
                                                                       -51.2,
                                                                       -5.0,
                                                                       51.2,
                                                                       51.2,
                                                                       3.0],
                                                          'pool_size': [20, 1],
                                                          'quantize': True,
                                                          'type': 'PillarFeatureNet',
                                                          'use_4dim': True,
                                                          'use_conv': True,
                                                          'voxel_size': [0.2,
                                                                         0.2,
                                                                         8],
                                                          'with_distance': False},
                                               'type': 'CenterPointDetector'},
                             'type': 'BevFusion'},
                   'model_convert_pipeline': {'converters': [{'type': 'RepModel2Deploy'},
                                                             {'convert_mode': 'jit-strip',
                                                              'example_inputs': {'bev_pillar_counts': torch.Size([1, 16384, 1]),
                                                                                 'coors': torch.Size([40000, 4]),
                                                                                 'features': torch.Size([1, 5, 20, 40000]),
                                                                                 'img': torch.Size([6, 3, 512, 960]),
                                                                                 'queries_rebatch_grid': torch.Size([6, 64, 80, 2]),
                                                                                 'reference_points_rebatch': torch.Size([6, 5120, 2, 2]),
                                                                                 'restore_bev_grid': torch.Size([1, 256, 128, 2])},
                                                              'type': 'Float2QAT'},
                                                             {'allow_miss': True,
                                                              'checkpoint_path': './tmp_models/bevfusion_pointpillar_henet_multisensor_multitask_nuscenes/qat-checkpoint-last.pth.tar',
                                                              'ignore_extra': True,
                                                              'type': 'LoadCheckpoint',
                                                              'verbose': True},
                                                             {'type': 'SetQuantRoundingMode'}],
                                              'qat_mode': 'fuse_bn',
                                              'type': 'ModelConvertPipeline'},
                   'model_name': 'bevfusion_pointpillar_henet_multisensor_multitask_nuscenes',
                   'save_path': './tmp_models/bevfusion_pointpillar_henet_multisensor_multitask_nuscenes',
                   'type': 'HbirExporter'},
 'hbir_infer_model': {'deploy_model': {'bev_decoders': [{'bev_h': 128,
                                                         'bev_w': 128,
                                                         'criterion': {'assigner': {'cls_cost': {'type': 'FocalLossCost',
                                                                                                 'weight': 2.0},
                                                                                    'reg_cost': {'type': 'BBox3DL1Cost',
                                                                                                 'weight': 0.25},
                                                                                    'type': 'BevFormerHungarianAssigner3D'},
                                                                       'bbox_key': 'lidar_bboxes_labels',
                                                                       'loss_bbox': {'loss_weight': 0.25,
                                                                                     'type': 'L1Loss'},
                                                                       'loss_cls': {'alpha': 0.25,
                                                                                    'gamma': 2.0,
                                                                                    'loss_name': 'cls',
                                                                                    'loss_weight': 2.0,
                                                                                    'num_classes': 11,
                                                                                    'reduction': 'mean',
                                                                                    'type': 'FocalLoss'},
                                                                       'pc_range': [-51.2,
                                                                                    -51.2,
                                                                                    -5.0,
                                                                                    51.2,
                                                                                    51.2,
                                                                                    3.0],
                                                                       'type': 'BevFormerCriterion'},
                                                         'decoder': {'decoder_layer': {'crossattention': {'embed_dims': 256,
                                                                                                          'feats_size': [[128,
                                                                                                                          128]],
                                                                                                          'grid_align_num': 4,
                                                                                                          'num_levels': 1,
                                                                                                          'type': 'HorizonMultiScaleDeformableAttention'},
                                                                                       'dropout': 0.1,
                                                                                       'type': 'DetrTransformerDecoderLayer'},
                                                                     'num_layers': 6,
                                                                     'return_intermediate': True,
                                                                     'type': 'DetectionTransformerDecoder'},
                                                         'embed_dims': 256,
                                                         'num_query': 900,
                                                         'pc_range': [-51.2,
                                                                      -51.2,
                                                                      -5.0,
                                                                      51.2,
                                                                      51.2,
                                                                      3.0],
                                                         'post_process': {'max_num': 300,
                                                                          'num_classes': 10,
                                                                          'pc_range': [-51.2,
                                                                                       -51.2,
                                                                                       -5.0,
                                                                                       51.2,
                                                                                       51.2,
                                                                                       3.0],
                                                                          'post_center_range': [-61.2,
                                                                                                -61.2,
                                                                                                -10.0,
                                                                                                61.2,
                                                                                                61.2,
                                                                                                10.0],
                                                                          'type': 'BevFormerProcess'},
                                                         'type': 'BEVFormerDetDecoder'},
                                                        {'camera_input': True,
                                                         'lidar_input': True,
                                                         'loss_occ': {'ignore_index': 255,
                                                                      'loss_weight': 6.0,
                                                                      'type': 'CrossEntropyLoss',
                                                                      'use_sigmoid': False},
                                                         'num_classes': 18,
                                                         'occ_head': {'Dz': 16,
                                                                      'in_dim': 256,
                                                                      'num_classes': 18,
                                                                      'out_dim': 128,
                                                                      'type': 'BEVOCCHead2D',
                                                                      'use_predicter': True,
                                                                      'use_upsample': True},
                                                         'roi_resizer': {'in_strides': [1],
                                                                         'roi_resize_cfgs': [{'in_stride': 1,
                                                                                              'roi_box': [14,
                                                                                                          14,
                                                                                                          114,
                                                                                                          114]}],
                                                                         'type': 'RoiResize'},
                                                         'type': 'BevformerOccDetDecoder',
                                                         'use_mask': True}],
                                       'bev_h': 128,
                                       'bev_w': 128,
                                       'camera_network': {'backbone': {'act_layer': ['nn.GELU',
                                                                                     'nn.GELU',
                                                                                     'nn.GELU',
                                                                                     'nn.GELU'],
                                                                       'attention_block_num': [0,
                                                                                               0,
                                                                                               0,
                                                                                               0],
                                                                       'block_cls': ['GroupDWCB',
                                                                                     'GroupDWCB',
                                                                                     'AltDWCB',
                                                                                     'DWCB'],
                                                                       'block_nums': [4,
                                                                                      3,
                                                                                      8,
                                                                                      6],
                                                                       'down_cls': ['S2DDown',
                                                                                    'S2DDown',
                                                                                    'S2DDown',
                                                                                    'None'],
                                                                       'embed_dims': [64,
                                                                                      128,
                                                                                      192,
                                                                                      384],
                                                                       'extra_act': [False,
                                                                                     False,
                                                                                     False,
                                                                                     False],
                                                                       'feature_mix_channel': 1024,
                                                                       'final_expand_channel': 0,
                                                                       'in_channels': 3,
                                                                       'include_top': False,
                                                                       'layer_scale_init_value': 1e-05,
                                                                       'mlp_ratio_attn': 2,
                                                                       'mlp_ratios': [2,
                                                                                      2,
                                                                                      2,
                                                                                      3],
                                                                       'num_classes': 1000,
                                                                       'patch_embed': 'origin',
                                                                       'type': 'HENet',
                                                                       'use_layer_scale': [True,
                                                                                           True,
                                                                                           True,
                                                                                           True]},
                                                          'neck': {'bn_kwargs': {'eps': 1e-05,
                                                                                 'momentum': 0.1},
                                                                   'in_channels': [384],
                                                                   'in_strides': [32],
                                                                   'out_channels': [256],
                                                                   'out_strides': [32],
                                                                   'type': 'FPN'},
                                                          'out_indices': [-1],
                                                          'type': 'BevFormer',
                                                          'view_transformer': {'bev_h': 128,
                                                                               'bev_w': 128,
                                                                               'embed_dims': 256,
                                                                               'encoder': {'bev_h': 128,
                                                                                           'bev_w': 128,
                                                                                           'embed_dims': 256,
                                                                                           'encoder_layer': {'crossattention': {'bev_h': 128,
                                                                                                                                'bev_w': 128,
                                                                                                                                'deformable_attention': {'embed_dims': 256,
                                                                                                                                                         'feats_size': [[30,
                                                                                                                                                                         16]],
                                                                                                                                                         'grid_align_num': 64,
                                                                                                                                                         'num_levels': 1,
                                                                                                                                                         'num_points': 2,
                                                                                                                                                         'type': 'HorizonMultiScaleDeformableAttention3D'},
                                                                                                                                'embed_dims': 256,
                                                                                                                                'max_camoverlap_num': 2,
                                                                                                                                'type': 'HorizonSpatialCrossAttention'},
                                                                                                             'dropout': 0.1,
                                                                                                             'embed_dims': 256,
                                                                                                             'selfattention': {'batch_first': True,
                                                                                                                               'embed_dims': 256,
                                                                                                                               'feats_size': [[128,
                                                                                                                                               128]],
                                                                                                                               'grid_align_num': 4,
                                                                                                                               'num_levels': 1,
                                                                                                                               'num_points': 2,
                                                                                                                               'type': 'HorizonMultiScaleDeformableAttention'},
                                                                                                             'type': 'SingleBEVFormerEncoderLayer'},
                                                                                           'num_layers': 1,
                                                                                           'return_intermediate': False,
                                                                                           'type': 'SingleBEVFormerEncoder'},
                                                                               'in_indices': [-1],
                                                                               'max_camoverlap_num': 2,
                                                                               'num_points_in_pillar': 2,
                                                                               'pc_range': [-51.2,
                                                                                            -51.2,
                                                                                            -5.0,
                                                                                            51.2,
                                                                                            51.2,
                                                                                            3.0],
                                                                               'positional_encoding': {'col_num_embed': 128,
                                                                                                       'num_feats': 128,
                                                                                                       'row_num_embed': 128,
                                                                                                       'type': 'LearnedPositionalEncoding'},
                                                                               'queue_length': 1,
                                                                               'single_bev': True,
                                                                               'type': 'SingleBevFormerViewTransformer',
                                                                               'use_lidar2img': True,
                                                                               'virtual_bev_h': 64,
                                                                               'virtual_bev_w': 80}},
                                       'fuse_module': {'fuse_c': 256,
                                                       'input_c': 640,
                                                       'type': 'BevFuseModule'},
                                       'lidar_network': {'backbone': {'num_input_features': 64,
                                                                      'quantize': True,
                                                                      'type': 'PointPillarScatter',
                                                                      'use_horizon_pillar_scatter': True},
                                                         'feature_map_shape': array([512, 512,   1]),
                                                         'neck': {'bn_kwargs': None,
                                                                  'down_layer_channels': [64,
                                                                                          128,
                                                                                          256],
                                                                  'down_layer_nums': [3,
                                                                                      5,
                                                                                      5],
                                                                  'down_layer_strides': [2,
                                                                                         2,
                                                                                         2],
                                                                  'in_feature_channel': 64,
                                                                  'quantize': True,
                                                                  'type': 'SECONDNeck',
                                                                  'up_layer_channels': [128,
                                                                                        128,
                                                                                        128],
                                                                  'up_layer_strides': [0.5,
                                                                                       1,
                                                                                       2],
                                                                  'use_relu6': False},
                                                         'pre_process': {'max_points_in_voxel': 20,
                                                                         'max_voxels_num': [30000,
                                                                                            40000],
                                                                         'norm_dims': [0,
                                                                                       1,
                                                                                       2,
                                                                                       3],
                                                                         'norm_range': [-51.2,
                                                                                        -51.2,
                                                                                        -5.0,
                                                                                        0.0,
                                                                                        51.2,
                                                                                        51.2,
                                                                                        3.0,
                                                                                        255.0],
                                                                         'pc_range': [-51.2,
                                                                                      -51.2,
                                                                                      -5.0,
                                                                                      51.2,
                                                                                      51.2,
                                                                                      3.0],
                                                                         'type': 'CenterPointPreProcess',
                                                                         'voxel_size': [0.2,
                                                                                        0.2,
                                                                                        8]},
                                                         'reader': {'bn_kwargs': None,
                                                                    'hw_reverse': True,
                                                                    'num_filters': [64],
                                                                    'num_input_features': 5,
                                                                    'pc_range': [-51.2,
                                                                                 -51.2,
                                                                                 -5.0,
                                                                                 51.2,
                                                                                 51.2,
                                                                                 3.0],
                                                                    'pool_size': [20,
                                                                                  1],
                                                                    'quantize': True,
                                                                    'type': 'PillarFeatureNet',
                                                                    'use_4dim': True,
                                                                    'use_conv': True,
                                                                    'voxel_size': [0.2,
                                                                                   0.2,
                                                                                   8],
                                                                    'with_distance': False},
                                                         'type': 'CenterPointDetector'},
                                       'type': 'BevFusion'},
                      'ir_model': {'model_path': './tmp_models/bevfusion_pointpillar_henet_multisensor_multitask_nuscenes/quantized.bc',
                                   'type': 'HbirModule'},
                      'type': 'BevFusionHbirInfer'},
 'horizon': <module 'horizon_plugin_pytorch' from '/usr/local/lib/python3.10/dist-packages/horizon_plugin_pytorch/__init__.py'>,
 'image_pad': <function image_pad at 0x7f041eae2440>,
 'infer_cfg': {'gen_inputs_cfg': {'dataset': {'bev_range': [-51.2,
                                                            -51.2,
                                                            -5.0,
                                                            51.2,
                                                            51.2,
                                                            3.0],
                                              'load_dim': 5,
                                              'map_path': None,
                                              'map_size': None,
                                              'need_lidar': True,
                                              'num_seq': 1,
                                              'num_sweeps': 9,
                                              'split_name': 'val',
                                              'src_data_dir': './data/nuscenes',
                                              'transforms': None,
                                              'type': 'NuscenesFromImageSequence',
                                              'use_dim': [0, 1, 2, 3, 4],
                                              'version': 'v1.0-trainval',
                                              'with_bev_bboxes': False,
                                              'with_bev_mask': False,
                                              'with_ego_bboxes': True,
                                              'with_lidar_bboxes': True,
                                              'with_lidar_occ': True},
                                  'inputs_save_func': <function inputs_save_func at 0x7f0417fba290>,
                                  'sample_idx': [0]},
               'input_path': './demo/bevfusion_pointpillar_henet_multisensor_multitask_nuscenes',
               'model': {'deploy_model': {'bev_decoders': [{'bev_h': 128,
                                                            'bev_w': 128,
                                                            'criterion': {'assigner': {'cls_cost': {'type': 'FocalLossCost',
                                                                                                    'weight': 2.0},
                                                                                       'reg_cost': {'type': 'BBox3DL1Cost',
                                                                                                    'weight': 0.25},
                                                                                       'type': 'BevFormerHungarianAssigner3D'},
                                                                          'bbox_key': 'lidar_bboxes_labels',
                                                                          'loss_bbox': {'loss_weight': 0.25,
                                                                                        'type': 'L1Loss'},
                                                                          'loss_cls': {'alpha': 0.25,
                                                                                       'gamma': 2.0,
                                                                                       'loss_name': 'cls',
                                                                                       'loss_weight': 2.0,
                                                                                       'num_classes': 11,
                                                                                       'reduction': 'mean',
                                                                                       'type': 'FocalLoss'},
                                                                          'pc_range': [-51.2,
                                                                                       -51.2,
                                                                                       -5.0,
                                                                                       51.2,
                                                                                       51.2,
                                                                                       3.0],
                                                                          'type': 'BevFormerCriterion'},
                                                            'decoder': {'decoder_layer': {'crossattention': {'embed_dims': 256,
                                                                                                             'feats_size': [[128,
                                                                                                                             128]],
                                                                                                             'grid_align_num': 4,
                                                                                                             'num_levels': 1,
                                                                                                             'type': 'HorizonMultiScaleDeformableAttention'},
                                                                                          'dropout': 0.1,
                                                                                          'type': 'DetrTransformerDecoderLayer'},
                                                                        'num_layers': 6,
                                                                        'return_intermediate': True,
                                                                        'type': 'DetectionTransformerDecoder'},
                                                            'embed_dims': 256,
                                                            'num_query': 900,
                                                            'pc_range': [-51.2,
                                                                         -51.2,
                                                                         -5.0,
                                                                         51.2,
                                                                         51.2,
                                                                         3.0],
                                                            'post_process': {'max_num': 300,
                                                                             'num_classes': 10,
                                                                             'pc_range': [-51.2,
                                                                                          -51.2,
                                                                                          -5.0,
                                                                                          51.2,
                                                                                          51.2,
                                                                                          3.0],
                                                                             'post_center_range': [-61.2,
                                                                                                   -61.2,
                                                                                                   -10.0,
                                                                                                   61.2,
                                                                                                   61.2,
                                                                                                   10.0],
                                                                             'score_threshold': 0.1,
                                                                             'type': 'BevFormerProcess'},
                                                            'type': 'BEVFormerDetDecoder'},
                                                           {'camera_input': True,
                                                            'lidar_input': True,
                                                            'loss_occ': {'ignore_index': 255,
                                                                         'loss_weight': 6.0,
                                                                         'type': 'CrossEntropyLoss',
                                                                         'use_sigmoid': False},
                                                            'num_classes': 18,
                                                            'occ_head': {'Dz': 16,
                                                                         'in_dim': 256,
                                                                         'num_classes': 18,
                                                                         'out_dim': 128,
                                                                         'type': 'BEVOCCHead2D',
                                                                         'use_predicter': True,
                                                                         'use_upsample': True},
                                                            'roi_resizer': {'in_strides': [1],
                                                                            'roi_resize_cfgs': [{'in_stride': 1,
                                                                                                 'roi_box': [14,
                                                                                                             14,
                                                                                                             114,
                                                                                                             114]}],
                                                                            'type': 'RoiResize'},
                                                            'type': 'BevformerOccDetDecoder',
                                                            'use_mask': True}],
                                          'bev_h': 128,
                                          'bev_w': 128,
                                          'camera_network': {'backbone': {'act_layer': ['nn.GELU',
                                                                                        'nn.GELU',
                                                                                        'nn.GELU',
                                                                                        'nn.GELU'],
                                                                          'attention_block_num': [0,
                                                                                                  0,
                                                                                                  0,
                                                                                                  0],
                                                                          'block_cls': ['GroupDWCB',
                                                                                        'GroupDWCB',
                                                                                        'AltDWCB',
                                                                                        'DWCB'],
                                                                          'block_nums': [4,
                                                                                         3,
                                                                                         8,
                                                                                         6],
                                                                          'down_cls': ['S2DDown',
                                                                                       'S2DDown',
                                                                                       'S2DDown',
                                                                                       'None'],
                                                                          'embed_dims': [64,
                                                                                         128,
                                                                                         192,
                                                                                         384],
                                                                          'extra_act': [False,
                                                                                        False,
                                                                                        False,
                                                                                        False],
                                                                          'feature_mix_channel': 1024,
                                                                          'final_expand_channel': 0,
                                                                          'in_channels': 3,
                                                                          'include_top': False,
                                                                          'layer_scale_init_value': 1e-05,
                                                                          'mlp_ratio_attn': 2,
                                                                          'mlp_ratios': [2,
                                                                                         2,
                                                                                         2,
                                                                                         3],
                                                                          'num_classes': 1000,
                                                                          'patch_embed': 'origin',
                                                                          'type': 'HENet',
                                                                          'use_layer_scale': [True,
                                                                                              True,
                                                                                              True,
                                                                                              True]},
                                                             'neck': {'bn_kwargs': {'eps': 1e-05,
                                                                                    'momentum': 0.1},
                                                                      'in_channels': [384],
                                                                      'in_strides': [32],
                                                                      'out_channels': [256],
                                                                      'out_strides': [32],
                                                                      'type': 'FPN'},
                                                             'out_indices': [-1],
                                                             'type': 'BevFormer',
                                                             'view_transformer': {'bev_h': 128,
                                                                                  'bev_w': 128,
                                                                                  'embed_dims': 256,
                                                                                  'encoder': {'bev_h': 128,
                                                                                              'bev_w': 128,
                                                                                              'embed_dims': 256,
                                                                                              'encoder_layer': {'crossattention': {'bev_h': 128,
                                                                                                                                   'bev_w': 128,
                                                                                                                                   'deformable_attention': {'embed_dims': 256,
                                                                                                                                                            'feats_size': [[30,
                                                                                                                                                                            16]],
                                                                                                                                                            'grid_align_num': 64,
                                                                                                                                                            'num_levels': 1,
                                                                                                                                                            'num_points': 2,
                                                                                                                                                            'type': 'HorizonMultiScaleDeformableAttention3D'},
                                                                                                                                   'embed_dims': 256,
                                                                                                                                   'max_camoverlap_num': 2,
                                                                                                                                   'type': 'HorizonSpatialCrossAttention'},
                                                                                                                'dropout': 0.1,
                                                                                                                'embed_dims': 256,
                                                                                                                'selfattention': {'batch_first': True,
                                                                                                                                  'embed_dims': 256,
                                                                                                                                  'feats_size': [[128,
                                                                                                                                                  128]],
                                                                                                                                  'grid_align_num': 4,
                                                                                                                                  'num_levels': 1,
                                                                                                                                  'num_points': 2,
                                                                                                                                  'type': 'HorizonMultiScaleDeformableAttention'},
                                                                                                                'type': 'SingleBEVFormerEncoderLayer'},
                                                                                              'num_layers': 1,
                                                                                              'return_intermediate': False,
                                                                                              'type': 'SingleBEVFormerEncoder'},
                                                                                  'in_indices': [-1],
                                                                                  'max_camoverlap_num': 2,
                                                                                  'num_points_in_pillar': 2,
                                                                                  'pc_range': [-51.2,
                                                                                               -51.2,
                                                                                               -5.0,
                                                                                               51.2,
                                                                                               51.2,
                                                                                               3.0],
                                                                                  'positional_encoding': {'col_num_embed': 128,
                                                                                                          'num_feats': 128,
                                                                                                          'row_num_embed': 128,
                                                                                                          'type': 'LearnedPositionalEncoding'},
                                                                                  'queue_length': 1,
                                                                                  'single_bev': True,
                                                                                  'type': 'SingleBevFormerViewTransformer',
                                                                                  'use_lidar2img': True,
                                                                                  'virtual_bev_h': 64,
                                                                                  'virtual_bev_w': 80}},
                                          'fuse_module': {'fuse_c': 256,
                                                          'input_c': 640,
                                                          'type': 'BevFuseModule'},
                                          'lidar_network': {'backbone': {'num_input_features': 64,
                                                                         'quantize': True,
                                                                         'type': 'PointPillarScatter',
                                                                         'use_horizon_pillar_scatter': True},
                                                            'feature_map_shape': array([512, 512,   1]),
                                                            'neck': {'bn_kwargs': None,
                                                                     'down_layer_channels': [64,
                                                                                             128,
                                                                                             256],
                                                                     'down_layer_nums': [3,
                                                                                         5,
                                                                                         5],
                                                                     'down_layer_strides': [2,
                                                                                            2,
                                                                                            2],
                                                                     'in_feature_channel': 64,
                                                                     'quantize': True,
                                                                     'type': 'SECONDNeck',
                                                                     'up_layer_channels': [128,
                                                                                           128,
                                                                                           128],
                                                                     'up_layer_strides': [0.5,
                                                                                          1,
                                                                                          2],
                                                                     'use_relu6': False},
                                                            'pre_process': {'max_points_in_voxel': 20,
                                                                            'max_voxels_num': [30000,
                                                                                               40000],
                                                                            'norm_dims': [0,
                                                                                          1,
                                                                                          2,
                                                                                          3],
                                                                            'norm_range': [-51.2,
                                                                                           -51.2,
                                                                                           -5.0,
                                                                                           0.0,
                                                                                           51.2,
                                                                                           51.2,
                                                                                           3.0,
                                                                                           255.0],
                                                                            'pc_range': [-51.2,
                                                                                         -51.2,
                                                                                         -5.0,
                                                                                         51.2,
                                                                                         51.2,
                                                                                         3.0],
                                                                            'type': 'CenterPointPreProcess',
                                                                            'voxel_size': [0.2,
                                                                                           0.2,
                                                                                           8]},
                                                            'reader': {'bn_kwargs': None,
                                                                       'hw_reverse': True,
                                                                       'num_filters': [64],
                                                                       'num_input_features': 5,
                                                                       'pc_range': [-51.2,
                                                                                    -51.2,
                                                                                    -5.0,
                                                                                    51.2,
                                                                                    51.2,
                                                                                    3.0],
                                                                       'pool_size': [20,
                                                                                     1],
                                                                       'quantize': True,
                                                                       'type': 'PillarFeatureNet',
                                                                       'use_4dim': True,
                                                                       'use_conv': True,
                                                                       'voxel_size': [0.2,
                                                                                      0.2,
                                                                                      8],
                                                                       'with_distance': False},
                                                            'type': 'CenterPointDetector'},
                                          'type': 'BevFusion'},
                         'ir_model': {'model_path': './tmp_models/bevfusion_pointpillar_henet_multisensor_multitask_nuscenes/quantized.bc',
                                      'type': 'HbirModule'},
                         'type': 'BevFusionHbirInfer'},
               'prepare_inputs': <function prepare_inputs at 0x7f0417fba0e0>,
               'process_inputs': <function process_inputs at 0x7f0417fba170>,
               'process_outputs': <function process_outputs at 0x7f0417fba200>,
               'viz_func': {'bev_size': [51.2, 51.2, 0.8],
                            'is_plot': True,
                            'occ_viz': {'type': 'OccViz',
                                        'vcs_range': [-40.0,
                                                      -40.0,
                                                      -1.0,
                                                      40.0,
                                                      40.0,
                                                      5.4],
                                        'vis_bev_2d': True},
                            'score_thresh': 0.3,
                            'type': 'NuscenesMultitaskViz',
                            'use_bce': False}},
 'infer_transforms': [{'size': [512, 960], 'type': 'MultiViewsImgResize'},
                      {'transforms': [{'type': 'PILToTensor'},
                                      {'divisor': 32, 'type': 'Pad'},
                                      {'rgb_input': True,
                                       'type': 'BgrToYuv444'},
                                      {'mean': 128.0,
                                       'std': 128.0,
                                       'type': 'Normalize'}],
                       'type': 'MultiViewsImgTransformWrapper'}],
 'input_size': [512, 960],
 'inputs_save_func': <function inputs_save_func at 0x7f0417fba290>,
 'int_infer_data_loader': {'batch_size': 1,
                           'collate_fn': <function collate_nuscenes_sequencev2 at 0x7f041eabf910>,
                           'dataset': {'bev_range': [-51.2,
                                                     -51.2,
                                                     -5.0,
                                                     51.2,
                                                     51.2,
                                                     3.0],
                                       'data_path': 'data/nuscenes/pack/horizon_bevfusion_nuscenes/val_lmdb/',
                                       'load_dim': 5,
                                       'map_path': None,
                                       'map_size': None,
                                       'need_lidar': True,
                                       'num_seq': 1,
                                       'num_sweeps': 9,
                                       'transforms': [{'size': [512, 960],
                                                       'type': 'MultiViewsImgResize'},
                                                      {'transforms': [{'type': 'PILToTensor'},
                                                                      {'divisor': 32,
                                                                       'type': 'Pad'},
                                                                      {'rgb_input': True,
                                                                       'type': 'BgrToYuv444'},
                                                                      {'mean': 128.0,
                                                                       'std': 128.0,
                                                                       'type': 'Normalize'}],
                                                       'type': 'MultiViewsImgTransformWrapper'}],
                                       'type': 'NuscenesBevSequenceDataset',
                                       'use_dim': [0, 1, 2, 3, 4],
                                       'with_bev_bboxes': False,
                                       'with_bev_mask': False,
                                       'with_ego_bboxes': True,
                                       'with_lidar_bboxes': True,
                                       'with_lidar_occ': True},
                           'num_workers': 4,
                           'pin_memory': True,
                           'sampler': {'type': <class 'torch.utils.data.distributed.DistributedSampler'>},
                           'shuffle': False,
                           'type': <class 'torch.utils.data.dataloader.DataLoader'>},
 'int_infer_predictor': {'batch_processor': {'loss_collector': None,
                                             'need_grad_update': False,
                                             'type': 'MultiBatchProcessor'},
                         'callbacks': [{'epoch_log_freq': 1,
                                        'log_prefix': 'Validation '
                                                      'bevfusion_pointpillar_henet_multisensor_multitask_nuscenes',
                                        'metric_update_func': <function update_metric at 0x7f0417fb9bd0>,
                                        'step_log_freq': 10000,
                                        'type': 'MetricUpdater'}],
                         'data_loader': {'batch_size': 1,
                                         'collate_fn': <function collate_nuscenes_sequencev2 at 0x7f041eabf910>,
                                         'dataset': {'bev_range': [-51.2,
                                                                   -51.2,
                                                                   -5.0,
                                                                   51.2,
                                                                   51.2,
                                                                   3.0],
                                                     'data_path': 'data/nuscenes/pack/horizon_bevfusion_nuscenes/val_lmdb/',
                                                     'load_dim': 5,
                                                     'map_path': None,
                                                     'map_size': None,
                                                     'need_lidar': True,
                                                     'num_seq': 1,
                                                     'num_sweeps': 9,
                                                     'transforms': [{'size': [512,
                                                                              960],
                                                                     'type': 'MultiViewsImgResize'},
                                                                    {'transforms': [{'type': 'PILToTensor'},
                                                                                    {'divisor': 32,
                                                                                     'type': 'Pad'},
                                                                                    {'rgb_input': True,
                                                                                     'type': 'BgrToYuv444'},
                                                                                    {'mean': 128.0,
                                                                                     'std': 128.0,
                                                                                     'type': 'Normalize'}],
                                                                     'type': 'MultiViewsImgTransformWrapper'}],
                                                     'type': 'NuscenesBevSequenceDataset',
                                                     'use_dim': [0, 1, 2, 3, 4],
                                                     'with_bev_bboxes': False,
                                                     'with_bev_mask': False,
                                                     'with_ego_bboxes': True,
                                                     'with_lidar_bboxes': True,
                                                     'with_lidar_occ': True},
                                         'num_workers': 4,
                                         'pin_memory': True,
                                         'sampler': {'type': <class 'torch.utils.data.distributed.DistributedSampler'>},
                                         'shuffle': False,
                                         'type': <class 'torch.utils.data.dataloader.DataLoader'>},
                         'device': None,
                         'log_interval': 1,
                         'metrics': [{'classes': ['car',
                                                  'truck',
                                                  'trailer',
                                                  'bus',
                                                  'construction_vehicle',
                                                  'bicycle',
                                                  'motorcycle',
                                                  'pedestrian',
                                                  'traffic_cone',
                                                  'barrier'],
                                      'data_root': 'data/nuscenes',
                                      'lidar_key': 'sensor2ego',
                                      'save_prefix': './metric_results/bevfusion_pointpillar_henet_multisensor_multitask_nuscenes',
                                      'trans_lidar_dim': True,
                                      'trans_lidar_rot': False,
                                      'type': 'NuscenesMetric',
                                      'use_lidar': True,
                                      'version': 'v1.0-trainval'},
                                     {'ignore_index': 17,
                                      'seg_class': ['others',
                                                    'barrier',
                                                    'bicycle',
                                                    'bus',
                                                    'car',
                                                    'construction_vehicle',
                                                    'motorcycle',
                                                    'pedestrian',
                                                    'traffic_cone',
                                                    'trailer',
                                                    'truck',
                                                    'driveable_surface',
                                                    'other_flat',
                                                    'sidewalk',
                                                    'terrain',
                                                    'manmade',
                                                    'vegetation'],
                                      'type': 'MeanIOU'}],
                         'model': {'deploy_model': {'bev_decoders': [{'bev_h': 128,
                                                                      'bev_w': 128,
                                                                      'criterion': {'assigner': {'cls_cost': {'type': 'FocalLossCost',
                                                                                                              'weight': 2.0},
                                                                                                 'reg_cost': {'type': 'BBox3DL1Cost',
                                                                                                              'weight': 0.25},
                                                                                                 'type': 'BevFormerHungarianAssigner3D'},
                                                                                    'bbox_key': 'lidar_bboxes_labels',
                                                                                    'loss_bbox': {'loss_weight': 0.25,
                                                                                                  'type': 'L1Loss'},
                                                                                    'loss_cls': {'alpha': 0.25,
                                                                                                 'gamma': 2.0,
                                                                                                 'loss_name': 'cls',
                                                                                                 'loss_weight': 2.0,
                                                                                                 'num_classes': 11,
                                                                                                 'reduction': 'mean',
                                                                                                 'type': 'FocalLoss'},
                                                                                    'pc_range': [-51.2,
                                                                                                 -51.2,
                                                                                                 -5.0,
                                                                                                 51.2,
                                                                                                 51.2,
                                                                                                 3.0],
                                                                                    'type': 'BevFormerCriterion'},
                                                                      'decoder': {'decoder_layer': {'crossattention': {'embed_dims': 256,
                                                                                                                       'feats_size': [[128,
                                                                                                                                       128]],
                                                                                                                       'grid_align_num': 4,
                                                                                                                       'num_levels': 1,
                                                                                                                       'type': 'HorizonMultiScaleDeformableAttention'},
                                                                                                    'dropout': 0.1,
                                                                                                    'type': 'DetrTransformerDecoderLayer'},
                                                                                  'num_layers': 6,
                                                                                  'return_intermediate': True,
                                                                                  'type': 'DetectionTransformerDecoder'},
                                                                      'embed_dims': 256,
                                                                      'num_query': 900,
                                                                      'pc_range': [-51.2,
                                                                                   -51.2,
                                                                                   -5.0,
                                                                                   51.2,
                                                                                   51.2,
                                                                                   3.0],
                                                                      'post_process': {'max_num': 300,
                                                                                       'num_classes': 10,
                                                                                       'pc_range': [-51.2,
                                                                                                    -51.2,
                                                                                                    -5.0,
                                                                                                    51.2,
                                                                                                    51.2,
                                                                                                    3.0],
                                                                                       'post_center_range': [-61.2,
                                                                                                             -61.2,
                                                                                                             -10.0,
                                                                                                             61.2,
                                                                                                             61.2,
                                                                                                             10.0],
                                                                                       'type': 'BevFormerProcess'},
                                                                      'type': 'BEVFormerDetDecoder'},
                                                                     {'camera_input': True,
                                                                      'lidar_input': True,
                                                                      'loss_occ': {'ignore_index': 255,
                                                                                   'loss_weight': 6.0,
                                                                                   'type': 'CrossEntropyLoss',
                                                                                   'use_sigmoid': False},
                                                                      'num_classes': 18,
                                                                      'occ_head': {'Dz': 16,
                                                                                   'in_dim': 256,
                                                                                   'num_classes': 18,
                                                                                   'out_dim': 128,
                                                                                   'type': 'BEVOCCHead2D',
                                                                                   'use_predicter': True,
                                                                                   'use_upsample': True},
                                                                      'roi_resizer': {'in_strides': [1],
                                                                                      'roi_resize_cfgs': [{'in_stride': 1,
                                                                                                           'roi_box': [14,
                                                                                                                       14,
                                                                                                                       114,
                                                                                                                       114]}],
                                                                                      'type': 'RoiResize'},
                                                                      'type': 'BevformerOccDetDecoder',
                                                                      'use_mask': True}],
                                                    'bev_h': 128,
                                                    'bev_w': 128,
                                                    'camera_network': {'backbone': {'act_layer': ['nn.GELU',
                                                                                                  'nn.GELU',
                                                                                                  'nn.GELU',
                                                                                                  'nn.GELU'],
                                                                                    'attention_block_num': [0,
                                                                                                            0,
                                                                                                            0,
                                                                                                            0],
                                                                                    'block_cls': ['GroupDWCB',
                                                                                                  'GroupDWCB',
                                                                                                  'AltDWCB',
                                                                                                  'DWCB'],
                                                                                    'block_nums': [4,
                                                                                                   3,
                                                                                                   8,
                                                                                                   6],
                                                                                    'down_cls': ['S2DDown',
                                                                                                 'S2DDown',
                                                                                                 'S2DDown',
                                                                                                 'None'],
                                                                                    'embed_dims': [64,
                                                                                                   128,
                                                                                                   192,
                                                                                                   384],
                                                                                    'extra_act': [False,
                                                                                                  False,
                                                                                                  False,
                                                                                                  False],
                                                                                    'feature_mix_channel': 1024,
                                                                                    'final_expand_channel': 0,
                                                                                    'in_channels': 3,
                                                                                    'include_top': False,
                                                                                    'layer_scale_init_value': 1e-05,
                                                                                    'mlp_ratio_attn': 2,
                                                                                    'mlp_ratios': [2,
                                                                                                   2,
                                                                                                   2,
                                                                                                   3],
                                                                                    'num_classes': 1000,
                                                                                    'patch_embed': 'origin',
                                                                                    'type': 'HENet',
                                                                                    'use_layer_scale': [True,
                                                                                                        True,
                                                                                                        True,
                                                                                                        True]},
                                                                       'neck': {'bn_kwargs': {'eps': 1e-05,
                                                                                              'momentum': 0.1},
                                                                                'in_channels': [384],
                                                                                'in_strides': [32],
                                                                                'out_channels': [256],
                                                                                'out_strides': [32],
                                                                                'type': 'FPN'},
                                                                       'out_indices': [-1],
                                                                       'type': 'BevFormer',
                                                                       'view_transformer': {'bev_h': 128,
                                                                                            'bev_w': 128,
                                                                                            'embed_dims': 256,
                                                                                            'encoder': {'bev_h': 128,
                                                                                                        'bev_w': 128,
                                                                                                        'embed_dims': 256,
                                                                                                        'encoder_layer': {'crossattention': {'bev_h': 128,
                                                                                                                                             'bev_w': 128,
                                                                                                                                             'deformable_attention': {'embed_dims': 256,
                                                                                                                                                                      'feats_size': [[30,
                                                                                                                                                                                      16]],
                                                                                                                                                                      'grid_align_num': 64,
                                                                                                                                                                      'num_levels': 1,
                                                                                                                                                                      'num_points': 2,
                                                                                                                                                                      'type': 'HorizonMultiScaleDeformableAttention3D'},
                                                                                                                                             'embed_dims': 256,
                                                                                                                                             'max_camoverlap_num': 2,
                                                                                                                                             'type': 'HorizonSpatialCrossAttention'},
                                                                                                                          'dropout': 0.1,
                                                                                                                          'embed_dims': 256,
                                                                                                                          'selfattention': {'batch_first': True,
                                                                                                                                            'embed_dims': 256,
                                                                                                                                            'feats_size': [[128,
                                                                                                                                                            128]],
                                                                                                                                            'grid_align_num': 4,
                                                                                                                                            'num_levels': 1,
                                                                                                                                            'num_points': 2,
                                                                                                                                            'type': 'HorizonMultiScaleDeformableAttention'},
                                                                                                                          'type': 'SingleBEVFormerEncoderLayer'},
                                                                                                        'num_layers': 1,
                                                                                                        'return_intermediate': False,
                                                                                                        'type': 'SingleBEVFormerEncoder'},
                                                                                            'in_indices': [-1],
                                                                                            'max_camoverlap_num': 2,
                                                                                            'num_points_in_pillar': 2,
                                                                                            'pc_range': [-51.2,
                                                                                                         -51.2,
                                                                                                         -5.0,
                                                                                                         51.2,
                                                                                                         51.2,
                                                                                                         3.0],
                                                                                            'positional_encoding': {'col_num_embed': 128,
                                                                                                                    'num_feats': 128,
                                                                                                                    'row_num_embed': 128,
                                                                                                                    'type': 'LearnedPositionalEncoding'},
                                                                                            'queue_length': 1,
                                                                                            'single_bev': True,
                                                                                            'type': 'SingleBevFormerViewTransformer',
                                                                                            'use_lidar2img': True,
                                                                                            'virtual_bev_h': 64,
                                                                                            'virtual_bev_w': 80}},
                                                    'fuse_module': {'fuse_c': 256,
                                                                    'input_c': 640,
                                                                    'type': 'BevFuseModule'},
                                                    'lidar_network': {'backbone': {'num_input_features': 64,
                                                                                   'quantize': True,
                                                                                   'type': 'PointPillarScatter',
                                                                                   'use_horizon_pillar_scatter': True},
                                                                      'feature_map_shape': array([512, 512,   1]),
                                                                      'neck': {'bn_kwargs': None,
                                                                               'down_layer_channels': [64,
                                                                                                       128,
                                                                                                       256],
                                                                               'down_layer_nums': [3,
                                                                                                   5,
                                                                                                   5],
                                                                               'down_layer_strides': [2,
                                                                                                      2,
                                                                                                      2],
                                                                               'in_feature_channel': 64,
                                                                               'quantize': True,
                                                                               'type': 'SECONDNeck',
                                                                               'up_layer_channels': [128,
                                                                                                     128,
                                                                                                     128],
                                                                               'up_layer_strides': [0.5,
                                                                                                    1,
                                                                                                    2],
                                                                               'use_relu6': False},
                                                                      'pre_process': {'max_points_in_voxel': 20,
                                                                                      'max_voxels_num': [30000,
                                                                                                         40000],
                                                                                      'norm_dims': [0,
                                                                                                    1,
                                                                                                    2,
                                                                                                    3],
                                                                                      'norm_range': [-51.2,
                                                                                                     -51.2,
                                                                                                     -5.0,
                                                                                                     0.0,
                                                                                                     51.2,
                                                                                                     51.2,
                                                                                                     3.0,
                                                                                                     255.0],
                                                                                      'pc_range': [-51.2,
                                                                                                   -51.2,
                                                                                                   -5.0,
                                                                                                   51.2,
                                                                                                   51.2,
                                                                                                   3.0],
                                                                                      'type': 'CenterPointPreProcess',
                                                                                      'voxel_size': [0.2,
                                                                                                     0.2,
                                                                                                     8]},
                                                                      'reader': {'bn_kwargs': None,
                                                                                 'hw_reverse': True,
                                                                                 'num_filters': [64],
                                                                                 'num_input_features': 5,
                                                                                 'pc_range': [-51.2,
                                                                                              -51.2,
                                                                                              -5.0,
                                                                                              51.2,
                                                                                              51.2,
                                                                                              3.0],
                                                                                 'pool_size': [20,
                                                                                               1],
                                                                                 'quantize': True,
                                                                                 'type': 'PillarFeatureNet',
                                                                                 'use_4dim': True,
                                                                                 'use_conv': True,
                                                                                 'voxel_size': [0.2,
                                                                                                0.2,
                                                                                                8],
                                                                                 'with_distance': False},
                                                                      'type': 'CenterPointDetector'},
                                                    'type': 'BevFusion'},
                                   'ir_model': {'model_path': './tmp_models/bevfusion_pointpillar_henet_multisensor_multitask_nuscenes/quantized.bc',
                                                'type': 'HbirModule'},
                                   'type': 'BevFusionHbirInfer'},
                         'type': 'Predictor'},
 'lidar_ckpt_dir': './tmp_pretrained_models/centerpoint_pointpillar_nuscenes',
 'lidar_det_visualize': <function lidar_det_visualize at 0x7f0417fb9ab0>,
 'lidar_input': True,
 'lidar_network': {'backbone': {'num_input_features': 64,
                                'quantize': True,
                                'type': 'PointPillarScatter',
                                'use_horizon_pillar_scatter': True},
                   'feature_map_shape': array([512, 512,   1]),
                   'neck': {'bn_kwargs': None,
                            'down_layer_channels': [64, 128, 256],
                            'down_layer_nums': [3, 5, 5],
                            'down_layer_strides': [2, 2, 2],
                            'in_feature_channel': 64,
                            'quantize': True,
                            'type': 'SECONDNeck',
                            'up_layer_channels': [128, 128, 128],
                            'up_layer_strides': [0.5, 1, 2],
                            'use_relu6': False},
                   'pre_process': {'max_points_in_voxel': 20,
                                   'max_voxels_num': [30000, 40000],
                                   'norm_dims': [0, 1, 2, 3],
                                   'norm_range': [-51.2,
                                                  -51.2,
                                                  -5.0,
                                                  0.0,
                                                  51.2,
                                                  51.2,
                                                  3.0,
                                                  255.0],
                                   'pc_range': [-51.2,
                                                -51.2,
                                                -5.0,
                                                51.2,
                                                51.2,
                                                3.0],
                                   'type': 'CenterPointPreProcess',
                                   'voxel_size': [0.2, 0.2, 8]},
                   'reader': {'bn_kwargs': None,
                              'hw_reverse': True,
                              'num_filters': [64],
                              'num_input_features': 5,
                              'pc_range': [-51.2, -51.2, -5.0, 51.2, 51.2, 3.0],
                              'pool_size': [20, 1],
                              'quantize': True,
                              'type': 'PillarFeatureNet',
                              'use_4dim': True,
                              'use_conv': True,
                              'voxel_size': [0.2, 0.2, 8],
                              'with_distance': False},
                   'type': 'CenterPointDetector'},
 'lidar_task_name': 'centerpoint_pointpillar_nuscenes',
 'log_loss_show': 200,
 'log_rank_zero_only': True,
 'loss_collector': <function loss_collector at 0x7f0417fb9b40>,
 'loss_show_update': {'epoch_log_freq': 1,
                      'log_prefix': 'loss_bevfusion_pointpillar_henet_multisensor_multitask_nuscenes',
                      'metric_update_func': <function update_loss at 0x7f0417fb9c60>,
                      'step_log_freq': 200,
                      'type': 'MetricUpdater'},
 'map_size': [15, 30, 0.15],
 'march': 'nash-m',
 'max_camoverlap_num': 2,
 'max_num_points': 20,
 'max_voxels': [30000, 40000],
 'meta_rootdir': 'data/nuscenes',
 'model': {'bev_decoders': [{'bev_h': 128,
                             'bev_w': 128,
                             'criterion': {'assigner': {'cls_cost': {'type': 'FocalLossCost',
                                                                     'weight': 2.0},
                                                        'reg_cost': {'type': 'BBox3DL1Cost',
                                                                     'weight': 0.25},
                                                        'type': 'BevFormerHungarianAssigner3D'},
                                           'bbox_key': 'lidar_bboxes_labels',
                                           'loss_bbox': {'loss_weight': 0.25,
                                                         'type': 'L1Loss'},
                                           'loss_cls': {'alpha': 0.25,
                                                        'gamma': 2.0,
                                                        'loss_name': 'cls',
                                                        'loss_weight': 2.0,
                                                        'num_classes': 11,
                                                        'reduction': 'mean',
                                                        'type': 'FocalLoss'},
                                           'pc_range': [-51.2,
                                                        -51.2,
                                                        -5.0,
                                                        51.2,
                                                        51.2,
                                                        3.0],
                                           'type': 'BevFormerCriterion'},
                             'decoder': {'decoder_layer': {'crossattention': {'embed_dims': 256,
                                                                              'feats_size': [[128,
                                                                                              128]],
                                                                              'grid_align_num': 4,
                                                                              'num_levels': 1,
                                                                              'type': 'HorizonMultiScaleDeformableAttention'},
                                                           'dropout': 0.1,
                                                           'type': 'DetrTransformerDecoderLayer'},
                                         'num_layers': 6,
                                         'return_intermediate': True,
                                         'type': 'DetectionTransformerDecoder'},
                             'embed_dims': 256,
                             'num_query': 900,
                             'pc_range': [-51.2, -51.2, -5.0, 51.2, 51.2, 3.0],
                             'post_process': {'max_num': 300,
                                              'num_classes': 10,
                                              'pc_range': [-51.2,
                                                           -51.2,
                                                           -5.0,
                                                           51.2,
                                                           51.2,
                                                           3.0],
                                              'post_center_range': [-61.2,
                                                                    -61.2,
                                                                    -10.0,
                                                                    61.2,
                                                                    61.2,
                                                                    10.0],
                                              'type': 'BevFormerProcess'},
                             'type': 'BEVFormerDetDecoder'},
                            {'camera_input': True,
                             'lidar_input': True,
                             'loss_occ': {'ignore_index': 255,
                                          'loss_weight': 6.0,
                                          'type': 'CrossEntropyLoss',
                                          'use_sigmoid': False},
                             'num_classes': 18,
                             'occ_head': {'Dz': 16,
                                          'in_dim': 256,
                                          'num_classes': 18,
                                          'out_dim': 128,
                                          'type': 'BEVOCCHead2D',
                                          'use_predicter': True,
                                          'use_upsample': True},
                             'roi_resizer': {'in_strides': [1],
                                             'roi_resize_cfgs': [{'in_stride': 1,
                                                                  'roi_box': [14,
                                                                              14,
                                                                              114,
                                                                              114]}],
                                             'type': 'RoiResize'},
                             'type': 'BevformerOccDetDecoder',
                             'use_mask': True}],
           'bev_h': 128,
           'bev_w': 128,
           'camera_network': {'backbone': {'act_layer': ['nn.GELU',
                                                         'nn.GELU',
                                                         'nn.GELU',
                                                         'nn.GELU'],
                                           'attention_block_num': [0, 0, 0, 0],
                                           'block_cls': ['GroupDWCB',
                                                         'GroupDWCB',
                                                         'AltDWCB',
                                                         'DWCB'],
                                           'block_nums': [4, 3, 8, 6],
                                           'down_cls': ['S2DDown',
                                                        'S2DDown',
                                                        'S2DDown',
                                                        'None'],
                                           'embed_dims': [64, 128, 192, 384],
                                           'extra_act': [False,
                                                         False,
                                                         False,
                                                         False],
                                           'feature_mix_channel': 1024,
                                           'final_expand_channel': 0,
                                           'in_channels': 3,
                                           'include_top': False,
                                           'layer_scale_init_value': 1e-05,
                                           'mlp_ratio_attn': 2,
                                           'mlp_ratios': [2, 2, 2, 3],
                                           'num_classes': 1000,
                                           'patch_embed': 'origin',
                                           'type': 'HENet',
                                           'use_layer_scale': [True,
                                                               True,
                                                               True,
                                                               True]},
                              'neck': {'bn_kwargs': {'eps': 1e-05,
                                                     'momentum': 0.1},
                                       'in_channels': [384],
                                       'in_strides': [32],
                                       'out_channels': [256],
                                       'out_strides': [32],
                                       'type': 'FPN'},
                              'out_indices': [-1],
                              'type': 'BevFormer',
                              'view_transformer': {'bev_h': 128,
                                                   'bev_w': 128,
                                                   'embed_dims': 256,
                                                   'encoder': {'bev_h': 128,
                                                               'bev_w': 128,
                                                               'embed_dims': 256,
                                                               'encoder_layer': {'crossattention': {'bev_h': 128,
                                                                                                    'bev_w': 128,
                                                                                                    'deformable_attention': {'embed_dims': 256,
                                                                                                                             'feats_size': [[30,
                                                                                                                                             16]],
                                                                                                                             'grid_align_num': 64,
                                                                                                                             'num_levels': 1,
                                                                                                                             'num_points': 2,
                                                                                                                             'type': 'HorizonMultiScaleDeformableAttention3D'},
                                                                                                    'embed_dims': 256,
                                                                                                    'max_camoverlap_num': 2,
                                                                                                    'type': 'HorizonSpatialCrossAttention'},
                                                                                 'dropout': 0.1,
                                                                                 'embed_dims': 256,
                                                                                 'selfattention': {'batch_first': True,
                                                                                                   'embed_dims': 256,
                                                                                                   'feats_size': [[128,
                                                                                                                   128]],
                                                                                                   'grid_align_num': 4,
                                                                                                   'num_levels': 1,
                                                                                                   'num_points': 2,
                                                                                                   'type': 'HorizonMultiScaleDeformableAttention'},
                                                                                 'type': 'SingleBEVFormerEncoderLayer'},
                                                               'num_layers': 1,
                                                               'return_intermediate': False,
                                                               'type': 'SingleBEVFormerEncoder'},
                                                   'in_indices': [-1],
                                                   'max_camoverlap_num': 2,
                                                   'num_points_in_pillar': 2,
                                                   'pc_range': [-51.2,
                                                                -51.2,
                                                                -5.0,
                                                                51.2,
                                                                51.2,
                                                                3.0],
                                                   'positional_encoding': {'col_num_embed': 128,
                                                                           'num_feats': 128,
                                                                           'row_num_embed': 128,
                                                                           'type': 'LearnedPositionalEncoding'},
                                                   'queue_length': 1,
                                                   'single_bev': True,
                                                   'type': 'SingleBevFormerViewTransformer',
                                                   'use_lidar2img': True,
                                                   'virtual_bev_h': 64,
                                                   'virtual_bev_w': 80}},
           'fuse_module': {'fuse_c': 256,
                           'input_c': 640,
                           'type': 'BevFuseModule'},
           'lidar_network': {'backbone': {'num_input_features': 64,
                                          'quantize': True,
                                          'type': 'PointPillarScatter',
                                          'use_horizon_pillar_scatter': True},
                             'feature_map_shape': array([512, 512,   1]),
                             'neck': {'bn_kwargs': None,
                                      'down_layer_channels': [64, 128, 256],
                                      'down_layer_nums': [3, 5, 5],
                                      'down_layer_strides': [2, 2, 2],
                                      'in_feature_channel': 64,
                                      'quantize': True,
                                      'type': 'SECONDNeck',
                                      'up_layer_channels': [128, 128, 128],
                                      'up_layer_strides': [0.5, 1, 2],
                                      'use_relu6': False},
                             'pre_process': {'max_points_in_voxel': 20,
                                             'max_voxels_num': [30000, 40000],
                                             'norm_dims': [0, 1, 2, 3],
                                             'norm_range': [-51.2,
                                                            -51.2,
                                                            -5.0,
                                                            0.0,
                                                            51.2,
                                                            51.2,
                                                            3.0,
                                                            255.0],
                                             'pc_range': [-51.2,
                                                          -51.2,
                                                          -5.0,
                                                          51.2,
                                                          51.2,
                                                          3.0],
                                             'type': 'CenterPointPreProcess',
                                             'voxel_size': [0.2, 0.2, 8]},
                             'reader': {'bn_kwargs': None,
                                        'hw_reverse': True,
                                        'num_filters': [64],
                                        'num_input_features': 5,
                                        'pc_range': [-51.2,
                                                     -51.2,
                                                     -5.0,
                                                     51.2,
                                                     51.2,
                                                     3.0],
                                        'pool_size': [20, 1],
                                        'quantize': True,
                                        'type': 'PillarFeatureNet',
                                        'use_4dim': True,
                                        'use_conv': True,
                                        'voxel_size': [0.2, 0.2, 8],
                                        'with_distance': False},
                             'type': 'CenterPointDetector'},
           'type': 'BevFusion'},
 'norm_cfg': None,
 'np': <module 'numpy' from '/usr/local/lib/python3.10/dist-packages/numpy/__init__.py'>,
 'num_classes': 10,
 'num_classes_occ': 18,
 'occ3d_seg_class': ['others',
                     'barrier',
                     'bicycle',
                     'bus',
                     'car',
                     'construction_vehicle',
                     'motorcycle',
                     'pedestrian',
                     'traffic_cone',
                     'trailer',
                     'truck',
                     'driveable_surface',
                     'other_flat',
                     'sidewalk',
                     'terrain',
                     'manmade',
                     'vegetation'],
 'occ_head': {'camera_input': True,
              'lidar_input': True,
              'loss_occ': {'ignore_index': 255,
                           'loss_weight': 6.0,
                           'type': 'CrossEntropyLoss',
                           'use_sigmoid': False},
              'num_classes': 18,
              'occ_head': {'Dz': 16,
                           'in_dim': 256,
                           'num_classes': 18,
                           'out_dim': 128,
                           'type': 'BEVOCCHead2D',
                           'use_predicter': True,
                           'use_upsample': True},
              'roi_resizer': {'in_strides': [1],
                              'roi_resize_cfgs': [{'in_stride': 1,
                                                   'roi_box': [14,
                                                               14,
                                                               114,
                                                               114]}],
                              'type': 'RoiResize'},
              'type': 'BevformerOccDetDecoder',
              'use_mask': True},
 'occ_val_nuscenes_metric': {'ignore_index': 17,
                             'seg_class': ['others',
                                           'barrier',
                                           'bicycle',
                                           'bus',
                                           'car',
                                           'construction_vehicle',
                                           'motorcycle',
                                           'pedestrian',
                                           'traffic_cone',
                                           'trailer',
                                           'truck',
                                           'driveable_surface',
                                           'other_flat',
                                           'sidewalk',
                                           'terrain',
                                           'manmade',
                                           'vegetation'],
                             'type': 'MeanIOU'},
 'onnx_cfg': {'inputs': {'bev_pillar_counts': torch.Size([1, 16384, 1]),
                         'coors': torch.Size([40000, 4]),
                         'features': torch.Size([1, 5, 20, 40000]),
                         'img': torch.Size([6, 3, 512, 960]),
                         'queries_rebatch_grid': torch.Size([6, 64, 80, 2]),
                         'reference_points_rebatch': torch.Size([6, 5120, 2, 2]),
                         'restore_bev_grid': torch.Size([1, 256, 128, 2])},
              'model': {'bev_decoders': [{'bev_h': 128,
                                          'bev_w': 128,
                                          'decoder': {'decoder_layer': {'crossattention': {'embed_dims': 256,
                                                                                           'feats_size': [[128,
                                                                                                           128]],
                                                                                           'grid_align_num': 4,
                                                                                           'num_levels': 1,
                                                                                           'type': 'HorizonMultiScaleDeformableAttention'},
                                                                        'dropout': 0.1,
                                                                        'type': 'DetrTransformerDecoderLayer'},
                                                      'num_layers': 6,
                                                      'return_intermediate': True,
                                                      'type': 'DetectionTransformerDecoder'},
                                          'embed_dims': 256,
                                          'is_compile': True,
                                          'num_query': 900,
                                          'pc_range': [-51.2,
                                                       -51.2,
                                                       -5.0,
                                                       51.2,
                                                       51.2,
                                                       3.0],
                                          'type': 'BEVFormerDetDecoder'},
                                         {'camera_input': True,
                                          'is_compile': True,
                                          'lidar_input': True,
                                          'num_classes': 18,
                                          'occ_head': {'Dz': 16,
                                                       'in_dim': 256,
                                                       'num_classes': 18,
                                                       'out_dim': 128,
                                                       'type': 'BEVOCCHead2D',
                                                       'use_predicter': True,
                                                       'use_upsample': True},
                                          'roi_resizer': {'in_strides': [1],
                                                          'roi_resize_cfgs': [{'in_stride': 1,
                                                                               'roi_box': [14,
                                                                                           14,
                                                                                           114,
                                                                                           114]}],
                                                          'type': 'RoiResize'},
                                          'type': 'BevformerOccDetDecoder',
                                          'use_mask': True}],
                        'bev_h': 128,
                        'bev_w': 128,
                        'camera_network': {'backbone': {'act_layer': ['nn.GELU',
                                                                      'nn.GELU',
                                                                      'nn.GELU',
                                                                      'nn.GELU'],
                                                        'attention_block_num': [0,
                                                                                0,
                                                                                0,
                                                                                0],
                                                        'block_cls': ['GroupDWCB',
                                                                      'GroupDWCB',
                                                                      'AltDWCB',
                                                                      'DWCB'],
                                                        'block_nums': [4,
                                                                       3,
                                                                       8,
                                                                       6],
                                                        'down_cls': ['S2DDown',
                                                                     'S2DDown',
                                                                     'S2DDown',
                                                                     'None'],
                                                        'embed_dims': [64,
                                                                       128,
                                                                       192,
                                                                       384],
                                                        'extra_act': [False,
                                                                      False,
                                                                      False,
                                                                      False],
                                                        'feature_mix_channel': 1024,
                                                        'final_expand_channel': 0,
                                                        'in_channels': 3,
                                                        'include_top': False,
                                                        'layer_scale_init_value': 1e-05,
                                                        'mlp_ratio_attn': 2,
                                                        'mlp_ratios': [2,
                                                                       2,
                                                                       2,
                                                                       3],
                                                        'num_classes': 1000,
                                                        'patch_embed': 'origin',
                                                        'type': 'HENet',
                                                        'use_layer_scale': [True,
                                                                            True,
                                                                            True,
                                                                            True]},
                                           'neck': {'bn_kwargs': {'eps': 1e-05,
                                                                  'momentum': 0.1},
                                                    'in_channels': [384],
                                                    'in_strides': [32],
                                                    'out_channels': [256],
                                                    'out_strides': [32],
                                                    'type': 'FPN'},
                                           'out_indices': [-1],
                                           'type': 'BevFormer',
                                           'view_transformer': {'bev_h': 128,
                                                                'bev_w': 128,
                                                                'embed_dims': 256,
                                                                'encoder': {'bev_h': 128,
                                                                            'bev_w': 128,
                                                                            'embed_dims': 256,
                                                                            'encoder_layer': {'crossattention': {'bev_h': 128,
                                                                                                                 'bev_w': 128,
                                                                                                                 'deformable_attention': {'embed_dims': 256,
                                                                                                                                          'feats_size': [[30,
                                                                                                                                                          16]],
                                                                                                                                          'grid_align_num': 64,
                                                                                                                                          'num_levels': 1,
                                                                                                                                          'num_points': 2,
                                                                                                                                          'type': 'HorizonMultiScaleDeformableAttention3D'},
                                                                                                                 'embed_dims': 256,
                                                                                                                 'max_camoverlap_num': 2,
                                                                                                                 'type': 'HorizonSpatialCrossAttention'},
                                                                                              'dropout': 0.1,
                                                                                              'embed_dims': 256,
                                                                                              'selfattention': {'batch_first': True,
                                                                                                                'embed_dims': 256,
                                                                                                                'feats_size': [[128,
                                                                                                                                128]],
                                                                                                                'grid_align_num': 4,
                                                                                                                'num_levels': 1,
                                                                                                                'num_points': 2,
                                                                                                                'type': 'HorizonMultiScaleDeformableAttention'},
                                                                                              'type': 'SingleBEVFormerEncoderLayer'},
                                                                            'num_layers': 1,
                                                                            'return_intermediate': False,
                                                                            'type': 'SingleBEVFormerEncoder'},
                                                                'in_indices': [-1],
                                                                'is_compile': True,
                                                                'max_camoverlap_num': 2,
                                                                'num_points_in_pillar': 2,
                                                                'pc_range': [-51.2,
                                                                             -51.2,
                                                                             -5.0,
                                                                             51.2,
                                                                             51.2,
                                                                             3.0],
                                                                'positional_encoding': {'col_num_embed': 128,
                                                                                        'num_feats': 128,
                                                                                        'row_num_embed': 128,
                                                                                        'type': 'LearnedPositionalEncoding'},
                                                                'queue_length': 1,
                                                                'single_bev': True,
                                                                'type': 'SingleBevFormerViewTransformer',
                                                                'use_lidar2img': True,
                                                                'virtual_bev_h': 64,
                                                                'virtual_bev_w': 80}},
                        'fuse_module': {'fuse_c': 256,
                                        'input_c': 640,
                                        'type': 'BevFuseModule'},
                        'lidar_network': {'backbone': {'num_input_features': 64,
                                                       'quantize': True,
                                                       'type': 'PointPillarScatter',
                                                       'use_horizon_pillar_scatter': True},
                                          'feature_map_shape': array([512, 512,   1]),
                                          'neck': {'bn_kwargs': None,
                                                   'down_layer_channels': [64,
                                                                           128,
                                                                           256],
                                                   'down_layer_nums': [3, 5, 5],
                                                   'down_layer_strides': [2,
                                                                          2,
                                                                          2],
                                                   'in_feature_channel': 64,
                                                   'quantize': True,
                                                   'type': 'SECONDNeck',
                                                   'up_layer_channels': [128,
                                                                         128,
                                                                         128],
                                                   'up_layer_strides': [0.5,
                                                                        1,
                                                                        2],
                                                   'use_relu6': False},
                                          'reader': {'bn_kwargs': None,
                                                     'hw_reverse': True,
                                                     'num_filters': [64],
                                                     'num_input_features': 5,
                                                     'pc_range': [-51.2,
                                                                  -51.2,
                                                                  -5.0,
                                                                  51.2,
                                                                  51.2,
                                                                  3.0],
                                                     'pool_size': [20, 1],
                                                     'quantize': True,
                                                     'type': 'PillarFeatureNet',
                                                     'use_4dim': True,
                                                     'use_conv': True,
                                                     'voxel_size': [0.2,
                                                                    0.2,
                                                                    8],
                                                     'with_distance': False},
                                          'type': 'CenterPointDetector'},
                        'type': 'BevFusion'},
              'model_convert_pipeline': {'converters': [{'type': 'RepModel2Deploy'},
                                                        {'convert_mode': 'jit-strip',
                                                         'example_inputs': {'bev_pillar_counts': torch.Size([1, 16384, 1]),
                                                                            'coors': torch.Size([40000, 4]),
                                                                            'features': torch.Size([1, 5, 20, 40000]),
                                                                            'img': torch.Size([6, 3, 512, 960]),
                                                                            'queries_rebatch_grid': torch.Size([6, 64, 80, 2]),
                                                                            'reference_points_rebatch': torch.Size([6, 5120, 2, 2]),
                                                                            'restore_bev_grid': torch.Size([1, 256, 128, 2])},
                                                         'type': 'Float2QAT'},
                                                        {'allow_miss': True,
                                                         'checkpoint_path': './tmp_models/bevfusion_pointpillar_henet_multisensor_multitask_nuscenes/qat-checkpoint-last.pth.tar',
                                                         'ignore_extra': True,
                                                         'type': 'LoadCheckpoint',
                                                         'verbose': True},
                                                        {'type': 'SetQuantRoundingMode'}],
                                         'qat_mode': 'fuse_bn',
                                         'type': 'ModelConvertPipeline'},
              'stage': 'qat'},
 'orig_shape': [3, 900, 1600],
 'os': <module 'os' from '/usr/lib/python3.10/os.py'>,
 'partial': <class 'functools.partial'>,
 'pil_to_tensor': <function pil_to_tensor at 0x7f045fbbf1c0>,
 'point_cloud_range': [-51.2, -51.2, -5.0, 51.2, 51.2, 3.0],
 'prepare_inputs': <function prepare_inputs at 0x7f0417fba0e0>,
 'process_img': <function process_img at 0x7f0417fba050>,
 'process_inputs': <function process_inputs at 0x7f0417fba170>,
 'process_outputs': <function process_outputs at 0x7f0417fba200>,
 'qat_mode': 'fuse_bn',
 'qat_predictor': {'batch_processor': {'loss_collector': None,
                                       'need_grad_update': False,
                                       'type': 'MultiBatchProcessor'},
                   'callbacks': [{'epoch_log_freq': 1,
                                  'log_prefix': 'Validation '
                                                'bevfusion_pointpillar_henet_multisensor_multitask_nuscenes',
                                  'metric_update_func': <function update_metric at 0x7f0417fb9bd0>,
                                  'step_log_freq': 10000,
                                  'type': 'MetricUpdater'}],
                   'data_loader': [{'batch_size': 1,
                                    'collate_fn': <function collate_nuscenes_sequencev2 at 0x7f041eabf910>,
                                    'dataset': {'bev_range': [-51.2,
                                                              -51.2,
                                                              -5.0,
                                                              51.2,
                                                              51.2,
                                                              3.0],
                                                'data_path': 'data/nuscenes/pack/horizon_bevfusion_nuscenes/val_lmdb/',
                                                'load_dim': 5,
                                                'map_path': None,
                                                'map_size': None,
                                                'need_lidar': True,
                                                'num_seq': 1,
                                                'num_sweeps': 9,
                                                'transforms': [{'size': [512,
                                                                         960],
                                                                'type': 'MultiViewsImgResize'},
                                                               {'transforms': [{'type': 'PILToTensor'},
                                                                               {'divisor': 32,
                                                                                'type': 'Pad'},
                                                                               {'rgb_input': True,
                                                                                'type': 'BgrToYuv444'},
                                                                               {'mean': 128.0,
                                                                                'std': 128.0,
                                                                                'type': 'Normalize'}],
                                                                'type': 'MultiViewsImgTransformWrapper'}],
                                                'type': 'NuscenesBevSequenceDataset',
                                                'use_dim': [0, 1, 2, 3, 4],
                                                'with_bev_bboxes': False,
                                                'with_bev_mask': False,
                                                'with_ego_bboxes': True,
                                                'with_lidar_bboxes': True,
                                                'with_lidar_occ': True},
                                    'num_workers': 4,
                                    'pin_memory': True,
                                    'sampler': {'type': <class 'torch.utils.data.distributed.DistributedSampler'>},
                                    'shuffle': False,
                                    'type': <class 'torch.utils.data.dataloader.DataLoader'>}],
                   'device': None,
                   'log_interval': 100,
                   'metrics': [{'classes': ['car',
                                            'truck',
                                            'trailer',
                                            'bus',
                                            'construction_vehicle',
                                            'bicycle',
                                            'motorcycle',
                                            'pedestrian',
                                            'traffic_cone',
                                            'barrier'],
                                'data_root': 'data/nuscenes',
                                'lidar_key': 'sensor2ego',
                                'save_prefix': './metric_results/bevfusion_pointpillar_henet_multisensor_multitask_nuscenes',
                                'trans_lidar_dim': True,
                                'trans_lidar_rot': False,
                                'type': 'NuscenesMetric',
                                'use_lidar': True,
                                'version': 'v1.0-trainval'},
                               {'ignore_index': 17,
                                'seg_class': ['others',
                                              'barrier',
                                              'bicycle',
                                              'bus',
                                              'car',
                                              'construction_vehicle',
                                              'motorcycle',
                                              'pedestrian',
                                              'traffic_cone',
                                              'trailer',
                                              'truck',
                                              'driveable_surface',
                                              'other_flat',
                                              'sidewalk',
                                              'terrain',
                                              'manmade',
                                              'vegetation'],
                                'type': 'MeanIOU'}],
                   'model': {'bev_decoders': [{'bev_h': 128,
                                               'bev_w': 128,
                                               'criterion': {'assigner': {'cls_cost': {'type': 'FocalLossCost',
                                                                                       'weight': 2.0},
                                                                          'reg_cost': {'type': 'BBox3DL1Cost',
                                                                                       'weight': 0.25},
                                                                          'type': 'BevFormerHungarianAssigner3D'},
                                                             'bbox_key': 'lidar_bboxes_labels',
                                                             'loss_bbox': {'loss_weight': 0.25,
                                                                           'type': 'L1Loss'},
                                                             'loss_cls': {'alpha': 0.25,
                                                                          'gamma': 2.0,
                                                                          'loss_name': 'cls',
                                                                          'loss_weight': 2.0,
                                                                          'num_classes': 11,
                                                                          'reduction': 'mean',
                                                                          'type': 'FocalLoss'},
                                                             'pc_range': [-51.2,
                                                                          -51.2,
                                                                          -5.0,
                                                                          51.2,
                                                                          51.2,
                                                                          3.0],
                                                             'type': 'BevFormerCriterion'},
                                               'decoder': {'decoder_layer': {'crossattention': {'embed_dims': 256,
                                                                                                'feats_size': [[128,
                                                                                                                128]],
                                                                                                'grid_align_num': 4,
                                                                                                'num_levels': 1,
                                                                                                'type': 'HorizonMultiScaleDeformableAttention'},
                                                                             'dropout': 0.1,
                                                                             'type': 'DetrTransformerDecoderLayer'},
                                                           'num_layers': 6,
                                                           'return_intermediate': True,
                                                           'type': 'DetectionTransformerDecoder'},
                                               'embed_dims': 256,
                                               'num_query': 900,
                                               'pc_range': [-51.2,
                                                            -51.2,
                                                            -5.0,
                                                            51.2,
                                                            51.2,
                                                            3.0],
                                               'post_process': {'max_num': 300,
                                                                'num_classes': 10,
                                                                'pc_range': [-51.2,
                                                                             -51.2,
                                                                             -5.0,
                                                                             51.2,
                                                                             51.2,
                                                                             3.0],
                                                                'post_center_range': [-61.2,
                                                                                      -61.2,
                                                                                      -10.0,
                                                                                      61.2,
                                                                                      61.2,
                                                                                      10.0],
                                                                'type': 'BevFormerProcess'},
                                               'type': 'BEVFormerDetDecoder'},
                                              {'camera_input': True,
                                               'lidar_input': True,
                                               'loss_occ': {'ignore_index': 255,
                                                            'loss_weight': 6.0,
                                                            'type': 'CrossEntropyLoss',
                                                            'use_sigmoid': False},
                                               'num_classes': 18,
                                               'occ_head': {'Dz': 16,
                                                            'in_dim': 256,
                                                            'num_classes': 18,
                                                            'out_dim': 128,
                                                            'type': 'BEVOCCHead2D',
                                                            'use_predicter': True,
                                                            'use_upsample': True},
                                               'roi_resizer': {'in_strides': [1],
                                                               'roi_resize_cfgs': [{'in_stride': 1,
                                                                                    'roi_box': [14,
                                                                                                14,
                                                                                                114,
                                                                                                114]}],
                                                               'type': 'RoiResize'},
                                               'type': 'BevformerOccDetDecoder',
                                               'use_mask': True}],
                             'bev_h': 128,
                             'bev_w': 128,
                             'camera_network': {'backbone': {'act_layer': ['nn.GELU',
                                                                           'nn.GELU',
                                                                           'nn.GELU',
                                                                           'nn.GELU'],
                                                             'attention_block_num': [0,
                                                                                     0,
                                                                                     0,
                                                                                     0],
                                                             'block_cls': ['GroupDWCB',
                                                                           'GroupDWCB',
                                                                           'AltDWCB',
                                                                           'DWCB'],
                                                             'block_nums': [4,
                                                                            3,
                                                                            8,
                                                                            6],
                                                             'down_cls': ['S2DDown',
                                                                          'S2DDown',
                                                                          'S2DDown',
                                                                          'None'],
                                                             'embed_dims': [64,
                                                                            128,
                                                                            192,
                                                                            384],
                                                             'extra_act': [False,
                                                                           False,
                                                                           False,
                                                                           False],
                                                             'feature_mix_channel': 1024,
                                                             'final_expand_channel': 0,
                                                             'in_channels': 3,
                                                             'include_top': False,
                                                             'layer_scale_init_value': 1e-05,
                                                             'mlp_ratio_attn': 2,
                                                             'mlp_ratios': [2,
                                                                            2,
                                                                            2,
                                                                            3],
                                                             'num_classes': 1000,
                                                             'patch_embed': 'origin',
                                                             'type': 'HENet',
                                                             'use_layer_scale': [True,
                                                                                 True,
                                                                                 True,
                                                                                 True]},
                                                'neck': {'bn_kwargs': {'eps': 1e-05,
                                                                       'momentum': 0.1},
                                                         'in_channels': [384],
                                                         'in_strides': [32],
                                                         'out_channels': [256],
                                                         'out_strides': [32],
                                                         'type': 'FPN'},
                                                'out_indices': [-1],
                                                'type': 'BevFormer',
                                                'view_transformer': {'bev_h': 128,
                                                                     'bev_w': 128,
                                                                     'embed_dims': 256,
                                                                     'encoder': {'bev_h': 128,
                                                                                 'bev_w': 128,
                                                                                 'embed_dims': 256,
                                                                                 'encoder_layer': {'crossattention': {'bev_h': 128,
                                                                                                                      'bev_w': 128,
                                                                                                                      'deformable_attention': {'embed_dims': 256,
                                                                                                                                               'feats_size': [[30,
                                                                                                                                                               16]],
                                                                                                                                               'grid_align_num': 64,
                                                                                                                                               'num_levels': 1,
                                                                                                                                               'num_points': 2,
                                                                                                                                               'type': 'HorizonMultiScaleDeformableAttention3D'},
                                                                                                                      'embed_dims': 256,
                                                                                                                      'max_camoverlap_num': 2,
                                                                                                                      'type': 'HorizonSpatialCrossAttention'},
                                                                                                   'dropout': 0.1,
                                                                                                   'embed_dims': 256,
                                                                                                   'selfattention': {'batch_first': True,
                                                                                                                     'embed_dims': 256,
                                                                                                                     'feats_size': [[128,
                                                                                                                                     128]],
                                                                                                                     'grid_align_num': 4,
                                                                                                                     'num_levels': 1,
                                                                                                                     'num_points': 2,
                                                                                                                     'type': 'HorizonMultiScaleDeformableAttention'},
                                                                                                   'type': 'SingleBEVFormerEncoderLayer'},
                                                                                 'num_layers': 1,
                                                                                 'return_intermediate': False,
                                                                                 'type': 'SingleBEVFormerEncoder'},
                                                                     'in_indices': [-1],
                                                                     'max_camoverlap_num': 2,
                                                                     'num_points_in_pillar': 2,
                                                                     'pc_range': [-51.2,
                                                                                  -51.2,
                                                                                  -5.0,
                                                                                  51.2,
                                                                                  51.2,
                                                                                  3.0],
                                                                     'positional_encoding': {'col_num_embed': 128,
                                                                                             'num_feats': 128,
                                                                                             'row_num_embed': 128,
                                                                                             'type': 'LearnedPositionalEncoding'},
                                                                     'queue_length': 1,
                                                                     'single_bev': True,
                                                                     'type': 'SingleBevFormerViewTransformer',
                                                                     'use_lidar2img': True,
                                                                     'virtual_bev_h': 64,
                                                                     'virtual_bev_w': 80}},
                             'fuse_module': {'fuse_c': 256,
                                             'input_c': 640,
                                             'type': 'BevFuseModule'},
                             'lidar_network': {'backbone': {'num_input_features': 64,
                                                            'quantize': True,
                                                            'type': 'PointPillarScatter',
                                                            'use_horizon_pillar_scatter': True},
                                               'feature_map_shape': array([512, 512,   1]),
                                               'neck': {'bn_kwargs': None,
                                                        'down_layer_channels': [64,
                                                                                128,
                                                                                256],
                                                        'down_layer_nums': [3,
                                                                            5,
                                                                            5],
                                                        'down_layer_strides': [2,
                                                                               2,
                                                                               2],
                                                        'in_feature_channel': 64,
                                                        'quantize': True,
                                                        'type': 'SECONDNeck',
                                                        'up_layer_channels': [128,
                                                                              128,
                                                                              128],
                                                        'up_layer_strides': [0.5,
                                                                             1,
                                                                             2],
                                                        'use_relu6': False},
                                               'pre_process': {'max_points_in_voxel': 20,
                                                               'max_voxels_num': [30000,
                                                                                  40000],
                                                               'norm_dims': [0,
                                                                             1,
                                                                             2,
                                                                             3],
                                                               'norm_range': [-51.2,
                                                                              -51.2,
                                                                              -5.0,
                                                                              0.0,
                                                                              51.2,
                                                                              51.2,
                                                                              3.0,
                                                                              255.0],
                                                               'pc_range': [-51.2,
                                                                            -51.2,
                                                                            -5.0,
                                                                            51.2,
                                                                            51.2,
                                                                            3.0],
                                                               'type': 'CenterPointPreProcess',
                                                               'voxel_size': [0.2,
                                                                              0.2,
                                                                              8]},
                                               'reader': {'bn_kwargs': None,
                                                          'hw_reverse': True,
                                                          'num_filters': [64],
                                                          'num_input_features': 5,
                                                          'pc_range': [-51.2,
                                                                       -51.2,
                                                                       -5.0,
                                                                       51.2,
                                                                       51.2,
                                                                       3.0],
                                                          'pool_size': [20, 1],
                                                          'quantize': True,
                                                          'type': 'PillarFeatureNet',
                                                          'use_4dim': True,
                                                          'use_conv': True,
                                                          'voxel_size': [0.2,
                                                                         0.2,
                                                                         8],
                                                          'with_distance': False},
                                               'type': 'CenterPointDetector'},
                             'type': 'BevFusion'},
                   'model_convert_pipeline': {'converters': [{'type': 'RepModel2Deploy'},
                                                             {'convert_mode': 'jit-strip',
                                                              'example_data_loader': {'batch_size': 1,
                                                                                      'collate_fn': <function collate_nuscenes_sequencev2 at 0x7f041eabf910>,
                                                                                      'dataset': {'bev_range': [-51.2,
                                                                                                                -51.2,
                                                                                                                -5.0,
                                                                                                                51.2,
                                                                                                                51.2,
                                                                                                                3.0],
                                                                                                  'data_path': 'data/nuscenes/pack/horizon_bevfusion_nuscenes/val_lmdb/',
                                                                                                  'load_dim': 5,
                                                                                                  'map_path': None,
                                                                                                  'map_size': None,
                                                                                                  'need_lidar': True,
                                                                                                  'num_seq': 1,
                                                                                                  'num_sweeps': 9,
                                                                                                  'transforms': [{'size': [512,
                                                                                                                           960],
                                                                                                                  'type': 'MultiViewsImgResize'},
                                                                                                                 {'transforms': [{'type': 'PILToTensor'},
                                                                                                                                 {'divisor': 32,
                                                                                                                                  'type': 'Pad'},
                                                                                                                                 {'rgb_input': True,
                                                                                                                                  'type': 'BgrToYuv444'},
                                                                                                                                 {'mean': 128.0,
                                                                                                                                  'std': 128.0,
                                                                                                                                  'type': 'Normalize'}],
                                                                                                                  'type': 'MultiViewsImgTransformWrapper'}],
                                                                                                  'type': 'NuscenesBevSequenceDataset',
                                                                                                  'use_dim': [0,
                                                                                                              1,
                                                                                                              2,
                                                                                                              3,
                                                                                                              4],
                                                                                                  'with_bev_bboxes': False,
                                                                                                  'with_bev_mask': False,
                                                                                                  'with_ego_bboxes': True,
                                                                                                  'with_lidar_bboxes': True,
                                                                                                  'with_lidar_occ': True},
                                                                                      'num_workers': 0,
                                                                                      'pin_memory': True,
                                                                                      'shuffle': False,
                                                                                      'type': <class 'torch.utils.data.dataloader.DataLoader'>},
                                                              'type': 'Float2QAT'},
                                                             {'allow_miss': True,
                                                              'checkpoint_path': './tmp_models/bevfusion_pointpillar_henet_multisensor_multitask_nuscenes/qat-checkpoint-last.pth.tar',
                                                              'ignore_extra': True,
                                                              'type': 'LoadCheckpoint',
                                                              'verbose': True},
                                                             {'type': 'SetQuantRoundingMode'}],
                                              'qat_mode': 'fuse_bn',
                                              'type': 'ModelConvertPipeline'},
                   'type': 'Predictor'},
 'qat_trainer': {'batch_processor': {'enable_amp': True,
                                     'loss_collector': <function loss_collector at 0x7f0417fb9b40>,
                                     'need_grad_update': True,
                                     'type': 'MultiBatchProcessor'},
                 'callbacks': [{'log_freq': 200, 'type': 'StatsMonitor'},
                               {'epoch_log_freq': 1,
                                'log_prefix': 'loss_bevfusion_pointpillar_henet_multisensor_multitask_nuscenes',
                                'metric_update_func': <function update_loss at 0x7f0417fb9c60>,
                                'step_log_freq': 200,
                                'type': 'MetricUpdater'},
                               {'lr_decay_id': [8],
                                'step_log_interval': 500,
                                'type': 'StepDecayLrUpdater'},
                               {'clip_grad_norm': 35,
                                'clip_norm_type': 2,
                                'module_and_scale': [],
                                'type': 'GradScale'},
                               {'batch_processor': {'loss_collector': None,
                                                    'need_grad_update': False,
                                                    'type': 'MultiBatchProcessor'},
                                'callbacks': [{'epoch_log_freq': 1,
                                               'log_prefix': 'Validation '
                                                             'bevfusion_pointpillar_henet_multisensor_multitask_nuscenes',
                                               'metric_update_func': <function update_metric at 0x7f0417fb9bd0>,
                                               'step_log_freq': 10000,
                                               'type': 'MetricUpdater'}],
                                'data_loader': {'batch_size': 1,
                                                'collate_fn': <function collate_nuscenes_sequencev2 at 0x7f041eabf910>,
                                                'dataset': {'bev_range': [-51.2,
                                                                          -51.2,
                                                                          -5.0,
                                                                          51.2,
                                                                          51.2,
                                                                          3.0],
                                                            'data_path': 'data/nuscenes/pack/horizon_bevfusion_nuscenes/val_lmdb/',
                                                            'load_dim': 5,
                                                            'map_path': None,
                                                            'map_size': None,
                                                            'need_lidar': True,
                                                            'num_seq': 1,
                                                            'num_sweeps': 9,
                                                            'transforms': [{'size': [512,
                                                                                     960],
                                                                            'type': 'MultiViewsImgResize'},
                                                                           {'transforms': [{'type': 'PILToTensor'},
                                                                                           {'divisor': 32,
                                                                                            'type': 'Pad'},
                                                                                           {'rgb_input': True,
                                                                                            'type': 'BgrToYuv444'},
                                                                                           {'mean': 128.0,
                                                                                            'std': 128.0,
                                                                                            'type': 'Normalize'}],
                                                                            'type': 'MultiViewsImgTransformWrapper'}],
                                                            'type': 'NuscenesBevSequenceDataset',
                                                            'use_dim': [0,
                                                                        1,
                                                                        2,
                                                                        3,
                                                                        4],
                                                            'with_bev_bboxes': False,
                                                            'with_bev_mask': False,
                                                            'with_ego_bboxes': True,
                                                            'with_lidar_bboxes': True,
                                                            'with_lidar_occ': True},
                                                'num_workers': 4,
                                                'pin_memory': True,
                                                'sampler': {'type': <class 'torch.utils.data.distributed.DistributedSampler'>},
                                                'shuffle': False,
                                                'type': <class 'torch.utils.data.dataloader.DataLoader'>},
                                'log_interval': 200,
                                'type': 'Validation',
                                'val_interval': 1,
                                'val_model': None,
                                'val_on_train_end': False},
                               {'mode': None,
                                'name_prefix': 'float-',
                                'save_dir': './tmp_models/bevfusion_pointpillar_henet_multisensor_multitask_nuscenes',
                                'save_interval': 1,
                                'strict_match': True,
                                'type': 'Checkpoint'}],
                 'data_loader': {'batch_size': 4,
                                 'collate_fn': <function collate_nuscenes_sequencev2 at 0x7f041eabf910>,
                                 'dataset': {'bev_range': [-51.2,
                                                           -51.2,
                                                           -5.0,
                                                           51.2,
                                                           51.2,
                                                           3.0],
                                             'data_path': 'data/nuscenes/pack/horizon_bevfusion_nuscenes/train_lmdb/',
                                             'load_dim': 5,
                                             'map_path': None,
                                             'map_size': None,
                                             'need_lidar': True,
                                             'num_seq': 1,
                                             'num_sweeps': 9,
                                             'transforms': [{'size': [512, 960],
                                                             'type': 'MultiViewsImgResize'},
                                                            {'type': 'MultiViewsImgFlip'},
                                                            {'rot': [-5.4, 5.4],
                                                             'type': 'MultiViewsImgRotate'},
                                                            {'rotation_3d_range': [-0.3925,
                                                                                   0.3925],
                                                             'type': 'BevBBoxRotation'},
                                                            {'type': 'MultiViewsPhotoMetricDistortion'},
                                                            {'transforms': [{'type': 'PILToTensor'},
                                                                            {'rgb_input': True,
                                                                             'type': 'BgrToYuv444'},
                                                                            {'mean': 128,
                                                                             'std': 128,
                                                                             'type': 'Normalize'}],
                                                             'type': 'MultiViewsImgTransformWrapper'}],
                                             'type': 'NuscenesBevSequenceDataset',
                                             'use_dim': [0, 1, 2, 3, 4],
                                             'with_bev_bboxes': False,
                                             'with_bev_mask': False,
                                             'with_ego_bboxes': True,
                                             'with_ego_occ': False,
                                             'with_lidar_bboxes': True,
                                             'with_lidar_occ': True},
                                 'num_workers': 4,
                                 'pin_memory': False,
                                 'sampler': {'type': <class 'torch.utils.data.distributed.DistributedSampler'>},
                                 'shuffle': True,
                                 'type': <class 'torch.utils.data.dataloader.DataLoader'>},
                 'device': None,
                 'model': {'bev_decoders': [{'bev_h': 128,
                                             'bev_w': 128,
                                             'criterion': {'assigner': {'cls_cost': {'type': 'FocalLossCost',
                                                                                     'weight': 2.0},
                                                                        'reg_cost': {'type': 'BBox3DL1Cost',
                                                                                     'weight': 0.25},
                                                                        'type': 'BevFormerHungarianAssigner3D'},
                                                           'bbox_key': 'lidar_bboxes_labels',
                                                           'loss_bbox': {'loss_weight': 0.25,
                                                                         'type': 'L1Loss'},
                                                           'loss_cls': {'alpha': 0.25,
                                                                        'gamma': 2.0,
                                                                        'loss_name': 'cls',
                                                                        'loss_weight': 2.0,
                                                                        'num_classes': 11,
                                                                        'reduction': 'mean',
                                                                        'type': 'FocalLoss'},
                                                           'pc_range': [-51.2,
                                                                        -51.2,
                                                                        -5.0,
                                                                        51.2,
                                                                        51.2,
                                                                        3.0],
                                                           'type': 'BevFormerCriterion'},
                                             'decoder': {'decoder_layer': {'crossattention': {'embed_dims': 256,
                                                                                              'feats_size': [[128,
                                                                                                              128]],
                                                                                              'grid_align_num': 4,
                                                                                              'num_levels': 1,
                                                                                              'type': 'HorizonMultiScaleDeformableAttention'},
                                                                           'dropout': 0.1,
                                                                           'type': 'DetrTransformerDecoderLayer'},
                                                         'num_layers': 6,
                                                         'return_intermediate': True,
                                                         'type': 'DetectionTransformerDecoder'},
                                             'embed_dims': 256,
                                             'num_query': 900,
                                             'pc_range': [-51.2,
                                                          -51.2,
                                                          -5.0,
                                                          51.2,
                                                          51.2,
                                                          3.0],
                                             'post_process': {'max_num': 300,
                                                              'num_classes': 10,
                                                              'pc_range': [-51.2,
                                                                           -51.2,
                                                                           -5.0,
                                                                           51.2,
                                                                           51.2,
                                                                           3.0],
                                                              'post_center_range': [-61.2,
                                                                                    -61.2,
                                                                                    -10.0,
                                                                                    61.2,
                                                                                    61.2,
                                                                                    10.0],
                                                              'type': 'BevFormerProcess'},
                                             'type': 'BEVFormerDetDecoder'},
                                            {'camera_input': True,
                                             'lidar_input': True,
                                             'loss_occ': {'ignore_index': 255,
                                                          'loss_weight': 6.0,
                                                          'type': 'CrossEntropyLoss',
                                                          'use_sigmoid': False},
                                             'num_classes': 18,
                                             'occ_head': {'Dz': 16,
                                                          'in_dim': 256,
                                                          'num_classes': 18,
                                                          'out_dim': 128,
                                                          'type': 'BEVOCCHead2D',
                                                          'use_predicter': True,
                                                          'use_upsample': True},
                                             'roi_resizer': {'in_strides': [1],
                                                             'roi_resize_cfgs': [{'in_stride': 1,
                                                                                  'roi_box': [14,
                                                                                              14,
                                                                                              114,
                                                                                              114]}],
                                                             'type': 'RoiResize'},
                                             'type': 'BevformerOccDetDecoder',
                                             'use_mask': True}],
                           'bev_h': 128,
                           'bev_w': 128,
                           'camera_network': {'backbone': {'act_layer': ['nn.GELU',
                                                                         'nn.GELU',
                                                                         'nn.GELU',
                                                                         'nn.GELU'],
                                                           'attention_block_num': [0,
                                                                                   0,
                                                                                   0,
                                                                                   0],
                                                           'block_cls': ['GroupDWCB',
                                                                         'GroupDWCB',
                                                                         'AltDWCB',
                                                                         'DWCB'],
                                                           'block_nums': [4,
                                                                          3,
                                                                          8,
                                                                          6],
                                                           'down_cls': ['S2DDown',
                                                                        'S2DDown',
                                                                        'S2DDown',
                                                                        'None'],
                                                           'embed_dims': [64,
                                                                          128,
                                                                          192,
                                                                          384],
                                                           'extra_act': [False,
                                                                         False,
                                                                         False,
                                                                         False],
                                                           'feature_mix_channel': 1024,
                                                           'final_expand_channel': 0,
                                                           'in_channels': 3,
                                                           'include_top': False,
                                                           'layer_scale_init_value': 1e-05,
                                                           'mlp_ratio_attn': 2,
                                                           'mlp_ratios': [2,
                                                                          2,
                                                                          2,
                                                                          3],
                                                           'num_classes': 1000,
                                                           'patch_embed': 'origin',
                                                           'type': 'HENet',
                                                           'use_layer_scale': [True,
                                                                               True,
                                                                               True,
                                                                               True]},
                                              'neck': {'bn_kwargs': {'eps': 1e-05,
                                                                     'momentum': 0.1},
                                                       'in_channels': [384],
                                                       'in_strides': [32],
                                                       'out_channels': [256],
                                                       'out_strides': [32],
                                                       'type': 'FPN'},
                                              'out_indices': [-1],
                                              'type': 'BevFormer',
                                              'view_transformer': {'bev_h': 128,
                                                                   'bev_w': 128,
                                                                   'embed_dims': 256,
                                                                   'encoder': {'bev_h': 128,
                                                                               'bev_w': 128,
                                                                               'embed_dims': 256,
                                                                               'encoder_layer': {'crossattention': {'bev_h': 128,
                                                                                                                    'bev_w': 128,
                                                                                                                    'deformable_attention': {'embed_dims': 256,
                                                                                                                                             'feats_size': [[30,
                                                                                                                                                             16]],
                                                                                                                                             'grid_align_num': 64,
                                                                                                                                             'num_levels': 1,
                                                                                                                                             'num_points': 2,
                                                                                                                                             'type': 'HorizonMultiScaleDeformableAttention3D'},
                                                                                                                    'embed_dims': 256,
                                                                                                                    'max_camoverlap_num': 2,
                                                                                                                    'type': 'HorizonSpatialCrossAttention'},
                                                                                                 'dropout': 0.1,
                                                                                                 'embed_dims': 256,
                                                                                                 'selfattention': {'batch_first': True,
                                                                                                                   'embed_dims': 256,
                                                                                                                   'feats_size': [[128,
                                                                                                                                   128]],
                                                                                                                   'grid_align_num': 4,
                                                                                                                   'num_levels': 1,
                                                                                                                   'num_points': 2,
                                                                                                                   'type': 'HorizonMultiScaleDeformableAttention'},
                                                                                                 'type': 'SingleBEVFormerEncoderLayer'},
                                                                               'num_layers': 1,
                                                                               'return_intermediate': False,
                                                                               'type': 'SingleBEVFormerEncoder'},
                                                                   'in_indices': [-1],
                                                                   'max_camoverlap_num': 2,
                                                                   'num_points_in_pillar': 2,
                                                                   'pc_range': [-51.2,
                                                                                -51.2,
                                                                                -5.0,
                                                                                51.2,
                                                                                51.2,
                                                                                3.0],
                                                                   'positional_encoding': {'col_num_embed': 128,
                                                                                           'num_feats': 128,
                                                                                           'row_num_embed': 128,
                                                                                           'type': 'LearnedPositionalEncoding'},
                                                                   'queue_length': 1,
                                                                   'single_bev': True,
                                                                   'type': 'SingleBevFormerViewTransformer',
                                                                   'use_lidar2img': True,
                                                                   'virtual_bev_h': 64,
                                                                   'virtual_bev_w': 80}},
                           'fuse_module': {'fuse_c': 256,
                                           'input_c': 640,
                                           'type': 'BevFuseModule'},
                           'lidar_network': {'backbone': {'num_input_features': 64,
                                                          'quantize': True,
                                                          'type': 'PointPillarScatter',
                                                          'use_horizon_pillar_scatter': True},
                                             'feature_map_shape': array([512, 512,   1]),
                                             'neck': {'bn_kwargs': None,
                                                      'down_layer_channels': [64,
                                                                              128,
                                                                              256],
                                                      'down_layer_nums': [3,
                                                                          5,
                                                                          5],
                                                      'down_layer_strides': [2,
                                                                             2,
                                                                             2],
                                                      'in_feature_channel': 64,
                                                      'quantize': True,
                                                      'type': 'SECONDNeck',
                                                      'up_layer_channels': [128,
                                                                            128,
                                                                            128],
                                                      'up_layer_strides': [0.5,
                                                                           1,
                                                                           2],
                                                      'use_relu6': False},
                                             'pre_process': {'max_points_in_voxel': 20,
                                                             'max_voxels_num': [30000,
                                                                                40000],
                                                             'norm_dims': [0,
                                                                           1,
                                                                           2,
                                                                           3],
                                                             'norm_range': [-51.2,
                                                                            -51.2,
                                                                            -5.0,
                                                                            0.0,
                                                                            51.2,
                                                                            51.2,
                                                                            3.0,
                                                                            255.0],
                                                             'pc_range': [-51.2,
                                                                          -51.2,
                                                                          -5.0,
                                                                          51.2,
                                                                          51.2,
                                                                          3.0],
                                                             'type': 'CenterPointPreProcess',
                                                             'voxel_size': [0.2,
                                                                            0.2,
                                                                            8]},
                                             'reader': {'bn_kwargs': None,
                                                        'hw_reverse': True,
                                                        'num_filters': [64],
                                                        'num_input_features': 5,
                                                        'pc_range': [-51.2,
                                                                     -51.2,
                                                                     -5.0,
                                                                     51.2,
                                                                     51.2,
                                                                     3.0],
                                                        'pool_size': [20, 1],
                                                        'quantize': True,
                                                        'type': 'PillarFeatureNet',
                                                        'use_4dim': True,
                                                        'use_conv': True,
                                                        'voxel_size': [0.2,
                                                                       0.2,
                                                                       8],
                                                        'with_distance': False},
                                             'type': 'CenterPointDetector'},
                           'type': 'BevFusion'},
                 'model_convert_pipeline': {'converters': [{'type': 'RepModel2Deploy'},
                                                           {'convert_mode': 'jit-strip',
                                                            'example_data_loader': {'batch_size': 1,
                                                                                    'collate_fn': <function collate_nuscenes_sequencev2 at 0x7f041eabf910>,
                                                                                    'dataset': {'bev_range': [-51.2,
                                                                                                              -51.2,
                                                                                                              -5.0,
                                                                                                              51.2,
                                                                                                              51.2,
                                                                                                              3.0],
                                                                                                'data_path': 'data/nuscenes/pack/horizon_bevfusion_nuscenes/val_lmdb/',
                                                                                                'load_dim': 5,
                                                                                                'map_path': None,
                                                                                                'map_size': None,
                                                                                                'need_lidar': True,
                                                                                                'num_seq': 1,
                                                                                                'num_sweeps': 9,
                                                                                                'transforms': [{'size': [512,
                                                                                                                         960],
                                                                                                                'type': 'MultiViewsImgResize'},
                                                                                                               {'transforms': [{'type': 'PILToTensor'},
                                                                                                                               {'divisor': 32,
                                                                                                                                'type': 'Pad'},
                                                                                                                               {'rgb_input': True,
                                                                                                                                'type': 'BgrToYuv444'},
                                                                                                                               {'mean': 128.0,
                                                                                                                                'std': 128.0,
                                                                                                                                'type': 'Normalize'}],
                                                                                                                'type': 'MultiViewsImgTransformWrapper'}],
                                                                                                'type': 'NuscenesBevSequenceDataset',
                                                                                                'use_dim': [0,
                                                                                                            1,
                                                                                                            2,
                                                                                                            3,
                                                                                                            4],
                                                                                                'with_bev_bboxes': False,
                                                                                                'with_bev_mask': False,
                                                                                                'with_ego_bboxes': True,
                                                                                                'with_lidar_bboxes': True,
                                                                                                'with_lidar_occ': True},
                                                                                    'num_workers': 0,
                                                                                    'pin_memory': True,
                                                                                    'shuffle': False,
                                                                                    'type': <class 'torch.utils.data.dataloader.DataLoader'>},
                                                            'type': 'Float2QAT'},
                                                           {'type': 'FixWeightQScale'},
                                                           {'allow_miss': True,
                                                            'checkpoint_path': './tmp_models/bevfusion_pointpillar_henet_multisensor_multitask_nuscenes/calibration-checkpoint-last.pth.tar',
                                                            'ignore_extra': True,
                                                            'type': 'LoadCheckpoint',
                                                            'verbose': True}],
                                            'qat_mode': 'fuse_bn',
                                            'type': 'ModelConvertPipeline'},
                 'num_epochs': 16,
                 'optimizer': {'lr': 2e-05,
                               'type': <class 'torch.optim.adamw.AdamW'>,
                               'weight_decay': 0.001},
                 'train_metrics': {'type': 'LossShow'},
                 'type': 'distributed_data_parallel_trainer',
                 'val_metrics': [{'classes': ['car',
                                              'truck',
                                              'trailer',
                                              'bus',
                                              'construction_vehicle',
                                              'bicycle',
                                              'motorcycle',
                                              'pedestrian',
                                              'traffic_cone',
                                              'barrier'],
                                  'data_root': 'data/nuscenes',
                                  'lidar_key': 'sensor2ego',
                                  'save_prefix': './metric_results/bevfusion_pointpillar_henet_multisensor_multitask_nuscenes',
                                  'trans_lidar_dim': True,
                                  'trans_lidar_rot': False,
                                  'type': 'NuscenesMetric',
                                  'use_lidar': True,
                                  'version': 'v1.0-trainval'},
                                 {'ignore_index': 17,
                                  'seg_class': ['others',
                                                'barrier',
                                                'bicycle',
                                                'bus',
                                                'car',
                                                'construction_vehicle',
                                                'motorcycle',
                                                'pedestrian',
                                                'traffic_cone',
                                                'trailer',
                                                'truck',
                                                'driveable_surface',
                                                'other_flat',
                                                'sidewalk',
                                                'terrain',
                                                'manmade',
                                                'vegetation'],
                                  'type': 'MeanIOU'}]},
 're': <module 're' from '/usr/lib/python3.10/re.py'>,
 'real_deploy_model_convert_pipeline': {'converters': [{'type': 'RepModel2Deploy'},
                                                       {'convert_mode': 'jit-strip',
                                                        'example_inputs': {'bev_pillar_counts': torch.Size([1, 16384, 1]),
                                                                           'coors': torch.Size([40000, 4]),
                                                                           'features': torch.Size([1, 5, 20, 40000]),
                                                                           'img': torch.Size([6, 3, 512, 960]),
                                                                           'queries_rebatch_grid': torch.Size([6, 64, 80, 2]),
                                                                           'reference_points_rebatch': torch.Size([6, 5120, 2, 2]),
                                                                           'restore_bev_grid': torch.Size([1, 256, 128, 2])},
                                                        'type': 'Float2QAT'},
                                                       {'allow_miss': True,
                                                        'checkpoint_path': './tmp_models/bevfusion_pointpillar_henet_multisensor_multitask_nuscenes/qat-checkpoint-last.pth.tar',
                                                        'ignore_extra': True,
                                                        'type': 'LoadCheckpoint',
                                                        'verbose': True},
                                                       {'type': 'SetQuantRoundingMode'}],
                                        'qat_mode': 'fuse_bn',
                                        'type': 'ModelConvertPipeline'},
 'resize': <function resize at 0x7f045fbbdd80>,
 'resize_homo': <function resize_homo at 0x7f0417fb9fc0>,
 'resize_shape': [3, 512, 960],
 'seed': None,
 'shutil': <module 'shutil' from '/usr/lib/python3.10/shutil.py'>,
 'single_hbir_infer_model': {'deploy_model': {'bev_decoders': [{'bev_h': 128,
                                                                'bev_w': 128,
                                                                'criterion': {'assigner': {'cls_cost': {'type': 'FocalLossCost',
                                                                                                        'weight': 2.0},
                                                                                           'reg_cost': {'type': 'BBox3DL1Cost',
                                                                                                        'weight': 0.25},
                                                                                           'type': 'BevFormerHungarianAssigner3D'},
                                                                              'bbox_key': 'lidar_bboxes_labels',
                                                                              'loss_bbox': {'loss_weight': 0.25,
                                                                                            'type': 'L1Loss'},
                                                                              'loss_cls': {'alpha': 0.25,
                                                                                           'gamma': 2.0,
                                                                                           'loss_name': 'cls',
                                                                                           'loss_weight': 2.0,
                                                                                           'num_classes': 11,
                                                                                           'reduction': 'mean',
                                                                                           'type': 'FocalLoss'},
                                                                              'pc_range': [-51.2,
                                                                                           -51.2,
                                                                                           -5.0,
                                                                                           51.2,
                                                                                           51.2,
                                                                                           3.0],
                                                                              'type': 'BevFormerCriterion'},
                                                                'decoder': {'decoder_layer': {'crossattention': {'embed_dims': 256,
                                                                                                                 'feats_size': [[128,
                                                                                                                                 128]],
                                                                                                                 'grid_align_num': 4,
                                                                                                                 'num_levels': 1,
                                                                                                                 'type': 'HorizonMultiScaleDeformableAttention'},
                                                                                              'dropout': 0.1,
                                                                                              'type': 'DetrTransformerDecoderLayer'},
                                                                            'num_layers': 6,
                                                                            'return_intermediate': True,
                                                                            'type': 'DetectionTransformerDecoder'},
                                                                'embed_dims': 256,
                                                                'num_query': 900,
                                                                'pc_range': [-51.2,
                                                                             -51.2,
                                                                             -5.0,
                                                                             51.2,
                                                                             51.2,
                                                                             3.0],
                                                                'post_process': {'max_num': 300,
                                                                                 'num_classes': 10,
                                                                                 'pc_range': [-51.2,
                                                                                              -51.2,
                                                                                              -5.0,
                                                                                              51.2,
                                                                                              51.2,
                                                                                              3.0],
                                                                                 'post_center_range': [-61.2,
                                                                                                       -61.2,
                                                                                                       -10.0,
                                                                                                       61.2,
                                                                                                       61.2,
                                                                                                       10.0],
                                                                                 'score_threshold': 0.1,
                                                                                 'type': 'BevFormerProcess'},
                                                                'type': 'BEVFormerDetDecoder'},
                                                               {'camera_input': True,
                                                                'lidar_input': True,
                                                                'loss_occ': {'ignore_index': 255,
                                                                             'loss_weight': 6.0,
                                                                             'type': 'CrossEntropyLoss',
                                                                             'use_sigmoid': False},
                                                                'num_classes': 18,
                                                                'occ_head': {'Dz': 16,
                                                                             'in_dim': 256,
                                                                             'num_classes': 18,
                                                                             'out_dim': 128,
                                                                             'type': 'BEVOCCHead2D',
                                                                             'use_predicter': True,
                                                                             'use_upsample': True},
                                                                'roi_resizer': {'in_strides': [1],
                                                                                'roi_resize_cfgs': [{'in_stride': 1,
                                                                                                     'roi_box': [14,
                                                                                                                 14,
                                                                                                                 114,
                                                                                                                 114]}],
                                                                                'type': 'RoiResize'},
                                                                'type': 'BevformerOccDetDecoder',
                                                                'use_mask': True}],
                                              'bev_h': 128,
                                              'bev_w': 128,
                                              'camera_network': {'backbone': {'act_layer': ['nn.GELU',
                                                                                            'nn.GELU',
                                                                                            'nn.GELU',
                                                                                            'nn.GELU'],
                                                                              'attention_block_num': [0,
                                                                                                      0,
                                                                                                      0,
                                                                                                      0],
                                                                              'block_cls': ['GroupDWCB',
                                                                                            'GroupDWCB',
                                                                                            'AltDWCB',
                                                                                            'DWCB'],
                                                                              'block_nums': [4,
                                                                                             3,
                                                                                             8,
                                                                                             6],
                                                                              'down_cls': ['S2DDown',
                                                                                           'S2DDown',
                                                                                           'S2DDown',
                                                                                           'None'],
                                                                              'embed_dims': [64,
                                                                                             128,
                                                                                             192,
                                                                                             384],
                                                                              'extra_act': [False,
                                                                                            False,
                                                                                            False,
                                                                                            False],
                                                                              'feature_mix_channel': 1024,
                                                                              'final_expand_channel': 0,
                                                                              'in_channels': 3,
                                                                              'include_top': False,
                                                                              'layer_scale_init_value': 1e-05,
                                                                              'mlp_ratio_attn': 2,
                                                                              'mlp_ratios': [2,
                                                                                             2,
                                                                                             2,
                                                                                             3],
                                                                              'num_classes': 1000,
                                                                              'patch_embed': 'origin',
                                                                              'type': 'HENet',
                                                                              'use_layer_scale': [True,
                                                                                                  True,
                                                                                                  True,
                                                                                                  True]},
                                                                 'neck': {'bn_kwargs': {'eps': 1e-05,
                                                                                        'momentum': 0.1},
                                                                          'in_channels': [384],
                                                                          'in_strides': [32],
                                                                          'out_channels': [256],
                                                                          'out_strides': [32],
                                                                          'type': 'FPN'},
                                                                 'out_indices': [-1],
                                                                 'type': 'BevFormer',
                                                                 'view_transformer': {'bev_h': 128,
                                                                                      'bev_w': 128,
                                                                                      'embed_dims': 256,
                                                                                      'encoder': {'bev_h': 128,
                                                                                                  'bev_w': 128,
                                                                                                  'embed_dims': 256,
                                                                                                  'encoder_layer': {'crossattention': {'bev_h': 128,
                                                                                                                                       'bev_w': 128,
                                                                                                                                       'deformable_attention': {'embed_dims': 256,
                                                                                                                                                                'feats_size': [[30,
                                                                                                                                                                                16]],
                                                                                                                                                                'grid_align_num': 64,
                                                                                                                                                                'num_levels': 1,
                                                                                                                                                                'num_points': 2,
                                                                                                                                                                'type': 'HorizonMultiScaleDeformableAttention3D'},
                                                                                                                                       'embed_dims': 256,
                                                                                                                                       'max_camoverlap_num': 2,
                                                                                                                                       'type': 'HorizonSpatialCrossAttention'},
                                                                                                                    'dropout': 0.1,
                                                                                                                    'embed_dims': 256,
                                                                                                                    'selfattention': {'batch_first': True,
                                                                                                                                      'embed_dims': 256,
                                                                                                                                      'feats_size': [[128,
                                                                                                                                                      128]],
                                                                                                                                      'grid_align_num': 4,
                                                                                                                                      'num_levels': 1,
                                                                                                                                      'num_points': 2,
                                                                                                                                      'type': 'HorizonMultiScaleDeformableAttention'},
                                                                                                                    'type': 'SingleBEVFormerEncoderLayer'},
                                                                                                  'num_layers': 1,
                                                                                                  'return_intermediate': False,
                                                                                                  'type': 'SingleBEVFormerEncoder'},
                                                                                      'in_indices': [-1],
                                                                                      'max_camoverlap_num': 2,
                                                                                      'num_points_in_pillar': 2,
                                                                                      'pc_range': [-51.2,
                                                                                                   -51.2,
                                                                                                   -5.0,
                                                                                                   51.2,
                                                                                                   51.2,
                                                                                                   3.0],
                                                                                      'positional_encoding': {'col_num_embed': 128,
                                                                                                              'num_feats': 128,
                                                                                                              'row_num_embed': 128,
                                                                                                              'type': 'LearnedPositionalEncoding'},
                                                                                      'queue_length': 1,
                                                                                      'single_bev': True,
                                                                                      'type': 'SingleBevFormerViewTransformer',
                                                                                      'use_lidar2img': True,
                                                                                      'virtual_bev_h': 64,
                                                                                      'virtual_bev_w': 80}},
                                              'fuse_module': {'fuse_c': 256,
                                                              'input_c': 640,
                                                              'type': 'BevFuseModule'},
                                              'lidar_network': {'backbone': {'num_input_features': 64,
                                                                             'quantize': True,
                                                                             'type': 'PointPillarScatter',
                                                                             'use_horizon_pillar_scatter': True},
                                                                'feature_map_shape': array([512, 512,   1]),
                                                                'neck': {'bn_kwargs': None,
                                                                         'down_layer_channels': [64,
                                                                                                 128,
                                                                                                 256],
                                                                         'down_layer_nums': [3,
                                                                                             5,
                                                                                             5],
                                                                         'down_layer_strides': [2,
                                                                                                2,
                                                                                                2],
                                                                         'in_feature_channel': 64,
                                                                         'quantize': True,
                                                                         'type': 'SECONDNeck',
                                                                         'up_layer_channels': [128,
                                                                                               128,
                                                                                               128],
                                                                         'up_layer_strides': [0.5,
                                                                                              1,
                                                                                              2],
                                                                         'use_relu6': False},
                                                                'pre_process': {'max_points_in_voxel': 20,
                                                                                'max_voxels_num': [30000,
                                                                                                   40000],
                                                                                'norm_dims': [0,
                                                                                              1,
                                                                                              2,
                                                                                              3],
                                                                                'norm_range': [-51.2,
                                                                                               -51.2,
                                                                                               -5.0,
                                                                                               0.0,
                                                                                               51.2,
                                                                                               51.2,
                                                                                               3.0,
                                                                                               255.0],
                                                                                'pc_range': [-51.2,
                                                                                             -51.2,
                                                                                             -5.0,
                                                                                             51.2,
                                                                                             51.2,
                                                                                             3.0],
                                                                                'type': 'CenterPointPreProcess',
                                                                                'voxel_size': [0.2,
                                                                                               0.2,
                                                                                               8]},
                                                                'reader': {'bn_kwargs': None,
                                                                           'hw_reverse': True,
                                                                           'num_filters': [64],
                                                                           'num_input_features': 5,
                                                                           'pc_range': [-51.2,
                                                                                        -51.2,
                                                                                        -5.0,
                                                                                        51.2,
                                                                                        51.2,
                                                                                        3.0],
                                                                           'pool_size': [20,
                                                                                         1],
                                                                           'quantize': True,
                                                                           'type': 'PillarFeatureNet',
                                                                           'use_4dim': True,
                                                                           'use_conv': True,
                                                                           'voxel_size': [0.2,
                                                                                          0.2,
                                                                                          8],
                                                                           'with_distance': False},
                                                                'type': 'CenterPointDetector'},
                                              'type': 'BevFusion'},
                             'ir_model': {'model_path': './tmp_models/bevfusion_pointpillar_henet_multisensor_multitask_nuscenes/quantized.bc',
                                          'type': 'HbirModule'},
                             'type': 'BevFusionHbirInfer'},
 'single_infer_dataset': {'bev_range': [-51.2, -51.2, -5.0, 51.2, 51.2, 3.0],
                          'load_dim': 5,
                          'map_path': None,
                          'map_size': None,
                          'need_lidar': True,
                          'num_seq': 1,
                          'num_sweeps': 9,
                          'split_name': 'val',
                          'src_data_dir': './data/nuscenes',
                          'transforms': None,
                          'type': 'NuscenesFromImageSequence',
                          'use_dim': [0, 1, 2, 3, 4],
                          'version': 'v1.0-trainval',
                          'with_bev_bboxes': False,
                          'with_bev_mask': False,
                          'with_ego_bboxes': True,
                          'with_lidar_bboxes': True,
                          'with_lidar_occ': True},
 'stat_callback': {'log_freq': 200, 'type': 'StatsMonitor'},
 'task_name': 'bevfusion_pointpillar_henet_multisensor_multitask_nuscenes',
 'torch': <module 'torch' from '/usr/local/lib/python3.10/dist-packages/torch/__init__.py'>,
 'trace_callback': {'save_dir': './tmp_models/bevfusion_pointpillar_henet_multisensor_multitask_nuscenes',
                    'trace_inputs': {'bev_pillar_counts': torch.Size([1, 16384, 1]),
                                     'coors': torch.Size([40000, 4]),
                                     'features': torch.Size([1, 5, 20, 40000]),
                                     'img': torch.Size([6, 3, 512, 960]),
                                     'queries_rebatch_grid': torch.Size([6, 64, 80, 2]),
                                     'reference_points_rebatch': torch.Size([6, 5120, 2, 2]),
                                     'restore_bev_grid': torch.Size([1, 256, 128, 2])},
                    'type': 'SaveTraced'},
 'train_data_path': 'data/nuscenes/pack/horizon_bevfusion_nuscenes/train_lmdb/',
 'train_dataset': {'bev_range': [-51.2, -51.2, -5.0, 51.2, 51.2, 3.0],
                   'data_path': 'data/nuscenes/pack/horizon_bevfusion_nuscenes/train_lmdb/',
                   'load_dim': 5,
                   'map_path': None,
                   'map_size': None,
                   'need_lidar': True,
                   'num_seq': 1,
                   'num_sweeps': 9,
                   'transforms': [{'size': [512, 960],
                                   'type': 'MultiViewsImgResize'},
                                  {'type': 'MultiViewsImgFlip'},
                                  {'rot': [-5.4, 5.4],
                                   'type': 'MultiViewsImgRotate'},
                                  {'rotation_3d_range': [-0.3925, 0.3925],
                                   'type': 'BevBBoxRotation'},
                                  {'type': 'MultiViewsPhotoMetricDistortion'},
                                  {'transforms': [{'type': 'PILToTensor'},
                                                  {'rgb_input': True,
                                                   'type': 'BgrToYuv444'},
                                                  {'mean': 128,
                                                   'std': 128,
                                                   'type': 'Normalize'}],
                                   'type': 'MultiViewsImgTransformWrapper'}],
                   'type': 'NuscenesBevSequenceDataset',
                   'use_dim': [0, 1, 2, 3, 4],
                   'with_bev_bboxes': False,
                   'with_bev_mask': False,
                   'with_ego_bboxes': True,
                   'with_ego_occ': False,
                   'with_lidar_bboxes': True,
                   'with_lidar_occ': True},
 'training_step': 'float',
 'update_loss': <function update_loss at 0x7f0417fb9c60>,
 'update_metric': <function update_metric at 0x7f0417fb9bd0>,
 'update_state_dict_by_add_prefix': <function update_state_dict_by_add_prefix at 0x7f04548baef0>,
 'use_bev_head': True,
 'use_lidar2img': True,
 'use_occ_head': True,
 'val_batch_processor': {'loss_collector': None,
                         'need_grad_update': False,
                         'type': 'MultiBatchProcessor'},
 'val_callback': {'batch_processor': {'loss_collector': None,
                                      'need_grad_update': False,
                                      'type': 'MultiBatchProcessor'},
                  'callbacks': [{'epoch_log_freq': 1,
                                 'log_prefix': 'Validation '
                                               'bevfusion_pointpillar_henet_multisensor_multitask_nuscenes',
                                 'metric_update_func': <function update_metric at 0x7f0417fb9bd0>,
                                 'step_log_freq': 10000,
                                 'type': 'MetricUpdater'}],
                  'data_loader': {'batch_size': 1,
                                  'collate_fn': <function collate_nuscenes_sequencev2 at 0x7f041eabf910>,
                                  'dataset': {'bev_range': [-51.2,
                                                            -51.2,
                                                            -5.0,
                                                            51.2,
                                                            51.2,
                                                            3.0],
                                              'data_path': 'data/nuscenes/pack/horizon_bevfusion_nuscenes/val_lmdb/',
                                              'load_dim': 5,
                                              'map_path': None,
                                              'map_size': None,
                                              'need_lidar': True,
                                              'num_seq': 1,
                                              'num_sweeps': 9,
                                              'transforms': [{'size': [512,
                                                                       960],
                                                              'type': 'MultiViewsImgResize'},
                                                             {'transforms': [{'type': 'PILToTensor'},
                                                                             {'divisor': 32,
                                                                              'type': 'Pad'},
                                                                             {'rgb_input': True,
                                                                              'type': 'BgrToYuv444'},
                                                                             {'mean': 128.0,
                                                                              'std': 128.0,
                                                                              'type': 'Normalize'}],
                                                              'type': 'MultiViewsImgTransformWrapper'}],
                                              'type': 'NuscenesBevSequenceDataset',
                                              'use_dim': [0, 1, 2, 3, 4],
                                              'with_bev_bboxes': False,
                                              'with_bev_mask': False,
                                              'with_ego_bboxes': True,
                                              'with_lidar_bboxes': True,
                                              'with_lidar_occ': True},
                                  'num_workers': 4,
                                  'pin_memory': True,
                                  'sampler': {'type': <class 'torch.utils.data.distributed.DistributedSampler'>},
                                  'shuffle': False,
                                  'type': <class 'torch.utils.data.dataloader.DataLoader'>},
                  'log_interval': 200,
                  'type': 'Validation',
                  'val_interval': 1,
                  'val_model': None,
                  'val_on_train_end': False},
 'val_data_loader': {'batch_size': 1,
                     'collate_fn': <function collate_nuscenes_sequencev2 at 0x7f041eabf910>,
                     'dataset': {'bev_range': [-51.2,
                                               -51.2,
                                               -5.0,
                                               51.2,
                                               51.2,
                                               3.0],
                                 'data_path': 'data/nuscenes/pack/horizon_bevfusion_nuscenes/val_lmdb/',
                                 'load_dim': 5,
                                 'map_path': None,
                                 'map_size': None,
                                 'need_lidar': True,
                                 'num_seq': 1,
                                 'num_sweeps': 9,
                                 'transforms': [{'size': [512, 960],
                                                 'type': 'MultiViewsImgResize'},
                                                {'transforms': [{'type': 'PILToTensor'},
                                                                {'divisor': 32,
                                                                 'type': 'Pad'},
                                                                {'rgb_input': True,
                                                                 'type': 'BgrToYuv444'},
                                                                {'mean': 128.0,
                                                                 'std': 128.0,
                                                                 'type': 'Normalize'}],
                                                 'type': 'MultiViewsImgTransformWrapper'}],
                                 'type': 'NuscenesBevSequenceDataset',
                                 'use_dim': [0, 1, 2, 3, 4],
                                 'with_bev_bboxes': False,
                                 'with_bev_mask': False,
                                 'with_ego_bboxes': True,
                                 'with_lidar_bboxes': True,
                                 'with_lidar_occ': True},
                     'num_workers': 4,
                     'pin_memory': True,
                     'sampler': {'type': <class 'torch.utils.data.distributed.DistributedSampler'>},
                     'shuffle': False,
                     'type': <class 'torch.utils.data.dataloader.DataLoader'>},
 'val_data_path': 'data/nuscenes/pack/horizon_bevfusion_nuscenes/val_lmdb/',
 'val_data_shape': [3, 512, 960],
 'val_dataset': {'bev_range': [-51.2, -51.2, -5.0, 51.2, 51.2, 3.0],
                 'data_path': 'data/nuscenes/pack/horizon_bevfusion_nuscenes/val_lmdb/',
                 'load_dim': 5,
                 'map_path': None,
                 'map_size': None,
                 'need_lidar': True,
                 'num_seq': 1,
                 'num_sweeps': 9,
                 'transforms': [{'size': [512, 960],
                                 'type': 'MultiViewsImgResize'},
                                {'transforms': [{'type': 'PILToTensor'},
                                                {'divisor': 32, 'type': 'Pad'},
                                                {'rgb_input': True,
                                                 'type': 'BgrToYuv444'},
                                                {'mean': 128.0,
                                                 'std': 128.0,
                                                 'type': 'Normalize'}],
                                 'type': 'MultiViewsImgTransformWrapper'}],
                 'type': 'NuscenesBevSequenceDataset',
                 'use_dim': [0, 1, 2, 3, 4],
                 'with_bev_bboxes': False,
                 'with_bev_mask': False,
                 'with_ego_bboxes': True,
                 'with_lidar_bboxes': True,
                 'with_lidar_occ': True},
 'val_metric_updater': {'epoch_log_freq': 1,
                        'log_prefix': 'Validation '
                                      'bevfusion_pointpillar_henet_multisensor_multitask_nuscenes',
                        'metric_update_func': <function update_metric at 0x7f0417fb9bd0>,
                        'step_log_freq': 10000,
                        'type': 'MetricUpdater'},
 'val_metrics': [{'classes': ['car',
                              'truck',
                              'trailer',
                              'bus',
                              'construction_vehicle',
                              'bicycle',
                              'motorcycle',
                              'pedestrian',
                              'traffic_cone',
                              'barrier'],
                  'data_root': 'data/nuscenes',
                  'lidar_key': 'sensor2ego',
                  'save_prefix': './metric_results/bevfusion_pointpillar_henet_multisensor_multitask_nuscenes',
                  'trans_lidar_dim': True,
                  'trans_lidar_rot': False,
                  'type': 'NuscenesMetric',
                  'use_lidar': True,
                  'version': 'v1.0-trainval'},
                 {'ignore_index': 17,
                  'seg_class': ['others',
                                'barrier',
                                'bicycle',
                                'bus',
                                'car',
                                'construction_vehicle',
                                'motorcycle',
                                'pedestrian',
                                'traffic_cone',
                                'trailer',
                                'truck',
                                'driveable_surface',
                                'other_flat',
                                'sidewalk',
                                'terrain',
                                'manmade',
                                'vegetation'],
                  'type': 'MeanIOU'}],
 'voxel_size': [0.2, 0.2, 8],
 'with_ego_occ': False}
2026-05-27 08:10:52,366 INFO [logger.py:199] Node[0] ==================================================BEGIN FLOAT STAGE==================================================
2026-05-27 08:10:52,367 INFO [logger.py:199] Node[0] init torch_num_thread is `12`,opencv_num_thread is `12`,openblas_num_thread is `12`,mkl_num_thread is `12`,omp_num_thread is `12`,
2026-05-27 08:10:53,502 WARNING [fx_helper.py:230] Node[0] wrap usage has been changed, please pass necessary args
2026-05-27 08:10:54,379 WARNING [interpolate.py:231] Node[0] default upsampling behavior when mode=bilinear is changed to align_corners=False since torch 0.4.0. Please specify align_corners=True if the old behavior is desired. 
2026-05-27 08:10:54,484 WARNING [pipelines.py:47] Node[0] qat_mode is set to "fuse_bn" by default
2026-05-27 08:10:54,486 WARNING [grad_scale.py:145] Node[0] [GradScale] No module_and_scale info, please use GradClip.
2026-05-27 08:10:54,490 WARNING [hash.py:218] Node[0] [31mDon not found hash value in name of tmp_models/bevformer_henet_camera_multitask_nuscenes/float-checkpoint-last.pth.tar, will skip check hash...[0m
2026-05-27 08:10:54,663 WARNING [checkpoint.py:76] Node[0] module. is not at the beginning of state dict
2026-05-27 08:10:54,681 INFO [checkpoint.py:410] Node[0] state_dict in checkpoint num: 603
2026-05-27 08:10:54,684 INFO [checkpoint.py:411] Node[0] state_dict in model num: 739
2026-05-27 08:10:54,684 WARNING [checkpoint.py:412] Node[0] miss_key num: 114
2026-05-27 08:10:54,684 WARNING [checkpoint.py:414] Node[0] miss_key: lidar_net.reader.pfn_layers.0.linear.weight lidar_net.reader.pfn_layers.0.norm.weight lidar_net.reader.pfn_layers.0.norm.bias lidar_net.reader.pfn_layers.0.norm.running_mean lidar_net.reader.pfn_layers.0.norm.running_var lidar_net.neck.blocks.0.1.0.weight lidar_net.neck.blocks.0.1.1.weight lidar_net.neck.blocks.0.1.1.bias lidar_net.neck.blocks.0.1.1.running_mean lidar_net.neck.blocks.0.1.1.running_var lidar_net.neck.blocks.0.2.0.weight lidar_net.neck.blocks.0.2.1.weight lidar_net.neck.blocks.0.2.1.bias lidar_net.neck.blocks.0.2.1.running_mean lidar_net.neck.blocks.0.2.1.running_var lidar_net.neck.blocks.0.3.0.weight lidar_net.neck.blocks.0.3.1.weight lidar_net.neck.blocks.0.3.1.bias lidar_net.neck.blocks.0.3.1.running_mean lidar_net.neck.blocks.0.3.1.running_var lidar_net.neck.blocks.0.4.0.weight lidar_net.neck.blocks.0.4.1.weight lidar_net.neck.blocks.0.4.1.bias lidar_net.neck.blocks.0.4.1.running_mean lidar_net.neck.blocks.0.4.1.running_var lidar_net.neck.blocks.1.1.0.weight lidar_net.neck.blocks.1.1.1.weight lidar_net.neck.blocks.1.1.1.bias lidar_net.neck.blocks.1.1.1.running_mean lidar_net.neck.blocks.1.1.1.running_var lidar_net.neck.blocks.1.2.0.weight lidar_net.neck.blocks.1.2.1.weight lidar_net.neck.blocks.1.2.1.bias lidar_net.neck.blocks.1.2.1.running_mean lidar_net.neck.blocks.1.2.1.running_var lidar_net.neck.blocks.1.3.0.weight lidar_net.neck.blocks.1.3.1.weight lidar_net.neck.blocks.1.3.1.bias lidar_net.neck.blocks.1.3.1.running_mean lidar_net.neck.blocks.1.3.1.running_var lidar_net.neck.blocks.1.4.0.weight lidar_net.neck.blocks.1.4.1.weight lidar_net.neck.blocks.1.4.1.bias lidar_net.neck.blocks.1.4.1.running_mean lidar_net.neck.blocks.1.4.1.running_var lidar_net.neck.blocks.1.5.0.weight lidar_net.neck.blocks.1.5.1.weight lidar_net.neck.blocks.1.5.1.bias lidar_net.neck.blocks.1.5.1.running_mean lidar_net.neck.blocks.1.5.1.running_var lidar_net.neck.blocks.1.6.0.weight lidar_net.neck.blocks.1.6.1.weight lidar_net.neck.blocks.1.6.1.bias lidar_net.neck.blocks.1.6.1.running_mean lidar_net.neck.blocks.1.6.1.running_var lidar_net.neck.blocks.2.1.0.weight lidar_net.neck.blocks.2.1.1.weight lidar_net.neck.blocks.2.1.1.bias lidar_net.neck.blocks.2.1.1.running_mean lidar_net.neck.blocks.2.1.1.running_var lidar_net.neck.blocks.2.2.0.weight lidar_net.neck.blocks.2.2.1.weight lidar_net.neck.blocks.2.2.1.bias lidar_net.neck.blocks.2.2.1.running_mean lidar_net.neck.blocks.2.2.1.running_var lidar_net.neck.blocks.2.3.0.weight lidar_net.neck.blocks.2.3.1.weight lidar_net.neck.blocks.2.3.1.bias lidar_net.neck.blocks.2.3.1.running_mean lidar_net.neck.blocks.2.3.1.running_var lidar_net.neck.blocks.2.4.0.weight lidar_net.neck.blocks.2.4.1.weight lidar_net.neck.blocks.2.4.1.bias lidar_net.neck.blocks.2.4.1.running_mean lidar_net.neck.blocks.2.4.1.running_var lidar_net.neck.blocks.2.5.0.weight lidar_net.neck.blocks.2.5.1.weight lidar_net.neck.blocks.2.5.1.bias lidar_net.neck.blocks.2.5.1.running_mean lidar_net.neck.blocks.2.5.1.running_var lidar_net.neck.blocks.2.6.0.weight lidar_net.neck.blocks.2.6.1.weight lidar_net.neck.blocks.2.6.1.bias lidar_net.neck.blocks.2.6.1.running_mean lidar_net.neck.blocks.2.6.1.running_var lidar_net.neck.deblocks.0.0.weight lidar_net.neck.deblocks.0.1.weight lidar_net.neck.deblocks.0.1.bias lidar_net.neck.deblocks.0.1.running_mean lidar_net.neck.deblocks.0.1.running_var lidar_net.neck.deblocks.1.0.weight lidar_net.neck.deblocks.1.1.weight lidar_net.neck.deblocks.1.1.bias lidar_net.neck.deblocks.1.1.running_mean lidar_net.neck.deblocks.1.1.running_var lidar_net.neck.deblocks.2.conv.weight lidar_net.neck.deblocks.2.norm.weight lidar_net.neck.deblocks.2.norm.bias lidar_net.neck.deblocks.2.norm.running_mean lidar_net.neck.deblocks.2.norm.running_var fuse_module.reduce_conv.0.weight fuse_module.reduce_conv.0.bias fuse_module.reduce_conv.1.weight fuse_module.reduce_conv.1.bias fuse_module.reduce_conv.1.running_mean fuse_module.reduce_conv.1.running_var fuse_module.conv2.0.weight fuse_module.conv2.0.bias fuse_module.conv2.1.weight fuse_module.conv2.1.bias fuse_module.conv2.1.running_mean fuse_module.conv2.1.running_var fuse_module.seblock.att.1.weight fuse_module.seblock.att.1.bias
2026-05-27 08:10:54,684 WARNING [checkpoint.py:415] Node[0] unexpect_key num: 0
2026-05-27 08:10:54,684 WARNING [checkpoint.py:417] Node[0] unexpect_key: 
2026-05-27 08:10:54,684 INFO [ckpt_converters.py:88] Node[0] [32mLoad the checkpoint successfully from ./tmp_models/bevformer_henet_camera_multitask_nuscenes/float-checkpoint-last.pth.tar[0m
2026-05-27 08:10:54,684 WARNING [hash.py:218] Node[0] [31mDon not found hash value in name of tmp_pretrained_models/centerpoint_pointpillar_nuscenes/float-checkpoint-last.pth.tar, will skip check hash...[0m
2026-05-27 08:10:54,775 WARNING [checkpoint.py:76] Node[0] module. is not at the beginning of state dict
2026-05-27 08:10:54,779 WARNING [load_state_dict_helper.py:114] Node[0] Do not find version in loaded metadata of module camera_net.backbone.stages.0.block.0.add., use the default version 2.
Most common reason is that the state_dict._metadata is missed when modifying state_dict
2026-05-27 08:10:54,779 WARNING [load_state_dict_helper.py:114] Node[0] Do not find version in loaded metadata of module camera_net.backbone.stages.0.block.0.add_dw., use the default version 2.
Most common reason is that the state_dict._metadata is missed when modifying state_dict
2026-05-27 08:10:54,779 WARNING [load_state_dict_helper.py:114] Node[0] Do not find version in loaded metadata of module camera_net.backbone.stages.0.block.1.add., use the default version 2.
Most common reason is that the state_dict._metadata is missed when modifying state_dict
2026-05-27 08:10:54,779 WARNING [load_state_dict_helper.py:114] Node[0] Do not find version in loaded metadata of module camera_net.backbone.stages.0.block.1.add_dw., use the default version 2.
Most common reason is that the state_dict._metadata is missed when modifying state_dict
2026-05-27 08:10:54,779 WARNING [load_state_dict_helper.py:114] Node[0] Do not find version in loaded metadata of module camera_net.backbone.stages.0.block.2.add., use the default version 2.
Most common reason is that the state_dict._metadata is missed when modifying state_dict
2026-05-27 08:10:54,779 WARNING [load_state_dict_helper.py:114] Node[0] Do not find version in loaded metadata of module camera_net.backbone.stages.0.block.2.add_dw., use the default version 2.
Most common reason is that the state_dict._metadata is missed when modifying state_dict
2026-05-27 08:10:54,779 WARNING [load_state_dict_helper.py:114] Node[0] Do not find version in loaded metadata of module camera_net.backbone.stages.0.block.3.add., use the default version 2.
Most common reason is that the state_dict._metadata is missed when modifying state_dict
2026-05-27 08:10:54,779 WARNING [load_state_dict_helper.py:114] Node[0] Do not find version in loaded metadata of module camera_net.backbone.stages.0.block.3.add_dw., use the default version 2.
Most common reason is that the state_dict._metadata is missed when modifying state_dict
2026-05-27 08:10:54,780 WARNING [load_state_dict_helper.py:114] Node[0] Do not find version in loaded metadata of module camera_net.backbone.stages.1.block.0.add., use the default version 2.
Most common reason is that the state_dict._metadata is missed when modifying state_dict
2026-05-27 08:10:54,780 WARNING [load_state_dict_helper.py:114] Node[0] Do not find version in loaded metadata of module camera_net.backbone.stages.1.block.0.add_dw., use the default version 2.
Most common reason is that the state_dict._metadata is missed when modifying state_dict
2026-05-27 08:10:54,780 WARNING [load_state_dict_helper.py:114] Node[0] Do not find version in loaded metadata of module camera_net.backbone.stages.1.block.1.add., use the default version 2.
Most common reason is that the state_dict._metadata is missed when modifying state_dict
2026-05-27 08:10:54,780 WARNING [load_state_dict_helper.py:114] Node[0] Do not find version in loaded metadata of module camera_net.backbone.stages.1.block.1.add_dw., use the default version 2.
Most common reason is that the state_dict._metadata is missed when modifying state_dict
2026-05-27 08:10:54,780 WARNING [load_state_dict_helper.py:114] Node[0] Do not find version in loaded metadata of module camera_net.backbone.stages.1.block.2.add., use the default version 2.
Most common reason is that the state_dict._metadata is missed when modifying state_dict
2026-05-27 08:10:54,780 WARNING [load_state_dict_helper.py:114] Node[0] Do not find version in loaded metadata of module camera_net.backbone.stages.1.block.2.add_dw., use the default version 2.
Most common reason is that the state_dict._metadata is missed when modifying state_dict
2026-05-27 08:10:54,780 WARNING [load_state_dict_helper.py:114] Node[0] Do not find version in loaded metadata of module camera_net.backbone.stages.2.block.0.add., use the default version 2.
Most common reason is that the state_dict._metadata is missed when modifying state_dict
2026-05-27 08:10:54,780 WARNING [load_state_dict_helper.py:114] Node[0] Do not find version in loaded metadata of module camera_net.backbone.stages.2.block.1.add., use the default version 2.
Most common reason is that the state_dict._metadata is missed when modifying state_dict
2026-05-27 08:10:54,780 WARNING [load_state_dict_helper.py:114] Node[0] Do not find version in loaded metadata of module camera_net.backbone.stages.2.block.2.add., use the default version 2.
Most common reason is that the state_dict._metadata is missed when modifying state_dict
2026-05-27 08:10:54,780 WARNING [load_state_dict_helper.py:114] Node[0] Do not find version in loaded metadata of module camera_net.backbone.stages.2.block.3.add., use the default version 2.
Most common reason is that the state_dict._metadata is missed when modifying state_dict
2026-05-27 08:10:54,781 WARNING [load_state_dict_helper.py:114] Node[0] Do not find version in loaded metadata of module camera_net.backbone.stages.2.block.4.add., use the default version 2.
Most common reason is that the state_dict._metadata is missed when modifying state_dict
2026-05-27 08:10:54,781 WARNING [load_state_dict_helper.py:114] Node[0] Do not find version in loaded metadata of module camera_net.backbone.stages.2.block.5.add., use the default version 2.
Most common reason is that the state_dict._metadata is missed when modifying state_dict
2026-05-27 08:10:54,781 WARNING [load_state_dict_helper.py:114] Node[0] Do not find version in loaded metadata of module camera_net.backbone.stages.2.block.6.add., use the default version 2.
Most common reason is that the state_dict._metadata is missed when modifying state_dict
2026-05-27 08:10:54,781 WARNING [load_state_dict_helper.py:114] Node[0] Do not find version in loaded metadata of module camera_net.backbone.stages.2.block.7.add., use the default version 2.
Most common reason is that the state_dict._metadata is missed when modifying state_dict
2026-05-27 08:10:54,781 WARNING [load_state_dict_helper.py:114] Node[0] Do not find version in loaded metadata of module camera_net.backbone.stages.3.block.0.add., use the default version 2.
Most common reason is that the state_dict._metadata is missed when modifying state_dict
2026-05-27 08:10:54,781 WARNING [load_state_dict_helper.py:114] Node[0] Do not find version in loaded metadata of module camera_net.backbone.stages.3.block.1.add., use the default version 2.
Most common reason is that the state_dict._metadata is missed when modifying state_dict
2026-05-27 08:10:54,781 WARNING [load_state_dict_helper.py:114] Node[0] Do not find version in loaded metadata of module camera_net.backbone.stages.3.block.2.add., use the default version 2.
Most common reason is that the state_dict._metadata is missed when modifying state_dict
2026-05-27 08:10:54,781 WARNING [load_state_dict_helper.py:114] Node[0] Do not find version in loaded metadata of module camera_net.backbone.stages.3.block.3.add., use the default version 2.
Most common reason is that the state_dict._metadata is missed when modifying state_dict
2026-05-27 08:10:54,782 WARNING [load_state_dict_helper.py:114] Node[0] Do not find version in loaded metadata of module camera_net.backbone.stages.3.block.4.add., use the default version 2.
Most common reason is that the state_dict._metadata is missed when modifying state_dict
2026-05-27 08:10:54,782 WARNING [load_state_dict_helper.py:114] Node[0] Do not find version in loaded metadata of module camera_net.backbone.stages.3.block.5.add., use the default version 2.
Most common reason is that the state_dict._metadata is missed when modifying state_dict
2026-05-27 08:10:54,782 WARNING [load_state_dict_helper.py:114] Node[0] Do not find version in loaded metadata of module camera_net.view_transformer.encoder.add_canbus., use the default version 2.
Most common reason is that the state_dict._metadata is missed when modifying state_dict
2026-05-27 08:10:54,782 WARNING [load_state_dict_helper.py:114] Node[0] Do not find version in loaded metadata of module camera_net.view_transformer.encoder.cat_pre_cur_query., use the default version 2.
Most common reason is that the state_dict._metadata is missed when modifying state_dict
2026-05-27 08:10:54,782 WARNING [load_state_dict_helper.py:114] Node[0] Do not find version in loaded metadata of module camera_net.view_transformer.encoder.addcams_embeds.0., use the default version 2.
Most common reason is that the state_dict._metadata is missed when modifying state_dict
2026-05-27 08:10:54,782 WARNING [load_state_dict_helper.py:114] Node[0] Do not find version in loaded metadata of module camera_net.view_transformer.encoder.add_level_embeds.0., use the default version 2.
Most common reason is that the state_dict._metadata is missed when modifying state_dict
2026-05-27 08:10:54,782 WARNING [load_state_dict_helper.py:114] Node[0] Do not find version in loaded metadata of module camera_net.view_transformer.encoder.cat_fl., use the default version 2.
Most common reason is that the state_dict._metadata is missed when modifying state_dict
2026-05-27 08:10:54,782 WARNING [load_state_dict_helper.py:114] Node[0] Do not find version in loaded metadata of module camera_net.view_transformer.encoder.layers.0.sa.norm_offset., use the default version 2.
Most common reason is that the state_dict._metadata is missed when modifying state_dict
2026-05-27 08:10:54,782 WARNING [load_state_dict_helper.py:114] Node[0] Do not find version in loaded metadata of module camera_net.view_transformer.encoder.layers.0.sa.add_offset., use the default version 2.
Most common reason is that the state_dict._metadata is missed when modifying state_dict
2026-05-27 08:10:54,783 WARNING [load_state_dict_helper.py:114] Node[0] Do not find version in loaded metadata of module camera_net.view_transformer.encoder.layers.0.sa.add1., use the default version 2.
Most common reason is that the state_dict._metadata is missed when modifying state_dict
2026-05-27 08:10:54,783 WARNING [load_state_dict_helper.py:114] Node[0] Do not find version in loaded metadata of module camera_net.view_transformer.encoder.layers.0.sa.mul1., use the default version 2.
Most common reason is that the state_dict._metadata is missed when modifying state_dict
2026-05-27 08:10:54,783 WARNING [load_state_dict_helper.py:114] Node[0] Do not find version in loaded metadata of module camera_net.view_transformer.encoder.layers.0.sa.stack_sampling., use the default version 2.
Most common reason is that the state_dict._metadata is missed when modifying state_dict
2026-05-27 08:10:54,783 WARNING [load_state_dict_helper.py:114] Node[0] Do not find version in loaded metadata of module camera_net.view_transformer.encoder.layers.0.sa.mul_attention., use the default version 2.
Most common reason is that the state_dict._metadata is missed when modifying state_dict
2026-05-27 08:10:54,783 WARNING [load_state_dict_helper.py:114] Node[0] Do not find version in loaded metadata of module camera_net.view_transformer.encoder.layers.0.sa.add_pos., use the default version 2.
Most common reason is that the state_dict._metadata is missed when modifying state_dict
2026-05-27 08:10:54,783 WARNING [load_state_dict_helper.py:114] Node[0] Do not find version in loaded metadata of module camera_net.view_transformer.encoder.layers.0.sa.add_res., use the default version 2.
Most common reason is that the state_dict._metadata is missed when modifying state_dict
2026-05-27 08:10:54,783 WARNING [load_state_dict_helper.py:114] Node[0] Do not find version in loaded metadata of module camera_net.view_transformer.encoder.layers.0.ca.deformable_attention.norm_offset., use the default version 2.
Most common reason is that the state_dict._metadata is missed when modifying state_dict
2026-05-27 08:10:54,783 WARNING [load_state_dict_helper.py:114] Node[0] Do not find version in loaded metadata of module camera_net.view_transformer.encoder.layers.0.ca.deformable_attention.add_offset., use the default version 2.
Most common reason is that the state_dict._metadata is missed when modifying state_dict
2026-05-27 08:10:54,783 WARNING [load_state_dict_helper.py:114] Node[0] Do not find version in loaded metadata of module camera_net.view_transformer.encoder.layers.0.ca.deformable_attention.add1., use the default version 2.
Most common reason is that the state_dict._metadata is missed when modifying state_dict
2026-05-27 08:10:54,783 WARNING [load_state_dict_helper.py:114] Node[0] Do not find version in loaded metadata of module camera_net.view_transformer.encoder.layers.0.ca.deformable_attention.mul1., use the default version 2.
Most common reason is that the state_dict._metadata is missed when modifying state_dict
2026-05-27 08:10:54,783 WARNING [load_state_dict_helper.py:114] Node[0] Do not find version in loaded metadata of module camera_net.view_transformer.encoder.layers.0.ca.deformable_attention.stack_sampling., use the default version 2.
Most common reason is that the state_dict._metadata is missed when modifying state_dict
2026-05-27 08:10:54,783 WARNING [load_state_dict_helper.py:114] Node[0] Do not find version in loaded metadata of module camera_net.view_transformer.encoder.layers.0.ca.deformable_attention.mul_attention., use the default version 2.
Most common reason is that the state_dict._metadata is missed when modifying state_dict
2026-05-27 08:10:54,783 WARNING [load_state_dict_helper.py:114] Node[0] Do not find version in loaded metadata of module camera_net.view_transformer.encoder.layers.0.ca.add_res., use the default version 2.
Most common reason is that the state_dict._metadata is missed when modifying state_dict
2026-05-27 08:10:54,783 WARNING [load_state_dict_helper.py:114] Node[0] Do not find version in loaded metadata of module camera_net.view_transformer.encoder.layers.0.ca.add_query_pos., use the default version 2.
Most common reason is that the state_dict._metadata is missed when modifying state_dict
2026-05-27 08:10:54,783 WARNING [load_state_dict_helper.py:114] Node[0] Do not find version in loaded metadata of module camera_net.view_transformer.encoder.layers.0.ca.mul_pillarweight., use the default version 2.
Most common reason is that the state_dict._metadata is missed when modifying state_dict
2026-05-27 08:10:54,784 WARNING [load_state_dict_helper.py:114] Node[0] Do not find version in loaded metadata of module camera_net.view_transformer.encoder.layers.0.ca.sum_views., use the default version 2.
Most common reason is that the state_dict._metadata is missed when modifying state_dict
2026-05-27 08:10:54,784 WARNING [load_state_dict_helper.py:114] Node[0] Do not find version in loaded metadata of module camera_net.view_transformer.encoder.layers.0.ffn.add., use the default version 2.
Most common reason is that the state_dict._metadata is missed when modifying state_dict
2026-05-27 08:10:54,784 WARNING [load_state_dict_helper.py:114] Node[0] Do not find version in loaded metadata of module bev_decoders.0.decoder.layers.0.ca.norm_offset., use the default version 2.
Most common reason is that the state_dict._metadata is missed when modifying state_dict
2026-05-27 08:10:54,784 WARNING [load_state_dict_helper.py:114] Node[0] Do not find version in loaded metadata of module bev_decoders.0.decoder.layers.0.ca.add_offset., use the default version 2.
Most common reason is that the state_dict._metadata is missed when modifying state_dict
2026-05-27 08:10:54,784 WARNING [load_state_dict_helper.py:114] Node[0] Do not find version in loaded metadata of module bev_decoders.0.decoder.layers.0.ca.add1., use the default version 2.
Most common reason is that the state_dict._metadata is missed when modifying state_dict
2026-05-27 08:10:54,784 WARNING [load_state_dict_helper.py:114] Node[0] Do not find version in loaded metadata of module bev_decoders.0.decoder.layers.0.ca.mul1., use the default version 2.
Most common reason is that the state_dict._metadata is missed when modifying state_dict
2026-05-27 08:10:54,784 WARNING [load_state_dict_helper.py:114] Node[0] Do not find version in loaded metadata of module bev_decoders.0.decoder.layers.0.ca.stack_sampling., use the default version 2.
Most common reason is that the state_dict._metadata is missed when modifying state_dict
2026-05-27 08:10:54,784 WARNING [load_state_dict_helper.py:114] Node[0] Do not find version in loaded metadata of module bev_decoders.0.decoder.layers.0.ca.mul_attention., use the default version 2.
Most common reason is that the state_dict._metadata is missed when modifying state_dict
2026-05-27 08:10:54,784 WARNING [load_state_dict_helper.py:114] Node[0] Do not find version in loaded metadata of module bev_decoders.0.decoder.layers.0.ca.add_pos., use the default version 2.
Most common reason is that the state_dict._metadata is missed when modifying state_dict
2026-05-27 08:10:54,784 WARNING [load_state_dict_helper.py:114] Node[0] Do not find version in loaded metadata of module bev_decoders.0.decoder.layers.0.ca.add_res., use the default version 2.
Most common reason is that the state_dict._metadata is missed when modifying state_dict
2026-05-27 08:10:54,784 WARNING [load_state_dict_helper.py:114] Node[0] Do not find version in loaded metadata of module bev_decoders.0.decoder.layers.0.ffn.add., use the default version 2.
Most common reason is that the state_dict._metadata is missed when modifying state_dict
2026-05-27 08:10:54,785 WARNING [load_state_dict_helper.py:114] Node[0] Do not find version in loaded metadata of module bev_decoders.0.decoder.layers.0.add_pos1., use the default version 2.
Most common reason is that the state_dict._metadata is missed when modifying state_dict
2026-05-27 08:10:54,785 WARNING [load_state_dict_helper.py:114] Node[0] Do not find version in loaded metadata of module bev_decoders.0.decoder.layers.0.add_pos2., use the default version 2.
Most common reason is that the state_dict._metadata is missed when modifying state_dict
2026-05-27 08:10:54,785 WARNING [load_state_dict_helper.py:114] Node[0] Do not find version in loaded metadata of module bev_decoders.0.decoder.layers.0.add_self_attn., use the default version 2.
Most common reason is that the state_dict._metadata is missed when modifying state_dict
2026-05-27 08:10:54,785 WARNING [load_state_dict_helper.py:114] Node[0] Do not find version in loaded metadata of module bev_decoders.0.decoder.layers.1.ca.norm_offset., use the default version 2.
Most common reason is that the state_dict._metadata is missed when modifying state_dict
2026-05-27 08:10:54,785 WARNING [load_state_dict_helper.py:114] Node[0] Do not find version in loaded metadata of module bev_decoders.0.decoder.layers.1.ca.add_offset., use the default version 2.
Most common reason is that the state_dict._metadata is missed when modifying state_dict
2026-05-27 08:10:54,785 WARNING [load_state_dict_helper.py:114] Node[0] Do not find version in loaded metadata of module bev_decoders.0.decoder.layers.1.ca.add1., use the default version 2.
Most common reason is that the state_dict._metadata is missed when modifying state_dict
2026-05-27 08:10:54,785 WARNING [load_state_dict_helper.py:114] Node[0] Do not find version in loaded metadata of module bev_decoders.0.decoder.layers.1.ca.mul1., use the default version 2.
Most common reason is that the state_dict._metadata is missed when modifying state_dict
2026-05-27 08:10:54,785 WARNING [load_state_dict_helper.py:114] Node[0] Do not find version in loaded metadata of module bev_decoders.0.decoder.layers.1.ca.stack_sampling., use the default version 2.
Most common reason is that the state_dict._metadata is missed when modifying state_dict
2026-05-27 08:10:54,785 WARNING [load_state_dict_helper.py:114] Node[0] Do not find version in loaded metadata of module bev_decoders.0.decoder.layers.1.ca.mul_attention., use the default version 2.
Most common reason is that the state_dict._metadata is missed when modifying state_dict
2026-05-27 08:10:54,785 WARNING [load_state_dict_helper.py:114] Node[0] Do not find version in loaded metadata of module bev_decoders.0.decoder.layers.1.ca.add_pos., use the default version 2.
Most common reason is that the state_dict._metadata is missed when modifying state_dict
2026-05-27 08:10:54,785 WARNING [load_state_dict_helper.py:114] Node[0] Do not find version in loaded metadata of module bev_decoders.0.decoder.layers.1.ca.add_res., use the default version 2.
Most common reason is that the state_dict._metadata is missed when modifying state_dict
2026-05-27 08:10:54,785 WARNING [load_state_dict_helper.py:114] Node[0] Do not find version in loaded metadata of module bev_decoders.0.decoder.layers.1.ffn.add., use the default version 2.
Most common reason is that the state_dict._metadata is missed when modifying state_dict
2026-05-27 08:10:54,785 WARNING [load_state_dict_helper.py:114] Node[0] Do not find version in loaded metadata of module bev_decoders.0.decoder.layers.1.add_pos1., use the default version 2.
Most common reason is that the state_dict._metadata is missed when modifying state_dict
2026-05-27 08:10:54,785 WARNING [load_state_dict_helper.py:114] Node[0] Do not find version in loaded metadata of module bev_decoders.0.decoder.layers.1.add_pos2., use the default version 2.
Most common reason is that the state_dict._metadata is missed when modifying state_dict
2026-05-27 08:10:54,785 WARNING [load_state_dict_helper.py:114] Node[0] Do not find version in loaded metadata of module bev_decoders.0.decoder.layers.1.add_self_attn., use the default version 2.
Most common reason is that the state_dict._metadata is missed when modifying state_dict
2026-05-27 08:10:54,786 WARNING [load_state_dict_helper.py:114] Node[0] Do not find version in loaded metadata of module bev_decoders.0.decoder.layers.2.ca.norm_offset., use the default version 2.
Most common reason is that the state_dict._metadata is missed when modifying state_dict
2026-05-27 08:10:54,786 WARNING [load_state_dict_helper.py:114] Node[0] Do not find version in loaded metadata of module bev_decoders.0.decoder.layers.2.ca.add_offset., use the default version 2.
Most common reason is that the state_dict._metadata is missed when modifying state_dict
2026-05-27 08:10:54,786 WARNING [load_state_dict_helper.py:114] Node[0] Do not find version in loaded metadata of module bev_decoders.0.decoder.layers.2.ca.add1., use the default version 2.
Most common reason is that the state_dict._metadata is missed when modifying state_dict
2026-05-27 08:10:54,786 WARNING [load_state_dict_helper.py:114] Node[0] Do not find version in loaded metadata of module bev_decoders.0.decoder.layers.2.ca.mul1., use the default version 2.
Most common reason is that the state_dict._metadata is missed when modifying state_dict
2026-05-27 08:10:54,786 WARNING [load_state_dict_helper.py:114] Node[0] Do not find version in loaded metadata of module bev_decoders.0.decoder.layers.2.ca.stack_sampling., use the default version 2.
Most common reason is that the state_dict._metadata is missed when modifying state_dict
2026-05-27 08:10:54,786 WARNING [load_state_dict_helper.py:114] Node[0] Do not find version in loaded metadata of module bev_decoders.0.decoder.layers.2.ca.mul_attention., use the default version 2.
Most common reason is that the state_dict._metadata is missed when modifying state_dict
2026-05-27 08:10:54,786 WARNING [load_state_dict_helper.py:114] Node[0] Do not find version in loaded metadata of module bev_decoders.0.decoder.layers.2.ca.add_pos., use the default version 2.
Most common reason is that the state_dict._metadata is missed when modifying state_dict
2026-05-27 08:10:54,786 WARNING [load_state_dict_helper.py:114] Node[0] Do not find version in loaded metadata of module bev_decoders.0.decoder.layers.2.ca.add_res., use the default version 2.
Most common reason is that the state_dict._metadata is missed when modifying state_dict
2026-05-27 08:10:54,786 WARNING [load_state_dict_helper.py:114] Node[0] Do not find version in loaded metadata of module bev_decoders.0.decoder.layers.2.ffn.add., use the default version 2.
Most common reason is that the state_dict._metadata is missed when modifying state_dict
2026-05-27 08:10:54,786 WARNING [load_state_dict_helper.py:114] Node[0] Do not find version in loaded metadata of module bev_decoders.0.decoder.layers.2.add_pos1., use the default version 2.
Most common reason is that the state_dict._metadata is missed when modifying state_dict
2026-05-27 08:10:54,786 WARNING [load_state_dict_helper.py:114] Node[0] Do not find version in loaded metadata of module bev_decoders.0.decoder.layers.2.add_pos2., use the default version 2.
Most common reason is that the state_dict._metadata is missed when modifying state_dict
2026-05-27 08:10:54,786 WARNING [load_state_dict_helper.py:114] Node[0] Do not find version in loaded metadata of module bev_decoders.0.decoder.layers.2.add_self_attn., use the default version 2.
Most common reason is that the state_dict._metadata is missed when modifying state_dict
2026-05-27 08:10:54,786 WARNING [load_state_dict_helper.py:114] Node[0] Do not find version in loaded metadata of module bev_decoders.0.decoder.layers.3.ca.norm_offset., use the default version 2.
Most common reason is that the state_dict._metadata is missed when modifying state_dict
2026-05-27 08:10:54,786 WARNING [load_state_dict_helper.py:114] Node[0] Do not find version in loaded metadata of module bev_decoders.0.decoder.layers.3.ca.add_offset., use the default version 2.
Most common reason is that the state_dict._metadata is missed when modifying state_dict
2026-05-27 08:10:54,787 WARNING [load_state_dict_helper.py:114] Node[0] Do not find version in loaded metadata of module bev_decoders.0.decoder.layers.3.ca.add1., use the default version 2.
Most common reason is that the state_dict._metadata is missed when modifying state_dict
2026-05-27 08:10:54,787 WARNING [load_state_dict_helper.py:114] Node[0] Do not find version in loaded metadata of module bev_decoders.0.decoder.layers.3.ca.mul1., use the default version 2.
Most common reason is that the state_dict._metadata is missed when modifying state_dict
2026-05-27 08:10:54,787 WARNING [load_state_dict_helper.py:114] Node[0] Do not find version in loaded metadata of module bev_decoders.0.decoder.layers.3.ca.stack_sampling., use the default version 2.
Most common reason is that the state_dict._metadata is missed when modifying state_dict
2026-05-27 08:10:54,787 WARNING [load_state_dict_helper.py:114] Node[0] Do not find version in loaded metadata of module bev_decoders.0.decoder.layers.3.ca.mul_attention., use the default version 2.
Most common reason is that the state_dict._metadata is missed when modifying state_dict
2026-05-27 08:10:54,787 WARNING [load_state_dict_helper.py:114] Node[0] Do not find version in loaded metadata of module bev_decoders.0.decoder.layers.3.ca.add_pos., use the default version 2.
Most common reason is that the state_dict._metadata is missed when modifying state_dict
2026-05-27 08:10:54,787 WARNING [load_state_dict_helper.py:114] Node[0] Do not find version in loaded metadata of module bev_decoders.0.decoder.layers.3.ca.add_res., use the default version 2.
Most common reason is that the state_dict._metadata is missed when modifying state_dict
2026-05-27 08:10:54,787 WARNING [load_state_dict_helper.py:114] Node[0] Do not find version in loaded metadata of module bev_decoders.0.decoder.layers.3.ffn.add., use the default version 2.
Most common reason is that the state_dict._metadata is missed when modifying state_dict
2026-05-27 08:10:54,787 WARNING [load_state_dict_helper.py:114] Node[0] Do not find version in loaded metadata of module bev_decoders.0.decoder.layers.3.add_pos1., use the default version 2.
Most common reason is that the state_dict._metadata is missed when modifying state_dict
2026-05-27 08:10:54,787 WARNING [load_state_dict_helper.py:114] Node[0] Do not find version in loaded metadata of module bev_decoders.0.decoder.layers.3.add_pos2., use the default version 2.
Most common reason is that the state_dict._metadata is missed when modifying state_dict
2026-05-27 08:10:54,787 WARNING [load_state_dict_helper.py:114] Node[0] Do not find version in loaded metadata of module bev_decoders.0.decoder.layers.3.add_self_attn., use the default version 2.
Most common reason is that the state_dict._metadata is missed when modifying state_dict
2026-05-27 08:10:54,787 WARNING [load_state_dict_helper.py:114] Node[0] Do not find version in loaded metadata of module bev_decoders.0.decoder.layers.4.ca.norm_offset., use the default version 2.
Most common reason is that the state_dict._metadata is missed when modifying state_dict
2026-05-27 08:10:54,787 WARNING [load_state_dict_helper.py:114] Node[0] Do not find version in loaded metadata of module bev_decoders.0.decoder.layers.4.ca.add_offset., use the default version 2.
Most common reason is that the state_dict._metadata is missed when modifying state_dict
2026-05-27 08:10:54,787 WARNING [load_state_dict_helper.py:114] Node[0] Do not find version in loaded metadata of module bev_decoders.0.decoder.layers.4.ca.add1., use the default version 2.
Most common reason is that the state_dict._metadata is missed when modifying state_dict
2026-05-27 08:10:54,787 WARNING [load_state_dict_helper.py:114] Node[0] Do not find version in loaded metadata of module bev_decoders.0.decoder.layers.4.ca.mul1., use the default version 2.
Most common reason is that the state_dict._metadata is missed when modifying state_dict
2026-05-27 08:10:54,787 WARNING [load_state_dict_helper.py:114] Node[0] Do not find version in loaded metadata of module bev_decoders.0.decoder.layers.4.ca.stack_sampling., use the default version 2.
Most common reason is that the state_dict._metadata is missed when modifying state_dict
2026-05-27 08:10:54,788 WARNING [load_state_dict_helper.py:114] Node[0] Do not find version in loaded metadata of module bev_decoders.0.decoder.layers.4.ca.mul_attention., use the default version 2.
Most common reason is that the state_dict._metadata is missed when modifying state_dict
2026-05-27 08:10:54,788 WARNING [load_state_dict_helper.py:114] Node[0] Do not find version in loaded metadata of module bev_decoders.0.decoder.layers.4.ca.add_pos., use the default version 2.
Most common reason is that the state_dict._metadata is missed when modifying state_dict
2026-05-27 08:10:54,788 WARNING [load_state_dict_helper.py:114] Node[0] Do not find version in loaded metadata of module bev_decoders.0.decoder.layers.4.ca.add_res., use the default version 2.
Most common reason is that the state_dict._metadata is missed when modifying state_dict
2026-05-27 08:10:54,788 WARNING [load_state_dict_helper.py:114] Node[0] Do not find version in loaded metadata of module bev_decoders.0.decoder.layers.4.ffn.add., use the default version 2.
Most common reason is that the state_dict._metadata is missed when modifying state_dict
2026-05-27 08:10:54,788 WARNING [load_state_dict_helper.py:114] Node[0] Do not find version in loaded metadata of module bev_decoders.0.decoder.layers.4.add_pos1., use the default version 2.
Most common reason is that the state_dict._metadata is missed when modifying state_dict
2026-05-27 08:10:54,788 WARNING [load_state_dict_helper.py:114] Node[0] Do not find version in loaded metadata of module bev_decoders.0.decoder.layers.4.add_pos2., use the default version 2.
Most common reason is that the state_dict._metadata is missed when modifying state_dict
2026-05-27 08:10:54,788 WARNING [load_state_dict_helper.py:114] Node[0] Do not find version in loaded metadata of module bev_decoders.0.decoder.layers.4.add_self_attn., use the default version 2.
Most common reason is that the state_dict._metadata is missed when modifying state_dict
2026-05-27 08:10:54,788 WARNING [load_state_dict_helper.py:114] Node[0] Do not find version in loaded metadata of module bev_decoders.0.decoder.layers.5.ca.norm_offset., use the default version 2.
Most common reason is that the state_dict._metadata is missed when modifying state_dict
2026-05-27 08:10:54,788 WARNING [load_state_dict_helper.py:114] Node[0] Do not find version in loaded metadata of module bev_decoders.0.decoder.layers.5.ca.add_offset., use the default version 2.
Most common reason is that the state_dict._metadata is missed when modifying state_dict
2026-05-27 08:10:54,788 WARNING [load_state_dict_helper.py:114] Node[0] Do not find version in loaded metadata of module bev_decoders.0.decoder.layers.5.ca.add1., use the default version 2.
Most common reason is that the state_dict._metadata is missed when modifying state_dict
2026-05-27 08:10:54,788 WARNING [load_state_dict_helper.py:114] Node[0] Do not find version in loaded metadata of module bev_decoders.0.decoder.layers.5.ca.mul1., use the default version 2.
Most common reason is that the state_dict._metadata is missed when modifying state_dict
2026-05-27 08:10:54,788 WARNING [load_state_dict_helper.py:114] Node[0] Do not find version in loaded metadata of module bev_decoders.0.decoder.layers.5.ca.stack_sampling., use the default version 2.
Most common reason is that the state_dict._metadata is missed when modifying state_dict
2026-05-27 08:10:54,788 WARNING [load_state_dict_helper.py:114] Node[0] Do not find version in loaded metadata of module bev_decoders.0.decoder.layers.5.ca.mul_attention., use the default version 2.
Most common reason is that the state_dict._metadata is missed when modifying state_dict
2026-05-27 08:10:54,788 WARNING [load_state_dict_helper.py:114] Node[0] Do not find version in loaded metadata of module bev_decoders.0.decoder.layers.5.ca.add_pos., use the default version 2.
Most common reason is that the state_dict._metadata is missed when modifying state_dict
2026-05-27 08:10:54,788 WARNING [load_state_dict_helper.py:114] Node[0] Do not find version in loaded metadata of module bev_decoders.0.decoder.layers.5.ca.add_res., use the default version 2.
Most common reason is that the state_dict._metadata is missed when modifying state_dict
2026-05-27 08:10:54,789 WARNING [load_state_dict_helper.py:114] Node[0] Do not find version in loaded metadata of module bev_decoders.0.decoder.layers.5.ffn.add., use the default version 2.
Most common reason is that the state_dict._metadata is missed when modifying state_dict
2026-05-27 08:10:54,789 WARNING [load_state_dict_helper.py:114] Node[0] Do not find version in loaded metadata of module bev_decoders.0.decoder.layers.5.add_pos1., use the default version 2.
Most common reason is that the state_dict._metadata is missed when modifying state_dict
2026-05-27 08:10:54,789 WARNING [load_state_dict_helper.py:114] Node[0] Do not find version in loaded metadata of module bev_decoders.0.decoder.layers.5.add_pos2., use the default version 2.
Most common reason is that the state_dict._metadata is missed when modifying state_dict
2026-05-27 08:10:54,789 WARNING [load_state_dict_helper.py:114] Node[0] Do not find version in loaded metadata of module bev_decoders.0.decoder.layers.5.add_self_attn., use the default version 2.
Most common reason is that the state_dict._metadata is missed when modifying state_dict
2026-05-27 08:10:54,789 WARNING [load_state_dict_helper.py:114] Node[0] Do not find version in loaded metadata of module bev_decoders.0.decoder.reference_points_add1.0., use the default version 2.
Most common reason is that the state_dict._metadata is missed when modifying state_dict
2026-05-27 08:10:54,789 WARNING [load_state_dict_helper.py:114] Node[0] Do not find version in loaded metadata of module bev_decoders.0.decoder.reference_points_add1.1., use the default version 2.
Most common reason is that the state_dict._metadata is missed when modifying state_dict
2026-05-27 08:10:54,789 WARNING [load_state_dict_helper.py:114] Node[0] Do not find version in loaded metadata of module bev_decoders.0.decoder.reference_points_add1.2., use the default version 2.
Most common reason is that the state_dict._metadata is missed when modifying state_dict
2026-05-27 08:10:54,789 WARNING [load_state_dict_helper.py:114] Node[0] Do not find version in loaded metadata of module bev_decoders.0.decoder.reference_points_add1.3., use the default version 2.
Most common reason is that the state_dict._metadata is missed when modifying state_dict
2026-05-27 08:10:54,789 WARNING [load_state_dict_helper.py:114] Node[0] Do not find version in loaded metadata of module bev_decoders.0.decoder.reference_points_add1.4., use the default version 2.
Most common reason is that the state_dict._metadata is missed when modifying state_dict
2026-05-27 08:10:54,789 WARNING [load_state_dict_helper.py:114] Node[0] Do not find version in loaded metadata of module bev_decoders.0.decoder.reference_points_add1.5., use the default version 2.
Most common reason is that the state_dict._metadata is missed when modifying state_dict
2026-05-27 08:10:54,789 WARNING [load_state_dict_helper.py:114] Node[0] Do not find version in loaded metadata of module bev_decoders.0.decoder.reference_points_add2.0., use the default version 2.
Most common reason is that the state_dict._metadata is missed when modifying state_dict
2026-05-27 08:10:54,789 WARNING [load_state_dict_helper.py:114] Node[0] Do not find version in loaded metadata of module bev_decoders.0.decoder.reference_points_add2.1., use the default version 2.
Most common reason is that the state_dict._metadata is missed when modifying state_dict
2026-05-27 08:10:54,789 WARNING [load_state_dict_helper.py:114] Node[0] Do not find version in loaded metadata of module bev_decoders.0.decoder.reference_points_add2.2., use the default version 2.
Most common reason is that the state_dict._metadata is missed when modifying state_dict
2026-05-27 08:10:54,789 WARNING [load_state_dict_helper.py:114] Node[0] Do not find version in loaded metadata of module bev_decoders.0.decoder.reference_points_add2.3., use the default version 2.
Most common reason is that the state_dict._metadata is missed when modifying state_dict
2026-05-27 08:10:54,789 WARNING [load_state_dict_helper.py:114] Node[0] Do not find version in loaded metadata of module bev_decoders.0.decoder.reference_points_add2.4., use the default version 2.
Most common reason is that the state_dict._metadata is missed when modifying state_dict
2026-05-27 08:10:54,789 WARNING [load_state_dict_helper.py:114] Node[0] Do not find version in loaded metadata of module bev_decoders.0.decoder.reference_points_add2.5., use the default version 2.
Most common reason is that the state_dict._metadata is missed when modifying state_dict
2026-05-27 08:10:54,790 WARNING [load_state_dict_helper.py:114] Node[0] Do not find version in loaded metadata of module bev_decoders.0.decoder.reference_points_cat.0., use the default version 2.
Most common reason is that the state_dict._metadata is missed when modifying state_dict
2026-05-27 08:10:54,790 WARNING [load_state_dict_helper.py:114] Node[0] Do not find version in loaded metadata of module bev_decoders.0.decoder.reference_points_cat.1., use the default version 2.
Most common reason is that the state_dict._metadata is missed when modifying state_dict
2026-05-27 08:10:54,790 WARNING [load_state_dict_helper.py:114] Node[0] Do not find version in loaded metadata of module bev_decoders.0.decoder.reference_points_cat.2., use the default version 2.
Most common reason is that the state_dict._metadata is missed when modifying state_dict
2026-05-27 08:10:54,790 WARNING [load_state_dict_helper.py:114] Node[0] Do not find version in loaded metadata of module bev_decoders.0.decoder.reference_points_cat.3., use the default version 2.
Most common reason is that the state_dict._metadata is missed when modifying state_dict
2026-05-27 08:10:54,790 WARNING [load_state_dict_helper.py:114] Node[0] Do not find version in loaded metadata of module bev_decoders.0.decoder.reference_points_cat.4., use the default version 2.
Most common reason is that the state_dict._metadata is missed when modifying state_dict
2026-05-27 08:10:54,790 WARNING [load_state_dict_helper.py:114] Node[0] Do not find version in loaded metadata of module bev_decoders.0.decoder.reference_points_cat.5., use the default version 2.
Most common reason is that the state_dict._metadata is missed when modifying state_dict
2026-05-27 08:10:54,790 INFO [checkpoint.py:410] Node[0] state_dict in checkpoint num: 421
2026-05-27 08:10:54,793 INFO [checkpoint.py:411] Node[0] state_dict in model num: 739
2026-05-27 08:10:54,793 WARNING [checkpoint.py:412] Node[0] miss_key num: 584
2026-05-27 08:10:54,793 WARNING [checkpoint.py:414] Node[0] miss_key: camera_net.backbone.patch_embed.0.0.weight camera_net.backbone.patch_embed.0.0.bias camera_net.backbone.patch_embed.0.1.weight camera_net.backbone.patch_embed.0.1.bias camera_net.backbone.patch_embed.0.1.running_mean camera_net.backbone.patch_embed.0.1.running_var camera_net.backbone.patch_embed.1.0.weight camera_net.backbone.patch_embed.1.0.bias camera_net.backbone.patch_embed.1.1.weight camera_net.backbone.patch_embed.1.1.bias camera_net.backbone.patch_embed.1.1.running_mean camera_net.backbone.patch_embed.1.1.running_var camera_net.backbone.stages.0.block.0.dwconv.0.weight camera_net.backbone.stages.0.block.0.dwconv.0.bias camera_net.backbone.stages.0.block.0.dwconv.1.weight camera_net.backbone.stages.0.block.0.dwconv.1.bias camera_net.backbone.stages.0.block.0.dwconv.1.running_mean camera_net.backbone.stages.0.block.0.dwconv.1.running_var camera_net.backbone.stages.0.block.0.pwconv1.weight camera_net.backbone.stages.0.block.0.pwconv1.bias camera_net.backbone.stages.0.block.0.pwconv2.weight camera_net.backbone.stages.0.block.0.pwconv2.bias camera_net.backbone.stages.0.block.0.layer_scale.weight camera_net.backbone.stages.0.block.1.dwconv.0.weight camera_net.backbone.stages.0.block.1.dwconv.0.bias camera_net.backbone.stages.0.block.1.dwconv.1.weight camera_net.backbone.stages.0.block.1.dwconv.1.bias camera_net.backbone.stages.0.block.1.dwconv.1.running_mean camera_net.backbone.stages.0.block.1.dwconv.1.running_var camera_net.backbone.stages.0.block.1.pwconv1.weight camera_net.backbone.stages.0.block.1.pwconv1.bias camera_net.backbone.stages.0.block.1.pwconv2.weight camera_net.backbone.stages.0.block.1.pwconv2.bias camera_net.backbone.stages.0.block.1.layer_scale.weight camera_net.backbone.stages.0.block.2.dwconv.0.weight camera_net.backbone.stages.0.block.2.dwconv.0.bias camera_net.backbone.stages.0.block.2.dwconv.1.weight camera_net.backbone.stages.0.block.2.dwconv.1.bias camera_net.backbone.stages.0.block.2.dwconv.1.running_mean camera_net.backbone.stages.0.block.2.dwconv.1.running_var camera_net.backbone.stages.0.block.2.pwconv1.weight camera_net.backbone.stages.0.block.2.pwconv1.bias camera_net.backbone.stages.0.block.2.pwconv2.weight camera_net.backbone.stages.0.block.2.pwconv2.bias camera_net.backbone.stages.0.block.2.layer_scale.weight camera_net.backbone.stages.0.block.3.dwconv.0.weight camera_net.backbone.stages.0.block.3.dwconv.0.bias camera_net.backbone.stages.0.block.3.dwconv.1.weight camera_net.backbone.stages.0.block.3.dwconv.1.bias camera_net.backbone.stages.0.block.3.dwconv.1.running_mean camera_net.backbone.stages.0.block.3.dwconv.1.running_var camera_net.backbone.stages.0.block.3.pwconv1.weight camera_net.backbone.stages.0.block.3.pwconv1.bias camera_net.backbone.stages.0.block.3.pwconv2.weight camera_net.backbone.stages.0.block.3.pwconv2.bias camera_net.backbone.stages.0.block.3.layer_scale.weight camera_net.backbone.stages.1.block.0.dwconv.0.weight camera_net.backbone.stages.1.block.0.dwconv.0.bias camera_net.backbone.stages.1.block.0.dwconv.1.weight camera_net.backbone.stages.1.block.0.dwconv.1.bias camera_net.backbone.stages.1.block.0.dwconv.1.running_mean camera_net.backbone.stages.1.block.0.dwconv.1.running_var camera_net.backbone.stages.1.block.0.pwconv1.weight camera_net.backbone.stages.1.block.0.pwconv1.bias camera_net.backbone.stages.1.block.0.pwconv2.weight camera_net.backbone.stages.1.block.0.pwconv2.bias camera_net.backbone.stages.1.block.0.layer_scale.weight camera_net.backbone.stages.1.block.1.dwconv.0.weight camera_net.backbone.stages.1.block.1.dwconv.0.bias camera_net.backbone.stages.1.block.1.dwconv.1.weight camera_net.backbone.stages.1.block.1.dwconv.1.bias camera_net.backbone.stages.1.block.1.dwconv.1.running_mean camera_net.backbone.stages.1.block.1.dwconv.1.running_var camera_net.backbone.stages.1.block.1.pwconv1.weight camera_net.backbone.stages.1.block.1.pwconv1.bias camera_net.backbone.stages.1.block.1.pwconv2.weight camera_net.backbone.stages.1.block.1.pwconv2.bias camera_net.backbone.stages.1.block.1.layer_scale.weight camera_net.backbone.stages.1.block.2.dwconv.0.weight camera_net.backbone.stages.1.block.2.dwconv.0.bias camera_net.backbone.stages.1.block.2.dwconv.1.weight camera_net.backbone.stages.1.block.2.dwconv.1.bias camera_net.backbone.stages.1.block.2.dwconv.1.running_mean camera_net.backbone.stages.1.block.2.dwconv.1.running_var camera_net.backbone.stages.1.block.2.pwconv1.weight camera_net.backbone.stages.1.block.2.pwconv1.bias camera_net.backbone.stages.1.block.2.pwconv2.weight camera_net.backbone.stages.1.block.2.pwconv2.bias camera_net.backbone.stages.1.block.2.layer_scale.weight camera_net.backbone.stages.2.block.0.dwconv.0.0.weight camera_net.backbone.stages.2.block.0.dwconv.0.0.bias camera_net.backbone.stages.2.block.0.dwconv.0.1.weight camera_net.backbone.stages.2.block.0.dwconv.0.1.bias camera_net.backbone.stages.2.block.0.dwconv.0.1.running_mean camera_net.backbone.stages.2.block.0.dwconv.0.1.running_var camera_net.backbone.stages.2.block.0.pwconv1.0.weight camera_net.backbone.stages.2.block.0.pwconv1.0.bias camera_net.backbone.stages.2.block.0.pwconv2.weight camera_net.backbone.stages.2.block.0.pwconv2.bias camera_net.backbone.stages.2.block.0.layer_scale.weight camera_net.backbone.stages.2.block.1.dwconv.0.0.weight camera_net.backbone.stages.2.block.1.dwconv.0.0.bias camera_net.backbone.stages.2.block.1.dwconv.0.1.weight camera_net.backbone.stages.2.block.1.dwconv.0.1.bias camera_net.backbone.stages.2.block.1.dwconv.0.1.running_mean camera_net.backbone.stages.2.block.1.dwconv.0.1.running_var camera_net.backbone.stages.2.block.1.pwconv1.0.weight camera_net.backbone.stages.2.block.1.pwconv1.0.bias camera_net.backbone.stages.2.block.1.pwconv2.weight camera_net.backbone.stages.2.block.1.pwconv2.bias camera_net.backbone.stages.2.block.1.layer_scale.weight camera_net.backbone.stages.2.block.2.dwconv.0.0.weight camera_net.backbone.stages.2.block.2.dwconv.0.0.bias camera_net.backbone.stages.2.block.2.dwconv.0.1.weight camera_net.backbone.stages.2.block.2.dwconv.0.1.bias camera_net.backbone.stages.2.block.2.dwconv.0.1.running_mean camera_net.backbone.stages.2.block.2.dwconv.0.1.running_var camera_net.backbone.stages.2.block.2.pwconv1.0.weight camera_net.backbone.stages.2.block.2.pwconv1.0.bias camera_net.backbone.stages.2.block.2.pwconv2.weight camera_net.backbone.stages.2.block.2.pwconv2.bias camera_net.backbone.stages.2.block.2.layer_scale.weight camera_net.backbone.stages.2.block.3.dwconv.0.0.weight camera_net.backbone.stages.2.block.3.dwconv.0.0.bias camera_net.backbone.stages.2.block.3.dwconv.0.1.weight camera_net.backbone.stages.2.block.3.dwconv.0.1.bias camera_net.backbone.stages.2.block.3.dwconv.0.1.running_mean camera_net.backbone.stages.2.block.3.dwconv.0.1.running_var camera_net.backbone.stages.2.block.3.pwconv1.0.weight camera_net.backbone.stages.2.block.3.pwconv1.0.bias camera_net.backbone.stages.2.block.3.pwconv2.weight camera_net.backbone.stages.2.block.3.pwconv2.bias camera_net.backbone.stages.2.block.3.layer_scale.weight camera_net.backbone.stages.2.block.4.dwconv.0.0.weight camera_net.backbone.stages.2.block.4.dwconv.0.0.bias camera_net.backbone.stages.2.block.4.dwconv.0.1.weight camera_net.backbone.stages.2.block.4.dwconv.0.1.bias camera_net.backbone.stages.2.block.4.dwconv.0.1.running_mean camera_net.backbone.stages.2.block.4.dwconv.0.1.running_var camera_net.backbone.stages.2.block.4.pwconv1.0.weight camera_net.backbone.stages.2.block.4.pwconv1.0.bias camera_net.backbone.stages.2.block.4.pwconv2.weight camera_net.backbone.stages.2.block.4.pwconv2.bias camera_net.backbone.stages.2.block.4.layer_scale.weight camera_net.backbone.stages.2.block.5.dwconv.0.0.weight camera_net.backbone.stages.2.block.5.dwconv.0.0.bias camera_net.backbone.stages.2.block.5.dwconv.0.1.weight camera_net.backbone.stages.2.block.5.dwconv.0.1.bias camera_net.backbone.stages.2.block.5.dwconv.0.1.running_mean camera_net.backbone.stages.2.block.5.dwconv.0.1.running_var camera_net.backbone.stages.2.block.5.pwconv1.0.weight camera_net.backbone.stages.2.block.5.pwconv1.0.bias camera_net.backbone.stages.2.block.5.pwconv2.weight camera_net.backbone.stages.2.block.5.pwconv2.bias camera_net.backbone.stages.2.block.5.layer_scale.weight camera_net.backbone.stages.2.block.6.dwconv.0.0.weight camera_net.backbone.stages.2.block.6.dwconv.0.0.bias camera_net.backbone.stages.2.block.6.dwconv.0.1.weight camera_net.backbone.stages.2.block.6.dwconv.0.1.bias camera_net.backbone.stages.2.block.6.dwconv.0.1.running_mean camera_net.backbone.stages.2.block.6.dwconv.0.1.running_var camera_net.backbone.stages.2.block.6.pwconv1.0.weight camera_net.backbone.stages.2.block.6.pwconv1.0.bias camera_net.backbone.stages.2.block.6.pwconv2.weight camera_net.backbone.stages.2.block.6.pwconv2.bias camera_net.backbone.stages.2.block.6.layer_scale.weight camera_net.backbone.stages.2.block.7.dwconv.0.0.weight camera_net.backbone.stages.2.block.7.dwconv.0.0.bias camera_net.backbone.stages.2.block.7.dwconv.0.1.weight camera_net.backbone.stages.2.block.7.dwconv.0.1.bias camera_net.backbone.stages.2.block.7.dwconv.0.1.running_mean camera_net.backbone.stages.2.block.7.dwconv.0.1.running_var camera_net.backbone.stages.2.block.7.pwconv1.0.weight camera_net.backbone.stages.2.block.7.pwconv1.0.bias camera_net.backbone.stages.2.block.7.pwconv2.weight camera_net.backbone.stages.2.block.7.pwconv2.bias camera_net.backbone.stages.2.block.7.layer_scale.weight camera_net.backbone.stages.3.block.0.dwconv.0.weight camera_net.backbone.stages.3.block.0.dwconv.0.bias camera_net.backbone.stages.3.block.0.dwconv.1.weight camera_net.backbone.stages.3.block.0.dwconv.1.bias camera_net.backbone.stages.3.block.0.dwconv.1.running_mean camera_net.backbone.stages.3.block.0.dwconv.1.running_var camera_net.backbone.stages.3.block.0.pwconv1.weight camera_net.backbone.stages.3.block.0.pwconv1.bias camera_net.backbone.stages.3.block.0.pwconv2.weight camera_net.backbone.stages.3.block.0.pwconv2.bias camera_net.backbone.stages.3.block.0.layer_scale.weight camera_net.backbone.stages.3.block.1.dwconv.0.weight camera_net.backbone.stages.3.block.1.dwconv.0.bias camera_net.backbone.stages.3.block.1.dwconv.1.weight camera_net.backbone.stages.3.block.1.dwconv.1.bias camera_net.backbone.stages.3.block.1.dwconv.1.running_mean camera_net.backbone.stages.3.block.1.dwconv.1.running_var camera_net.backbone.stages.3.block.1.pwconv1.weight camera_net.backbone.stages.3.block.1.pwconv1.bias camera_net.backbone.stages.3.block.1.pwconv2.weight camera_net.backbone.stages.3.block.1.pwconv2.bias camera_net.backbone.stages.3.block.1.layer_scale.weight camera_net.backbone.stages.3.block.2.dwconv.0.weight camera_net.backbone.stages.3.block.2.dwconv.0.bias camera_net.backbone.stages.3.block.2.dwconv.1.weight camera_net.backbone.stages.3.block.2.dwconv.1.bias camera_net.backbone.stages.3.block.2.dwconv.1.running_mean camera_net.backbone.stages.3.block.2.dwconv.1.running_var camera_net.backbone.stages.3.block.2.pwconv1.weight camera_net.backbone.stages.3.block.2.pwconv1.bias camera_net.backbone.stages.3.block.2.pwconv2.weight camera_net.backbone.stages.3.block.2.pwconv2.bias camera_net.backbone.stages.3.block.2.layer_scale.weight camera_net.backbone.stages.3.block.3.dwconv.0.weight camera_net.backbone.stages.3.block.3.dwconv.0.bias camera_net.backbone.stages.3.block.3.dwconv.1.weight camera_net.backbone.stages.3.block.3.dwconv.1.bias camera_net.backbone.stages.3.block.3.dwconv.1.running_mean camera_net.backbone.stages.3.block.3.dwconv.1.running_var camera_net.backbone.stages.3.block.3.pwconv1.weight camera_net.backbone.stages.3.block.3.pwconv1.bias camera_net.backbone.stages.3.block.3.pwconv2.weight camera_net.backbone.stages.3.block.3.pwconv2.bias camera_net.backbone.stages.3.block.3.layer_scale.weight camera_net.backbone.stages.3.block.4.dwconv.0.weight camera_net.backbone.stages.3.block.4.dwconv.0.bias camera_net.backbone.stages.3.block.4.dwconv.1.weight camera_net.backbone.stages.3.block.4.dwconv.1.bias camera_net.backbone.stages.3.block.4.dwconv.1.running_mean camera_net.backbone.stages.3.block.4.dwconv.1.running_var camera_net.backbone.stages.3.block.4.pwconv1.weight camera_net.backbone.stages.3.block.4.pwconv1.bias camera_net.backbone.stages.3.block.4.pwconv2.weight camera_net.backbone.stages.3.block.4.pwconv2.bias camera_net.backbone.stages.3.block.4.layer_scale.weight camera_net.backbone.stages.3.block.5.dwconv.0.weight camera_net.backbone.stages.3.block.5.dwconv.0.bias camera_net.backbone.stages.3.block.5.dwconv.1.weight camera_net.backbone.stages.3.block.5.dwconv.1.bias camera_net.backbone.stages.3.block.5.dwconv.1.running_mean camera_net.backbone.stages.3.block.5.dwconv.1.running_var camera_net.backbone.stages.3.block.5.pwconv1.weight camera_net.backbone.stages.3.block.5.pwconv1.bias camera_net.backbone.stages.3.block.5.pwconv2.weight camera_net.backbone.stages.3.block.5.pwconv2.bias camera_net.backbone.stages.3.block.5.layer_scale.weight camera_net.backbone.downsample_block.0.proj.0.weight camera_net.backbone.downsample_block.0.proj.0.bias camera_net.backbone.downsample_block.0.proj.1.weight camera_net.backbone.downsample_block.0.proj.1.bias camera_net.backbone.downsample_block.0.proj.1.running_mean camera_net.backbone.downsample_block.0.proj.1.running_var camera_net.backbone.downsample_block.1.proj.0.weight camera_net.backbone.downsample_block.1.proj.0.bias camera_net.backbone.downsample_block.1.proj.1.weight camera_net.backbone.downsample_block.1.proj.1.bias camera_net.backbone.downsample_block.1.proj.1.running_mean camera_net.backbone.downsample_block.1.proj.1.running_var camera_net.backbone.downsample_block.2.proj.0.weight camera_net.backbone.downsample_block.2.proj.0.bias camera_net.backbone.downsample_block.2.proj.1.weight camera_net.backbone.downsample_block.2.proj.1.bias camera_net.backbone.downsample_block.2.proj.1.running_mean camera_net.backbone.downsample_block.2.proj.1.running_var camera_net.backbone.norm.weight camera_net.backbone.norm.bias camera_net.backbone.norm.running_mean camera_net.backbone.norm.running_var camera_net.backbone.feature_mix_layer.0.weight camera_net.backbone.feature_mix_layer.1.weight camera_net.backbone.feature_mix_layer.1.bias camera_net.backbone.feature_mix_layer.1.running_mean camera_net.backbone.feature_mix_layer.1.running_var camera_net.backbone.stage_norm.0.weight camera_net.backbone.stage_norm.0.bias camera_net.backbone.stage_norm.0.running_mean camera_net.backbone.stage_norm.0.running_var camera_net.backbone.stage_norm.1.weight camera_net.backbone.stage_norm.1.bias camera_net.backbone.stage_norm.1.running_mean camera_net.backbone.stage_norm.1.running_var camera_net.backbone.stage_norm.2.weight camera_net.backbone.stage_norm.2.bias camera_net.backbone.stage_norm.2.running_mean camera_net.backbone.stage_norm.2.running_var camera_net.backbone.stage_norm.3.weight camera_net.backbone.stage_norm.3.bias camera_net.backbone.stage_norm.3.running_mean camera_net.backbone.stage_norm.3.running_var camera_net.neck.conv_extract.0.0.weight camera_net.neck.conv_extract.0.0.bias camera_net.neck.conv_extract.0.1.weight camera_net.neck.conv_extract.0.1.bias camera_net.neck.conv_extract.0.1.running_mean camera_net.neck.conv_extract.0.1.running_var camera_net.view_transformer.encoder.level_embeds camera_net.view_transformer.encoder.cams_embeds camera_net.view_transformer.encoder.layers.0.sa.sampling_offsets.weight camera_net.view_transformer.encoder.layers.0.sa.sampling_offsets.bias camera_net.view_transformer.encoder.layers.0.sa.attention_weights.weight camera_net.view_transformer.encoder.layers.0.sa.attention_weights.bias camera_net.view_transformer.encoder.layers.0.sa.reduce_sum.weight camera_net.view_transformer.encoder.layers.0.sa.value_proj.weight camera_net.view_transformer.encoder.layers.0.sa.value_proj.bias camera_net.view_transformer.encoder.layers.0.sa.output_proj.weight camera_net.view_transformer.encoder.layers.0.sa.output_proj.bias camera_net.view_transformer.encoder.layers.0.sa_norm.weight camera_net.view_transformer.encoder.layers.0.sa_norm.bias camera_net.view_transformer.encoder.layers.0.ca.deformable_attention.sampling_offsets.weight camera_net.view_transformer.encoder.layers.0.ca.deformable_attention.sampling_offsets.bias camera_net.view_transformer.encoder.layers.0.ca.deformable_attention.attention_weights.weight camera_net.view_transformer.encoder.layers.0.ca.deformable_attention.attention_weights.bias camera_net.view_transformer.encoder.layers.0.ca.deformable_attention.reduce_sum.weight camera_net.view_transformer.encoder.layers.0.ca.deformable_attention.value_proj.weight camera_net.view_transformer.encoder.layers.0.ca.deformable_attention.value_proj.bias camera_net.view_transformer.encoder.layers.0.ca.output_proj.weight camera_net.view_transformer.encoder.layers.0.ca.output_proj.bias camera_net.view_transformer.encoder.layers.0.ca.query_reduce_sum.weight camera_net.view_transformer.encoder.layers.0.ca_norm.weight camera_net.view_transformer.encoder.layers.0.ca_norm.bias camera_net.view_transformer.encoder.layers.0.ffn.ffn1.weight camera_net.view_transformer.encoder.layers.0.ffn.ffn1.bias camera_net.view_transformer.encoder.layers.0.ffn.ffn2.weight camera_net.view_transformer.encoder.layers.0.ffn.ffn2.bias camera_net.view_transformer.encoder.layers.0.ffn_norm.weight camera_net.view_transformer.encoder.layers.0.ffn_norm.bias camera_net.view_transformer.positional_encoding.row_embed.weight camera_net.view_transformer.positional_encoding.col_embed.weight camera_net.view_transformer.bev_embedding.weight fuse_module.reduce_conv.0.weight fuse_module.reduce_conv.0.bias fuse_module.reduce_conv.1.weight fuse_module.reduce_conv.1.bias fuse_module.reduce_conv.1.running_mean fuse_module.reduce_conv.1.running_var fuse_module.conv2.0.weight fuse_module.conv2.0.bias fuse_module.conv2.1.weight fuse_module.conv2.1.bias fuse_module.conv2.1.running_mean fuse_module.conv2.1.running_var fuse_module.seblock.att.1.weight fuse_module.seblock.att.1.bias bev_decoders.0.decoder.layers.0.sa.in_proj_weight bev_decoders.0.decoder.layers.0.sa.in_proj_bias bev_decoders.0.decoder.layers.0.sa.out_proj.weight bev_decoders.0.decoder.layers.0.sa.out_proj.bias bev_decoders.0.decoder.layers.0.sa_norm.weight bev_decoders.0.decoder.layers.0.sa_norm.bias bev_decoders.0.decoder.layers.0.ca.sampling_offsets.weight bev_decoders.0.decoder.layers.0.ca.sampling_offsets.bias bev_decoders.0.decoder.layers.0.ca.attention_weights.weight bev_decoders.0.decoder.layers.0.ca.attention_weights.bias bev_decoders.0.decoder.layers.0.ca.reduce_sum.weight bev_decoders.0.decoder.layers.0.ca.value_proj.weight bev_decoders.0.decoder.layers.0.ca.value_proj.bias bev_decoders.0.decoder.layers.0.ca.output_proj.weight bev_decoders.0.decoder.layers.0.ca.output_proj.bias bev_decoders.0.decoder.layers.0.ca_norm.weight bev_decoders.0.decoder.layers.0.ca_norm.bias bev_decoders.0.decoder.layers.0.ffn.ffn1.weight bev_decoders.0.decoder.layers.0.ffn.ffn1.bias bev_decoders.0.decoder.layers.0.ffn.ffn2.weight bev_decoders.0.decoder.layers.0.ffn.ffn2.bias bev_decoders.0.decoder.layers.0.ffn_norm.weight bev_decoders.0.decoder.layers.0.ffn_norm.bias bev_decoders.0.decoder.layers.1.sa.in_proj_weight bev_decoders.0.decoder.layers.1.sa.in_proj_bias bev_decoders.0.decoder.layers.1.sa.out_proj.weight bev_decoders.0.decoder.layers.1.sa.out_proj.bias bev_decoders.0.decoder.layers.1.sa_norm.weight bev_decoders.0.decoder.layers.1.sa_norm.bias bev_decoders.0.decoder.layers.1.ca.sampling_offsets.weight bev_decoders.0.decoder.layers.1.ca.sampling_offsets.bias bev_decoders.0.decoder.layers.1.ca.attention_weights.weight bev_decoders.0.decoder.layers.1.ca.attention_weights.bias bev_decoders.0.decoder.layers.1.ca.reduce_sum.weight bev_decoders.0.decoder.layers.1.ca.value_proj.weight bev_decoders.0.decoder.layers.1.ca.value_proj.bias bev_decoders.0.decoder.layers.1.ca.output_proj.weight bev_decoders.0.decoder.layers.1.ca.output_proj.bias bev_decoders.0.decoder.layers.1.ca_norm.weight bev_decoders.0.decoder.layers.1.ca_norm.bias bev_decoders.0.decoder.layers.1.ffn.ffn1.weight bev_decoders.0.decoder.layers.1.ffn.ffn1.bias bev_decoders.0.decoder.layers.1.ffn.ffn2.weight bev_decoders.0.decoder.layers.1.ffn.ffn2.bias bev_decoders.0.decoder.layers.1.ffn_norm.weight bev_decoders.0.decoder.layers.1.ffn_norm.bias bev_decoders.0.decoder.layers.2.sa.in_proj_weight bev_decoders.0.decoder.layers.2.sa.in_proj_bias bev_decoders.0.decoder.layers.2.sa.out_proj.weight bev_decoders.0.decoder.layers.2.sa.out_proj.bias bev_decoders.0.decoder.layers.2.sa_norm.weight bev_decoders.0.decoder.layers.2.sa_norm.bias bev_decoders.0.decoder.layers.2.ca.sampling_offsets.weight bev_decoders.0.decoder.layers.2.ca.sampling_offsets.bias bev_decoders.0.decoder.layers.2.ca.attention_weights.weight bev_decoders.0.decoder.layers.2.ca.attention_weights.bias bev_decoders.0.decoder.layers.2.ca.reduce_sum.weight bev_decoders.0.decoder.layers.2.ca.value_proj.weight bev_decoders.0.decoder.layers.2.ca.value_proj.bias bev_decoders.0.decoder.layers.2.ca.output_proj.weight bev_decoders.0.decoder.layers.2.ca.output_proj.bias bev_decoders.0.decoder.layers.2.ca_norm.weight bev_decoders.0.decoder.layers.2.ca_norm.bias bev_decoders.0.decoder.layers.2.ffn.ffn1.weight bev_decoders.0.decoder.layers.2.ffn.ffn1.bias bev_decoders.0.decoder.layers.2.ffn.ffn2.weight bev_decoders.0.decoder.layers.2.ffn.ffn2.bias bev_decoders.0.decoder.layers.2.ffn_norm.weight bev_decoders.0.decoder.layers.2.ffn_norm.bias bev_decoders.0.decoder.layers.3.sa.in_proj_weight bev_decoders.0.decoder.layers.3.sa.in_proj_bias bev_decoders.0.decoder.layers.3.sa.out_proj.weight bev_decoders.0.decoder.layers.3.sa.out_proj.bias bev_decoders.0.decoder.layers.3.sa_norm.weight bev_decoders.0.decoder.layers.3.sa_norm.bias bev_decoders.0.decoder.layers.3.ca.sampling_offsets.weight bev_decoders.0.decoder.layers.3.ca.sampling_offsets.bias bev_decoders.0.decoder.layers.3.ca.attention_weights.weight bev_decoders.0.decoder.layers.3.ca.attention_weights.bias bev_decoders.0.decoder.layers.3.ca.reduce_sum.weight bev_decoders.0.decoder.layers.3.ca.value_proj.weight bev_decoders.0.decoder.layers.3.ca.value_proj.bias bev_decoders.0.decoder.layers.3.ca.output_proj.weight bev_decoders.0.decoder.layers.3.ca.output_proj.bias bev_decoders.0.decoder.layers.3.ca_norm.weight bev_decoders.0.decoder.layers.3.ca_norm.bias bev_decoders.0.decoder.layers.3.ffn.ffn1.weight bev_decoders.0.decoder.layers.3.ffn.ffn1.bias bev_decoders.0.decoder.layers.3.ffn.ffn2.weight bev_decoders.0.decoder.layers.3.ffn.ffn2.bias bev_decoders.0.decoder.layers.3.ffn_norm.weight bev_decoders.0.decoder.layers.3.ffn_norm.bias bev_decoders.0.decoder.layers.4.sa.in_proj_weight bev_decoders.0.decoder.layers.4.sa.in_proj_bias bev_decoders.0.decoder.layers.4.sa.out_proj.weight bev_decoders.0.decoder.layers.4.sa.out_proj.bias bev_decoders.0.decoder.layers.4.sa_norm.weight bev_decoders.0.decoder.layers.4.sa_norm.bias bev_decoders.0.decoder.layers.4.ca.sampling_offsets.weight bev_decoders.0.decoder.layers.4.ca.sampling_offsets.bias bev_decoders.0.decoder.layers.4.ca.attention_weights.weight bev_decoders.0.decoder.layers.4.ca.attention_weights.bias bev_decoders.0.decoder.layers.4.ca.reduce_sum.weight bev_decoders.0.decoder.layers.4.ca.value_proj.weight bev_decoders.0.decoder.layers.4.ca.value_proj.bias bev_decoders.0.decoder.layers.4.ca.output_proj.weight bev_decoders.0.decoder.layers.4.ca.output_proj.bias bev_decoders.0.decoder.layers.4.ca_norm.weight bev_decoders.0.decoder.layers.4.ca_norm.bias bev_decoders.0.decoder.layers.4.ffn.ffn1.weight bev_decoders.0.decoder.layers.4.ffn.ffn1.bias bev_decoders.0.decoder.layers.4.ffn.ffn2.weight bev_decoders.0.decoder.layers.4.ffn.ffn2.bias bev_decoders.0.decoder.layers.4.ffn_norm.weight bev_decoders.0.decoder.layers.4.ffn_norm.bias bev_decoders.0.decoder.layers.5.sa.in_proj_weight bev_decoders.0.decoder.layers.5.sa.in_proj_bias bev_decoders.0.decoder.layers.5.sa.out_proj.weight bev_decoders.0.decoder.layers.5.sa.out_proj.bias bev_decoders.0.decoder.layers.5.sa_norm.weight bev_decoders.0.decoder.layers.5.sa_norm.bias bev_decoders.0.decoder.layers.5.ca.sampling_offsets.weight bev_decoders.0.decoder.layers.5.ca.sampling_offsets.bias bev_decoders.0.decoder.layers.5.ca.attention_weights.weight bev_decoders.0.decoder.layers.5.ca.attention_weights.bias bev_decoders.0.decoder.layers.5.ca.reduce_sum.weight bev_decoders.0.decoder.layers.5.ca.value_proj.weight bev_decoders.0.decoder.layers.5.ca.value_proj.bias bev_decoders.0.decoder.layers.5.ca.output_proj.weight bev_decoders.0.decoder.layers.5.ca.output_proj.bias bev_decoders.0.decoder.layers.5.ca_norm.weight bev_decoders.0.decoder.layers.5.ca_norm.bias bev_decoders.0.decoder.layers.5.ffn.ffn1.weight bev_decoders.0.decoder.layers.5.ffn.ffn1.bias bev_decoders.0.decoder.layers.5.ffn.ffn2.weight bev_decoders.0.decoder.layers.5.ffn.ffn2.bias bev_decoders.0.decoder.layers.5.ffn_norm.weight bev_decoders.0.decoder.layers.5.ffn_norm.bias bev_decoders.0.criterion.code_weights bev_decoders.0.cls_branches.0.0.weight bev_decoders.0.cls_branches.0.0.bias bev_decoders.0.cls_branches.0.1.weight bev_decoders.0.cls_branches.0.1.bias bev_decoders.0.cls_branches.0.3.weight bev_decoders.0.cls_branches.0.3.bias bev_decoders.0.cls_branches.0.4.weight bev_decoders.0.cls_branches.0.4.bias bev_decoders.0.cls_branches.0.6.weight bev_decoders.0.cls_branches.0.6.bias bev_decoders.0.cls_branches.1.0.weight bev_decoders.0.cls_branches.1.0.bias bev_decoders.0.cls_branches.1.1.weight bev_decoders.0.cls_branches.1.1.bias bev_decoders.0.cls_branches.1.3.weight bev_decoders.0.cls_branches.1.3.bias bev_decoders.0.cls_branches.1.4.weight bev_decoders.0.cls_branches.1.4.bias bev_decoders.0.cls_branches.1.6.weight bev_decoders.0.cls_branches.1.6.bias bev_decoders.0.cls_branches.2.0.weight bev_decoders.0.cls_branches.2.0.bias bev_decoders.0.cls_branches.2.1.weight bev_decoders.0.cls_branches.2.1.bias bev_decoders.0.cls_branches.2.3.weight bev_decoders.0.cls_branches.2.3.bias bev_decoders.0.cls_branches.2.4.weight bev_decoders.0.cls_branches.2.4.bias bev_decoders.0.cls_branches.2.6.weight bev_decoders.0.cls_branches.2.6.bias bev_decoders.0.cls_branches.3.0.weight bev_decoders.0.cls_branches.3.0.bias bev_decoders.0.cls_branches.3.1.weight bev_decoders.0.cls_branches.3.1.bias bev_decoders.0.cls_branches.3.3.weight bev_decoders.0.cls_branches.3.3.bias bev_decoders.0.cls_branches.3.4.weight bev_decoders.0.cls_branches.3.4.bias bev_decoders.0.cls_branches.3.6.weight bev_decoders.0.cls_branches.3.6.bias bev_decoders.0.cls_branches.4.0.weight bev_decoders.0.cls_branches.4.0.bias bev_decoders.0.cls_branches.4.1.weight bev_decoders.0.cls_branches.4.1.bias bev_decoders.0.cls_branches.4.3.weight bev_decoders.0.cls_branches.4.3.bias bev_decoders.0.cls_branches.4.4.weight bev_decoders.0.cls_branches.4.4.bias bev_decoders.0.cls_branches.4.6.weight bev_decoders.0.cls_branches.4.6.bias bev_decoders.0.cls_branches.5.0.weight bev_decoders.0.cls_branches.5.0.bias bev_decoders.0.cls_branches.5.1.weight bev_decoders.0.cls_branches.5.1.bias bev_decoders.0.cls_branches.5.3.weight bev_decoders.0.cls_branches.5.3.bias bev_decoders.0.cls_branches.5.4.weight bev_decoders.0.cls_branches.5.4.bias bev_decoders.0.cls_branches.5.6.weight bev_decoders.0.cls_branches.5.6.bias bev_decoders.0.reg_branches.0.0.weight bev_decoders.0.reg_branches.0.0.bias bev_decoders.0.reg_branches.0.2.weight bev_decoders.0.reg_branches.0.2.bias bev_decoders.0.reg_branches.0.4.weight bev_decoders.0.reg_branches.0.4.bias bev_decoders.0.reg_branches.1.0.weight bev_decoders.0.reg_branches.1.0.bias bev_decoders.0.reg_branches.1.2.weight bev_decoders.0.reg_branches.1.2.bias bev_decoders.0.reg_branches.1.4.weight bev_decoders.0.reg_branches.1.4.bias bev_decoders.0.reg_branches.2.0.weight bev_decoders.0.reg_branches.2.0.bias bev_decoders.0.reg_branches.2.2.weight bev_decoders.0.reg_branches.2.2.bias bev_decoders.0.reg_branches.2.4.weight bev_decoders.0.reg_branches.2.4.bias bev_decoders.0.reg_branches.3.0.weight bev_decoders.0.reg_branches.3.0.bias bev_decoders.0.reg_branches.3.2.weight bev_decoders.0.reg_branches.3.2.bias bev_decoders.0.reg_branches.3.4.weight bev_decoders.0.reg_branches.3.4.bias bev_decoders.0.reg_branches.4.0.weight bev_decoders.0.reg_branches.4.0.bias bev_decoders.0.reg_branches.4.2.weight bev_decoders.0.reg_branches.4.2.bias bev_decoders.0.reg_branches.4.4.weight bev_decoders.0.reg_branches.4.4.bias bev_decoders.0.reg_branches.5.0.weight bev_decoders.0.reg_branches.5.0.bias bev_decoders.0.reg_branches.5.2.weight bev_decoders.0.reg_branches.5.2.bias bev_decoders.0.reg_branches.5.4.weight bev_decoders.0.reg_branches.5.4.bias bev_decoders.0.reference_points.weight bev_decoders.0.reference_points.bias bev_decoders.0.query_embedding.weight bev_decoders.1.occ_head.final_conv.0.weight bev_decoders.1.occ_head.final_conv.0.bias bev_decoders.1.occ_head.predicter.0.weight bev_decoders.1.occ_head.predicter.0.bias bev_decoders.1.occ_head.predicter.2.weight bev_decoders.1.occ_head.predicter.2.bias
2026-05-27 08:10:54,794 WARNING [checkpoint.py:415] Node[0] unexpect_key num: 301
2026-05-27 08:10:54,794 WARNING [checkpoint.py:417] Node[0] unexpect_key: lidar_net.head.shared_conv.0.0.weight lidar_net.head.shared_conv.0.0.bias lidar_net.head.shared_conv.0.1.weight lidar_net.head.shared_conv.0.1.bias lidar_net.head.shared_conv.0.1.running_mean lidar_net.head.shared_conv.0.1.running_var lidar_net.head.shared_conv.0.1.num_batches_tracked lidar_net.head.task_heads.0.reg.0.0.weight lidar_net.head.task_heads.0.reg.0.0.bias lidar_net.head.task_heads.0.reg.0.1.weight lidar_net.head.task_heads.0.reg.0.1.bias lidar_net.head.task_heads.0.reg.0.1.running_mean lidar_net.head.task_heads.0.reg.0.1.running_var lidar_net.head.task_heads.0.reg.0.1.num_batches_tracked lidar_net.head.task_heads.0.reg.1.0.weight lidar_net.head.task_heads.0.height.0.0.weight lidar_net.head.task_heads.0.height.0.0.bias lidar_net.head.task_heads.0.height.0.1.weight lidar_net.head.task_heads.0.height.0.1.bias lidar_net.head.task_heads.0.height.0.1.running_mean lidar_net.head.task_heads.0.height.0.1.running_var lidar_net.head.task_heads.0.height.0.1.num_batches_tracked lidar_net.head.task_heads.0.height.1.0.weight lidar_net.head.task_heads.0.dim.0.0.weight lidar_net.head.task_heads.0.dim.0.0.bias lidar_net.head.task_heads.0.dim.0.1.weight lidar_net.head.task_heads.0.dim.0.1.bias lidar_net.head.task_heads.0.dim.0.1.running_mean lidar_net.head.task_heads.0.dim.0.1.running_var lidar_net.head.task_heads.0.dim.0.1.num_batches_tracked lidar_net.head.task_heads.0.dim.1.0.weight lidar_net.head.task_heads.0.rot.0.0.weight lidar_net.head.task_heads.0.rot.0.0.bias lidar_net.head.task_heads.0.rot.0.1.weight lidar_net.head.task_heads.0.rot.0.1.bias lidar_net.head.task_heads.0.rot.0.1.running_mean lidar_net.head.task_heads.0.rot.0.1.running_var lidar_net.head.task_heads.0.rot.0.1.num_batches_tracked lidar_net.head.task_heads.0.rot.1.0.weight lidar_net.head.task_heads.0.vel.0.0.weight lidar_net.head.task_heads.0.vel.0.0.bias lidar_net.head.task_heads.0.vel.0.1.weight lidar_net.head.task_heads.0.vel.0.1.bias lidar_net.head.task_heads.0.vel.0.1.running_mean lidar_net.head.task_heads.0.vel.0.1.running_var lidar_net.head.task_heads.0.vel.0.1.num_batches_tracked lidar_net.head.task_heads.0.vel.1.0.weight lidar_net.head.task_heads.0.heatmap.0.0.weight lidar_net.head.task_heads.0.heatmap.0.0.bias lidar_net.head.task_heads.0.heatmap.0.1.weight lidar_net.head.task_heads.0.heatmap.0.1.bias lidar_net.head.task_heads.0.heatmap.0.1.running_mean lidar_net.head.task_heads.0.heatmap.0.1.running_var lidar_net.head.task_heads.0.heatmap.0.1.num_batches_tracked lidar_net.head.task_heads.0.heatmap.1.0.weight lidar_net.head.task_heads.0.heatmap.1.0.bias lidar_net.head.task_heads.1.reg.0.0.weight lidar_net.head.task_heads.1.reg.0.0.bias lidar_net.head.task_heads.1.reg.0.1.weight lidar_net.head.task_heads.1.reg.0.1.bias lidar_net.head.task_heads.1.reg.0.1.running_mean lidar_net.head.task_heads.1.reg.0.1.running_var lidar_net.head.task_heads.1.reg.0.1.num_batches_tracked lidar_net.head.task_heads.1.reg.1.0.weight lidar_net.head.task_heads.1.height.0.0.weight lidar_net.head.task_heads.1.height.0.0.bias lidar_net.head.task_heads.1.height.0.1.weight lidar_net.head.task_heads.1.height.0.1.bias lidar_net.head.task_heads.1.height.0.1.running_mean lidar_net.head.task_heads.1.height.0.1.running_var lidar_net.head.task_heads.1.height.0.1.num_batches_tracked lidar_net.head.task_heads.1.height.1.0.weight lidar_net.head.task_heads.1.dim.0.0.weight lidar_net.head.task_heads.1.dim.0.0.bias lidar_net.head.task_heads.1.dim.0.1.weight lidar_net.head.task_heads.1.dim.0.1.bias lidar_net.head.task_heads.1.dim.0.1.running_mean lidar_net.head.task_heads.1.dim.0.1.running_var lidar_net.head.task_heads.1.dim.0.1.num_batches_tracked lidar_net.head.task_heads.1.dim.1.0.weight lidar_net.head.task_heads.1.rot.0.0.weight lidar_net.head.task_heads.1.rot.0.0.bias lidar_net.head.task_heads.1.rot.0.1.weight lidar_net.head.task_heads.1.rot.0.1.bias lidar_net.head.task_heads.1.rot.0.1.running_mean lidar_net.head.task_heads.1.rot.0.1.running_var lidar_net.head.task_heads.1.rot.0.1.num_batches_tracked lidar_net.head.task_heads.1.rot.1.0.weight lidar_net.head.task_heads.1.vel.0.0.weight lidar_net.head.task_heads.1.vel.0.0.bias lidar_net.head.task_heads.1.vel.0.1.weight lidar_net.head.task_heads.1.vel.0.1.bias lidar_net.head.task_heads.1.vel.0.1.running_mean lidar_net.head.task_heads.1.vel.0.1.running_var lidar_net.head.task_heads.1.vel.0.1.num_batches_tracked lidar_net.head.task_heads.1.vel.1.0.weight lidar_net.head.task_heads.1.heatmap.0.0.weight lidar_net.head.task_heads.1.heatmap.0.0.bias lidar_net.head.task_heads.1.heatmap.0.1.weight lidar_net.head.task_heads.1.heatmap.0.1.bias lidar_net.head.task_heads.1.heatmap.0.1.running_mean lidar_net.head.task_heads.1.heatmap.0.1.running_var lidar_net.head.task_heads.1.heatmap.0.1.num_batches_tracked lidar_net.head.task_heads.1.heatmap.1.0.weight lidar_net.head.task_heads.1.heatmap.1.0.bias lidar_net.head.task_heads.2.reg.0.0.weight lidar_net.head.task_heads.2.reg.0.0.bias lidar_net.head.task_heads.2.reg.0.1.weight lidar_net.head.task_heads.2.reg.0.1.bias lidar_net.head.task_heads.2.reg.0.1.running_mean lidar_net.head.task_heads.2.reg.0.1.running_var lidar_net.head.task_heads.2.reg.0.1.num_batches_tracked lidar_net.head.task_heads.2.reg.1.0.weight lidar_net.head.task_heads.2.height.0.0.weight lidar_net.head.task_heads.2.height.0.0.bias lidar_net.head.task_heads.2.height.0.1.weight lidar_net.head.task_heads.2.height.0.1.bias lidar_net.head.task_heads.2.height.0.1.running_mean lidar_net.head.task_heads.2.height.0.1.running_var lidar_net.head.task_heads.2.height.0.1.num_batches_tracked lidar_net.head.task_heads.2.height.1.0.weight lidar_net.head.task_heads.2.dim.0.0.weight lidar_net.head.task_heads.2.dim.0.0.bias lidar_net.head.task_heads.2.dim.0.1.weight lidar_net.head.task_heads.2.dim.0.1.bias lidar_net.head.task_heads.2.dim.0.1.running_mean lidar_net.head.task_heads.2.dim.0.1.running_var lidar_net.head.task_heads.2.dim.0.1.num_batches_tracked lidar_net.head.task_heads.2.dim.1.0.weight lidar_net.head.task_heads.2.rot.0.0.weight lidar_net.head.task_heads.2.rot.0.0.bias lidar_net.head.task_heads.2.rot.0.1.weight lidar_net.head.task_heads.2.rot.0.1.bias lidar_net.head.task_heads.2.rot.0.1.running_mean lidar_net.head.task_heads.2.rot.0.1.running_var lidar_net.head.task_heads.2.rot.0.1.num_batches_tracked lidar_net.head.task_heads.2.rot.1.0.weight lidar_net.head.task_heads.2.vel.0.0.weight lidar_net.head.task_heads.2.vel.0.0.bias lidar_net.head.task_heads.2.vel.0.1.weight lidar_net.head.task_heads.2.vel.0.1.bias lidar_net.head.task_heads.2.vel.0.1.running_mean lidar_net.head.task_heads.2.vel.0.1.running_var lidar_net.head.task_heads.2.vel.0.1.num_batches_tracked lidar_net.head.task_heads.2.vel.1.0.weight lidar_net.head.task_heads.2.heatmap.0.0.weight lidar_net.head.task_heads.2.heatmap.0.0.bias lidar_net.head.task_heads.2.heatmap.0.1.weight lidar_net.head.task_heads.2.heatmap.0.1.bias lidar_net.head.task_heads.2.heatmap.0.1.running_mean lidar_net.head.task_heads.2.heatmap.0.1.running_var lidar_net.head.task_heads.2.heatmap.0.1.num_batches_tracked lidar_net.head.task_heads.2.heatmap.1.0.weight lidar_net.head.task_heads.2.heatmap.1.0.bias lidar_net.head.task_heads.3.reg.0.0.weight lidar_net.head.task_heads.3.reg.0.0.bias lidar_net.head.task_heads.3.reg.0.1.weight lidar_net.head.task_heads.3.reg.0.1.bias lidar_net.head.task_heads.3.reg.0.1.running_mean lidar_net.head.task_heads.3.reg.0.1.running_var lidar_net.head.task_heads.3.reg.0.1.num_batches_tracked lidar_net.head.task_heads.3.reg.1.0.weight lidar_net.head.task_heads.3.height.0.0.weight lidar_net.head.task_heads.3.height.0.0.bias lidar_net.head.task_heads.3.height.0.1.weight lidar_net.head.task_heads.3.height.0.1.bias lidar_net.head.task_heads.3.height.0.1.running_mean lidar_net.head.task_heads.3.height.0.1.running_var lidar_net.head.task_heads.3.height.0.1.num_batches_tracked lidar_net.head.task_heads.3.height.1.0.weight lidar_net.head.task_heads.3.dim.0.0.weight lidar_net.head.task_heads.3.dim.0.0.bias lidar_net.head.task_heads.3.dim.0.1.weight lidar_net.head.task_heads.3.dim.0.1.bias lidar_net.head.task_heads.3.dim.0.1.running_mean lidar_net.head.task_heads.3.dim.0.1.running_var lidar_net.head.task_heads.3.dim.0.1.num_batches_tracked lidar_net.head.task_heads.3.dim.1.0.weight lidar_net.head.task_heads.3.rot.0.0.weight lidar_net.head.task_heads.3.rot.0.0.bias lidar_net.head.task_heads.3.rot.0.1.weight lidar_net.head.task_heads.3.rot.0.1.bias lidar_net.head.task_heads.3.rot.0.1.running_mean lidar_net.head.task_heads.3.rot.0.1.running_var lidar_net.head.task_heads.3.rot.0.1.num_batches_tracked lidar_net.head.task_heads.3.rot.1.0.weight lidar_net.head.task_heads.3.vel.0.0.weight lidar_net.head.task_heads.3.vel.0.0.bias lidar_net.head.task_heads.3.vel.0.1.weight lidar_net.head.task_heads.3.vel.0.1.bias lidar_net.head.task_heads.3.vel.0.1.running_mean lidar_net.head.task_heads.3.vel.0.1.running_var lidar_net.head.task_heads.3.vel.0.1.num_batches_tracked lidar_net.head.task_heads.3.vel.1.0.weight lidar_net.head.task_heads.3.heatmap.0.0.weight lidar_net.head.task_heads.3.heatmap.0.0.bias lidar_net.head.task_heads.3.heatmap.0.1.weight lidar_net.head.task_heads.3.heatmap.0.1.bias lidar_net.head.task_heads.3.heatmap.0.1.running_mean lidar_net.head.task_heads.3.heatmap.0.1.running_var lidar_net.head.task_heads.3.heatmap.0.1.num_batches_tracked lidar_net.head.task_heads.3.heatmap.1.0.weight lidar_net.head.task_heads.3.heatmap.1.0.bias lidar_net.head.task_heads.4.reg.0.0.weight lidar_net.head.task_heads.4.reg.0.0.bias lidar_net.head.task_heads.4.reg.0.1.weight lidar_net.head.task_heads.4.reg.0.1.bias lidar_net.head.task_heads.4.reg.0.1.running_mean lidar_net.head.task_heads.4.reg.0.1.running_var lidar_net.head.task_heads.4.reg.0.1.num_batches_tracked lidar_net.head.task_heads.4.reg.1.0.weight lidar_net.head.task_heads.4.height.0.0.weight lidar_net.head.task_heads.4.height.0.0.bias lidar_net.head.task_heads.4.height.0.1.weight lidar_net.head.task_heads.4.height.0.1.bias lidar_net.head.task_heads.4.height.0.1.running_mean lidar_net.head.task_heads.4.height.0.1.running_var lidar_net.head.task_heads.4.height.0.1.num_batches_tracked lidar_net.head.task_heads.4.height.1.0.weight lidar_net.head.task_heads.4.dim.0.0.weight lidar_net.head.task_heads.4.dim.0.0.bias lidar_net.head.task_heads.4.dim.0.1.weight lidar_net.head.task_heads.4.dim.0.1.bias lidar_net.head.task_heads.4.dim.0.1.running_mean lidar_net.head.task_heads.4.dim.0.1.running_var lidar_net.head.task_heads.4.dim.0.1.num_batches_tracked lidar_net.head.task_heads.4.dim.1.0.weight lidar_net.head.task_heads.4.rot.0.0.weight lidar_net.head.task_heads.4.rot.0.0.bias lidar_net.head.task_heads.4.rot.0.1.weight lidar_net.head.task_heads.4.rot.0.1.bias lidar_net.head.task_heads.4.rot.0.1.running_mean lidar_net.head.task_heads.4.rot.0.1.running_var lidar_net.head.task_heads.4.rot.0.1.num_batches_tracked lidar_net.head.task_heads.4.rot.1.0.weight lidar_net.head.task_heads.4.vel.0.0.weight lidar_net.head.task_heads.4.vel.0.0.bias lidar_net.head.task_heads.4.vel.0.1.weight lidar_net.head.task_heads.4.vel.0.1.bias lidar_net.head.task_heads.4.vel.0.1.running_mean lidar_net.head.task_heads.4.vel.0.1.running_var lidar_net.head.task_heads.4.vel.0.1.num_batches_tracked lidar_net.head.task_heads.4.vel.1.0.weight lidar_net.head.task_heads.4.heatmap.0.0.weight lidar_net.head.task_heads.4.heatmap.0.0.bias lidar_net.head.task_heads.4.heatmap.0.1.weight lidar_net.head.task_heads.4.heatmap.0.1.bias lidar_net.head.task_heads.4.heatmap.0.1.running_mean lidar_net.head.task_heads.4.heatmap.0.1.running_var lidar_net.head.task_heads.4.heatmap.0.1.num_batches_tracked lidar_net.head.task_heads.4.heatmap.1.0.weight lidar_net.head.task_heads.4.heatmap.1.0.bias lidar_net.head.task_heads.5.reg.0.0.weight lidar_net.head.task_heads.5.reg.0.0.bias lidar_net.head.task_heads.5.reg.0.1.weight lidar_net.head.task_heads.5.reg.0.1.bias lidar_net.head.task_heads.5.reg.0.1.running_mean lidar_net.head.task_heads.5.reg.0.1.running_var lidar_net.head.task_heads.5.reg.0.1.num_batches_tracked lidar_net.head.task_heads.5.reg.1.0.weight lidar_net.head.task_heads.5.height.0.0.weight lidar_net.head.task_heads.5.height.0.0.bias lidar_net.head.task_heads.5.height.0.1.weight lidar_net.head.task_heads.5.height.0.1.bias lidar_net.head.task_heads.5.height.0.1.running_mean lidar_net.head.task_heads.5.height.0.1.running_var lidar_net.head.task_heads.5.height.0.1.num_batches_tracked lidar_net.head.task_heads.5.height.1.0.weight lidar_net.head.task_heads.5.dim.0.0.weight lidar_net.head.task_heads.5.dim.0.0.bias lidar_net.head.task_heads.5.dim.0.1.weight lidar_net.head.task_heads.5.dim.0.1.bias lidar_net.head.task_heads.5.dim.0.1.running_mean lidar_net.head.task_heads.5.dim.0.1.running_var lidar_net.head.task_heads.5.dim.0.1.num_batches_tracked lidar_net.head.task_heads.5.dim.1.0.weight lidar_net.head.task_heads.5.rot.0.0.weight lidar_net.head.task_heads.5.rot.0.0.bias lidar_net.head.task_heads.5.rot.0.1.weight lidar_net.head.task_heads.5.rot.0.1.bias lidar_net.head.task_heads.5.rot.0.1.running_mean lidar_net.head.task_heads.5.rot.0.1.running_var lidar_net.head.task_heads.5.rot.0.1.num_batches_tracked lidar_net.head.task_heads.5.rot.1.0.weight lidar_net.head.task_heads.5.vel.0.0.weight lidar_net.head.task_heads.5.vel.0.0.bias lidar_net.head.task_heads.5.vel.0.1.weight lidar_net.head.task_heads.5.vel.0.1.bias lidar_net.head.task_heads.5.vel.0.1.running_mean lidar_net.head.task_heads.5.vel.0.1.running_var lidar_net.head.task_heads.5.vel.0.1.num_batches_tracked lidar_net.head.task_heads.5.vel.1.0.weight lidar_net.head.task_heads.5.heatmap.0.0.weight lidar_net.head.task_heads.5.heatmap.0.0.bias lidar_net.head.task_heads.5.heatmap.0.1.weight lidar_net.head.task_heads.5.heatmap.0.1.bias lidar_net.head.task_heads.5.heatmap.0.1.running_mean lidar_net.head.task_heads.5.heatmap.0.1.running_var lidar_net.head.task_heads.5.heatmap.0.1.num_batches_tracked lidar_net.head.task_heads.5.heatmap.1.0.weight lidar_net.head.task_heads.5.heatmap.1.0.bias
2026-05-27 08:10:54,794 INFO [ckpt_converters.py:88] Node[0] [32mLoad the checkpoint successfully from ./tmp_pretrained_models/centerpoint_pointpillar_nuscenes/float-checkpoint-last.pth.tar[0m
2026-05-27 08:10:54,963 WARNING [ddp_trainer.py:61] Node[0] Detected that `torch==2.6.0+cu126`, and `hat.models.SyncBatchNorm `will be used to replace `torch.nn.SyncBatchNorm`, which will be faster during training.
2026-05-27 08:10:55,466 WARNING [request.py:27] Node[0] Train strategy upload failed ! Cannot get USER_TOKEN/JOB_ID/CLUSTER from env.
2026-05-27 08:10:55,466 INFO [loop_base.py:482] Node[0] [32mStart DistributedDataParallelTrainer loop from epoch 0, num_epochs=24[0m
2026-05-27 08:10:55,471 INFO [grad_scale.py:151] Node[0] [GradScale] []
2026-05-27 08:10:55,480 INFO [monitor.py:143] Node[0] Epoch[0] Begin ==================================================
2026-05-27 08:10:55,480 INFO [lr_updater.py:204] Node[0] Epoch[0] Step[0] GlobalStep[0] lr=0.000400
2026-05-27 08:15:14,030 INFO [monitor.py:131] Node[0] Epoch[0] Step[0-199] Cost Time: 258.548s Speed: 3.09 samples/sec Remaining Time: 15:09:48 Remaining step percent: 99.53%
2026-05-27 08:15:15,174 INFO [metric_updater.py:360] Node[0] Epoch[0] Step[199] GlobalStep[199] loss_bevfusion_pointpillar_henet_multisensor_multitask_nuscenes: loss_cls[0.3381] loss_bbox[0.5975] d0.loss_cls[0.3802] d0.loss_bbox[0.7296] d1.loss_cls[0.3592] d1.loss_bbox[0.6452] d2.loss_cls[0.3505] d2.loss_bbox[0.6155] d3.loss_cls[0.3547] d3.loss_bbox[0.6073] d4.loss_cls[0.3412] d4.loss_bbox[0.5994] loss_occ[2.5751] 
2026-05-27 08:19:11,323 INFO [monitor.py:131] Node[0] Epoch[0] Step[200-399] Cost Time: 237.292s Speed: 3.37 samples/sec Remaining Time: 13:46:53 Remaining step percent: 99.05%
2026-05-27 08:19:12,432 INFO [metric_updater.py:360] Node[0] Epoch[0] Step[399] GlobalStep[399] loss_bevfusion_pointpillar_henet_multisensor_multitask_nuscenes: loss_cls[0.2782] loss_bbox[0.5115] d0.loss_cls[0.3223] d0.loss_bbox[0.6589] d1.loss_cls[0.3090] d1.loss_bbox[0.5650] d2.loss_cls[0.2974] d2.loss_bbox[0.5318] d3.loss_cls[0.2920] d3.loss_bbox[0.5215] d4.loss_cls[0.2805] d4.loss_bbox[0.5130] loss_occ[2.1814] 
2026-05-27 08:21:10,831 INFO [lr_updater.py:204] Node[0] Epoch[0] Step[499] GlobalStep[499] lr=0.000399
2026-05-27 08:23:12,110 INFO [monitor.py:131] Node[0] Epoch[0] Step[400-599] Cost Time: 240.785s Speed: 3.32 samples/sec Remaining Time: 13:55:02 Remaining step percent: 98.58%
2026-05-27 08:23:13,404 INFO [metric_updater.py:360] Node[0] Epoch[0] Step[599] GlobalStep[599] loss_bevfusion_pointpillar_henet_multisensor_multitask_nuscenes: loss_cls[0.2623] loss_bbox[0.4842] d0.loss_cls[0.3092] d0.loss_bbox[0.6389] d1.loss_cls[0.2980] d1.loss_bbox[0.5393] d2.loss_cls[0.2848] d2.loss_bbox[0.5047] d3.loss_cls[0.2753] d3.loss_bbox[0.4939] d4.loss_cls[0.2643] d4.loss_bbox[0.4856] loss_occ[2.0264] 
2026-05-27 08:27:15,010 INFO [monitor.py:131] Node[0] Epoch[0] Step[600-799] Cost Time: 242.899s Speed: 3.29 samples/sec Remaining Time: 13:58:19 Remaining step percent: 98.10%
2026-05-27 08:27:16,265 INFO [metric_updater.py:360] Node[0] Epoch[0] Step[799] GlobalStep[799] loss_bevfusion_pointpillar_henet_multisensor_multitask_nuscenes: loss_cls[0.2536] loss_bbox[0.4673] d0.loss_cls[0.3013] d0.loss_bbox[0.6250] d1.loss_cls[0.2917] d1.loss_bbox[0.5232] d2.loss_cls[0.2776] d2.loss_bbox[0.4889] d3.loss_cls[0.2662] d3.loss_bbox[0.4775] d4.loss_cls[0.2551] d4.loss_bbox[0.4688] loss_occ[1.9443] 
2026-05-27 08:31:17,633 INFO [monitor.py:131] Node[0] Epoch[0] Step[800-999] Cost Time: 242.621s Speed: 3.30 samples/sec Remaining Time: 13:53:19 Remaining step percent: 97.63%
2026-05-27 08:31:19,019 INFO [metric_updater.py:360] Node[0] Epoch[0] Step[999] GlobalStep[999] loss_bevfusion_pointpillar_henet_multisensor_multitask_nuscenes: loss_cls[0.2448] loss_bbox[0.4500] d0.loss_cls[0.2940] d0.loss_bbox[0.6074] d1.loss_cls[0.2851] d1.loss_bbox[0.5050] d2.loss_cls[0.2704] d2.loss_bbox[0.4711] d3.loss_cls[0.2576] d3.loss_bbox[0.4597] d4.loss_cls[0.2462] d4.loss_bbox[0.4515] loss_occ[1.8897] 
2026-05-27 08:35:18,391 INFO [monitor.py:131] Node[0] Epoch[0] Step[1000-1199] Cost Time: 240.757s Speed: 3.32 samples/sec Remaining Time: 13:42:54 Remaining step percent: 97.16%
2026-05-27 08:35:19,602 INFO [metric_updater.py:360] Node[0] Epoch[0] Step[1199] GlobalStep[1199] loss_bevfusion_pointpillar_henet_multisensor_multitask_nuscenes: loss_cls[0.2404] loss_bbox[0.4398] d0.loss_cls[0.2905] d0.loss_bbox[0.5994] d1.loss_cls[0.2826] d1.loss_bbox[0.4952] d2.loss_cls[0.2676] d2.loss_bbox[0.4609] d3.loss_cls[0.2534] d3.loss_bbox[0.4496] d4.loss_cls[0.2418] d4.loss_bbox[0.4413] loss_occ[1.8466] 
2026-05-27 08:39:18,858 INFO [monitor.py:131] Node[0] Epoch[0] Step[1200-1399] Cost Time: 240.464s Speed: 3.33 samples/sec Remaining Time: 13:37:53 Remaining step percent: 96.68%
2026-05-27 08:39:20,102 INFO [metric_updater.py:360] Node[0] Epoch[0] Step[1399] GlobalStep[1399] loss_bevfusion_pointpillar_henet_multisensor_multitask_nuscenes: loss_cls[0.2386] loss_bbox[0.4358] d0.loss_cls[0.2902] d0.loss_bbox[0.5971] d1.loss_cls[0.2828] d1.loss_bbox[0.4918] d2.loss_cls[0.2676] d2.loss_bbox[0.4572] d3.loss_cls[0.2520] d3.loss_bbox[0.4457] d4.loss_cls[0.2402] d4.loss_bbox[0.4374] loss_occ[1.8093] 
2026-05-27 08:43:20,492 INFO [monitor.py:131] Node[0] Epoch[0] Step[1400-1599] Cost Time: 241.632s Speed: 3.31 samples/sec Remaining Time: 13:37:50 Remaining step percent: 96.21%
2026-05-27 08:43:21,527 INFO [metric_updater.py:360] Node[0] Epoch[0] Step[1599] GlobalStep[1599] loss_bevfusion_pointpillar_henet_multisensor_multitask_nuscenes: loss_cls[0.2352] loss_bbox[0.4287] d0.loss_cls[0.2883] d0.loss_bbox[0.5893] d1.loss_cls[0.2809] d1.loss_bbox[0.4846] d2.loss_cls[0.2653] d2.loss_bbox[0.4501] d3.loss_cls[0.2487] d3.loss_bbox[0.4387] d4.loss_cls[0.2367] d4.loss_bbox[0.4303] loss_occ[1.7795] 
2026-05-27 08:46:39,839 INFO [monitor.py:146] Node[0] Epoch[0] End   ==================================================
2026-05-27 08:46:39,842 INFO [monitor.py:149] Node[0] Epoch[0] Cost Time: 2144.361s
2026-05-27 08:46:39,842 INFO [metric_updater.py:360] Node[0] Epoch[0] loss_bevfusion_pointpillar_henet_multisensor_multitask_nuscenes: loss_cls[0.2324] loss_bbox[0.4237] d0.loss_cls[0.2863] d0.loss_bbox[0.5837] d1.loss_cls[0.2791] d1.loss_bbox[0.4795] d2.loss_cls[0.2633] d2.loss_bbox[0.4451] d3.loss_cls[0.2462] d3.loss_bbox[0.4336] d4.loss_cls[0.2340] d4.loss_bbox[0.4254] loss_occ[1.7629] 
2026-05-27 08:46:39,842 INFO [validation.py:156] Node[0] [32mUse train `model` as val model.[0m
2026-05-27 08:46:40,188 INFO [loop_base.py:482] Node[0] [32mStart Predictor loop from epoch 0, num_epochs=1[0m
2026-05-27 08:46:40,191 INFO [fake_quantize.py:253] Node[0] Set fake quantize state to FakeQuantState.VALIDATION
2026-05-27 08:46:45,665 INFO [loop_base.py:553] Node[0] 0 / 1505
2026-05-27 08:47:43,286 INFO [loop_base.py:553] Node[0] 200 / 1505
2026-05-27 08:48:59,983 INFO [loop_base.py:553] Node[0] 400 / 1505
2026-05-27 08:49:35,137 INFO [loop_base.py:553] Node[0] 600 / 1505
2026-05-27 08:50:07,101 INFO [loop_base.py:553] Node[0] 800 / 1505
2026-05-27 08:50:45,448 INFO [loop_base.py:553] Node[0] 1000 / 1505
2026-05-27 08:51:33,200 INFO [loop_base.py:553] Node[0] 1200 / 1505
2026-05-27 08:52:09,771 INFO [loop_base.py:553] Node[0] 1400 / 1505
2026-05-27 08:52:51,493 INFO [nuscenes_metric.py:322] Node[0] The length of self.nusc_annos is: 1505
2026-05-27 08:53:00,674 INFO [nuscenes_metric.py:346] Node[0] Results writes to ./metric_results/bevfusion_pointpillar_henet_multisensor_multitask_nuscenes/results_nusc.json
2026-05-27 08:56:57,582 INFO [nuscenes_metric.py:388] Node[0] NDS: 0.5716, mAP:0.5167
car_AP: [0.5]:0.6734  [1.0]:0.8113  [2.0]:0.8515  [4.0]:0.8776 
truck_AP: [0.5]:0.3160  [1.0]:0.5084  [2.0]:0.6083  [4.0]:0.6562 
trailer_AP: [0.5]:0.0983  [1.0]:0.2634  [2.0]:0.4128  [4.0]:0.5218 
bus_AP: [0.5]:0.4076  [1.0]:0.6515  [2.0]:0.7881  [4.0]:0.8197 
construction_vehicle_AP: [0.5]:0.0044  [1.0]:0.1059  [2.0]:0.2732  [4.0]:0.3402 
bicycle_AP: [0.5]:0.2674  [1.0]:0.3937  [2.0]:0.4339  [4.0]:0.4595 
motorcycle_AP: [0.5]:0.3506  [1.0]:0.5451  [2.0]:0.5986  [4.0]:0.6219 
pedestrian_AP: [0.5]:0.5599  [1.0]:0.6982  [2.0]:0.7646  [4.0]:0.8014 
traffic_cone_AP: [0.5]:0.4193  [1.0]:0.5291  [2.0]:0.5997  [4.0]:0.6791 
barrier_AP: [0.5]:0.1899  [1.0]:0.4459  [2.0]:0.6199  [4.0]:0.7001 

2026-05-27 08:56:58,253 WARNING [metric.py:200] Node[0] <class 'hat.metrics.nuscenes_metric.NuscenesMetric'> not ready for distributed environment, should not be used together with DistributedSampler.Might be slow in validation due to resource competition
2026-05-27 08:56:58,288 INFO [mean_iou.py:170] Node[0] ~~~~ MeanIOU Summary metrics ~~~~
Summary:
Scope                 mIoU       mAcc       aAcc
global               46.70      55.03      75.87
Per Class Results:
Class                  IoU        Acc
others                3.94       4.07
barrier              49.75      62.78
bicycle              24.95      30.74
bus                  70.90      79.25
car                  69.92      79.42
construction_vehicle      28.84      31.56
motorcycle           34.15      36.70
pedestrian           53.23      60.98
traffic_cone         26.97      32.35
trailer              45.80      68.41
truck                54.47      63.72
driveable_surface      77.48      90.18
other_flat           23.69      25.29
sidewalk             38.73      44.07
terrain              51.70      73.92
manmade              68.13      76.32
vegetation           71.21      75.73

2026-05-27 08:56:58,306 INFO [metric_updater.py:360] Node[0] Epoch[0] Validation bevfusion_pointpillar_henet_multisensor_multitask_nuscenes: NDS[0.5716] MeanIOU[tensor(0.4670, device='cuda:0')] 
2026-05-27 08:57:07,465 INFO [checkpoint.py:233] Node[0] Save model checkpoint: ./tmp_models/bevfusion_pointpillar_henet_multisensor_multitask_nuscenes/float-checkpoint-epoch-0000-d903570f.pth.tar
2026-05-27 08:57:08,359 INFO [checkpoint.py:270] Node[0] Save last model checkpoint: ./tmp_models/bevfusion_pointpillar_henet_multisensor_multitask_nuscenes/float-checkpoint-last-4aa702ac.pth.tar
2026-05-27 08:57:08,369 INFO [monitor.py:143] Node[0] Epoch[1] Begin ==================================================
2026-05-27 08:57:08,369 INFO [lr_updater.py:204] Node[0] Epoch[1] Step[0] GlobalStep[1759] lr=0.000398
2026-05-27 09:01:40,834 INFO [monitor.py:131] Node[0] Epoch[1] Step[0-199] Cost Time: 272.462s Speed: 2.94 samples/sec Remaining Time: 15:18:38 Remaining step percent: 95.36%
2026-05-27 09:01:42,004 INFO [metric_updater.py:360] Node[0] Epoch[1] Step[199] GlobalStep[1958] loss_bevfusion_pointpillar_henet_multisensor_multitask_nuscenes: loss_cls[0.2046] loss_bbox[0.3750] d0.loss_cls[0.2692] d0.loss_bbox[0.5297] d1.loss_cls[0.2644] d1.loss_bbox[0.4263] d2.loss_cls[0.2437] d2.loss_bbox[0.3928] d3.loss_cls[0.2208] d3.loss_bbox[0.3830] d4.loss_cls[0.2071] d4.loss_bbox[0.3751] loss_occ[1.5475] 
2026-05-27 09:06:33,455 INFO [monitor.py:131] Node[0] Epoch[1] Step[200-399] Cost Time: 292.619s Speed: 2.73 samples/sec Remaining Time: 16:16:47 Remaining step percent: 94.89%
2026-05-27 09:06:35,052 INFO [metric_updater.py:360] Node[0] Epoch[1] Step[399] GlobalStep[2158] loss_bevfusion_pointpillar_henet_multisensor_multitask_nuscenes: loss_cls[0.2024] loss_bbox[0.3718] d0.loss_cls[0.2652] d0.loss_bbox[0.5259] d1.loss_cls[0.2610] d1.loss_bbox[0.4239] d2.loss_cls[0.2413] d2.loss_bbox[0.3912] d3.loss_cls[0.2177] d3.loss_bbox[0.3807] d4.loss_cls[0.2051] d4.loss_bbox[0.3727] loss_occ[1.5279] 
2026-05-27 09:11:35,258 INFO [monitor.py:131] Node[0] Epoch[1] Step[400-599] Cost Time: 301.800s Speed: 2.65 samples/sec Remaining Time: 16:42:24 Remaining step percent: 94.41%
2026-05-27 09:11:36,422 INFO [metric_updater.py:360] Node[0] Epoch[1] Step[599] GlobalStep[2358] loss_bevfusion_pointpillar_henet_multisensor_multitask_nuscenes: loss_cls[0.2038] loss_bbox[0.3702] d0.loss_cls[0.2697] d0.loss_bbox[0.5265] d1.loss_cls[0.2650] d1.loss_bbox[0.4228] d2.loss_cls[0.2445] d2.loss_bbox[0.3905] d3.loss_cls[0.2201] d3.loss_bbox[0.3794] d4.loss_cls[0.2067] d4.loss_bbox[0.3715] loss_occ[1.5320] 
2026-05-27 09:16:21,148 INFO [monitor.py:131] Node[0] Epoch[1] Step[600-799] Cost Time: 285.889s Speed: 2.80 samples/sec Remaining Time: 15:44:47 Remaining step percent: 93.94%
2026-05-27 09:16:22,236 INFO [metric_updater.py:360] Node[0] Epoch[1] Step[799] GlobalStep[2558] loss_bevfusion_pointpillar_henet_multisensor_multitask_nuscenes: loss_cls[0.2022] loss_bbox[0.3669] d0.loss_cls[0.2680] d0.loss_bbox[0.5212] d1.loss_cls[0.2639] d1.loss_bbox[0.4179] d2.loss_cls[0.2436] d2.loss_bbox[0.3868] d3.loss_cls[0.2188] d3.loss_bbox[0.3760] d4.loss_cls[0.2052] d4.loss_bbox[0.3682] loss_occ[1.5342] 
2026-05-27 09:20:50,985 INFO [monitor.py:131] Node[0] Epoch[1] Step[800-999] Cost Time: 269.834s Speed: 2.96 samples/sec Remaining Time: 14:47:14 Remaining step percent: 93.46%
2026-05-27 09:20:52,182 INFO [metric_updater.py:360] Node[0] Epoch[1] Step[999] GlobalStep[2758] loss_bevfusion_pointpillar_henet_multisensor_multitask_nuscenes: loss_cls[0.1992] loss_bbox[0.3617] d0.loss_cls[0.2660] d0.loss_bbox[0.5141] d1.loss_cls[0.2621] d1.loss_bbox[0.4115] d2.loss_cls[0.2412] d2.loss_bbox[0.3815] d3.loss_cls[0.2157] d3.loss_bbox[0.3710] d4.loss_cls[0.2021] d4.loss_bbox[0.3629] loss_occ[1.5260] 
2026-05-27 09:25:54,333 INFO [monitor.py:131] Node[0] Epoch[1] Step[1000-1199] Cost Time: 303.347s Speed: 2.64 samples/sec Remaining Time: 16:32:22 Remaining step percent: 92.99%
2026-05-27 09:25:55,433 INFO [metric_updater.py:360] Node[0] Epoch[1] Step[1199] GlobalStep[2958] loss_bevfusion_pointpillar_henet_multisensor_multitask_nuscenes: loss_cls[0.1993] loss_bbox[0.3612] d0.loss_cls[0.2667] d0.loss_bbox[0.5131] d1.loss_cls[0.2627] d1.loss_bbox[0.4107] d2.loss_cls[0.2415] d2.loss_bbox[0.3811] d3.loss_cls[0.2160] d3.loss_bbox[0.3706] d4.loss_cls[0.2021] d4.loss_bbox[0.3624] loss_occ[1.5163] 
2026-05-27 09:30:33,992 INFO [monitor.py:131] Node[0] Epoch[1] Step[1200-1399] Cost Time: 279.657s Speed: 2.86 samples/sec Remaining Time: 15:10:12 Remaining step percent: 92.52%
2026-05-27 09:30:35,049 INFO [metric_updater.py:360] Node[0] Epoch[1] Step[1399] GlobalStep[3158] loss_bevfusion_pointpillar_henet_multisensor_multitask_nuscenes: loss_cls[0.2000] loss_bbox[0.3609] d0.loss_cls[0.2675] d0.loss_bbox[0.5129] d1.loss_cls[0.2639] d1.loss_bbox[0.4103] d2.loss_cls[0.2426] d2.loss_bbox[0.3816] d3.loss_cls[0.2168] d3.loss_bbox[0.3707] d4.loss_cls[0.2026] d4.loss_bbox[0.3624] loss_occ[1.5140] 
2026-05-27 09:35:22,628 INFO [monitor.py:131] Node[0] Epoch[1] Step[1400-1599] Cost Time: 288.633s Speed: 2.77 samples/sec Remaining Time: 15:34:37 Remaining step percent: 92.04%
2026-05-27 09:35:23,914 INFO [metric_updater.py:360] Node[0] Epoch[1] Step[1599] GlobalStep[3358] loss_bevfusion_pointpillar_henet_multisensor_multitask_nuscenes: loss_cls[0.2004] loss_bbox[0.3607] d0.loss_cls[0.2688] d0.loss_bbox[0.5128] d1.loss_cls[0.2650] d1.loss_bbox[0.4100] d2.loss_cls[0.2436] d2.loss_bbox[0.3816] d3.loss_cls[0.2173] d3.loss_bbox[0.3707] d4.loss_cls[0.2030] d4.loss_bbox[0.3624] loss_occ[1.5135] 
2026-05-27 09:39:26,525 INFO [monitor.py:146] Node[0] Epoch[1] End   ==================================================
2026-05-27 09:39:26,528 INFO [monitor.py:149] Node[0] Epoch[1] Cost Time: 2538.160s
2026-05-27 09:39:26,529 INFO [metric_updater.py:360] Node[0] Epoch[1] loss_bevfusion_pointpillar_henet_multisensor_multitask_nuscenes: loss_cls[0.2010] loss_bbox[0.3610] d0.loss_cls[0.2699] d0.loss_bbox[0.5132] d1.loss_cls[0.2662] d1.loss_bbox[0.4102] d2.loss_cls[0.2446] d2.loss_bbox[0.3820] d3.loss_cls[0.2178] d3.loss_bbox[0.3711] d4.loss_cls[0.2035] d4.loss_bbox[0.3628] loss_occ[1.5088] 
2026-05-27 09:39:26,529 INFO [validation.py:156] Node[0] [32mUse train `model` as val model.[0m
2026-05-27 09:39:26,697 INFO [loop_base.py:482] Node[0] [32mStart Predictor loop from epoch 1, num_epochs=1[0m
2026-05-27 09:39:26,700 INFO [fake_quantize.py:253] Node[0] Set fake quantize state to FakeQuantState.VALIDATION
2026-05-27 09:39:34,580 INFO [loop_base.py:553] Node[0] 0 / 1505
2026-05-27 09:40:15,108 INFO [loop_base.py:553] Node[0] 200 / 1505
2026-05-27 09:41:14,886 INFO [loop_base.py:553] Node[0] 400 / 1505
2026-05-27 09:42:06,511 INFO [loop_base.py:553] Node[0] 600 / 1505
2026-05-27 09:42:57,798 INFO [loop_base.py:553] Node[0] 800 / 1505
2026-05-27 09:43:49,803 INFO [loop_base.py:553] Node[0] 1000 / 1505
2026-05-27 09:44:21,718 INFO [loop_base.py:553] Node[0] 1200 / 1505
2026-05-27 09:44:52,880 INFO [loop_base.py:553] Node[0] 1400 / 1505
2026-05-27 09:45:12,854 INFO [nuscenes_metric.py:322] Node[0] The length of self.nusc_annos is: 1505
2026-05-27 09:45:22,242 INFO [nuscenes_metric.py:346] Node[0] Results writes to ./metric_results/bevfusion_pointpillar_henet_multisensor_multitask_nuscenes/results_nusc.json
2026-05-27 09:49:15,997 INFO [nuscenes_metric.py:388] Node[0] NDS: 0.5821, mAP:0.5241
car_AP: [0.5]:0.6923  [1.0]:0.8276  [2.0]:0.8676  [4.0]:0.8888 
truck_AP: [0.5]:0.3248  [1.0]:0.5432  [2.0]:0.6339  [4.0]:0.6777 
trailer_AP: [0.5]:0.0977  [1.0]:0.2464  [2.0]:0.4223  [4.0]:0.5456 
bus_AP: [0.5]:0.4110  [1.0]:0.6706  [2.0]:0.7887  [4.0]:0.8251 
construction_vehicle_AP: [0.5]:0.0039  [1.0]:0.1127  [2.0]:0.3110  [4.0]:0.4057 
bicycle_AP: [0.5]:0.2498  [1.0]:0.3782  [2.0]:0.4065  [4.0]:0.4275 
motorcycle_AP: [0.5]:0.3653  [1.0]:0.5550  [2.0]:0.6187  [4.0]:0.6375 
pedestrian_AP: [0.5]:0.5541  [1.0]:0.6987  [2.0]:0.7630  [4.0]:0.7952 
traffic_cone_AP: [0.5]:0.3999  [1.0]:0.5367  [2.0]:0.6087  [4.0]:0.6806 
barrier_AP: [0.5]:0.2125  [1.0]:0.4685  [2.0]:0.6162  [4.0]:0.6968 

2026-05-27 09:49:16,734 WARNING [metric.py:200] Node[0] <class 'hat.metrics.nuscenes_metric.NuscenesMetric'> not ready for distributed environment, should not be used together with DistributedSampler.Might be slow in validation due to resource competition
2026-05-27 09:49:16,751 INFO [mean_iou.py:170] Node[0] ~~~~ MeanIOU Summary metrics ~~~~
Summary:
Scope                 mIoU       mAcc       aAcc
global               46.61      53.81      74.34
Per Class Results:
Class                  IoU        Acc
others                5.95       6.72
barrier              47.34      57.30
bicycle              23.25      28.14
bus                  68.41      74.45
car                  66.94      75.46
construction_vehicle      34.14      42.95
motorcycle           36.74      40.69
pedestrian           49.12      55.54
traffic_cone         21.77      24.07
trailer              46.11      56.46
truck                54.86      64.13
driveable_surface      77.57      83.37
other_flat           30.67      35.19
sidewalk             41.04      49.95
terrain              50.38      67.03
manmade              66.27      73.95
vegetation           71.79      79.40

2026-05-27 09:49:16,752 INFO [metric_updater.py:360] Node[0] Epoch[1] Validation bevfusion_pointpillar_henet_multisensor_multitask_nuscenes: NDS[0.5821] MeanIOU[tensor(0.4661, device='cuda:0')] 
2026-05-27 09:49:26,417 INFO [checkpoint.py:233] Node[0] Save model checkpoint: ./tmp_models/bevfusion_pointpillar_henet_multisensor_multitask_nuscenes/float-checkpoint-epoch-0001-ce5100fd.pth.tar
2026-05-27 09:49:27,455 INFO [checkpoint.py:270] Node[0] Save last model checkpoint: ./tmp_models/bevfusion_pointpillar_henet_multisensor_multitask_nuscenes/float-checkpoint-last-225ac3b6.pth.tar
2026-05-27 09:49:27,463 INFO [monitor.py:143] Node[0] Epoch[2] Begin ==================================================
2026-05-27 09:49:27,463 INFO [lr_updater.py:204] Node[0] Epoch[2] Step[0] GlobalStep[3518] lr=0.000393
2026-05-27 09:54:00,974 INFO [monitor.py:131] Node[0] Epoch[2] Step[0-199] Cost Time: 273.509s Speed: 2.92 samples/sec Remaining Time: 14:41:52 Remaining step percent: 91.19%
2026-05-27 09:54:02,113 INFO [metric_updater.py:360] Node[0] Epoch[2] Step[199] GlobalStep[3717] loss_bevfusion_pointpillar_henet_multisensor_multitask_nuscenes: loss_cls[0.1915] loss_bbox[0.3431] d0.loss_cls[0.2704] d0.loss_bbox[0.4917] d1.loss_cls[0.2664] d1.loss_bbox[0.3907] d2.loss_cls[0.2441] d2.loss_bbox[0.3662] d3.loss_cls[0.2109] d3.loss_bbox[0.3549] d4.loss_cls[0.1951] d4.loss_bbox[0.3451] loss_occ[1.4413] 
2026-05-27 09:58:48,209 INFO [monitor.py:131] Node[0] Epoch[2] Step[200-399] Cost Time: 287.233s Speed: 2.79 samples/sec Remaining Time: 15:16:42 Remaining step percent: 90.72%
2026-05-27 09:58:49,511 INFO [metric_updater.py:360] Node[0] Epoch[2] Step[399] GlobalStep[3917] loss_bevfusion_pointpillar_henet_multisensor_multitask_nuscenes: loss_cls[0.1909] loss_bbox[0.3443] d0.loss_cls[0.2700] d0.loss_bbox[0.4929] d1.loss_cls[0.2657] d1.loss_bbox[0.3910] d2.loss_cls[0.2419] d2.loss_bbox[0.3666] d3.loss_cls[0.2099] d3.loss_bbox[0.3556] d4.loss_cls[0.1939] d4.loss_bbox[0.3467] loss_occ[1.4566] 
2026-05-27 10:02:57,062 INFO [monitor.py:131] Node[0] Epoch[2] Step[400-599] Cost Time: 248.850s Speed: 3.21 samples/sec Remaining Time: 13:10:03 Remaining step percent: 90.25%
2026-05-27 10:02:58,117 INFO [metric_updater.py:360] Node[0] Epoch[2] Step[599] GlobalStep[4117] loss_bevfusion_pointpillar_henet_multisensor_multitask_nuscenes: loss_cls[0.1914] loss_bbox[0.3481] d0.loss_cls[0.2715] d0.loss_bbox[0.4977] d1.loss_cls[0.2673] d1.loss_bbox[0.3951] d2.loss_cls[0.2428] d2.loss_bbox[0.3707] d3.loss_cls[0.2117] d3.loss_bbox[0.3594] d4.loss_cls[0.1947] d4.loss_bbox[0.3506] loss_occ[1.4442] 
2026-05-27 10:07:24,727 INFO [monitor.py:131] Node[0] Epoch[2] Step[600-799] Cost Time: 267.663s Speed: 2.99 samples/sec Remaining Time: 14:05:19 Remaining step percent: 89.77%
2026-05-27 10:07:26,055 INFO [metric_updater.py:360] Node[0] Epoch[2] Step[799] GlobalStep[4317] loss_bevfusion_pointpillar_henet_multisensor_multitask_nuscenes: loss_cls[0.1924] loss_bbox[0.3501] d0.loss_cls[0.2729] d0.loss_bbox[0.4994] d1.loss_cls[0.2690] d1.loss_bbox[0.3967] d2.loss_cls[0.2447] d2.loss_bbox[0.3727] d3.loss_cls[0.2128] d3.loss_bbox[0.3614] d4.loss_cls[0.1957] d4.loss_bbox[0.3523] loss_occ[1.4397] 
2026-05-27 10:12:07,574 INFO [monitor.py:131] Node[0] Epoch[2] Step[800-999] Cost Time: 282.845s Speed: 2.83 samples/sec Remaining Time: 14:48:33 Remaining step percent: 89.30%
2026-05-27 10:12:08,550 INFO [metric_updater.py:360] Node[0] Epoch[2] Step[999] GlobalStep[4517] loss_bevfusion_pointpillar_henet_multisensor_multitask_nuscenes: loss_cls[0.1922] loss_bbox[0.3502] d0.loss_cls[0.2726] d0.loss_bbox[0.4982] d1.loss_cls[0.2686] d1.loss_bbox[0.3963] d2.loss_cls[0.2443] d2.loss_bbox[0.3725] d3.loss_cls[0.2125] d3.loss_bbox[0.3614] d4.loss_cls[0.1954] d4.loss_bbox[0.3527] loss_occ[1.4460] 
2026-05-27 10:16:58,877 INFO [monitor.py:131] Node[0] Epoch[2] Step[1000-1199] Cost Time: 291.301s Speed: 2.75 samples/sec Remaining Time: 15:10:16 Remaining step percent: 88.82%
2026-05-27 10:16:59,960 INFO [metric_updater.py:360] Node[0] Epoch[2] Step[1199] GlobalStep[4717] loss_bevfusion_pointpillar_henet_multisensor_multitask_nuscenes: loss_cls[0.1939] loss_bbox[0.3560] d0.loss_cls[0.2731] d0.loss_bbox[0.5051] d1.loss_cls[0.2696] d1.loss_bbox[0.4028] d2.loss_cls[0.2454] d2.loss_bbox[0.3795] d3.loss_cls[0.2137] d3.loss_bbox[0.3687] d4.loss_cls[0.1969] d4.loss_bbox[0.3592] loss_occ[1.4414] 
2026-05-27 10:21:40,511 INFO [monitor.py:131] Node[0] Epoch[2] Step[1200-1399] Cost Time: 281.632s Speed: 2.84 samples/sec Remaining Time: 14:35:21 Remaining step percent: 88.35%
2026-05-27 10:21:41,683 INFO [metric_updater.py:360] Node[0] Epoch[2] Step[1399] GlobalStep[4917] loss_bevfusion_pointpillar_henet_multisensor_multitask_nuscenes: loss_cls[0.1938] loss_bbox[0.3551] d0.loss_cls[0.2729] d0.loss_bbox[0.5042] d1.loss_cls[0.2696] d1.loss_bbox[0.4019] d2.loss_cls[0.2451] d2.loss_bbox[0.3785] d3.loss_cls[0.2135] d3.loss_bbox[0.3678] d4.loss_cls[0.1966] d4.loss_bbox[0.3582] loss_occ[1.4423] 
2026-05-27 10:26:30,461 INFO [monitor.py:131] Node[0] Epoch[2] Step[1400-1599] Cost Time: 289.948s Speed: 2.76 samples/sec Remaining Time: 14:56:22 Remaining step percent: 87.88%
2026-05-27 10:26:31,505 INFO [metric_updater.py:360] Node[0] Epoch[2] Step[1599] GlobalStep[5117] loss_bevfusion_pointpillar_henet_multisensor_multitask_nuscenes: loss_cls[0.1913] loss_bbox[0.3516] d0.loss_cls[0.2706] d0.loss_bbox[0.4992] d1.loss_cls[0.2674] d1.loss_bbox[0.3979] d2.loss_cls[0.2428] d2.loss_bbox[0.3747] d3.loss_cls[0.2110] d3.loss_bbox[0.3642] d4.loss_cls[0.1940] d4.loss_bbox[0.3549] loss_occ[1.4419] 
2026-05-27 10:29:54,988 INFO [monitor.py:146] Node[0] Epoch[2] End   ==================================================
2026-05-27 10:29:54,991 INFO [monitor.py:149] Node[0] Epoch[2] Cost Time: 2427.528s
2026-05-27 10:29:54,991 INFO [metric_updater.py:360] Node[0] Epoch[2] loss_bevfusion_pointpillar_henet_multisensor_multitask_nuscenes: loss_cls[0.1921] loss_bbox[0.3547] d0.loss_cls[0.2707] d0.loss_bbox[0.5051] d1.loss_cls[0.2673] d1.loss_bbox[0.4031] d2.loss_cls[0.2429] d2.loss_bbox[0.3801] d3.loss_cls[0.2113] d3.loss_bbox[0.3696] d4.loss_cls[0.1946] d4.loss_bbox[0.3592] loss_occ[1.4397] 
2026-05-27 10:29:54,991 INFO [validation.py:156] Node[0] [32mUse train `model` as val model.[0m
2026-05-27 10:29:55,150 INFO [loop_base.py:482] Node[0] [32mStart Predictor loop from epoch 2, num_epochs=1[0m
2026-05-27 10:29:55,154 INFO [fake_quantize.py:253] Node[0] Set fake quantize state to FakeQuantState.VALIDATION
2026-05-27 10:30:02,682 INFO [loop_base.py:553] Node[0] 0 / 1505
2026-05-27 10:30:34,409 INFO [loop_base.py:553] Node[0] 200 / 1505
2026-05-27 10:31:08,448 INFO [loop_base.py:553] Node[0] 400 / 1505
2026-05-27 10:31:56,409 INFO [loop_base.py:553] Node[0] 600 / 1505
2026-05-27 10:32:52,837 INFO [loop_base.py:553] Node[0] 800 / 1505
2026-05-27 10:34:05,253 INFO [loop_base.py:553] Node[0] 1000 / 1505
2026-05-27 10:35:05,449 INFO [loop_base.py:553] Node[0] 1200 / 1505
2026-05-27 10:35:40,258 INFO [loop_base.py:553] Node[0] 1400 / 1505
2026-05-27 10:35:58,861 INFO [nuscenes_metric.py:322] Node[0] The length of self.nusc_annos is: 1505
2026-05-27 10:36:07,535 INFO [nuscenes_metric.py:346] Node[0] Results writes to ./metric_results/bevfusion_pointpillar_henet_multisensor_multitask_nuscenes/results_nusc.json
2026-05-27 10:40:03,874 INFO [nuscenes_metric.py:388] Node[0] NDS: 0.5771, mAP:0.5240
car_AP: [0.5]:0.6822  [1.0]:0.8209  [2.0]:0.8628  [4.0]:0.8857 
truck_AP: [0.5]:0.2889  [1.0]:0.4856  [2.0]:0.5785  [4.0]:0.6196 
trailer_AP: [0.5]:0.0932  [1.0]:0.2480  [2.0]:0.3936  [4.0]:0.5661 
bus_AP: [0.5]:0.3575  [1.0]:0.6446  [2.0]:0.7802  [4.0]:0.8080 
construction_vehicle_AP: [0.5]:0.0040  [1.0]:0.1233  [2.0]:0.2684  [4.0]:0.3504 
bicycle_AP: [0.5]:0.2974  [1.0]:0.4272  [2.0]:0.4550  [4.0]:0.4707 
motorcycle_AP: [0.5]:0.3562  [1.0]:0.5543  [2.0]:0.6323  [4.0]:0.6537 
pedestrian_AP: [0.5]:0.5939  [1.0]:0.7208  [2.0]:0.7745  [4.0]:0.8037 
traffic_cone_AP: [0.5]:0.4459  [1.0]:0.5500  [2.0]:0.6162  [4.0]:0.6968 
barrier_AP: [0.5]:0.2616  [1.0]:0.4794  [2.0]:0.6177  [4.0]:0.6926 

2026-05-27 10:40:04,484 WARNING [metric.py:200] Node[0] <class 'hat.metrics.nuscenes_metric.NuscenesMetric'> not ready for distributed environment, should not be used together with DistributedSampler.Might be slow in validation due to resource competition
2026-05-27 10:40:04,500 INFO [mean_iou.py:170] Node[0] ~~~~ MeanIOU Summary metrics ~~~~
Summary:
Scope                 mIoU       mAcc       aAcc
global               48.84      57.48      77.09
Per Class Results:
Class                  IoU        Acc
others                4.82       5.02
barrier              50.58      61.01
bicycle              23.02      25.45
bus                  66.76      74.59
car                  70.55      80.99
construction_vehicle      33.07      44.73
motorcycle           37.85      41.98
pedestrian           55.62      64.33
traffic_cone         31.96      41.88
trailer              46.36      64.78
truck                54.51      63.10
driveable_surface      80.22      88.57
other_flat           34.57      40.86
sidewalk             44.32      53.60
terrain              53.99      70.01
manmade              70.00      78.33
vegetation           72.02      77.96

2026-05-27 10:40:04,501 INFO [metric_updater.py:360] Node[0] Epoch[2] Validation bevfusion_pointpillar_henet_multisensor_multitask_nuscenes: NDS[0.5771] MeanIOU[tensor(0.4884, device='cuda:0')] 
2026-05-27 10:40:13,136 INFO [checkpoint.py:233] Node[0] Save model checkpoint: ./tmp_models/bevfusion_pointpillar_henet_multisensor_multitask_nuscenes/float-checkpoint-epoch-0002-b5231572.pth.tar
2026-05-27 10:40:14,248 INFO [checkpoint.py:270] Node[0] Save last model checkpoint: ./tmp_models/bevfusion_pointpillar_henet_multisensor_multitask_nuscenes/float-checkpoint-last-dcb463b2.pth.tar
2026-05-27 10:40:14,256 INFO [monitor.py:143] Node[0] Epoch[3] Begin ==================================================
2026-05-27 10:40:14,257 INFO [lr_updater.py:204] Node[0] Epoch[3] Step[0] GlobalStep[5277] lr=0.000385
2026-05-27 10:44:54,309 INFO [monitor.py:131] Node[0] Epoch[3] Step[0-199] Cost Time: 280.051s Speed: 2.86 samples/sec Remaining Time: 14:21:42 Remaining step percent: 87.03%
2026-05-27 10:44:55,527 INFO [metric_updater.py:360] Node[0] Epoch[3] Step[199] GlobalStep[5476] loss_bevfusion_pointpillar_henet_multisensor_multitask_nuscenes: loss_cls[0.1841] loss_bbox[0.3350] d0.loss_cls[0.2659] d0.loss_bbox[0.4829] d1.loss_cls[0.2628] d1.loss_bbox[0.3888] d2.loss_cls[0.2368] d2.loss_bbox[0.3638] d3.loss_cls[0.2057] d3.loss_bbox[0.3494] d4.loss_cls[0.1884] d4.loss_bbox[0.3403] loss_occ[1.4208] 
2026-05-27 10:49:23,279 INFO [monitor.py:131] Node[0] Epoch[3] Step[200-399] Cost Time: 268.968s Speed: 2.97 samples/sec Remaining Time: 13:38:59 Remaining step percent: 86.55%
2026-05-27 10:49:24,491 INFO [metric_updater.py:360] Node[0] Epoch[3] Step[399] GlobalStep[5676] loss_bevfusion_pointpillar_henet_multisensor_multitask_nuscenes: loss_cls[0.1776] loss_bbox[0.3264] d0.loss_cls[0.2622] d0.loss_bbox[0.4674] d1.loss_cls[0.2592] d1.loss_bbox[0.3740] d2.loss_cls[0.2328] d2.loss_bbox[0.3513] d3.loss_cls[0.1986] d3.loss_bbox[0.3394] d4.loss_cls[0.1812] d4.loss_bbox[0.3307] loss_occ[1.4223] 
2026-05-27 10:54:12,745 INFO [monitor.py:131] Node[0] Epoch[3] Step[400-599] Cost Time: 289.464s Speed: 2.76 samples/sec Remaining Time: 14:36:34 Remaining step percent: 86.08%
2026-05-27 10:54:13,954 INFO [metric_updater.py:360] Node[0] Epoch[3] Step[599] GlobalStep[5876] loss_bevfusion_pointpillar_henet_multisensor_multitask_nuscenes: loss_cls[0.1798] loss_bbox[0.3313] d0.loss_cls[0.2664] d0.loss_bbox[0.4718] d1.loss_cls[0.2630] d1.loss_bbox[0.3777] d2.loss_cls[0.2362] d2.loss_bbox[0.3561] d3.loss_cls[0.2013] d3.loss_bbox[0.3440] d4.loss_cls[0.1834] d4.loss_bbox[0.3355] loss_occ[1.4109] 
2026-05-27 10:59:22,132 INFO [monitor.py:131] Node[0] Epoch[3] Step[600-799] Cost Time: 309.385s Speed: 2.59 samples/sec Remaining Time: 15:31:44 Remaining step percent: 85.60%
2026-05-27 10:59:23,188 INFO [metric_updater.py:360] Node[0] Epoch[3] Step[799] GlobalStep[6076] loss_bevfusion_pointpillar_henet_multisensor_multitask_nuscenes: loss_cls[0.1775] loss_bbox[0.3274] d0.loss_cls[0.2651] d0.loss_bbox[0.4635] d1.loss_cls[0.2620] d1.loss_bbox[0.3714] d2.loss_cls[0.2348] d2.loss_bbox[0.3508] d3.loss_cls[0.1992] d3.loss_bbox[0.3396] d4.loss_cls[0.1810] d4.loss_bbox[0.3314] loss_occ[1.4073] 
2026-05-27 11:04:03,032 INFO [monitor.py:131] Node[0] Epoch[3] Step[800-999] Cost Time: 280.897s Speed: 2.85 samples/sec Remaining Time: 14:01:15 Remaining step percent: 85.13%
2026-05-27 11:04:04,012 INFO [metric_updater.py:360] Node[0] Epoch[3] Step[999] GlobalStep[6276] loss_bevfusion_pointpillar_henet_multisensor_multitask_nuscenes: loss_cls[0.1775] loss_bbox[0.3280] d0.loss_cls[0.2656] d0.loss_bbox[0.4627] d1.loss_cls[0.2623] d1.loss_bbox[0.3710] d2.loss_cls[0.2350] d2.loss_bbox[0.3506] d3.loss_cls[0.1990] d3.loss_bbox[0.3400] d4.loss_cls[0.1809] d4.loss_bbox[0.3316] loss_occ[1.4076] 
2026-05-27 11:09:25,545 INFO [monitor.py:131] Node[0] Epoch[3] Step[1000-1199] Cost Time: 322.511s Speed: 2.48 samples/sec Remaining Time: 16:00:31 Remaining step percent: 84.66%
2026-05-27 11:09:26,884 INFO [metric_updater.py:360] Node[0] Epoch[3] Step[1199] GlobalStep[6476] loss_bevfusion_pointpillar_henet_multisensor_multitask_nuscenes: loss_cls[0.1768] loss_bbox[0.3271] d0.loss_cls[0.2656] d0.loss_bbox[0.4602] d1.loss_cls[0.2622] d1.loss_bbox[0.3697] d2.loss_cls[0.2347] d2.loss_bbox[0.3494] d3.loss_cls[0.1983] d3.loss_bbox[0.3390] d4.loss_cls[0.1801] d4.loss_bbox[0.3308] loss_occ[1.4031] 
2026-05-27 11:14:38,350 INFO [monitor.py:131] Node[0] Epoch[3] Step[1200-1399] Cost Time: 312.802s Speed: 2.56 samples/sec Remaining Time: 15:26:23 Remaining step percent: 84.18%
2026-05-27 11:14:39,490 INFO [metric_updater.py:360] Node[0] Epoch[3] Step[1399] GlobalStep[6676] loss_bevfusion_pointpillar_henet_multisensor_multitask_nuscenes: loss_cls[0.1774] loss_bbox[0.3293] d0.loss_cls[0.2661] d0.loss_bbox[0.4603] d1.loss_cls[0.2628] d1.loss_bbox[0.3720] d2.loss_cls[0.2353] d2.loss_bbox[0.3528] d3.loss_cls[0.1988] d3.loss_bbox[0.3424] d4.loss_cls[0.1806] d4.loss_bbox[0.3335] loss_occ[1.3993] 
2026-05-27 11:19:47,316 INFO [monitor.py:131] Node[0] Epoch[3] Step[1400-1599] Cost Time: 308.963s Speed: 2.59 samples/sec Remaining Time: 15:09:52 Remaining step percent: 83.71%
2026-05-27 11:19:50,314 INFO [metric_updater.py:360] Node[0] Epoch[3] Step[1599] GlobalStep[6876] loss_bevfusion_pointpillar_henet_multisensor_multitask_nuscenes: loss_cls[0.1789] loss_bbox[0.3321] d0.loss_cls[0.2672] d0.loss_bbox[0.4671] d1.loss_cls[0.2639] d1.loss_bbox[0.3783] d2.loss_cls[0.2366] d2.loss_bbox[0.3575] d3.loss_cls[0.2000] d3.loss_bbox[0.3464] d4.loss_cls[0.1819] d4.loss_bbox[0.3368] loss_occ[1.3987] 
2026-05-27 11:23:29,163 INFO [monitor.py:146] Node[0] Epoch[3] End   ==================================================
2026-05-27 11:23:29,164 INFO [monitor.py:149] Node[0] Epoch[3] Cost Time: 2594.908s
2026-05-27 11:23:29,165 INFO [metric_updater.py:360] Node[0] Epoch[3] loss_bevfusion_pointpillar_henet_multisensor_multitask_nuscenes: loss_cls[0.1790] loss_bbox[0.3309] d0.loss_cls[0.2682] d0.loss_bbox[0.4645] d1.loss_cls[0.2650] d1.loss_bbox[0.3763] d2.loss_cls[0.2372] d2.loss_bbox[0.3559] d3.loss_cls[0.2004] d3.loss_bbox[0.3450] d4.loss_cls[0.1819] d4.loss_bbox[0.3355] loss_occ[1.3984] 
2026-05-27 11:23:29,165 INFO [validation.py:156] Node[0] [32mUse train `model` as val model.[0m
2026-05-27 11:23:29,329 INFO [loop_base.py:482] Node[0] [32mStart Predictor loop from epoch 3, num_epochs=1[0m
2026-05-27 11:23:29,332 INFO [fake_quantize.py:253] Node[0] Set fake quantize state to FakeQuantState.VALIDATION
2026-05-27 11:23:36,982 INFO [loop_base.py:553] Node[0] 0 / 1505
2026-05-27 11:24:09,303 INFO [loop_base.py:553] Node[0] 200 / 1505
2026-05-27 11:24:59,029 INFO [loop_base.py:553] Node[0] 400 / 1505
2026-05-27 11:25:48,885 INFO [loop_base.py:553] Node[0] 600 / 1505
2026-05-27 11:26:30,477 INFO [loop_base.py:553] Node[0] 800 / 1505
2026-05-27 11:27:29,273 INFO [loop_base.py:553] Node[0] 1000 / 1505
2026-05-27 11:28:59,998 INFO [loop_base.py:553] Node[0] 1200 / 1505
2026-05-27 11:30:04,642 INFO [loop_base.py:553] Node[0] 1400 / 1505
2026-05-27 11:30:24,579 INFO [nuscenes_metric.py:322] Node[0] The length of self.nusc_annos is: 1505
2026-05-27 11:30:34,011 INFO [nuscenes_metric.py:346] Node[0] Results writes to ./metric_results/bevfusion_pointpillar_henet_multisensor_multitask_nuscenes/results_nusc.json
2026-05-27 11:34:27,275 INFO [nuscenes_metric.py:388] Node[0] NDS: 0.5980, mAP:0.5410
car_AP: [0.5]:0.7122  [1.0]:0.8364  [2.0]:0.8752  [4.0]:0.8960 
truck_AP: [0.5]:0.3330  [1.0]:0.5306  [2.0]:0.6204  [4.0]:0.6697 
trailer_AP: [0.5]:0.1051  [1.0]:0.2579  [2.0]:0.3985  [4.0]:0.5589 
bus_AP: [0.5]:0.3137  [1.0]:0.5931  [2.0]:0.7632  [4.0]:0.8154 
construction_vehicle_AP: [0.5]:0.0048  [1.0]:0.1199  [2.0]:0.2942  [4.0]:0.3783 
bicycle_AP: [0.5]:0.3376  [1.0]:0.4312  [2.0]:0.4514  [4.0]:0.4660 
motorcycle_AP: [0.5]:0.3935  [1.0]:0.6055  [2.0]:0.6560  [4.0]:0.6678 
pedestrian_AP: [0.5]:0.6449  [1.0]:0.7441  [2.0]:0.7936  [4.0]:0.8221 
traffic_cone_AP: [0.5]:0.4834  [1.0]:0.5637  [2.0]:0.6224  [4.0]:0.6893 
barrier_AP: [0.5]:0.3079  [1.0]:0.5190  [2.0]:0.6486  [4.0]:0.7171 

2026-05-27 11:34:27,882 WARNING [metric.py:200] Node[0] <class 'hat.metrics.nuscenes_metric.NuscenesMetric'> not ready for distributed environment, should not be used together with DistributedSampler.Might be slow in validation due to resource competition
2026-05-27 11:34:27,898 INFO [mean_iou.py:170] Node[0] ~~~~ MeanIOU Summary metrics ~~~~
Summary:
Scope                 mIoU       mAcc       aAcc
global               48.91      56.88      75.50
Per Class Results:
Class                  IoU        Acc
others                5.17       5.45
barrier              52.58      63.49
bicycle              26.04      29.07
bus                  69.04      74.73
car                  69.84      79.34
construction_vehicle      33.75      41.21
motorcycle           38.28      41.69
pedestrian           56.21      65.16
traffic_cone         28.15      32.14
trailer              48.10      59.50
truck                56.17      64.97
driveable_surface      79.68      88.18
other_flat           34.84      45.44
sidewalk             46.53      62.94
terrain              50.09      63.30
manmade              68.24      76.79
vegetation           68.79      73.57

2026-05-27 11:34:27,900 INFO [metric_updater.py:360] Node[0] Epoch[3] Validation bevfusion_pointpillar_henet_multisensor_multitask_nuscenes: NDS[0.5980] MeanIOU[tensor(0.4891, device='cuda:0')] 
2026-05-27 11:34:36,467 INFO [checkpoint.py:233] Node[0] Save model checkpoint: ./tmp_models/bevfusion_pointpillar_henet_multisensor_multitask_nuscenes/float-checkpoint-epoch-0003-64439140.pth.tar
2026-05-27 11:34:37,521 INFO [checkpoint.py:270] Node[0] Save last model checkpoint: ./tmp_models/bevfusion_pointpillar_henet_multisensor_multitask_nuscenes/float-checkpoint-last-4740708d.pth.tar
2026-05-27 11:34:37,529 INFO [monitor.py:143] Node[0] Epoch[4] Begin ==================================================
2026-05-27 11:34:37,529 INFO [lr_updater.py:204] Node[0] Epoch[4] Step[0] GlobalStep[7036] lr=0.000373
2026-05-27 11:39:21,915 INFO [monitor.py:131] Node[0] Epoch[4] Step[0-199] Cost Time: 284.383s Speed: 2.81 samples/sec Remaining Time: 13:53:08 Remaining step percent: 82.86%
2026-05-27 11:39:25,144 INFO [metric_updater.py:360] Node[0] Epoch[4] Step[199] GlobalStep[7235] loss_bevfusion_pointpillar_henet_multisensor_multitask_nuscenes: loss_cls[0.1719] loss_bbox[0.3224] d0.loss_cls[0.2670] d0.loss_bbox[0.4458] d1.loss_cls[0.2641] d1.loss_bbox[0.3628] d2.loss_cls[0.2338] d2.loss_bbox[0.3433] d3.loss_cls[0.1944] d3.loss_bbox[0.3336] d4.loss_cls[0.1747] d4.loss_bbox[0.3259] loss_occ[1.3681] 
2026-05-27 11:43:42,715 INFO [monitor.py:131] Node[0] Epoch[4] Step[200-399] Cost Time: 260.798s Speed: 3.07 samples/sec Remaining Time: 12:35:52 Remaining step percent: 82.39%
2026-05-27 11:43:43,740 INFO [metric_updater.py:360] Node[0] Epoch[4] Step[399] GlobalStep[7435] loss_bevfusion_pointpillar_henet_multisensor_multitask_nuscenes: loss_cls[0.1700] loss_bbox[0.3205] d0.loss_cls[0.2679] d0.loss_bbox[0.4427] d1.loss_cls[0.2651] d1.loss_bbox[0.3608] d2.loss_cls[0.2333] d2.loss_bbox[0.3418] d3.loss_cls[0.1942] d3.loss_bbox[0.3317] d4.loss_cls[0.1737] d4.loss_bbox[0.3237] loss_occ[1.3683] 
2026-05-27 11:48:25,424 INFO [monitor.py:131] Node[0] Epoch[4] Step[400-599] Cost Time: 282.707s Speed: 2.83 samples/sec Remaining Time: 13:34:40 Remaining step percent: 81.91%
2026-05-27 11:48:26,711 INFO [metric_updater.py:360] Node[0] Epoch[4] Step[599] GlobalStep[7635] loss_bevfusion_pointpillar_henet_multisensor_multitask_nuscenes: loss_cls[0.1691] loss_bbox[0.3190] d0.loss_cls[0.2662] d0.loss_bbox[0.4399] d1.loss_cls[0.2630] d1.loss_bbox[0.3601] d2.loss_cls[0.2315] d2.loss_bbox[0.3409] d3.loss_cls[0.1926] d3.loss_bbox[0.3310] d4.loss_cls[0.1726] d4.loss_bbox[0.3227] loss_occ[1.3708] 
2026-05-27 11:52:55,502 INFO [monitor.py:131] Node[0] Epoch[4] Step[600-799] Cost Time: 270.076s Speed: 2.96 samples/sec Remaining Time: 12:53:46 Remaining step percent: 81.44%
2026-05-27 11:52:56,508 INFO [metric_updater.py:360] Node[0] Epoch[4] Step[799] GlobalStep[7835] loss_bevfusion_pointpillar_henet_multisensor_multitask_nuscenes: loss_cls[0.1704] loss_bbox[0.3290] d0.loss_cls[0.2650] d0.loss_bbox[0.4465] d1.loss_cls[0.2616] d1.loss_bbox[0.3696] d2.loss_cls[0.2312] d2.loss_bbox[0.3538] d3.loss_cls[0.1934] d3.loss_bbox[0.3446] d4.loss_cls[0.1735] d4.loss_bbox[0.3347] loss_occ[1.3724] 
2026-05-27 11:57:42,322 INFO [monitor.py:131] Node[0] Epoch[4] Step[800-999] Cost Time: 286.818s Speed: 2.79 samples/sec Remaining Time: 13:36:57 Remaining step percent: 80.96%
2026-05-27 11:57:43,415 INFO [metric_updater.py:360] Node[0] Epoch[4] Step[999] GlobalStep[8035] loss_bevfusion_pointpillar_henet_multisensor_multitask_nuscenes: loss_cls[0.1729] loss_bbox[0.3313] d0.loss_cls[0.2676] d0.loss_bbox[0.4510] d1.loss_cls[0.2647] d1.loss_bbox[0.3740] d2.loss_cls[0.2345] d2.loss_bbox[0.3571] d3.loss_cls[0.1960] d3.loss_bbox[0.3474] d4.loss_cls[0.1762] d4.loss_bbox[0.3370] loss_occ[1.3687] 
2026-05-27 12:02:54,242 INFO [monitor.py:131] Node[0] Epoch[4] Step[1000-1199] Cost Time: 311.917s Speed: 2.56 samples/sec Remaining Time: 14:43:14 Remaining step percent: 80.49%
2026-05-27 12:02:55,301 INFO [metric_updater.py:360] Node[0] Epoch[4] Step[1199] GlobalStep[8235] loss_bevfusion_pointpillar_henet_multisensor_multitask_nuscenes: loss_cls[0.1735] loss_bbox[0.3309] d0.loss_cls[0.2691] d0.loss_bbox[0.4503] d1.loss_cls[0.2663] d1.loss_bbox[0.3732] d2.loss_cls[0.2355] d2.loss_bbox[0.3559] d3.loss_cls[0.1967] d3.loss_bbox[0.3460] d4.loss_cls[0.1766] d4.loss_bbox[0.3362] loss_occ[1.3659] 
2026-05-27 12:07:58,557 INFO [monitor.py:131] Node[0] Epoch[4] Step[1200-1399] Cost Time: 304.313s Speed: 2.63 samples/sec Remaining Time: 14:16:38 Remaining step percent: 80.02%
2026-05-27 12:07:59,759 INFO [metric_updater.py:360] Node[0] Epoch[4] Step[1399] GlobalStep[8435] loss_bevfusion_pointpillar_henet_multisensor_multitask_nuscenes: loss_cls[0.1737] loss_bbox[0.3317] d0.loss_cls[0.2702] d0.loss_bbox[0.4507] d1.loss_cls[0.2671] d1.loss_bbox[0.3738] d2.loss_cls[0.2362] d2.loss_bbox[0.3562] d3.loss_cls[0.1973] d3.loss_bbox[0.3463] d4.loss_cls[0.1770] d4.loss_bbox[0.3365] loss_occ[1.3658] 
2026-05-27 12:12:44,880 INFO [monitor.py:131] Node[0] Epoch[4] Step[1400-1599] Cost Time: 286.322s Speed: 2.79 samples/sec Remaining Time: 13:21:13 Remaining step percent: 79.54%
2026-05-27 12:12:45,908 INFO [metric_updater.py:360] Node[0] Epoch[4] Step[1599] GlobalStep[8635] loss_bevfusion_pointpillar_henet_multisensor_multitask_nuscenes: loss_cls[0.1735] loss_bbox[0.3306] d0.loss_cls[0.2700] d0.loss_bbox[0.4494] d1.loss_cls[0.2671] d1.loss_bbox[0.3727] d2.loss_cls[0.2360] d2.loss_bbox[0.3550] d3.loss_cls[0.1971] d3.loss_bbox[0.3449] d4.loss_cls[0.1770] d4.loss_bbox[0.3353] loss_occ[1.3649] 
2026-05-27 12:16:36,574 INFO [monitor.py:146] Node[0] Epoch[4] End   ==================================================
2026-05-27 12:16:36,577 INFO [monitor.py:149] Node[0] Epoch[4] Cost Time: 2519.048s
2026-05-27 12:16:36,577 INFO [metric_updater.py:360] Node[0] Epoch[4] loss_bevfusion_pointpillar_henet_multisensor_multitask_nuscenes: loss_cls[0.1733] loss_bbox[0.3292] d0.loss_cls[0.2702] d0.loss_bbox[0.4474] d1.loss_cls[0.2673] d1.loss_bbox[0.3712] d2.loss_cls[0.2361] d2.loss_bbox[0.3533] d3.loss_cls[0.1969] d3.loss_bbox[0.3433] d4.loss_cls[0.1767] d4.loss_bbox[0.3339] loss_occ[1.3645] 
2026-05-27 12:16:36,578 INFO [validation.py:156] Node[0] [32mUse train `model` as val model.[0m
2026-05-27 12:16:36,744 INFO [loop_base.py:482] Node[0] [32mStart Predictor loop from epoch 4, num_epochs=1[0m
2026-05-27 12:16:36,748 INFO [fake_quantize.py:253] Node[0] Set fake quantize state to FakeQuantState.VALIDATION
2026-05-27 12:16:44,002 INFO [loop_base.py:553] Node[0] 0 / 1505
2026-05-27 12:17:17,611 INFO [loop_base.py:553] Node[0] 200 / 1505
2026-05-27 12:18:23,393 INFO [loop_base.py:553] Node[0] 400 / 1505
2026-05-27 12:19:33,237 INFO [loop_base.py:553] Node[0] 600 / 1505
2026-05-27 12:20:27,718 INFO [loop_base.py:553] Node[0] 800 / 1505
2026-05-27 12:21:37,313 INFO [loop_base.py:553] Node[0] 1000 / 1505
2026-05-27 12:22:29,048 INFO [loop_base.py:553] Node[0] 1200 / 1505
2026-05-27 12:23:17,316 INFO [loop_base.py:553] Node[0] 1400 / 1505
2026-05-27 12:23:51,535 INFO [nuscenes_metric.py:322] Node[0] The length of self.nusc_annos is: 1505
2026-05-27 12:24:00,301 INFO [nuscenes_metric.py:346] Node[0] Results writes to ./metric_results/bevfusion_pointpillar_henet_multisensor_multitask_nuscenes/results_nusc.json
2026-05-27 12:27:53,122 INFO [nuscenes_metric.py:388] Node[0] NDS: 0.5994, mAP:0.5493
car_AP: [0.5]:0.7202  [1.0]:0.8429  [2.0]:0.8840  [4.0]:0.9022 
truck_AP: [0.5]:0.3360  [1.0]:0.5328  [2.0]:0.6349  [4.0]:0.6774 
trailer_AP: [0.5]:0.1136  [1.0]:0.2763  [2.0]:0.4042  [4.0]:0.5833 
bus_AP: [0.5]:0.3252  [1.0]:0.5787  [2.0]:0.7519  [4.0]:0.7868 
construction_vehicle_AP: [0.5]:0.0118  [1.0]:0.1378  [2.0]:0.2864  [4.0]:0.3733 
bicycle_AP: [0.5]:0.3347  [1.0]:0.4360  [2.0]:0.4634  [4.0]:0.4817 
motorcycle_AP: [0.5]:0.4253  [1.0]:0.6267  [2.0]:0.6731  [4.0]:0.6885 
pedestrian_AP: [0.5]:0.6659  [1.0]:0.7488  [2.0]:0.7921  [4.0]:0.8171 
traffic_cone_AP: [0.5]:0.5226  [1.0]:0.6003  [2.0]:0.6603  [4.0]:0.7198 
barrier_AP: [0.5]:0.3080  [1.0]:0.5179  [2.0]:0.6331  [4.0]:0.6972 

2026-05-27 12:27:53,905 WARNING [metric.py:200] Node[0] <class 'hat.metrics.nuscenes_metric.NuscenesMetric'> not ready for distributed environment, should not be used together with DistributedSampler.Might be slow in validation due to resource competition
2026-05-27 12:27:53,921 INFO [mean_iou.py:170] Node[0] ~~~~ MeanIOU Summary metrics ~~~~
Summary:
Scope                 mIoU       mAcc       aAcc
global               49.60      58.02      76.29
Per Class Results:
Class                  IoU        Acc
others                5.70       5.95
barrier              55.37      68.65
bicycle              26.49      29.42
bus                  63.76      67.35
car                  72.33      79.79
construction_vehicle      34.33      39.47
motorcycle           44.12      49.83
pedestrian           56.75      64.97
traffic_cone         32.79      38.82
trailer              49.40      66.57
truck                58.50      70.62
driveable_surface      79.84      85.55
other_flat           32.23      35.95
sidewalk             45.42      55.89
terrain              48.64      74.40
manmade              65.38      70.27
vegetation           72.20      82.85

2026-05-27 12:27:53,922 INFO [metric_updater.py:360] Node[0] Epoch[4] Validation bevfusion_pointpillar_henet_multisensor_multitask_nuscenes: NDS[0.5994] MeanIOU[tensor(0.4960, device='cuda:0')] 
2026-05-27 12:28:02,952 INFO [checkpoint.py:233] Node[0] Save model checkpoint: ./tmp_models/bevfusion_pointpillar_henet_multisensor_multitask_nuscenes/float-checkpoint-epoch-0004-c69053f4.pth.tar
2026-05-27 12:28:04,037 INFO [checkpoint.py:270] Node[0] Save last model checkpoint: ./tmp_models/bevfusion_pointpillar_henet_multisensor_multitask_nuscenes/float-checkpoint-last-5f9fc160.pth.tar
2026-05-27 12:28:04,045 INFO [monitor.py:143] Node[0] Epoch[5] Begin ==================================================
2026-05-27 12:28:04,046 INFO [lr_updater.py:204] Node[0] Epoch[5] Step[0] GlobalStep[8795] lr=0.000359
2026-05-27 12:32:44,086 INFO [monitor.py:131] Node[0] Epoch[5] Step[0-199] Cost Time: 280.039s Speed: 2.86 samples/sec Remaining Time: 12:59:09 Remaining step percent: 78.69%
2026-05-27 12:32:45,064 INFO [metric_updater.py:360] Node[0] Epoch[5] Step[199] GlobalStep[8994] loss_bevfusion_pointpillar_henet_multisensor_multitask_nuscenes: loss_cls[0.1551] loss_bbox[0.3014] d0.loss_cls[0.2574] d0.loss_bbox[0.4092] d1.loss_cls[0.2529] d1.loss_bbox[0.3384] d2.loss_cls[0.2188] d2.loss_bbox[0.3219] d3.loss_cls[0.1777] d3.loss_bbox[0.3128] d4.loss_cls[0.1581] d4.loss_bbox[0.3041] loss_occ[1.3110] 
2026-05-27 12:37:18,262 INFO [monitor.py:131] Node[0] Epoch[5] Step[200-399] Cost Time: 274.173s Speed: 2.92 samples/sec Remaining Time: 12:34:27 Remaining step percent: 78.22%
2026-05-27 12:37:19,368 INFO [metric_updater.py:360] Node[0] Epoch[5] Step[399] GlobalStep[9194] loss_bevfusion_pointpillar_henet_multisensor_multitask_nuscenes: loss_cls[0.1547] loss_bbox[0.3081] d0.loss_cls[0.2574] d0.loss_bbox[0.4137] d1.loss_cls[0.2533] d1.loss_bbox[0.3421] d2.loss_cls[0.2191] d2.loss_bbox[0.3263] d3.loss_cls[0.1775] d3.loss_bbox[0.3183] d4.loss_cls[0.1577] d4.loss_bbox[0.3114] loss_occ[1.3232] 
2026-05-27 12:41:50,972 INFO [monitor.py:131] Node[0] Epoch[5] Step[400-599] Cost Time: 272.707s Speed: 2.93 samples/sec Remaining Time: 12:25:52 Remaining step percent: 77.75%
2026-05-27 12:41:52,161 INFO [metric_updater.py:360] Node[0] Epoch[5] Step[599] GlobalStep[9394] loss_bevfusion_pointpillar_henet_multisensor_multitask_nuscenes: loss_cls[0.1584] loss_bbox[0.3197] d0.loss_cls[0.2597] d0.loss_bbox[0.4341] d1.loss_cls[0.2564] d1.loss_bbox[0.3602] d2.loss_cls[0.2226] d2.loss_bbox[0.3437] d3.loss_cls[0.1819] d3.loss_bbox[0.3343] d4.loss_cls[0.1622] d4.loss_bbox[0.3248] loss_occ[1.3193] 
2026-05-27 12:46:38,287 INFO [monitor.py:131] Node[0] Epoch[5] Step[600-799] Cost Time: 287.313s Speed: 2.78 samples/sec Remaining Time: 13:01:02 Remaining step percent: 77.27%
2026-05-27 12:46:39,403 INFO [metric_updater.py:360] Node[0] Epoch[5] Step[799] GlobalStep[9594] loss_bevfusion_pointpillar_henet_multisensor_multitask_nuscenes: loss_cls[0.1621] loss_bbox[0.3262] d0.loss_cls[0.2605] d0.loss_bbox[0.4500] d1.loss_cls[0.2577] d1.loss_bbox[0.3745] d2.loss_cls[0.2251] d2.loss_bbox[0.3561] d3.loss_cls[0.1851] d3.loss_bbox[0.3443] d4.loss_cls[0.1656] d4.loss_bbox[0.3329] loss_occ[1.3278] 
2026-05-27 12:51:01,576 INFO [monitor.py:131] Node[0] Epoch[5] Step[800-999] Cost Time: 263.287s Speed: 3.04 samples/sec Remaining Time: 11:51:20 Remaining step percent: 76.80%
2026-05-27 12:51:02,850 INFO [metric_updater.py:360] Node[0] Epoch[5] Step[999] GlobalStep[9794] loss_bevfusion_pointpillar_henet_multisensor_multitask_nuscenes: loss_cls[0.1616] loss_bbox[0.3222] d0.loss_cls[0.2599] d0.loss_bbox[0.4496] d1.loss_cls[0.2571] d1.loss_bbox[0.3724] d2.loss_cls[0.2248] d2.loss_bbox[0.3519] d3.loss_cls[0.1847] d3.loss_bbox[0.3398] d4.loss_cls[0.1650] d4.loss_bbox[0.3287] loss_occ[1.3329] 
2026-05-27 12:56:18,761 INFO [monitor.py:131] Node[0] Epoch[5] Step[1000-1199] Cost Time: 317.184s Speed: 2.52 samples/sec Remaining Time: 14:11:39 Remaining step percent: 76.32%
2026-05-27 12:56:19,848 INFO [metric_updater.py:360] Node[0] Epoch[5] Step[1199] GlobalStep[9994] loss_bevfusion_pointpillar_henet_multisensor_multitask_nuscenes: loss_cls[0.1611] loss_bbox[0.3188] d0.loss_cls[0.2592] d0.loss_bbox[0.4431] d1.loss_cls[0.2564] d1.loss_bbox[0.3668] d2.loss_cls[0.2239] d2.loss_bbox[0.3470] d3.loss_cls[0.1840] d3.loss_bbox[0.3356] d4.loss_cls[0.1644] d4.loss_bbox[0.3250] loss_occ[1.3353] 
2026-05-27 13:01:25,744 INFO [monitor.py:131] Node[0] Epoch[5] Step[1200-1399] Cost Time: 306.981s Speed: 2.61 samples/sec Remaining Time: 13:39:09 Remaining step percent: 75.85%
2026-05-27 13:01:27,039 INFO [metric_updater.py:360] Node[0] Epoch[5] Step[1399] GlobalStep[10194] loss_bevfusion_pointpillar_henet_multisensor_multitask_nuscenes: loss_cls[0.1618] loss_bbox[0.3233] d0.loss_cls[0.2592] d0.loss_bbox[0.4445] d1.loss_cls[0.2567] d1.loss_bbox[0.3703] d2.loss_cls[0.2239] d2.loss_bbox[0.3523] d3.loss_cls[0.1846] d3.loss_bbox[0.3410] d4.loss_cls[0.1651] d4.loss_bbox[0.3298] loss_occ[1.3334] 
2026-05-27 13:06:36,298 INFO [monitor.py:131] Node[0] Epoch[5] Step[1400-1599] Cost Time: 310.551s Speed: 2.58 samples/sec Remaining Time: 13:43:30 Remaining step percent: 75.38%
2026-05-27 13:06:37,540 INFO [metric_updater.py:360] Node[0] Epoch[5] Step[1599] GlobalStep[10394] loss_bevfusion_pointpillar_henet_multisensor_multitask_nuscenes: loss_cls[0.1616] loss_bbox[0.3230] d0.loss_cls[0.2583] d0.loss_bbox[0.4473] d1.loss_cls[0.2561] d1.loss_bbox[0.3722] d2.loss_cls[0.2234] d2.loss_bbox[0.3537] d3.loss_cls[0.1843] d3.loss_bbox[0.3418] d4.loss_cls[0.1648] d4.loss_bbox[0.3302] loss_occ[1.3329] 
2026-05-27 13:10:30,533 INFO [monitor.py:146] Node[0] Epoch[5] End   ==================================================
2026-05-27 13:10:30,537 INFO [monitor.py:149] Node[0] Epoch[5] Cost Time: 2546.491s
2026-05-27 13:10:30,537 INFO [metric_updater.py:360] Node[0] Epoch[5] loss_bevfusion_pointpillar_henet_multisensor_multitask_nuscenes: loss_cls[0.1608] loss_bbox[0.3208] d0.loss_cls[0.2584] d0.loss_bbox[0.4444] d1.loss_cls[0.2563] d1.loss_bbox[0.3694] d2.loss_cls[0.2231] d2.loss_bbox[0.3509] d3.loss_cls[0.1836] d3.loss_bbox[0.3392] d4.loss_cls[0.1640] d4.loss_bbox[0.3278] loss_occ[1.3300] 
2026-05-27 13:10:30,537 INFO [validation.py:156] Node[0] [32mUse train `model` as val model.[0m
2026-05-27 13:10:30,704 INFO [loop_base.py:482] Node[0] [32mStart Predictor loop from epoch 5, num_epochs=1[0m
2026-05-27 13:10:30,707 INFO [fake_quantize.py:253] Node[0] Set fake quantize state to FakeQuantState.VALIDATION
2026-05-27 13:10:37,887 INFO [loop_base.py:553] Node[0] 0 / 1505
2026-05-27 13:11:11,035 INFO [loop_base.py:553] Node[0] 200 / 1505
2026-05-27 13:11:57,701 INFO [loop_base.py:553] Node[0] 400 / 1505
2026-05-27 13:13:00,185 INFO [loop_base.py:553] Node[0] 600 / 1505
2026-05-27 13:13:52,026 INFO [loop_base.py:553] Node[0] 800 / 1505
2026-05-27 13:14:36,262 INFO [loop_base.py:553] Node[0] 1000 / 1505
2026-05-27 13:15:10,145 INFO [loop_base.py:553] Node[0] 1200 / 1505
2026-05-27 13:15:45,274 INFO [loop_base.py:553] Node[0] 1400 / 1505
2026-05-27 13:16:34,133 INFO [nuscenes_metric.py:322] Node[0] The length of self.nusc_annos is: 1505
2026-05-27 13:16:42,952 INFO [nuscenes_metric.py:346] Node[0] Results writes to ./metric_results/bevfusion_pointpillar_henet_multisensor_multitask_nuscenes/results_nusc.json
2026-05-27 13:20:44,872 INFO [nuscenes_metric.py:388] Node[0] NDS: 0.6058, mAP:0.5435
car_AP: [0.5]:0.6963  [1.0]:0.8162  [2.0]:0.8597  [4.0]:0.8824 
truck_AP: [0.5]:0.3297  [1.0]:0.5357  [2.0]:0.6080  [4.0]:0.6467 
trailer_AP: [0.5]:0.0625  [1.0]:0.2533  [2.0]:0.3824  [4.0]:0.4813 
bus_AP: [0.5]:0.4006  [1.0]:0.6195  [2.0]:0.7478  [4.0]:0.7929 
construction_vehicle_AP: [0.5]:0.0102  [1.0]:0.1345  [2.0]:0.2992  [4.0]:0.3721 
bicycle_AP: [0.5]:0.3414  [1.0]:0.4377  [2.0]:0.4645  [4.0]:0.4782 
motorcycle_AP: [0.5]:0.4502  [1.0]:0.6042  [2.0]:0.6534  [4.0]:0.6673 
pedestrian_AP: [0.5]:0.6606  [1.0]:0.7483  [2.0]:0.7956  [4.0]:0.8245 
traffic_cone_AP: [0.5]:0.5079  [1.0]:0.5902  [2.0]:0.6415  [4.0]:0.6995 
barrier_AP: [0.5]:0.3197  [1.0]:0.5348  [2.0]:0.6640  [4.0]:0.7237 

2026-05-27 13:20:45,623 WARNING [metric.py:200] Node[0] <class 'hat.metrics.nuscenes_metric.NuscenesMetric'> not ready for distributed environment, should not be used together with DistributedSampler.Might be slow in validation due to resource competition
2026-05-27 13:20:45,640 INFO [mean_iou.py:170] Node[0] ~~~~ MeanIOU Summary metrics ~~~~
Summary:
Scope                 mIoU       mAcc       aAcc
global               47.86      55.31      73.54
Per Class Results:
Class                  IoU        Acc
others                5.82       6.19
barrier              52.21      65.70
bicycle              27.40      30.79
bus                  63.17      68.93
car                  69.15      77.28
construction_vehicle      33.15      40.05
motorcycle           38.03      41.51
pedestrian           55.20      63.83
traffic_cone         27.22      30.62
trailer              43.29      55.03
truck                54.63      64.67
driveable_surface      80.15      88.77
other_flat           33.76      38.90
sidewalk             47.17      61.15
terrain              51.98      64.13
manmade              62.27      67.16
vegetation           68.97      75.50

2026-05-27 13:20:45,641 INFO [metric_updater.py:360] Node[0] Epoch[5] Validation bevfusion_pointpillar_henet_multisensor_multitask_nuscenes: NDS[0.6058] MeanIOU[tensor(0.4786, device='cuda:0')] 
2026-05-27 13:20:54,431 INFO [checkpoint.py:233] Node[0] Save model checkpoint: ./tmp_models/bevfusion_pointpillar_henet_multisensor_multitask_nuscenes/float-checkpoint-epoch-0005-0d45cb23.pth.tar
2026-05-27 13:20:55,494 INFO [checkpoint.py:270] Node[0] Save last model checkpoint: ./tmp_models/bevfusion_pointpillar_henet_multisensor_multitask_nuscenes/float-checkpoint-last-60d6e137.pth.tar
2026-05-27 13:20:55,502 INFO [monitor.py:143] Node[0] Epoch[6] Begin ==================================================
2026-05-27 13:20:55,503 INFO [lr_updater.py:204] Node[0] Epoch[6] Step[0] GlobalStep[10554] lr=0.000341
2026-05-27 13:25:35,015 INFO [monitor.py:131] Node[0] Epoch[6] Step[0-199] Cost Time: 279.510s Speed: 2.86 samples/sec Remaining Time: 12:16:30 Remaining step percent: 74.53%
2026-05-27 13:25:36,132 INFO [metric_updater.py:360] Node[0] Epoch[6] Step[199] GlobalStep[10753] loss_bevfusion_pointpillar_henet_multisensor_multitask_nuscenes: loss_cls[0.1570] loss_bbox[0.3146] d0.loss_cls[0.2624] d0.loss_bbox[0.4214] d1.loss_cls[0.2616] d1.loss_bbox[0.3490] d2.loss_cls[0.2254] d2.loss_bbox[0.3338] d3.loss_cls[0.1819] d3.loss_bbox[0.3243] d4.loss_cls[0.1610] d4.loss_bbox[0.3175] loss_occ[1.3146] 
2026-05-27 13:30:07,584 INFO [monitor.py:131] Node[0] Epoch[6] Step[200-399] Cost Time: 272.567s Speed: 2.94 samples/sec Remaining Time: 11:50:04 Remaining step percent: 74.05%
2026-05-27 13:30:08,649 INFO [metric_updater.py:360] Node[0] Epoch[6] Step[399] GlobalStep[10953] loss_bevfusion_pointpillar_henet_multisensor_multitask_nuscenes: loss_cls[0.1553] loss_bbox[0.3097] d0.loss_cls[0.2595] d0.loss_bbox[0.4180] d1.loss_cls[0.2580] d1.loss_bbox[0.3460] d2.loss_cls[0.2218] d2.loss_bbox[0.3305] d3.loss_cls[0.1789] d3.loss_bbox[0.3215] d4.loss_cls[0.1594] d4.loss_bbox[0.3137] loss_occ[1.3041] 
2026-05-27 13:34:59,044 INFO [monitor.py:131] Node[0] Epoch[6] Step[400-599] Cost Time: 291.457s Speed: 2.74 samples/sec Remaining Time: 12:34:26 Remaining step percent: 73.58%
2026-05-27 13:35:00,357 INFO [metric_updater.py:360] Node[0] Epoch[6] Step[599] GlobalStep[11153] loss_bevfusion_pointpillar_henet_multisensor_multitask_nuscenes: loss_cls[0.1542] loss_bbox[0.3060] d0.loss_cls[0.2589] d0.loss_bbox[0.4131] d1.loss_cls[0.2575] d1.loss_bbox[0.3424] d2.loss_cls[0.2207] d2.loss_bbox[0.3263] d3.loss_cls[0.1777] d3.loss_bbox[0.3176] d4.loss_cls[0.1577] d4.loss_bbox[0.3095] loss_occ[1.2962] 
2026-05-27 13:39:35,745 INFO [monitor.py:131] Node[0] Epoch[6] Step[600-799] Cost Time: 276.699s Speed: 2.89 samples/sec Remaining Time: 11:51:37 Remaining step percent: 73.10%
2026-05-27 13:39:36,810 INFO [metric_updater.py:360] Node[0] Epoch[6] Step[799] GlobalStep[11353] loss_bevfusion_pointpillar_henet_multisensor_multitask_nuscenes: loss_cls[0.1514] loss_bbox[0.3021] d0.loss_cls[0.2556] d0.loss_bbox[0.4085] d1.loss_cls[0.2535] d1.loss_bbox[0.3382] d2.loss_cls[0.2169] d2.loss_bbox[0.3222] d3.loss_cls[0.1750] d3.loss_bbox[0.3135] d4.loss_cls[0.1548] d4.loss_bbox[0.3058] loss_occ[1.3022] 
2026-05-27 13:44:12,944 INFO [monitor.py:131] Node[0] Epoch[6] Step[800-999] Cost Time: 277.196s Speed: 2.89 samples/sec Remaining Time: 11:48:16 Remaining step percent: 72.63%
2026-05-27 13:44:14,146 INFO [metric_updater.py:360] Node[0] Epoch[6] Step[999] GlobalStep[11553] loss_bevfusion_pointpillar_henet_multisensor_multitask_nuscenes: loss_cls[0.1527] loss_bbox[0.3077] d0.loss_cls[0.2565] d0.loss_bbox[0.4138] d1.loss_cls[0.2548] d1.loss_bbox[0.3436] d2.loss_cls[0.2182] d2.loss_bbox[0.3287] d3.loss_cls[0.1761] d3.loss_bbox[0.3196] d4.loss_cls[0.1559] d4.loss_bbox[0.3120] loss_occ[1.2996] 
2026-05-27 13:48:48,628 INFO [monitor.py:131] Node[0] Epoch[6] Step[1000-1199] Cost Time: 275.682s Speed: 2.90 samples/sec Remaining Time: 11:39:49 Remaining step percent: 72.16%
2026-05-27 13:48:49,869 INFO [metric_updater.py:360] Node[0] Epoch[6] Step[1199] GlobalStep[11753] loss_bevfusion_pointpillar_henet_multisensor_multitask_nuscenes: loss_cls[0.1538] loss_bbox[0.3098] d0.loss_cls[0.2568] d0.loss_bbox[0.4232] d1.loss_cls[0.2552] d1.loss_bbox[0.3515] d2.loss_cls[0.2190] d2.loss_bbox[0.3350] d3.loss_cls[0.1770] d3.loss_bbox[0.3246] d4.loss_cls[0.1570] d4.loss_bbox[0.3151] loss_occ[1.2979] 
2026-05-27 13:53:32,337 INFO [monitor.py:131] Node[0] Epoch[6] Step[1200-1399] Cost Time: 283.706s Speed: 2.82 samples/sec Remaining Time: 11:55:27 Remaining step percent: 71.68%
2026-05-27 13:53:33,544 INFO [metric_updater.py:360] Node[0] Epoch[6] Step[1399] GlobalStep[11953] loss_bevfusion_pointpillar_henet_multisensor_multitask_nuscenes: loss_cls[0.1518] loss_bbox[0.3052] d0.loss_cls[0.2549] d0.loss_bbox[0.4170] d1.loss_cls[0.2532] d1.loss_bbox[0.3464] d2.loss_cls[0.2170] d2.loss_bbox[0.3299] d3.loss_cls[0.1750] d3.loss_bbox[0.3197] d4.loss_cls[0.1550] d4.loss_bbox[0.3104] loss_occ[1.3018] 
2026-05-27 13:57:50,813 INFO [monitor.py:131] Node[0] Epoch[6] Step[1400-1599] Cost Time: 258.473s Speed: 3.10 samples/sec Remaining Time: 10:47:31 Remaining step percent: 71.21%
2026-05-27 13:57:52,039 INFO [metric_updater.py:360] Node[0] Epoch[6] Step[1599] GlobalStep[12153] loss_bevfusion_pointpillar_henet_multisensor_multitask_nuscenes: loss_cls[0.1522] loss_bbox[0.3055] d0.loss_cls[0.2557] d0.loss_bbox[0.4168] d1.loss_cls[0.2539] d1.loss_bbox[0.3463] d2.loss_cls[0.2176] d2.loss_bbox[0.3298] d3.loss_cls[0.1754] d3.loss_bbox[0.3197] d4.loss_cls[0.1556] d4.loss_bbox[0.3106] loss_occ[1.3009] 
2026-05-27 14:01:11,329 INFO [monitor.py:146] Node[0] Epoch[6] End   ==================================================
2026-05-27 14:01:11,332 INFO [monitor.py:149] Node[0] Epoch[6] Cost Time: 2415.829s
2026-05-27 14:01:11,332 INFO [metric_updater.py:360] Node[0] Epoch[6] loss_bevfusion_pointpillar_henet_multisensor_multitask_nuscenes: loss_cls[0.1528] loss_bbox[0.3066] d0.loss_cls[0.2568] d0.loss_bbox[0.4177] d1.loss_cls[0.2551] d1.loss_bbox[0.3473] d2.loss_cls[0.2185] d2.loss_bbox[0.3308] d3.loss_cls[0.1761] d3.loss_bbox[0.3208] d4.loss_cls[0.1561] d4.loss_bbox[0.3117] loss_occ[1.3007] 
2026-05-27 14:01:11,332 INFO [validation.py:156] Node[0] [32mUse train `model` as val model.[0m
2026-05-27 14:01:11,505 INFO [loop_base.py:482] Node[0] [32mStart Predictor loop from epoch 6, num_epochs=1[0m
2026-05-27 14:01:11,508 INFO [fake_quantize.py:253] Node[0] Set fake quantize state to FakeQuantState.VALIDATION
2026-05-27 14:01:18,211 INFO [loop_base.py:553] Node[0] 0 / 1505
2026-05-27 14:01:51,712 INFO [loop_base.py:553] Node[0] 200 / 1505
2026-05-27 14:02:30,514 INFO [loop_base.py:553] Node[0] 400 / 1505
2026-05-27 14:03:40,026 INFO [loop_base.py:553] Node[0] 600 / 1505
2026-05-27 14:04:26,682 INFO [loop_base.py:553] Node[0] 800 / 1505
2026-05-27 14:05:18,668 INFO [loop_base.py:553] Node[0] 1000 / 1505
2026-05-27 14:06:06,128 INFO [loop_base.py:553] Node[0] 1200 / 1505
2026-05-27 14:07:00,404 INFO [loop_base.py:553] Node[0] 1400 / 1505
2026-05-27 14:07:29,077 INFO [nuscenes_metric.py:322] Node[0] The length of self.nusc_annos is: 1505
2026-05-27 14:07:37,838 INFO [nuscenes_metric.py:346] Node[0] Results writes to ./metric_results/bevfusion_pointpillar_henet_multisensor_multitask_nuscenes/results_nusc.json
2026-05-27 14:11:30,129 INFO [nuscenes_metric.py:388] Node[0] NDS: 0.6154, mAP:0.5620
car_AP: [0.5]:0.7330  [1.0]:0.8528  [2.0]:0.8887  [4.0]:0.9059 
truck_AP: [0.5]:0.3276  [1.0]:0.5371  [2.0]:0.6307  [4.0]:0.6742 
trailer_AP: [0.5]:0.0987  [1.0]:0.2825  [2.0]:0.4336  [4.0]:0.5662 
bus_AP: [0.5]:0.4704  [1.0]:0.7049  [2.0]:0.8085  [4.0]:0.8380 
construction_vehicle_AP: [0.5]:0.0044  [1.0]:0.1214  [2.0]:0.2796  [4.0]:0.3662 
bicycle_AP: [0.5]:0.3218  [1.0]:0.4602  [2.0]:0.4960  [4.0]:0.5147 
motorcycle_AP: [0.5]:0.4248  [1.0]:0.6133  [2.0]:0.6964  [4.0]:0.7125 
pedestrian_AP: [0.5]:0.6658  [1.0]:0.7557  [2.0]:0.7950  [4.0]:0.8218 
traffic_cone_AP: [0.5]:0.4899  [1.0]:0.5723  [2.0]:0.6318  [4.0]:0.7018 
barrier_AP: [0.5]:0.3389  [1.0]:0.5535  [2.0]:0.6685  [4.0]:0.7206 

2026-05-27 14:11:30,800 WARNING [metric.py:200] Node[0] <class 'hat.metrics.nuscenes_metric.NuscenesMetric'> not ready for distributed environment, should not be used together with DistributedSampler.Might be slow in validation due to resource competition
2026-05-27 14:11:30,817 INFO [mean_iou.py:170] Node[0] ~~~~ MeanIOU Summary metrics ~~~~
Summary:
Scope                 mIoU       mAcc       aAcc
global               48.63      56.08      75.08
Per Class Results:
Class                  IoU        Acc
others                5.48       5.79
barrier              52.23      62.56
bicycle              27.43      31.21
bus                  67.80      72.45
car                  69.96      77.60
construction_vehicle      32.11      37.00
motorcycle           40.01      43.52
pedestrian           53.50      60.05
traffic_cone         26.83      30.05
trailer              46.31      62.74
truck                56.22      66.41
driveable_surface      81.34      87.80
other_flat           34.25      38.55
sidewalk             47.09      58.54
terrain              51.88      71.58
manmade              65.32      70.28
vegetation           68.89      77.20

2026-05-27 14:11:30,819 INFO [metric_updater.py:360] Node[0] Epoch[6] Validation bevfusion_pointpillar_henet_multisensor_multitask_nuscenes: NDS[0.6154] MeanIOU[tensor(0.4863, device='cuda:0')] 
2026-05-27 14:11:39,470 INFO [checkpoint.py:233] Node[0] Save model checkpoint: ./tmp_models/bevfusion_pointpillar_henet_multisensor_multitask_nuscenes/float-checkpoint-epoch-0006-80194444.pth.tar
2026-05-27 14:11:40,542 INFO [checkpoint.py:270] Node[0] Save last model checkpoint: ./tmp_models/bevfusion_pointpillar_henet_multisensor_multitask_nuscenes/float-checkpoint-last-ed2db163.pth.tar
2026-05-27 14:11:40,551 INFO [monitor.py:143] Node[0] Epoch[7] Begin ==================================================
2026-05-27 14:11:40,551 INFO [lr_updater.py:204] Node[0] Epoch[7] Step[0] GlobalStep[12313] lr=0.000322
2026-05-27 14:16:24,388 INFO [monitor.py:131] Node[0] Epoch[7] Step[0-199] Cost Time: 283.835s Speed: 2.82 samples/sec Remaining Time: 11:46:05 Remaining step percent: 70.36%
2026-05-27 14:16:25,319 INFO [metric_updater.py:360] Node[0] Epoch[7] Step[199] GlobalStep[12512] loss_bevfusion_pointpillar_henet_multisensor_multitask_nuscenes: loss_cls[0.1409] loss_bbox[0.2889] d0.loss_cls[0.2477] d0.loss_bbox[0.3936] d1.loss_cls[0.2465] d1.loss_bbox[0.3254] d2.loss_cls[0.2090] d2.loss_bbox[0.3097] d3.loss_cls[0.1637] d3.loss_bbox[0.3003] d4.loss_cls[0.1439] d4.loss_bbox[0.2929] loss_occ[1.2754] 
2026-05-27 14:20:48,795 INFO [monitor.py:131] Node[0] Epoch[7] Step[200-399] Cost Time: 264.404s Speed: 3.03 samples/sec Remaining Time: 10:50:03 Remaining step percent: 69.89%
2026-05-27 14:20:50,022 INFO [metric_updater.py:360] Node[0] Epoch[7] Step[399] GlobalStep[12712] loss_bevfusion_pointpillar_henet_multisensor_multitask_nuscenes: loss_cls[0.1438] loss_bbox[0.2920] d0.loss_cls[0.2521] d0.loss_bbox[0.3976] d1.loss_cls[0.2503] d1.loss_bbox[0.3295] d2.loss_cls[0.2121] d2.loss_bbox[0.3133] d3.loss_cls[0.1667] d3.loss_bbox[0.3043] d4.loss_cls[0.1471] d4.loss_bbox[0.2962] loss_occ[1.2831] 
2026-05-27 14:25:22,217 INFO [monitor.py:131] Node[0] Epoch[7] Step[400-599] Cost Time: 273.419s Speed: 2.93 samples/sec Remaining Time: 11:07:39 Remaining step percent: 69.41%
2026-05-27 14:25:23,440 INFO [metric_updater.py:360] Node[0] Epoch[7] Step[599] GlobalStep[12912] loss_bevfusion_pointpillar_henet_multisensor_multitask_nuscenes: loss_cls[0.1436] loss_bbox[0.2933] d0.loss_cls[0.2510] d0.loss_bbox[0.3985] d1.loss_cls[0.2492] d1.loss_bbox[0.3310] d2.loss_cls[0.2107] d2.loss_bbox[0.3147] d3.loss_cls[0.1664] d3.loss_bbox[0.3057] d4.loss_cls[0.1470] d4.loss_bbox[0.2975] loss_occ[1.2800] 
2026-05-27 14:29:48,553 INFO [monitor.py:131] Node[0] Epoch[7] Step[600-799] Cost Time: 266.333s Speed: 3.00 samples/sec Remaining Time: 10:45:55 Remaining step percent: 68.94%
2026-05-27 14:29:53,469 INFO [metric_updater.py:360] Node[0] Epoch[7] Step[799] GlobalStep[13112] loss_bevfusion_pointpillar_henet_multisensor_multitask_nuscenes: loss_cls[0.1461] loss_bbox[0.3035] d0.loss_cls[0.2496] d0.loss_bbox[0.4119] d1.loss_cls[0.2482] d1.loss_bbox[0.3452] d2.loss_cls[0.2114] d2.loss_bbox[0.3305] d3.loss_cls[0.1687] d3.loss_bbox[0.3205] d4.loss_cls[0.1490] d4.loss_bbox[0.3117] loss_occ[1.2784] 
2026-05-27 14:34:24,706 INFO [monitor.py:131] Node[0] Epoch[7] Step[800-999] Cost Time: 276.151s Speed: 2.90 samples/sec Remaining Time: 11:05:07 Remaining step percent: 68.46%
2026-05-27 14:34:25,789 INFO [metric_updater.py:360] Node[0] Epoch[7] Step[999] GlobalStep[13312] loss_bevfusion_pointpillar_henet_multisensor_multitask_nuscenes: loss_cls[0.1468] loss_bbox[0.3077] d0.loss_cls[0.2489] d0.loss_bbox[0.4202] d1.loss_cls[0.2476] d1.loss_bbox[0.3528] d2.loss_cls[0.2111] d2.loss_bbox[0.3377] d3.loss_cls[0.1693] d3.loss_bbox[0.3264] d4.loss_cls[0.1496] d4.loss_bbox[0.3159] loss_occ[1.2773] 
2026-05-27 14:39:14,209 INFO [monitor.py:131] Node[0] Epoch[7] Step[1000-1199] Cost Time: 289.500s Speed: 2.76 samples/sec Remaining Time: 11:32:27 Remaining step percent: 67.99%
2026-05-27 14:39:15,462 INFO [metric_updater.py:360] Node[0] Epoch[7] Step[1199] GlobalStep[13512] loss_bevfusion_pointpillar_henet_multisensor_multitask_nuscenes: loss_cls[0.1464] loss_bbox[0.3065] d0.loss_cls[0.2487] d0.loss_bbox[0.4217] d1.loss_cls[0.2470] d1.loss_bbox[0.3521] d2.loss_cls[0.2104] d2.loss_bbox[0.3367] d3.loss_cls[0.1686] d3.loss_bbox[0.3250] d4.loss_cls[0.1491] d4.loss_bbox[0.3144] loss_occ[1.2766] 
2026-05-27 14:44:14,382 INFO [monitor.py:131] Node[0] Epoch[7] Step[1200-1399] Cost Time: 300.171s Speed: 2.67 samples/sec Remaining Time: 11:52:58 Remaining step percent: 67.52%
2026-05-27 14:44:15,808 INFO [metric_updater.py:360] Node[0] Epoch[7] Step[1399] GlobalStep[13712] loss_bevfusion_pointpillar_henet_multisensor_multitask_nuscenes: loss_cls[0.1451] loss_bbox[0.3036] d0.loss_cls[0.2475] d0.loss_bbox[0.4172] d1.loss_cls[0.2454] d1.loss_bbox[0.3481] d2.loss_cls[0.2085] d2.loss_bbox[0.3326] d3.loss_cls[0.1671] d3.loss_bbox[0.3212] d4.loss_cls[0.1479] d4.loss_bbox[0.3110] loss_occ[1.2763] 
2026-05-27 14:48:54,600 INFO [monitor.py:131] Node[0] Epoch[7] Step[1400-1599] Cost Time: 280.215s Speed: 2.85 samples/sec Remaining Time: 11:00:54 Remaining step percent: 67.04%
2026-05-27 14:48:55,579 INFO [metric_updater.py:360] Node[0] Epoch[7] Step[1599] GlobalStep[13912] loss_bevfusion_pointpillar_henet_multisensor_multitask_nuscenes: loss_cls[0.1453] loss_bbox[0.3045] d0.loss_cls[0.2477] d0.loss_bbox[0.4189] d1.loss_cls[0.2457] d1.loss_bbox[0.3495] d2.loss_cls[0.2086] d2.loss_bbox[0.3339] d3.loss_cls[0.1672] d3.loss_bbox[0.3225] d4.loss_cls[0.1480] d4.loss_bbox[0.3121] loss_occ[1.2787] 
2026-05-27 14:52:41,764 INFO [monitor.py:146] Node[0] Epoch[7] End   ==================================================
2026-05-27 14:52:41,766 INFO [monitor.py:149] Node[0] Epoch[7] Cost Time: 2461.215s
2026-05-27 14:52:41,766 INFO [metric_updater.py:360] Node[0] Epoch[7] loss_bevfusion_pointpillar_henet_multisensor_multitask_nuscenes: loss_cls[0.1448] loss_bbox[0.3046] d0.loss_cls[0.2471] d0.loss_bbox[0.4210] d1.loss_cls[0.2453] d1.loss_bbox[0.3510] d2.loss_cls[0.2081] d2.loss_bbox[0.3344] d3.loss_cls[0.1669] d3.loss_bbox[0.3226] d4.loss_cls[0.1476] d4.loss_bbox[0.3119] loss_occ[1.2766] 
2026-05-27 14:52:41,767 INFO [validation.py:156] Node[0] [32mUse train `model` as val model.[0m
2026-05-27 14:52:41,933 INFO [loop_base.py:482] Node[0] [32mStart Predictor loop from epoch 7, num_epochs=1[0m
2026-05-27 14:52:41,936 INFO [fake_quantize.py:253] Node[0] Set fake quantize state to FakeQuantState.VALIDATION
2026-05-27 14:52:49,086 INFO [loop_base.py:553] Node[0] 0 / 1505
2026-05-27 14:53:21,922 INFO [loop_base.py:553] Node[0] 200 / 1505
2026-05-27 14:54:19,628 INFO [loop_base.py:553] Node[0] 400 / 1505
2026-05-27 14:55:03,806 INFO [loop_base.py:553] Node[0] 600 / 1505
2026-05-27 14:56:01,662 INFO [loop_base.py:553] Node[0] 800 / 1505
2026-05-27 14:57:34,512 INFO [loop_base.py:553] Node[0] 1000 / 1505
2026-05-27 14:58:28,426 INFO [loop_base.py:553] Node[0] 1200 / 1505
2026-05-27 14:59:19,382 INFO [loop_base.py:553] Node[0] 1400 / 1505
2026-05-27 14:59:46,219 INFO [nuscenes_metric.py:322] Node[0] The length of self.nusc_annos is: 1505
2026-05-27 14:59:54,774 INFO [nuscenes_metric.py:346] Node[0] Results writes to ./metric_results/bevfusion_pointpillar_henet_multisensor_multitask_nuscenes/results_nusc.json
2026-05-27 15:03:43,907 INFO [nuscenes_metric.py:388] Node[0] NDS: 0.6109, mAP:0.5560
car_AP: [0.5]:0.7157  [1.0]:0.8493  [2.0]:0.8890  [4.0]:0.9057 
truck_AP: [0.5]:0.3082  [1.0]:0.5294  [2.0]:0.6441  [4.0]:0.6848 
trailer_AP: [0.5]:0.0815  [1.0]:0.2640  [2.0]:0.4133  [4.0]:0.5874 
bus_AP: [0.5]:0.3643  [1.0]:0.6293  [2.0]:0.7877  [4.0]:0.8306 
construction_vehicle_AP: [0.5]:0.0105  [1.0]:0.1308  [2.0]:0.2743  [4.0]:0.3654 
bicycle_AP: [0.5]:0.3401  [1.0]:0.4572  [2.0]:0.4780  [4.0]:0.4974 
motorcycle_AP: [0.5]:0.3987  [1.0]:0.6237  [2.0]:0.6823  [4.0]:0.6988 
pedestrian_AP: [0.5]:0.6635  [1.0]:0.7553  [2.0]:0.7978  [4.0]:0.8248 
traffic_cone_AP: [0.5]:0.5169  [1.0]:0.6105  [2.0]:0.6658  [4.0]:0.7255 
barrier_AP: [0.5]:0.3287  [1.0]:0.5394  [2.0]:0.6551  [4.0]:0.7142 

2026-05-27 15:03:44,499 WARNING [metric.py:200] Node[0] <class 'hat.metrics.nuscenes_metric.NuscenesMetric'> not ready for distributed environment, should not be used together with DistributedSampler.Might be slow in validation due to resource competition
2026-05-27 15:03:44,515 INFO [mean_iou.py:170] Node[0] ~~~~ MeanIOU Summary metrics ~~~~
Summary:
Scope                 mIoU       mAcc       aAcc
global               50.04      57.95      76.19
Per Class Results:
Class                  IoU        Acc
others                5.81       6.12
barrier              53.82      66.62
bicycle              27.90      31.89
bus                  65.55      68.51
car                  71.82      81.52
construction_vehicle      32.48      36.98
motorcycle           38.26      40.90
pedestrian           55.93      64.39
traffic_cone         33.24      41.45
trailer              48.84      65.10
truck                58.57      69.33
driveable_surface      81.20      87.58
other_flat           36.36      43.01
sidewalk             48.13      59.70
terrain              54.35      70.60
manmade              69.01      77.03
vegetation           69.38      74.47

2026-05-27 15:03:44,517 INFO [metric_updater.py:360] Node[0] Epoch[7] Validation bevfusion_pointpillar_henet_multisensor_multitask_nuscenes: NDS[0.6109] MeanIOU[tensor(0.5004, device='cuda:0')] 
2026-05-27 15:03:51,270 INFO [checkpoint.py:233] Node[0] Save model checkpoint: ./tmp_models/bevfusion_pointpillar_henet_multisensor_multitask_nuscenes/float-checkpoint-epoch-0007-6ba666da.pth.tar
2026-05-27 15:03:52,356 INFO [checkpoint.py:270] Node[0] Save last model checkpoint: ./tmp_models/bevfusion_pointpillar_henet_multisensor_multitask_nuscenes/float-checkpoint-last-87d8ecea.pth.tar
2026-05-27 15:03:52,364 INFO [monitor.py:143] Node[0] Epoch[8] Begin ==================================================
2026-05-27 15:03:52,365 INFO [lr_updater.py:204] Node[0] Epoch[8] Step[0] GlobalStep[14072] lr=0.000300
2026-05-27 15:08:22,992 INFO [monitor.py:131] Node[0] Epoch[8] Step[0-199] Cost Time: 270.625s Speed: 2.96 samples/sec Remaining Time: 10:33:21 Remaining step percent: 66.19%
2026-05-27 15:08:24,136 INFO [metric_updater.py:360] Node[0] Epoch[8] Step[199] GlobalStep[14271] loss_bevfusion_pointpillar_henet_multisensor_multitask_nuscenes: loss_cls[0.1372] loss_bbox[0.3159] d0.loss_cls[0.2368] d0.loss_bbox[0.4551] d1.loss_cls[0.2375] d1.loss_bbox[0.3749] d2.loss_cls[0.2010] d2.loss_bbox[0.3554] d3.loss_cls[0.1607] d3.loss_bbox[0.3443] d4.loss_cls[0.1407] d4.loss_bbox[0.3256] loss_occ[1.2570] 
2026-05-27 15:12:49,188 INFO [monitor.py:131] Node[0] Epoch[8] Step[200-399] Cost Time: 266.194s Speed: 3.01 samples/sec Remaining Time: 10:15:26 Remaining step percent: 65.72%
2026-05-27 15:12:50,215 INFO [metric_updater.py:360] Node[0] Epoch[8] Step[399] GlobalStep[14471] loss_bevfusion_pointpillar_henet_multisensor_multitask_nuscenes: loss_cls[0.1405] loss_bbox[0.3193] d0.loss_cls[0.2422] d0.loss_bbox[0.4525] d1.loss_cls[0.2409] d1.loss_bbox[0.3735] d2.loss_cls[0.2045] d2.loss_bbox[0.3512] d3.loss_cls[0.1637] d3.loss_bbox[0.3407] d4.loss_cls[0.1435] d4.loss_bbox[0.3273] loss_occ[1.2563] 
2026-05-27 15:17:30,977 INFO [monitor.py:131] Node[0] Epoch[8] Step[400-599] Cost Time: 281.787s Speed: 2.84 samples/sec Remaining Time: 10:46:47 Remaining step percent: 65.25%
2026-05-27 15:17:31,979 INFO [metric_updater.py:360] Node[0] Epoch[8] Step[599] GlobalStep[14671] loss_bevfusion_pointpillar_henet_multisensor_multitask_nuscenes: loss_cls[0.1401] loss_bbox[0.3137] d0.loss_cls[0.2402] d0.loss_bbox[0.4473] d1.loss_cls[0.2392] d1.loss_bbox[0.3692] d2.loss_cls[0.2031] d2.loss_bbox[0.3481] d3.loss_cls[0.1628] d3.loss_bbox[0.3370] d4.loss_cls[0.1429] d4.loss_bbox[0.3225] loss_occ[1.2672] 
2026-05-27 15:22:00,203 INFO [monitor.py:131] Node[0] Epoch[8] Step[600-799] Cost Time: 269.224s Speed: 2.97 samples/sec Remaining Time: 10:13:28 Remaining step percent: 64.77%
2026-05-27 15:22:01,485 INFO [metric_updater.py:360] Node[0] Epoch[8] Step[799] GlobalStep[14871] loss_bevfusion_pointpillar_henet_multisensor_multitask_nuscenes: loss_cls[0.1391] loss_bbox[0.3092] d0.loss_cls[0.2418] d0.loss_bbox[0.4367] d1.loss_cls[0.2407] d1.loss_bbox[0.3607] d2.loss_cls[0.2037] d2.loss_bbox[0.3408] d3.loss_cls[0.1626] d3.loss_bbox[0.3296] d4.loss_cls[0.1421] d4.loss_bbox[0.3169] loss_occ[1.2659] 
2026-05-27 15:26:29,849 INFO [monitor.py:131] Node[0] Epoch[8] Step[800-999] Cost Time: 269.643s Speed: 2.97 samples/sec Remaining Time: 10:09:55 Remaining step percent: 64.30%
2026-05-27 15:26:31,100 INFO [metric_updater.py:360] Node[0] Epoch[8] Step[999] GlobalStep[15071] loss_bevfusion_pointpillar_henet_multisensor_multitask_nuscenes: loss_cls[0.1383] loss_bbox[0.3036] d0.loss_cls[0.2427] d0.loss_bbox[0.4269] d1.loss_cls[0.2411] d1.loss_bbox[0.3522] d2.loss_cls[0.2037] d2.loss_bbox[0.3328] d3.loss_cls[0.1619] d3.loss_bbox[0.3221] d4.loss_cls[0.1413] d4.loss_bbox[0.3106] loss_occ[1.2592] 
2026-05-27 15:31:53,931 INFO [monitor.py:131] Node[0] Epoch[8] Step[1000-1199] Cost Time: 324.079s Speed: 2.47 samples/sec Remaining Time: 12:07:39 Remaining step percent: 63.82%
2026-05-27 15:31:55,146 INFO [metric_updater.py:360] Node[0] Epoch[8] Step[1199] GlobalStep[15271] loss_bevfusion_pointpillar_henet_multisensor_multitask_nuscenes: loss_cls[0.1382] loss_bbox[0.3018] d0.loss_cls[0.2435] d0.loss_bbox[0.4221] d1.loss_cls[0.2416] d1.loss_bbox[0.3489] d2.loss_cls[0.2034] d2.loss_bbox[0.3300] d3.loss_cls[0.1615] d3.loss_bbox[0.3194] d4.loss_cls[0.1413] d4.loss_bbox[0.3085] loss_occ[1.2619] 
2026-05-27 15:37:21,750 INFO [monitor.py:131] Node[0] Epoch[8] Step[1200-1399] Cost Time: 327.816s Speed: 2.44 samples/sec Remaining Time: 12:10:35 Remaining step percent: 63.35%
2026-05-27 15:37:22,919 INFO [metric_updater.py:360] Node[0] Epoch[8] Step[1399] GlobalStep[15471] loss_bevfusion_pointpillar_henet_multisensor_multitask_nuscenes: loss_cls[0.1380] loss_bbox[0.3003] d0.loss_cls[0.2436] d0.loss_bbox[0.4177] d1.loss_cls[0.2416] d1.loss_bbox[0.3457] d2.loss_cls[0.2027] d2.loss_bbox[0.3274] d3.loss_cls[0.1611] d3.loss_bbox[0.3168] d4.loss_cls[0.1410] d4.loss_bbox[0.3065] loss_occ[1.2633] 
2026-05-27 15:42:06,145 INFO [monitor.py:131] Node[0] Epoch[8] Step[1400-1599] Cost Time: 284.392s Speed: 2.81 samples/sec Remaining Time: 10:29:04 Remaining step percent: 62.88%
2026-05-27 15:42:07,077 INFO [metric_updater.py:360] Node[0] Epoch[8] Step[1599] GlobalStep[15671] loss_bevfusion_pointpillar_henet_multisensor_multitask_nuscenes: loss_cls[0.1388] loss_bbox[0.3029] d0.loss_cls[0.2441] d0.loss_bbox[0.4197] d1.loss_cls[0.2419] d1.loss_bbox[0.3482] d2.loss_cls[0.2029] d2.loss_bbox[0.3306] d3.loss_cls[0.1615] d3.loss_bbox[0.3203] d4.loss_cls[0.1416] d4.loss_bbox[0.3095] loss_occ[1.2626] 
2026-05-27 15:45:55,227 INFO [monitor.py:146] Node[0] Epoch[8] End   ==================================================
2026-05-27 15:45:55,230 INFO [monitor.py:149] Node[0] Epoch[8] Cost Time: 2522.865s
2026-05-27 15:45:55,230 INFO [metric_updater.py:360] Node[0] Epoch[8] loss_bevfusion_pointpillar_henet_multisensor_multitask_nuscenes: loss_cls[0.1383] loss_bbox[0.3013] d0.loss_cls[0.2435] d0.loss_bbox[0.4185] d1.loss_cls[0.2414] d1.loss_bbox[0.3468] d2.loss_cls[0.2021] d2.loss_bbox[0.3290] d3.loss_cls[0.1609] d3.loss_bbox[0.3186] d4.loss_cls[0.1411] d4.loss_bbox[0.3079] loss_occ[1.2648] 
2026-05-27 15:45:55,230 INFO [validation.py:156] Node[0] [32mUse train `model` as val model.[0m
2026-05-27 15:45:55,399 INFO [loop_base.py:482] Node[0] [32mStart Predictor loop from epoch 8, num_epochs=1[0m
2026-05-27 15:45:55,402 INFO [fake_quantize.py:253] Node[0] Set fake quantize state to FakeQuantState.VALIDATION
2026-05-27 15:46:02,589 INFO [loop_base.py:553] Node[0] 0 / 1505
2026-05-27 15:46:34,961 INFO [loop_base.py:553] Node[0] 200 / 1505
2026-05-27 15:47:27,791 INFO [loop_base.py:553] Node[0] 400 / 1505
2026-05-27 15:48:28,043 INFO [loop_base.py:553] Node[0] 600 / 1505
2026-05-27 15:49:14,037 INFO [loop_base.py:553] Node[0] 800 / 1505
2026-05-27 15:50:10,832 INFO [loop_base.py:553] Node[0] 1000 / 1505
2026-05-27 15:51:27,107 INFO [loop_base.py:553] Node[0] 1200 / 1505
2026-05-27 15:52:00,622 INFO [loop_base.py:553] Node[0] 1400 / 1505
2026-05-27 15:52:19,633 INFO [nuscenes_metric.py:322] Node[0] The length of self.nusc_annos is: 1505
2026-05-27 15:52:28,252 INFO [nuscenes_metric.py:346] Node[0] Results writes to ./metric_results/bevfusion_pointpillar_henet_multisensor_multitask_nuscenes/results_nusc.json
2026-05-27 15:56:37,224 INFO [nuscenes_metric.py:388] Node[0] NDS: 0.6142, mAP:0.5584
car_AP: [0.5]:0.7297  [1.0]:0.8434  [2.0]:0.8812  [4.0]:0.8992 
truck_AP: [0.5]:0.3278  [1.0]:0.5309  [2.0]:0.6398  [4.0]:0.6820 
trailer_AP: [0.5]:0.1127  [1.0]:0.2856  [2.0]:0.4217  [4.0]:0.5433 
bus_AP: [0.5]:0.4041  [1.0]:0.6207  [2.0]:0.7684  [4.0]:0.8275 
construction_vehicle_AP: [0.5]:0.0136  [1.0]:0.1449  [2.0]:0.2924  [4.0]:0.3857 
bicycle_AP: [0.5]:0.3733  [1.0]:0.4663  [2.0]:0.4852  [4.0]:0.4996 
motorcycle_AP: [0.5]:0.4864  [1.0]:0.6303  [2.0]:0.6730  [4.0]:0.6852 
pedestrian_AP: [0.5]:0.6846  [1.0]:0.7652  [2.0]:0.8020  [4.0]:0.8290 
traffic_cone_AP: [0.5]:0.5052  [1.0]:0.5843  [2.0]:0.6377  [4.0]:0.6978 
barrier_AP: [0.5]:0.3284  [1.0]:0.5201  [2.0]:0.6357  [4.0]:0.6935 

2026-05-27 15:56:37,904 WARNING [metric.py:200] Node[0] <class 'hat.metrics.nuscenes_metric.NuscenesMetric'> not ready for distributed environment, should not be used together with DistributedSampler.Might be slow in validation due to resource competition
2026-05-27 15:56:37,921 INFO [mean_iou.py:170] Node[0] ~~~~ MeanIOU Summary metrics ~~~~
Summary:
Scope                 mIoU       mAcc       aAcc
global               49.84      57.27      75.27
Per Class Results:
Class                  IoU        Acc
others                6.00       6.44
barrier              53.86      66.72
bicycle              27.95      32.43
bus                  66.99      73.15
car                  71.55      80.86
construction_vehicle      32.82      37.37
motorcycle           42.01      45.63
pedestrian           55.59      62.08
traffic_cone         32.45      38.76
trailer              47.78      56.66
truck                56.15      63.51
driveable_surface      81.06      87.42
other_flat           36.38      42.36
sidewalk             47.29      60.23
terrain              53.48      72.72
manmade              65.25      70.32
vegetation           70.57      76.98

2026-05-27 15:56:37,922 INFO [metric_updater.py:360] Node[0] Epoch[8] Validation bevfusion_pointpillar_henet_multisensor_multitask_nuscenes: NDS[0.6142] MeanIOU[tensor(0.4984, device='cuda:0')] 
2026-05-27 15:56:46,772 INFO [checkpoint.py:233] Node[0] Save model checkpoint: ./tmp_models/bevfusion_pointpillar_henet_multisensor_multitask_nuscenes/float-checkpoint-epoch-0008-8a62c084.pth.tar
2026-05-27 15:56:47,854 INFO [checkpoint.py:270] Node[0] Save last model checkpoint: ./tmp_models/bevfusion_pointpillar_henet_multisensor_multitask_nuscenes/float-checkpoint-last-a1a71043.pth.tar
2026-05-27 15:56:47,862 INFO [monitor.py:143] Node[0] Epoch[9] Begin ==================================================
2026-05-27 15:56:47,862 INFO [lr_updater.py:204] Node[0] Epoch[9] Step[0] GlobalStep[15831] lr=0.000277
2026-05-27 16:01:27,587 INFO [monitor.py:131] Node[0] Epoch[9] Step[0-199] Cost Time: 279.723s Speed: 2.86 samples/sec Remaining Time: 10:13:26 Remaining step percent: 62.03%
2026-05-27 16:01:29,010 INFO [metric_updater.py:360] Node[0] Epoch[9] Step[199] GlobalStep[16030] loss_bevfusion_pointpillar_henet_multisensor_multitask_nuscenes: loss_cls[0.1236] loss_bbox[0.2815] d0.loss_cls[0.2195] d0.loss_bbox[0.3833] d1.loss_cls[0.2185] d1.loss_bbox[0.3219] d2.loss_cls[0.1803] d2.loss_bbox[0.3045] d3.loss_cls[0.1434] d3.loss_bbox[0.2931] d4.loss_cls[0.1271] d4.loss_bbox[0.2861] loss_occ[1.2768] 
2026-05-27 16:06:02,485 INFO [monitor.py:131] Node[0] Epoch[9] Step[200-399] Cost Time: 274.896s Speed: 2.91 samples/sec Remaining Time: 9:55:15 Remaining step percent: 61.55%
2026-05-27 16:06:03,789 INFO [metric_updater.py:360] Node[0] Epoch[9] Step[399] GlobalStep[16230] loss_bevfusion_pointpillar_henet_multisensor_multitask_nuscenes: loss_cls[0.1340] loss_bbox[0.3052] d0.loss_cls[0.2318] d0.loss_bbox[0.4268] d1.loss_cls[0.2296] d1.loss_bbox[0.3545] d2.loss_cls[0.1913] d2.loss_bbox[0.3380] d3.loss_cls[0.1548] d3.loss_bbox[0.3257] d4.loss_cls[0.1369] d4.loss_bbox[0.3142] loss_occ[1.2516] 
2026-05-27 16:10:38,819 INFO [monitor.py:131] Node[0] Epoch[9] Step[400-599] Cost Time: 276.331s Speed: 2.90 samples/sec Remaining Time: 9:53:45 Remaining step percent: 61.08%
2026-05-27 16:10:40,303 INFO [metric_updater.py:360] Node[0] Epoch[9] Step[599] GlobalStep[16430] loss_bevfusion_pointpillar_henet_multisensor_multitask_nuscenes: loss_cls[0.1316] loss_bbox[0.2997] d0.loss_cls[0.2347] d0.loss_bbox[0.4154] d1.loss_cls[0.2322] d1.loss_bbox[0.3456] d2.loss_cls[0.1913] d2.loss_bbox[0.3294] d3.loss_cls[0.1525] d3.loss_bbox[0.3174] d4.loss_cls[0.1344] d4.loss_bbox[0.3072] loss_occ[1.2362] 
2026-05-27 16:15:04,380 INFO [monitor.py:131] Node[0] Epoch[9] Step[600-799] Cost Time: 265.558s Speed: 3.01 samples/sec Remaining Time: 9:26:11 Remaining step percent: 60.60%
2026-05-27 16:15:09,188 INFO [metric_updater.py:360] Node[0] Epoch[9] Step[799] GlobalStep[16630] loss_bevfusion_pointpillar_henet_multisensor_multitask_nuscenes: loss_cls[0.1297] loss_bbox[0.2933] d0.loss_cls[0.2350] d0.loss_bbox[0.4047] d1.loss_cls[0.2323] d1.loss_bbox[0.3370] d2.loss_cls[0.1903] d2.loss_bbox[0.3211] d3.loss_cls[0.1509] d3.loss_bbox[0.3094] d4.loss_cls[0.1324] d4.loss_bbox[0.3000] loss_occ[1.2345] 
2026-05-27 16:19:44,119 INFO [monitor.py:131] Node[0] Epoch[9] Step[800-999] Cost Time: 279.736s Speed: 2.86 samples/sec Remaining Time: 9:51:45 Remaining step percent: 60.13%
2026-05-27 16:19:45,394 INFO [metric_updater.py:360] Node[0] Epoch[9] Step[999] GlobalStep[16830] loss_bevfusion_pointpillar_henet_multisensor_multitask_nuscenes: loss_cls[0.1298] loss_bbox[0.2899] d0.loss_cls[0.2355] d0.loss_bbox[0.3994] d1.loss_cls[0.2331] d1.loss_bbox[0.3322] d2.loss_cls[0.1915] d2.loss_bbox[0.3162] d3.loss_cls[0.1514] d3.loss_bbox[0.3050] d4.loss_cls[0.1327] d4.loss_bbox[0.2961] loss_occ[1.2321] 
2026-05-27 16:24:51,616 INFO [monitor.py:131] Node[0] Epoch[9] Step[1000-1199] Cost Time: 307.494s Speed: 2.60 samples/sec Remaining Time: 10:45:21 Remaining step percent: 59.66%
2026-05-27 16:24:52,726 INFO [metric_updater.py:360] Node[0] Epoch[9] Step[1199] GlobalStep[17030] loss_bevfusion_pointpillar_henet_multisensor_multitask_nuscenes: loss_cls[0.1296] loss_bbox[0.2877] d0.loss_cls[0.2361] d0.loss_bbox[0.3956] d1.loss_cls[0.2337] d1.loss_bbox[0.3291] d2.loss_cls[0.1915] d2.loss_bbox[0.3130] d3.loss_cls[0.1510] d3.loss_bbox[0.3022] d4.loss_cls[0.1325] d4.loss_bbox[0.2934] loss_occ[1.2316] 
2026-05-27 16:29:58,599 INFO [monitor.py:131] Node[0] Epoch[9] Step[1200-1399] Cost Time: 306.980s Speed: 2.61 samples/sec Remaining Time: 10:39:09 Remaining step percent: 59.18%
2026-05-27 16:29:59,789 INFO [metric_updater.py:360] Node[0] Epoch[9] Step[1399] GlobalStep[17230] loss_bevfusion_pointpillar_henet_multisensor_multitask_nuscenes: loss_cls[0.1306] loss_bbox[0.2888] d0.loss_cls[0.2376] d0.loss_bbox[0.3970] d1.loss_cls[0.2350] d1.loss_bbox[0.3303] d2.loss_cls[0.1927] d2.loss_bbox[0.3140] d3.loss_cls[0.1520] d3.loss_bbox[0.3031] d4.loss_cls[0.1334] d4.loss_bbox[0.2944] loss_occ[1.2331] 
2026-05-27 16:34:56,168 INFO [monitor.py:131] Node[0] Epoch[9] Step[1400-1599] Cost Time: 297.566s Speed: 2.69 samples/sec Remaining Time: 10:14:35 Remaining step percent: 58.71%
2026-05-27 16:34:57,218 INFO [metric_updater.py:360] Node[0] Epoch[9] Step[1599] GlobalStep[17430] loss_bevfusion_pointpillar_henet_multisensor_multitask_nuscenes: loss_cls[0.1321] loss_bbox[0.2957] d0.loss_cls[0.2376] d0.loss_bbox[0.4040] d1.loss_cls[0.2352] d1.loss_bbox[0.3378] d2.loss_cls[0.1932] d2.loss_bbox[0.3224] d3.loss_cls[0.1531] d3.loss_bbox[0.3123] d4.loss_cls[0.1349] d4.loss_bbox[0.3025] loss_occ[1.2318] 
2026-05-27 16:38:24,012 INFO [monitor.py:146] Node[0] Epoch[9] End   ==================================================
2026-05-27 16:38:24,014 INFO [monitor.py:149] Node[0] Epoch[9] Cost Time: 2496.152s
2026-05-27 16:38:24,015 INFO [metric_updater.py:360] Node[0] Epoch[9] loss_bevfusion_pointpillar_henet_multisensor_multitask_nuscenes: loss_cls[0.1331] loss_bbox[0.2977] d0.loss_cls[0.2379] d0.loss_bbox[0.4093] d1.loss_cls[0.2356] d1.loss_bbox[0.3417] d2.loss_cls[0.1939] d2.loss_bbox[0.3265] d3.loss_cls[0.1540] d3.loss_bbox[0.3159] d4.loss_cls[0.1358] d4.loss_bbox[0.3051] loss_occ[1.2316] 
2026-05-27 16:38:24,015 INFO [validation.py:156] Node[0] [32mUse train `model` as val model.[0m
2026-05-27 16:38:24,182 INFO [loop_base.py:482] Node[0] [32mStart Predictor loop from epoch 9, num_epochs=1[0m
2026-05-27 16:38:24,185 INFO [fake_quantize.py:253] Node[0] Set fake quantize state to FakeQuantState.VALIDATION
2026-05-27 16:38:31,073 INFO [loop_base.py:553] Node[0] 0 / 1505
2026-05-27 16:39:06,975 INFO [loop_base.py:553] Node[0] 200 / 1505
2026-05-27 16:40:21,018 INFO [loop_base.py:553] Node[0] 400 / 1505
2026-05-27 16:41:40,893 INFO [loop_base.py:553] Node[0] 600 / 1505
2026-05-27 16:42:36,083 INFO [loop_base.py:553] Node[0] 800 / 1505
2026-05-27 16:43:27,983 INFO [loop_base.py:553] Node[0] 1000 / 1505
2026-05-27 16:44:22,755 INFO [loop_base.py:553] Node[0] 1200 / 1505
2026-05-27 16:45:17,608 INFO [loop_base.py:553] Node[0] 1400 / 1505
2026-05-27 16:45:42,391 INFO [nuscenes_metric.py:322] Node[0] The length of self.nusc_annos is: 1505
2026-05-27 16:45:51,566 INFO [nuscenes_metric.py:346] Node[0] Results writes to ./metric_results/bevfusion_pointpillar_henet_multisensor_multitask_nuscenes/results_nusc.json
2026-05-27 16:49:48,008 INFO [nuscenes_metric.py:388] Node[0] NDS: 0.6141, mAP:0.5546
car_AP: [0.5]:0.7126  [1.0]:0.8278  [2.0]:0.8665  [4.0]:0.8835 
truck_AP: [0.5]:0.3456  [1.0]:0.5530  [2.0]:0.6466  [4.0]:0.6851 
trailer_AP: [0.5]:0.1070  [1.0]:0.2824  [2.0]:0.4034  [4.0]:0.5099 
bus_AP: [0.5]:0.4050  [1.0]:0.6313  [2.0]:0.7779  [4.0]:0.8339 
construction_vehicle_AP: [0.5]:0.0185  [1.0]:0.1458  [2.0]:0.2771  [4.0]:0.3353 
bicycle_AP: [0.5]:0.3330  [1.0]:0.4238  [2.0]:0.4483  [4.0]:0.4680 
motorcycle_AP: [0.5]:0.4609  [1.0]:0.6065  [2.0]:0.6570  [4.0]:0.6706 
pedestrian_AP: [0.5]:0.6800  [1.0]:0.7582  [2.0]:0.7973  [4.0]:0.8235 
traffic_cone_AP: [0.5]:0.5273  [1.0]:0.6054  [2.0]:0.6640  [4.0]:0.7209 
barrier_AP: [0.5]:0.3469  [1.0]:0.5560  [2.0]:0.6690  [4.0]:0.7196 

2026-05-27 16:49:48,758 WARNING [metric.py:200] Node[0] <class 'hat.metrics.nuscenes_metric.NuscenesMetric'> not ready for distributed environment, should not be used together with DistributedSampler.Might be slow in validation due to resource competition
2026-05-27 16:49:48,778 INFO [mean_iou.py:170] Node[0] ~~~~ MeanIOU Summary metrics ~~~~
Summary:
Scope                 mIoU       mAcc       aAcc
global               49.65      57.83      74.39
Per Class Results:
Class                  IoU        Acc
others                6.24       6.60
barrier              52.63      61.80
bicycle              28.37      32.23
bus                  66.92      75.90
car                  70.36      79.05
construction_vehicle      31.76      37.35
motorcycle           42.23      46.35
pedestrian           58.42      67.89
traffic_cone         35.36      44.77
trailer              47.40      57.52
truck                54.39      60.92
driveable_surface      78.24      82.59
other_flat           35.28      50.52
sidewalk             47.34      59.61
terrain              52.19      71.04
manmade              64.64      70.28
vegetation           72.33      78.72

2026-05-27 16:49:48,781 INFO [metric_updater.py:360] Node[0] Epoch[9] Validation bevfusion_pointpillar_henet_multisensor_multitask_nuscenes: NDS[0.6141] MeanIOU[tensor(0.4965, device='cuda:0')] 
2026-05-27 16:49:58,971 INFO [checkpoint.py:233] Node[0] Save model checkpoint: ./tmp_models/bevfusion_pointpillar_henet_multisensor_multitask_nuscenes/float-checkpoint-epoch-0009-cd498e8e.pth.tar
2026-05-27 16:50:00,430 INFO [checkpoint.py:270] Node[0] Save last model checkpoint: ./tmp_models/bevfusion_pointpillar_henet_multisensor_multitask_nuscenes/float-checkpoint-last-0835d35b.pth.tar
2026-05-27 16:50:00,454 INFO [monitor.py:143] Node[0] Epoch[10] Begin ==================================================
2026-05-27 16:50:00,455 INFO [lr_updater.py:204] Node[0] Epoch[10] Step[0] GlobalStep[17590] lr=0.000252
2026-05-27 16:54:37,055 INFO [monitor.py:131] Node[0] Epoch[10] Step[0-199] Cost Time: 276.596s Speed: 2.89 samples/sec Remaining Time: 9:25:50 Remaining step percent: 57.86%
2026-05-27 16:54:38,073 INFO [metric_updater.py:360] Node[0] Epoch[10] Step[199] GlobalStep[17789] loss_bevfusion_pointpillar_henet_multisensor_multitask_nuscenes: loss_cls[0.1259] loss_bbox[0.2831] d0.loss_cls[0.2357] d0.loss_bbox[0.3908] d1.loss_cls[0.2344] d1.loss_bbox[0.3235] d2.loss_cls[0.1889] d2.loss_bbox[0.3074] d3.loss_cls[0.1466] d3.loss_bbox[0.2970] d4.loss_cls[0.1294] d4.loss_bbox[0.2887] loss_occ[1.1764] 
2026-05-27 16:59:03,543 INFO [monitor.py:131] Node[0] Epoch[10] Step[200-399] Cost Time: 266.486s Speed: 3.00 samples/sec Remaining Time: 8:57:59 Remaining step percent: 57.39%
2026-05-27 16:59:04,721 INFO [metric_updater.py:360] Node[0] Epoch[10] Step[399] GlobalStep[17989] loss_bevfusion_pointpillar_henet_multisensor_multitask_nuscenes: loss_cls[0.1220] loss_bbox[0.2742] d0.loss_cls[0.2303] d0.loss_bbox[0.3777] d1.loss_cls[0.2277] d1.loss_bbox[0.3131] d2.loss_cls[0.1839] d2.loss_bbox[0.2968] d3.loss_cls[0.1430] d3.loss_bbox[0.2871] d4.loss_cls[0.1252] d4.loss_bbox[0.2794] loss_occ[1.1935] 
2026-05-27 17:03:34,458 INFO [monitor.py:131] Node[0] Epoch[10] Step[400-599] Cost Time: 270.912s Speed: 2.95 samples/sec Remaining Time: 9:02:24 Remaining step percent: 56.91%
2026-05-27 17:03:35,515 INFO [metric_updater.py:360] Node[0] Epoch[10] Step[599] GlobalStep[18189] loss_bevfusion_pointpillar_henet_multisensor_multitask_nuscenes: loss_cls[0.1196] loss_bbox[0.2712] d0.loss_cls[0.2289] d0.loss_bbox[0.3733] d1.loss_cls[0.2264] d1.loss_bbox[0.3093] d2.loss_cls[0.1827] d2.loss_bbox[0.2929] d3.loss_cls[0.1413] d3.loss_bbox[0.2836] d4.loss_cls[0.1227] d4.loss_bbox[0.2761] loss_occ[1.2011] 
2026-05-27 17:08:38,420 INFO [monitor.py:131] Node[0] Epoch[10] Step[600-799] Cost Time: 303.959s Speed: 2.63 samples/sec Remaining Time: 10:03:30 Remaining step percent: 56.44%
2026-05-27 17:08:39,473 INFO [metric_updater.py:360] Node[0] Epoch[10] Step[799] GlobalStep[18389] loss_bevfusion_pointpillar_henet_multisensor_multitask_nuscenes: loss_cls[0.1199] loss_bbox[0.2720] d0.loss_cls[0.2294] d0.loss_bbox[0.3734] d1.loss_cls[0.2266] d1.loss_bbox[0.3100] d2.loss_cls[0.1830] d2.loss_bbox[0.2934] d3.loss_cls[0.1413] d3.loss_bbox[0.2842] d4.loss_cls[0.1229] d4.loss_bbox[0.2766] loss_occ[1.1976] 
2026-05-27 17:12:50,944 INFO [monitor.py:131] Node[0] Epoch[10] Step[800-999] Cost Time: 252.521s Speed: 3.17 samples/sec Remaining Time: 8:17:10 Remaining step percent: 55.96%
2026-05-27 17:12:52,203 INFO [metric_updater.py:360] Node[0] Epoch[10] Step[999] GlobalStep[18589] loss_bevfusion_pointpillar_henet_multisensor_multitask_nuscenes: loss_cls[0.1194] loss_bbox[0.2721] d0.loss_cls[0.2284] d0.loss_bbox[0.3724] d1.loss_cls[0.2260] d1.loss_bbox[0.3093] d2.loss_cls[0.1820] d2.loss_bbox[0.2934] d3.loss_cls[0.1405] d3.loss_bbox[0.2840] d4.loss_cls[0.1223] d4.loss_bbox[0.2766] loss_occ[1.1947] 
2026-05-27 17:17:59,085 INFO [monitor.py:131] Node[0] Epoch[10] Step[1000-1199] Cost Time: 308.138s Speed: 2.60 samples/sec Remaining Time: 10:01:32 Remaining step percent: 55.49%
2026-05-27 17:18:00,199 INFO [metric_updater.py:360] Node[0] Epoch[10] Step[1199] GlobalStep[18789] loss_bevfusion_pointpillar_henet_multisensor_multitask_nuscenes: loss_cls[0.1215] loss_bbox[0.2780] d0.loss_cls[0.2292] d0.loss_bbox[0.3817] d1.loss_cls[0.2269] d1.loss_bbox[0.3184] d2.loss_cls[0.1835] d2.loss_bbox[0.3028] d3.loss_cls[0.1427] d3.loss_bbox[0.2933] d4.loss_cls[0.1244] d4.loss_bbox[0.2839] loss_occ[1.1983] 
2026-05-27 17:23:17,194 INFO [monitor.py:131] Node[0] Epoch[10] Step[1200-1399] Cost Time: 318.106s Speed: 2.51 samples/sec Remaining Time: 10:15:41 Remaining step percent: 55.02%
2026-05-27 17:23:18,458 INFO [metric_updater.py:360] Node[0] Epoch[10] Step[1399] GlobalStep[18989] loss_bevfusion_pointpillar_henet_multisensor_multitask_nuscenes: loss_cls[0.1217] loss_bbox[0.2777] d0.loss_cls[0.2288] d0.loss_bbox[0.3831] d1.loss_cls[0.2268] d1.loss_bbox[0.3187] d2.loss_cls[0.1832] d2.loss_bbox[0.3028] d3.loss_cls[0.1427] d3.loss_bbox[0.2930] d4.loss_cls[0.1246] d4.loss_bbox[0.2835] loss_occ[1.2014] 
2026-05-27 17:28:05,072 INFO [monitor.py:131] Node[0] Epoch[10] Step[1400-1599] Cost Time: 287.877s Speed: 2.78 samples/sec Remaining Time: 9:12:23 Remaining step percent: 54.54%
2026-05-27 17:28:06,131 INFO [metric_updater.py:360] Node[0] Epoch[10] Step[1599] GlobalStep[19189] loss_bevfusion_pointpillar_henet_multisensor_multitask_nuscenes: loss_cls[0.1219] loss_bbox[0.2771] d0.loss_cls[0.2290] d0.loss_bbox[0.3820] d1.loss_cls[0.2270] d1.loss_bbox[0.3178] d2.loss_cls[0.1832] d2.loss_bbox[0.3018] d3.loss_cls[0.1425] d3.loss_bbox[0.2920] d4.loss_cls[0.1248] d4.loss_bbox[0.2827] loss_occ[1.2042] 
2026-05-27 17:31:52,459 INFO [monitor.py:146] Node[0] Epoch[10] End   ==================================================
2026-05-27 17:31:52,461 INFO [monitor.py:149] Node[0] Epoch[10] Cost Time: 2512.007s
2026-05-27 17:31:52,461 INFO [metric_updater.py:360] Node[0] Epoch[10] loss_bevfusion_pointpillar_henet_multisensor_multitask_nuscenes: loss_cls[0.1217] loss_bbox[0.2764] d0.loss_cls[0.2289] d0.loss_bbox[0.3809] d1.loss_cls[0.2269] d1.loss_bbox[0.3168] d2.loss_cls[0.1827] d2.loss_bbox[0.3011] d3.loss_cls[0.1422] d3.loss_bbox[0.2912] d4.loss_cls[0.1246] d4.loss_bbox[0.2819] loss_occ[1.2043] 
2026-05-27 17:31:52,462 INFO [validation.py:156] Node[0] [32mUse train `model` as val model.[0m
2026-05-27 17:31:52,626 INFO [loop_base.py:482] Node[0] [32mStart Predictor loop from epoch 10, num_epochs=1[0m
2026-05-27 17:31:52,629 INFO [fake_quantize.py:253] Node[0] Set fake quantize state to FakeQuantState.VALIDATION
2026-05-27 17:32:00,038 INFO [loop_base.py:553] Node[0] 0 / 1505
2026-05-27 17:32:33,093 INFO [loop_base.py:553] Node[0] 200 / 1505
2026-05-27 17:33:39,284 INFO [loop_base.py:553] Node[0] 400 / 1505
2026-05-27 17:34:42,203 INFO [loop_base.py:553] Node[0] 600 / 1505
2026-05-27 17:35:53,507 INFO [loop_base.py:553] Node[0] 800 / 1505
2026-05-27 17:37:04,054 INFO [loop_base.py:553] Node[0] 1000 / 1505
2026-05-27 17:37:39,117 INFO [loop_base.py:553] Node[0] 1200 / 1505
2026-05-27 17:38:31,641 INFO [loop_base.py:553] Node[0] 1400 / 1505
2026-05-27 17:39:19,006 INFO [nuscenes_metric.py:322] Node[0] The length of self.nusc_annos is: 1505
2026-05-27 17:39:27,941 INFO [nuscenes_metric.py:346] Node[0] Results writes to ./metric_results/bevfusion_pointpillar_henet_multisensor_multitask_nuscenes/results_nusc.json
2026-05-27 17:43:12,435 INFO [nuscenes_metric.py:388] Node[0] NDS: 0.6263, mAP:0.5768
car_AP: [0.5]:0.7364  [1.0]:0.8550  [2.0]:0.8919  [4.0]:0.9062 
truck_AP: [0.5]:0.3469  [1.0]:0.5686  [2.0]:0.6570  [4.0]:0.7006 
trailer_AP: [0.5]:0.1310  [1.0]:0.3118  [2.0]:0.4682  [4.0]:0.6060 
bus_AP: [0.5]:0.4409  [1.0]:0.6566  [2.0]:0.8063  [4.0]:0.8456 
construction_vehicle_AP: [0.5]:0.0160  [1.0]:0.1437  [2.0]:0.3074  [4.0]:0.3993 
bicycle_AP: [0.5]:0.3909  [1.0]:0.4861  [2.0]:0.5011  [4.0]:0.5194 
motorcycle_AP: [0.5]:0.4573  [1.0]:0.6202  [2.0]:0.6709  [4.0]:0.6822 
pedestrian_AP: [0.5]:0.7016  [1.0]:0.7725  [2.0]:0.8104  [4.0]:0.8354 
traffic_cone_AP: [0.5]:0.5510  [1.0]:0.6235  [2.0]:0.6731  [4.0]:0.7257 
barrier_AP: [0.5]:0.3634  [1.0]:0.5493  [2.0]:0.6469  [4.0]:0.6943 

2026-05-27 17:43:13,041 WARNING [metric.py:200] Node[0] <class 'hat.metrics.nuscenes_metric.NuscenesMetric'> not ready for distributed environment, should not be used together with DistributedSampler.Might be slow in validation due to resource competition
2026-05-27 17:43:13,058 INFO [mean_iou.py:170] Node[0] ~~~~ MeanIOU Summary metrics ~~~~
Summary:
Scope                 mIoU       mAcc       aAcc
global               51.51      59.49      77.80
Per Class Results:
Class                  IoU        Acc
others                5.80       6.02
barrier              54.46      67.99
bicycle              30.02      35.08
bus                  70.32      75.73
car                  71.98      80.99
construction_vehicle      34.67      40.32
motorcycle           42.82      48.44
pedestrian           56.25      64.69
traffic_cone         34.00      41.67
trailer              52.20      65.96
truck                59.68      70.84
driveable_surface      81.52      89.27
other_flat           35.45      40.17
sidewalk             48.04      58.98
terrain              55.23      68.60
manmade              69.78      76.78
vegetation           73.52      79.79

2026-05-27 17:43:13,059 INFO [metric_updater.py:360] Node[0] Epoch[10] Validation bevfusion_pointpillar_henet_multisensor_multitask_nuscenes: NDS[0.6263] MeanIOU[tensor(0.5151, device='cuda:0')] 
2026-05-27 17:43:21,708 INFO [checkpoint.py:233] Node[0] Save model checkpoint: ./tmp_models/bevfusion_pointpillar_henet_multisensor_multitask_nuscenes/float-checkpoint-epoch-0010-59734cc3.pth.tar
2026-05-27 17:43:22,743 INFO [checkpoint.py:270] Node[0] Save last model checkpoint: ./tmp_models/bevfusion_pointpillar_henet_multisensor_multitask_nuscenes/float-checkpoint-last-9295d316.pth.tar
2026-05-27 17:43:22,751 INFO [monitor.py:143] Node[0] Epoch[11] Begin ==================================================
2026-05-27 17:43:22,751 INFO [lr_updater.py:204] Node[0] Epoch[11] Step[0] GlobalStep[19349] lr=0.000226
2026-05-27 17:48:18,006 INFO [monitor.py:131] Node[0] Epoch[11] Step[0-199] Cost Time: 295.253s Speed: 2.71 samples/sec Remaining Time: 9:20:30 Remaining step percent: 53.69%
2026-05-27 17:48:19,656 INFO [metric_updater.py:360] Node[0] Epoch[11] Step[199] GlobalStep[19548] loss_bevfusion_pointpillar_henet_multisensor_multitask_nuscenes: loss_cls[0.1116] loss_bbox[0.2680] d0.loss_cls[0.2191] d0.loss_bbox[0.3686] d1.loss_cls[0.2153] d1.loss_bbox[0.3062] d2.loss_cls[0.1700] d2.loss_bbox[0.2914] d3.loss_cls[0.1303] d3.loss_bbox[0.2809] d4.loss_cls[0.1144] d4.loss_bbox[0.2727] loss_occ[1.2210] 
2026-05-27 17:52:50,297 INFO [monitor.py:131] Node[0] Epoch[11] Step[200-399] Cost Time: 272.289s Speed: 2.94 samples/sec Remaining Time: 8:29:47 Remaining step percent: 53.22%
2026-05-27 17:52:51,571 INFO [metric_updater.py:360] Node[0] Epoch[11] Step[399] GlobalStep[19748] loss_bevfusion_pointpillar_henet_multisensor_multitask_nuscenes: loss_cls[0.1097] loss_bbox[0.2654] d0.loss_cls[0.2153] d0.loss_bbox[0.3666] d1.loss_cls[0.2129] d1.loss_bbox[0.3044] d2.loss_cls[0.1672] d2.loss_bbox[0.2888] d3.loss_cls[0.1283] d3.loss_bbox[0.2783] d4.loss_cls[0.1123] d4.loss_bbox[0.2703] loss_occ[1.2043] 
2026-05-27 17:57:35,589 INFO [monitor.py:131] Node[0] Epoch[11] Step[400-599] Cost Time: 285.288s Speed: 2.80 samples/sec Remaining Time: 8:49:22 Remaining step percent: 52.75%
2026-05-27 17:57:41,381 INFO [metric_updater.py:360] Node[0] Epoch[11] Step[599] GlobalStep[19948] loss_bevfusion_pointpillar_henet_multisensor_multitask_nuscenes: loss_cls[0.1092] loss_bbox[0.2641] d0.loss_cls[0.2161] d0.loss_bbox[0.3633] d1.loss_cls[0.2130] d1.loss_bbox[0.3014] d2.loss_cls[0.1663] d2.loss_bbox[0.2866] d3.loss_cls[0.1276] d3.loss_bbox[0.2764] d4.loss_cls[0.1118] d4.loss_bbox[0.2689] loss_occ[1.2032] 
2026-05-27 18:02:12,085 INFO [monitor.py:131] Node[0] Epoch[11] Step[600-799] Cost Time: 276.494s Speed: 2.89 samples/sec Remaining Time: 8:28:26 Remaining step percent: 52.27%
2026-05-27 18:02:13,339 INFO [metric_updater.py:360] Node[0] Epoch[11] Step[799] GlobalStep[20148] loss_bevfusion_pointpillar_henet_multisensor_multitask_nuscenes: loss_cls[0.1093] loss_bbox[0.2651] d0.loss_cls[0.2162] d0.loss_bbox[0.3637] d1.loss_cls[0.2129] d1.loss_bbox[0.3018] d2.loss_cls[0.1665] d2.loss_bbox[0.2871] d3.loss_cls[0.1279] d3.loss_bbox[0.2771] d4.loss_cls[0.1120] d4.loss_bbox[0.2697] loss_occ[1.2063] 
2026-05-27 18:06:51,228 INFO [monitor.py:131] Node[0] Epoch[11] Step[800-999] Cost Time: 279.140s Speed: 2.87 samples/sec Remaining Time: 8:28:39 Remaining step percent: 51.80%
2026-05-27 18:06:52,430 INFO [metric_updater.py:360] Node[0] Epoch[11] Step[999] GlobalStep[20348] loss_bevfusion_pointpillar_henet_multisensor_multitask_nuscenes: loss_cls[0.1088] loss_bbox[0.2646] d0.loss_cls[0.2158] d0.loss_bbox[0.3619] d1.loss_cls[0.2127] d1.loss_bbox[0.3007] d2.loss_cls[0.1664] d2.loss_bbox[0.2862] d3.loss_cls[0.1277] d3.loss_bbox[0.2764] d4.loss_cls[0.1118] d4.loss_bbox[0.2690] loss_occ[1.2034] 
2026-05-27 18:12:09,409 INFO [monitor.py:131] Node[0] Epoch[11] Step[1000-1199] Cost Time: 318.178s Speed: 2.51 samples/sec Remaining Time: 9:34:29 Remaining step percent: 51.32%
2026-05-27 18:12:10,771 INFO [metric_updater.py:360] Node[0] Epoch[11] Step[1199] GlobalStep[20548] loss_bevfusion_pointpillar_henet_multisensor_multitask_nuscenes: loss_cls[0.1096] loss_bbox[0.2652] d0.loss_cls[0.2173] d0.loss_bbox[0.3624] d1.loss_cls[0.2138] d1.loss_bbox[0.3012] d2.loss_cls[0.1674] d2.loss_bbox[0.2869] d3.loss_cls[0.1287] d3.loss_bbox[0.2768] d4.loss_cls[0.1125] d4.loss_bbox[0.2695] loss_occ[1.2021] 
2026-05-27 18:18:42,685 INFO [monitor.py:131] Node[0] Epoch[11] Step[1200-1399] Cost Time: 393.274s Speed: 2.03 samples/sec Remaining Time: 11:43:32 Remaining step percent: 50.85%
2026-05-27 18:18:44,446 INFO [metric_updater.py:360] Node[0] Epoch[11] Step[1399] GlobalStep[20748] loss_bevfusion_pointpillar_henet_multisensor_multitask_nuscenes: loss_cls[0.1103] loss_bbox[0.2664] d0.loss_cls[0.2188] d0.loss_bbox[0.3636] d1.loss_cls[0.2151] d1.loss_bbox[0.3023] d2.loss_cls[0.1686] d2.loss_bbox[0.2883] d3.loss_cls[0.1296] d3.loss_bbox[0.2780] d4.loss_cls[0.1131] d4.loss_bbox[0.2708] loss_occ[1.1999] 
2026-05-27 18:23:59,721 INFO [monitor.py:131] Node[0] Epoch[11] Step[1400-1599] Cost Time: 317.034s Speed: 2.52 samples/sec Remaining Time: 9:21:51 Remaining step percent: 50.38%
2026-05-27 18:24:00,768 INFO [metric_updater.py:360] Node[0] Epoch[11] Step[1599] GlobalStep[20948] loss_bevfusion_pointpillar_henet_multisensor_multitask_nuscenes: loss_cls[0.1113] loss_bbox[0.2710] d0.loss_cls[0.2176] d0.loss_bbox[0.3728] d1.loss_cls[0.2143] d1.loss_bbox[0.3103] d2.loss_cls[0.1689] d2.loss_bbox[0.2960] d3.loss_cls[0.1306] d3.loss_bbox[0.2849] d4.loss_cls[0.1142] d4.loss_bbox[0.2762] loss_occ[1.2023] 
2026-05-27 18:28:00,123 INFO [monitor.py:146] Node[0] Epoch[11] End   ==================================================
2026-05-27 18:28:00,127 INFO [monitor.py:149] Node[0] Epoch[11] Cost Time: 2677.377s
2026-05-27 18:28:00,128 INFO [metric_updater.py:360] Node[0] Epoch[11] loss_bevfusion_pointpillar_henet_multisensor_multitask_nuscenes: loss_cls[0.1114] loss_bbox[0.2708] d0.loss_cls[0.2175] d0.loss_bbox[0.3732] d1.loss_cls[0.2144] d1.loss_bbox[0.3107] d2.loss_cls[0.1692] d2.loss_bbox[0.2959] d3.loss_cls[0.1307] d3.loss_bbox[0.2847] d4.loss_cls[0.1142] d4.loss_bbox[0.2760] loss_occ[1.2030] 
2026-05-27 18:28:00,128 INFO [validation.py:156] Node[0] [32mUse train `model` as val model.[0m
2026-05-27 18:28:00,298 INFO [loop_base.py:482] Node[0] [32mStart Predictor loop from epoch 11, num_epochs=1[0m
2026-05-27 18:28:00,301 INFO [fake_quantize.py:253] Node[0] Set fake quantize state to FakeQuantState.VALIDATION
2026-05-27 18:28:07,800 INFO [loop_base.py:553] Node[0] 0 / 1505
2026-05-27 18:28:40,818 INFO [loop_base.py:553] Node[0] 200 / 1505
2026-05-27 18:29:25,593 INFO [loop_base.py:553] Node[0] 400 / 1505
2026-05-27 18:30:27,063 INFO [loop_base.py:553] Node[0] 600 / 1505
2026-05-27 18:31:16,544 INFO [loop_base.py:553] Node[0] 800 / 1505
2026-05-27 18:32:14,731 INFO [loop_base.py:553] Node[0] 1000 / 1505
2026-05-27 18:33:07,381 INFO [loop_base.py:553] Node[0] 1200 / 1505
2026-05-27 18:33:48,770 INFO [loop_base.py:553] Node[0] 1400 / 1505
2026-05-27 18:34:15,658 INFO [nuscenes_metric.py:322] Node[0] The length of self.nusc_annos is: 1505
2026-05-27 18:34:23,971 INFO [nuscenes_metric.py:346] Node[0] Results writes to ./metric_results/bevfusion_pointpillar_henet_multisensor_multitask_nuscenes/results_nusc.json
2026-05-27 18:38:17,111 INFO [nuscenes_metric.py:388] Node[0] NDS: 0.6263, mAP:0.5710
car_AP: [0.5]:0.7406  [1.0]:0.8553  [2.0]:0.8900  [4.0]:0.9047 
truck_AP: [0.5]:0.3367  [1.0]:0.5600  [2.0]:0.6443  [4.0]:0.6864 
trailer_AP: [0.5]:0.1222  [1.0]:0.2967  [2.0]:0.4508  [4.0]:0.5944 
bus_AP: [0.5]:0.4323  [1.0]:0.6553  [2.0]:0.7954  [4.0]:0.8351 
construction_vehicle_AP: [0.5]:0.0067  [1.0]:0.1443  [2.0]:0.2861  [4.0]:0.3523 
bicycle_AP: [0.5]:0.3562  [1.0]:0.4398  [2.0]:0.4587  [4.0]:0.4740 
motorcycle_AP: [0.5]:0.4995  [1.0]:0.6499  [2.0]:0.6868  [4.0]:0.6990 
pedestrian_AP: [0.5]:0.6916  [1.0]:0.7630  [2.0]:0.8027  [4.0]:0.8276 
traffic_cone_AP: [0.5]:0.5690  [1.0]:0.6394  [2.0]:0.6924  [4.0]:0.7418 
barrier_AP: [0.5]:0.3605  [1.0]:0.5511  [2.0]:0.6516  [4.0]:0.6949 

2026-05-27 18:38:18,015 WARNING [metric.py:200] Node[0] <class 'hat.metrics.nuscenes_metric.NuscenesMetric'> not ready for distributed environment, should not be used together with DistributedSampler.Might be slow in validation due to resource competition
2026-05-27 18:38:18,064 INFO [mean_iou.py:170] Node[0] ~~~~ MeanIOU Summary metrics ~~~~
Summary:
Scope                 mIoU       mAcc       aAcc
global               50.74      58.05      78.48
Per Class Results:
Class                  IoU        Acc
others                6.74       7.11
barrier              54.39      64.53
bicycle              28.08      31.25
bus                  68.81      73.73
car                  71.71      78.89
construction_vehicle      31.10      34.90
motorcycle           39.84      42.51
pedestrian           54.88      60.59
traffic_cone         30.81      35.87
trailer              47.64      58.56
truck                59.09      69.72
driveable_surface      82.71      89.84
other_flat           37.68      46.10
sidewalk             49.82      65.32
terrain              55.95      71.21
manmade              71.04      79.09
vegetation           72.23      77.66

2026-05-27 18:38:18,066 INFO [metric_updater.py:360] Node[0] Epoch[11] Validation bevfusion_pointpillar_henet_multisensor_multitask_nuscenes: NDS[0.6263] MeanIOU[tensor(0.5074, device='cuda:0')] 
2026-05-27 18:38:30,293 INFO [checkpoint.py:233] Node[0] Save model checkpoint: ./tmp_models/bevfusion_pointpillar_henet_multisensor_multitask_nuscenes/float-checkpoint-epoch-0011-b312ba58.pth.tar
2026-05-27 18:38:31,376 INFO [checkpoint.py:270] Node[0] Save last model checkpoint: ./tmp_models/bevfusion_pointpillar_henet_multisensor_multitask_nuscenes/float-checkpoint-last-7e83c907.pth.tar
2026-05-27 18:38:31,386 INFO [monitor.py:143] Node[0] Epoch[12] Begin ==================================================
2026-05-27 18:38:31,386 INFO [lr_updater.py:204] Node[0] Epoch[12] Step[0] GlobalStep[21108] lr=0.000200
2026-05-27 18:44:23,589 INFO [monitor.py:131] Node[0] Epoch[12] Step[0-199] Cost Time: 352.200s Speed: 2.27 samples/sec Remaining Time: 10:16:44 Remaining step percent: 49.53%
2026-05-27 18:44:24,537 INFO [metric_updater.py:360] Node[0] Epoch[12] Step[199] GlobalStep[21307] loss_bevfusion_pointpillar_henet_multisensor_multitask_nuscenes: loss_cls[0.1045] loss_bbox[0.2638] d0.loss_cls[0.2132] d0.loss_bbox[0.3639] d1.loss_cls[0.2091] d1.loss_bbox[0.3011] d2.loss_cls[0.1626] d2.loss_bbox[0.2850] d3.loss_cls[0.1234] d3.loss_bbox[0.2748] d4.loss_cls[0.1084] d4.loss_bbox[0.2670] loss_occ[1.1752] 
2026-05-27 18:49:02,205 INFO [monitor.py:131] Node[0] Epoch[12] Step[200-399] Cost Time: 278.612s Speed: 2.87 samples/sec Remaining Time: 8:00:47 Remaining step percent: 49.05%
2026-05-27 18:49:03,177 INFO [metric_updater.py:360] Node[0] Epoch[12] Step[399] GlobalStep[21507] loss_bevfusion_pointpillar_henet_multisensor_multitask_nuscenes: loss_cls[0.1028] loss_bbox[0.2576] d0.loss_cls[0.2087] d0.loss_bbox[0.3556] d1.loss_cls[0.2043] d1.loss_bbox[0.2952] d2.loss_cls[0.1589] d2.loss_bbox[0.2793] d3.loss_cls[0.1200] d3.loss_bbox[0.2695] d4.loss_cls[0.1060] d4.loss_bbox[0.2614] loss_occ[1.1654] 
2026-05-27 18:53:29,359 INFO [monitor.py:131] Node[0] Epoch[12] Step[400-599] Cost Time: 267.151s Speed: 2.99 samples/sec Remaining Time: 7:36:33 Remaining step percent: 48.58%
2026-05-27 18:53:30,591 INFO [metric_updater.py:360] Node[0] Epoch[12] Step[599] GlobalStep[21707] loss_bevfusion_pointpillar_henet_multisensor_multitask_nuscenes: loss_cls[0.1017] loss_bbox[0.2560] d0.loss_cls[0.2076] d0.loss_bbox[0.3529] d1.loss_cls[0.2033] d1.loss_bbox[0.2926] d2.loss_cls[0.1578] d2.loss_bbox[0.2772] d3.loss_cls[0.1192] d3.loss_bbox[0.2675] d4.loss_cls[0.1047] d4.loss_bbox[0.2598] loss_occ[1.1656] 
2026-05-27 18:57:41,207 INFO [monitor.py:131] Node[0] Epoch[12] Step[600-799] Cost Time: 251.846s Speed: 3.18 samples/sec Remaining Time: 7:06:12 Remaining step percent: 48.10%
2026-05-27 18:57:42,385 INFO [metric_updater.py:360] Node[0] Epoch[12] Step[799] GlobalStep[21907] loss_bevfusion_pointpillar_henet_multisensor_multitask_nuscenes: loss_cls[0.1023] loss_bbox[0.2568] d0.loss_cls[0.2096] d0.loss_bbox[0.3535] d1.loss_cls[0.2053] d1.loss_bbox[0.2931] d2.loss_cls[0.1586] d2.loss_bbox[0.2781] d3.loss_cls[0.1199] d3.loss_bbox[0.2682] d4.loss_cls[0.1053] d4.loss_bbox[0.2606] loss_occ[1.1655] 
2026-05-27 19:02:09,784 INFO [monitor.py:131] Node[0] Epoch[12] Step[800-999] Cost Time: 268.574s Speed: 2.98 samples/sec Remaining Time: 7:30:02 Remaining step percent: 47.63%
2026-05-27 19:02:10,988 INFO [metric_updater.py:360] Node[0] Epoch[12] Step[999] GlobalStep[22107] loss_bevfusion_pointpillar_henet_multisensor_multitask_nuscenes: loss_cls[0.1026] loss_bbox[0.2565] d0.loss_cls[0.2090] d0.loss_bbox[0.3525] d1.loss_cls[0.2048] d1.loss_bbox[0.2925] d2.loss_cls[0.1584] d2.loss_bbox[0.2779] d3.loss_cls[0.1203] d3.loss_bbox[0.2680] d4.loss_cls[0.1056] d4.loss_bbox[0.2604] loss_occ[1.1703] 
2026-05-27 19:07:34,520 INFO [monitor.py:131] Node[0] Epoch[12] Step[1000-1199] Cost Time: 324.733s Speed: 2.46 samples/sec Remaining Time: 8:58:43 Remaining step percent: 47.16%
2026-05-27 19:07:35,802 INFO [metric_updater.py:360] Node[0] Epoch[12] Step[1199] GlobalStep[22307] loss_bevfusion_pointpillar_henet_multisensor_multitask_nuscenes: loss_cls[0.1034] loss_bbox[0.2571] d0.loss_cls[0.2096] d0.loss_bbox[0.3536] d1.loss_cls[0.2057] d1.loss_bbox[0.2931] d2.loss_cls[0.1589] d2.loss_bbox[0.2785] d3.loss_cls[0.1211] d3.loss_bbox[0.2685] d4.loss_cls[0.1064] d4.loss_bbox[0.2610] loss_occ[1.1682] 
2026-05-27 19:12:32,584 INFO [monitor.py:131] Node[0] Epoch[12] Step[1200-1399] Cost Time: 298.061s Speed: 2.68 samples/sec Remaining Time: 8:09:30 Remaining step percent: 46.68%
2026-05-27 19:12:33,559 INFO [metric_updater.py:360] Node[0] Epoch[12] Step[1399] GlobalStep[22507] loss_bevfusion_pointpillar_henet_multisensor_multitask_nuscenes: loss_cls[0.1040] loss_bbox[0.2572] d0.loss_cls[0.2103] d0.loss_bbox[0.3539] d1.loss_cls[0.2066] d1.loss_bbox[0.2932] d2.loss_cls[0.1599] d2.loss_bbox[0.2786] d3.loss_cls[0.1217] d3.loss_bbox[0.2686] d4.loss_cls[0.1069] d4.loss_bbox[0.2612] loss_occ[1.1693] 
2026-05-27 19:17:15,844 INFO [monitor.py:131] Node[0] Epoch[12] Step[1400-1599] Cost Time: 283.258s Speed: 2.82 samples/sec Remaining Time: 7:40:28 Remaining step percent: 46.21%
2026-05-27 19:17:17,076 INFO [metric_updater.py:360] Node[0] Epoch[12] Step[1599] GlobalStep[22707] loss_bevfusion_pointpillar_henet_multisensor_multitask_nuscenes: loss_cls[0.1039] loss_bbox[0.2571] d0.loss_cls[0.2103] d0.loss_bbox[0.3535] d1.loss_cls[0.2068] d1.loss_bbox[0.2929] d2.loss_cls[0.1599] d2.loss_bbox[0.2784] d3.loss_cls[0.1217] d3.loss_bbox[0.2685] d4.loss_cls[0.1067] d4.loss_bbox[0.2611] loss_occ[1.1701] 
2026-05-27 19:21:25,353 INFO [monitor.py:146] Node[0] Epoch[12] End   ==================================================
2026-05-27 19:21:25,354 INFO [monitor.py:149] Node[0] Epoch[12] Cost Time: 2573.968s
2026-05-27 19:21:25,354 INFO [metric_updater.py:360] Node[0] Epoch[12] loss_bevfusion_pointpillar_henet_multisensor_multitask_nuscenes: loss_cls[0.1039] loss_bbox[0.2565] d0.loss_cls[0.2104] d0.loss_bbox[0.3527] d1.loss_cls[0.2071] d1.loss_bbox[0.2922] d2.loss_cls[0.1600] d2.loss_bbox[0.2777] d3.loss_cls[0.1216] d3.loss_bbox[0.2679] d4.loss_cls[0.1067] d4.loss_bbox[0.2605] loss_occ[1.1715] 
2026-05-27 19:21:25,355 INFO [validation.py:156] Node[0] [32mUse train `model` as val model.[0m
2026-05-27 19:21:25,528 INFO [loop_base.py:482] Node[0] [32mStart Predictor loop from epoch 12, num_epochs=1[0m
2026-05-27 19:21:25,531 INFO [fake_quantize.py:253] Node[0] Set fake quantize state to FakeQuantState.VALIDATION
2026-05-27 19:21:32,835 INFO [loop_base.py:553] Node[0] 0 / 1505
2026-05-27 19:22:07,485 INFO [loop_base.py:553] Node[0] 200 / 1505
2026-05-27 19:22:42,465 INFO [loop_base.py:553] Node[0] 400 / 1505
2026-05-27 19:23:24,131 INFO [loop_base.py:553] Node[0] 600 / 1505
2026-05-27 19:24:41,173 INFO [loop_base.py:553] Node[0] 800 / 1505
2026-05-27 19:25:26,964 INFO [loop_base.py:553] Node[0] 1000 / 1505
2026-05-27 19:26:01,084 INFO [loop_base.py:553] Node[0] 1200 / 1505
2026-05-27 19:26:33,448 INFO [loop_base.py:553] Node[0] 1400 / 1505
2026-05-27 19:26:59,217 INFO [nuscenes_metric.py:322] Node[0] The length of self.nusc_annos is: 1505
2026-05-27 19:27:07,056 INFO [nuscenes_metric.py:346] Node[0] Results writes to ./metric_results/bevfusion_pointpillar_henet_multisensor_multitask_nuscenes/results_nusc.json
2026-05-27 19:31:20,203 INFO [nuscenes_metric.py:388] Node[0] NDS: 0.6300, mAP:0.5754
car_AP: [0.5]:0.7471  [1.0]:0.8598  [2.0]:0.8952  [4.0]:0.9100 
truck_AP: [0.5]:0.3497  [1.0]:0.5416  [2.0]:0.6557  [4.0]:0.6990 
trailer_AP: [0.5]:0.1260  [1.0]:0.3244  [2.0]:0.4600  [4.0]:0.6049 
bus_AP: [0.5]:0.4361  [1.0]:0.6502  [2.0]:0.8008  [4.0]:0.8339 
construction_vehicle_AP: [0.5]:0.0152  [1.0]:0.1352  [2.0]:0.2850  [4.0]:0.3693 
bicycle_AP: [0.5]:0.3842  [1.0]:0.4651  [2.0]:0.4866  [4.0]:0.5005 
motorcycle_AP: [0.5]:0.4813  [1.0]:0.6342  [2.0]:0.6922  [4.0]:0.7071 
pedestrian_AP: [0.5]:0.6997  [1.0]:0.7655  [2.0]:0.8030  [4.0]:0.8293 
traffic_cone_AP: [0.5]:0.5679  [1.0]:0.6369  [2.0]:0.6847  [4.0]:0.7312 
barrier_AP: [0.5]:0.3586  [1.0]:0.5493  [2.0]:0.6482  [4.0]:0.6899 

2026-05-27 19:31:21,226 WARNING [metric.py:200] Node[0] <class 'hat.metrics.nuscenes_metric.NuscenesMetric'> not ready for distributed environment, should not be used together with DistributedSampler.Might be slow in validation due to resource competition
2026-05-27 19:31:21,244 INFO [mean_iou.py:170] Node[0] ~~~~ MeanIOU Summary metrics ~~~~
Summary:
Scope                 mIoU       mAcc       aAcc
global               51.05      58.99      78.72
Per Class Results:
Class                  IoU        Acc
others                6.50       6.87
barrier              54.38      66.31
bicycle              26.85      30.25
bus                  68.12      72.78
car                  72.25      80.60
construction_vehicle      32.81      38.32
motorcycle           38.20      41.35
pedestrian           55.89      63.79
traffic_cone         32.07      37.84
trailer              51.48      67.15
truck                59.08      68.76
driveable_surface      81.96      90.55
other_flat           38.51      46.98
sidewalk             49.79      65.03
terrain              55.07      68.60
manmade              71.38      79.10
vegetation           73.50      78.48

2026-05-27 19:31:21,246 INFO [metric_updater.py:360] Node[0] Epoch[12] Validation bevfusion_pointpillar_henet_multisensor_multitask_nuscenes: NDS[0.6300] MeanIOU[tensor(0.5105, device='cuda:0')] 
2026-05-27 19:31:34,365 INFO [checkpoint.py:233] Node[0] Save model checkpoint: ./tmp_models/bevfusion_pointpillar_henet_multisensor_multitask_nuscenes/float-checkpoint-epoch-0012-5fc05449.pth.tar
2026-05-27 19:31:35,482 INFO [checkpoint.py:270] Node[0] Save last model checkpoint: ./tmp_models/bevfusion_pointpillar_henet_multisensor_multitask_nuscenes/float-checkpoint-last-5b0de0b0.pth.tar
2026-05-27 19:31:35,492 INFO [monitor.py:143] Node[0] Epoch[13] Begin ==================================================
2026-05-27 19:31:35,492 INFO [lr_updater.py:204] Node[0] Epoch[13] Step[0] GlobalStep[22867] lr=0.000174
2026-05-27 19:36:05,386 INFO [monitor.py:131] Node[0] Epoch[13] Step[0-199] Cost Time: 269.891s Speed: 2.96 samples/sec Remaining Time: 7:12:50 Remaining step percent: 45.36%
2026-05-27 19:36:06,651 INFO [metric_updater.py:360] Node[0] Epoch[13] Step[199] GlobalStep[23066] loss_bevfusion_pointpillar_henet_multisensor_multitask_nuscenes: loss_cls[0.0964] loss_bbox[0.2493] d0.loss_cls[0.2033] d0.loss_bbox[0.3422] d1.loss_cls[0.1989] d1.loss_bbox[0.2849] d2.loss_cls[0.1529] d2.loss_bbox[0.2693] d3.loss_cls[0.1155] d3.loss_bbox[0.2607] d4.loss_cls[0.1000] d4.loss_bbox[0.2529] loss_occ[1.1867] 
2026-05-27 19:40:12,991 INFO [monitor.py:131] Node[0] Epoch[13] Step[200-399] Cost Time: 247.603s Speed: 3.23 samples/sec Remaining Time: 6:30:59 Remaining step percent: 44.89%
2026-05-27 19:40:14,331 INFO [metric_updater.py:360] Node[0] Epoch[13] Step[399] GlobalStep[23266] loss_bevfusion_pointpillar_henet_multisensor_multitask_nuscenes: loss_cls[0.0975] loss_bbox[0.2507] d0.loss_cls[0.2047] d0.loss_bbox[0.3442] d1.loss_cls[0.2000] d1.loss_bbox[0.2874] d2.loss_cls[0.1530] d2.loss_bbox[0.2719] d3.loss_cls[0.1146] d3.loss_bbox[0.2630] d4.loss_cls[0.1003] d4.loss_bbox[0.2550] loss_occ[1.1739] 
2026-05-27 19:44:47,430 INFO [monitor.py:131] Node[0] Epoch[13] Step[400-599] Cost Time: 274.436s Speed: 2.92 samples/sec Remaining Time: 7:08:47 Remaining step percent: 44.41%
2026-05-27 19:44:48,374 INFO [metric_updater.py:360] Node[0] Epoch[13] Step[599] GlobalStep[23466] loss_bevfusion_pointpillar_henet_multisensor_multitask_nuscenes: loss_cls[0.0977] loss_bbox[0.2513] d0.loss_cls[0.2042] d0.loss_bbox[0.3465] d1.loss_cls[0.2001] d1.loss_bbox[0.2884] d2.loss_cls[0.1528] d2.loss_bbox[0.2728] d3.loss_cls[0.1149] d3.loss_bbox[0.2633] d4.loss_cls[0.1009] d4.loss_bbox[0.2552] loss_occ[1.1667] 
2026-05-27 19:49:12,272 INFO [monitor.py:131] Node[0] Epoch[13] Step[600-799] Cost Time: 264.838s Speed: 3.02 samples/sec Remaining Time: 6:49:22 Remaining step percent: 43.94%
2026-05-27 19:49:13,584 INFO [metric_updater.py:360] Node[0] Epoch[13] Step[799] GlobalStep[23666] loss_bevfusion_pointpillar_henet_multisensor_multitask_nuscenes: loss_cls[0.0988] loss_bbox[0.2535] d0.loss_cls[0.2043] d0.loss_bbox[0.3493] d1.loss_cls[0.2008] d1.loss_bbox[0.2904] d2.loss_cls[0.1539] d2.loss_bbox[0.2750] d3.loss_cls[0.1160] d3.loss_bbox[0.2656] d4.loss_cls[0.1019] d4.loss_bbox[0.2574] loss_occ[1.1651] 
2026-05-27 19:54:01,521 INFO [monitor.py:131] Node[0] Epoch[13] Step[800-999] Cost Time: 289.248s Speed: 2.77 samples/sec Remaining Time: 7:22:17 Remaining step percent: 43.46%
2026-05-27 19:54:02,663 INFO [metric_updater.py:360] Node[0] Epoch[13] Step[999] GlobalStep[23866] loss_bevfusion_pointpillar_henet_multisensor_multitask_nuscenes: loss_cls[0.0984] loss_bbox[0.2537] d0.loss_cls[0.2037] d0.loss_bbox[0.3493] d1.loss_cls[0.2000] d1.loss_bbox[0.2901] d2.loss_cls[0.1530] d2.loss_bbox[0.2750] d3.loss_cls[0.1155] d3.loss_bbox[0.2655] d4.loss_cls[0.1014] d4.loss_bbox[0.2576] loss_occ[1.1659] 
2026-05-27 19:59:25,268 INFO [monitor.py:131] Node[0] Epoch[13] Step[1000-1199] Cost Time: 323.744s Speed: 2.47 samples/sec Remaining Time: 8:09:38 Remaining step percent: 42.99%
2026-05-27 19:59:26,271 INFO [metric_updater.py:360] Node[0] Epoch[13] Step[1199] GlobalStep[24066] loss_bevfusion_pointpillar_henet_multisensor_multitask_nuscenes: loss_cls[0.0981] loss_bbox[0.2527] d0.loss_cls[0.2030] d0.loss_bbox[0.3479] d1.loss_cls[0.1991] d1.loss_bbox[0.2890] d2.loss_cls[0.1522] d2.loss_bbox[0.2740] d3.loss_cls[0.1150] d3.loss_bbox[0.2645] d4.loss_cls[0.1010] d4.loss_bbox[0.2566] loss_occ[1.1666] 
2026-05-27 20:04:27,209 INFO [monitor.py:131] Node[0] Epoch[13] Step[1200-1399] Cost Time: 301.938s Speed: 2.65 samples/sec Remaining Time: 7:31:37 Remaining step percent: 42.52%
2026-05-27 20:04:28,465 INFO [metric_updater.py:360] Node[0] Epoch[13] Step[1399] GlobalStep[24266] loss_bevfusion_pointpillar_henet_multisensor_multitask_nuscenes: loss_cls[0.0986] loss_bbox[0.2532] d0.loss_cls[0.2032] d0.loss_bbox[0.3485] d1.loss_cls[0.1994] d1.loss_bbox[0.2893] d2.loss_cls[0.1523] d2.loss_bbox[0.2745] d3.loss_cls[0.1154] d3.loss_bbox[0.2647] d4.loss_cls[0.1014] d4.loss_bbox[0.2570] loss_occ[1.1677] 
2026-05-27 20:09:04,197 INFO [monitor.py:131] Node[0] Epoch[13] Step[1400-1599] Cost Time: 276.985s Speed: 2.89 samples/sec Remaining Time: 6:49:41 Remaining step percent: 42.04%
2026-05-27 20:09:05,254 INFO [metric_updater.py:360] Node[0] Epoch[13] Step[1599] GlobalStep[24466] loss_bevfusion_pointpillar_henet_multisensor_multitask_nuscenes: loss_cls[0.0983] loss_bbox[0.2533] d0.loss_cls[0.2029] d0.loss_bbox[0.3483] d1.loss_cls[0.1991] d1.loss_bbox[0.2893] d2.loss_cls[0.1516] d2.loss_bbox[0.2747] d3.loss_cls[0.1151] d3.loss_bbox[0.2648] d4.loss_cls[0.1011] d4.loss_bbox[0.2572] loss_occ[1.1705] 
2026-05-27 20:12:24,477 INFO [monitor.py:146] Node[0] Epoch[13] End   ==================================================
2026-05-27 20:12:24,480 INFO [monitor.py:149] Node[0] Epoch[13] Cost Time: 2448.988s
2026-05-27 20:12:24,480 INFO [metric_updater.py:360] Node[0] Epoch[13] loss_bevfusion_pointpillar_henet_multisensor_multitask_nuscenes: loss_cls[0.0987] loss_bbox[0.2539] d0.loss_cls[0.2029] d0.loss_bbox[0.3489] d1.loss_cls[0.1992] d1.loss_bbox[0.2898] d2.loss_cls[0.1517] d2.loss_bbox[0.2753] d3.loss_cls[0.1155] d3.loss_bbox[0.2654] d4.loss_cls[0.1015] d4.loss_bbox[0.2577] loss_occ[1.1690] 
2026-05-27 20:12:24,480 INFO [validation.py:156] Node[0] [32mUse train `model` as val model.[0m
2026-05-27 20:12:24,648 INFO [loop_base.py:482] Node[0] [32mStart Predictor loop from epoch 13, num_epochs=1[0m
2026-05-27 20:12:24,651 INFO [fake_quantize.py:253] Node[0] Set fake quantize state to FakeQuantState.VALIDATION
2026-05-27 20:12:31,729 INFO [loop_base.py:553] Node[0] 0 / 1505
2026-05-27 20:13:04,574 INFO [loop_base.py:553] Node[0] 200 / 1505
2026-05-27 20:14:17,392 INFO [loop_base.py:553] Node[0] 400 / 1505
2026-05-27 20:15:28,613 INFO [loop_base.py:553] Node[0] 600 / 1505
2026-05-27 20:16:22,130 INFO [loop_base.py:553] Node[0] 800 / 1505
2026-05-27 20:16:57,184 INFO [loop_base.py:553] Node[0] 1000 / 1505
2026-05-27 20:17:55,798 INFO [loop_base.py:553] Node[0] 1200 / 1505
2026-05-27 20:19:16,809 INFO [loop_base.py:553] Node[0] 1400 / 1505
2026-05-27 20:19:38,314 INFO [nuscenes_metric.py:322] Node[0] The length of self.nusc_annos is: 1505
2026-05-27 20:19:47,085 INFO [nuscenes_metric.py:346] Node[0] Results writes to ./metric_results/bevfusion_pointpillar_henet_multisensor_multitask_nuscenes/results_nusc.json
2026-05-27 20:23:38,744 INFO [nuscenes_metric.py:388] Node[0] NDS: 0.6306, mAP:0.5746
car_AP: [0.5]:0.7404  [1.0]:0.8559  [2.0]:0.8914  [4.0]:0.9057 
truck_AP: [0.5]:0.3507  [1.0]:0.5560  [2.0]:0.6565  [4.0]:0.6968 
trailer_AP: [0.5]:0.1142  [1.0]:0.2816  [2.0]:0.4433  [4.0]:0.5900 
bus_AP: [0.5]:0.4434  [1.0]:0.6548  [2.0]:0.8001  [4.0]:0.8404 
construction_vehicle_AP: [0.5]:0.0110  [1.0]:0.1657  [2.0]:0.3081  [4.0]:0.3840 
bicycle_AP: [0.5]:0.3621  [1.0]:0.4429  [2.0]:0.4572  [4.0]:0.4729 
motorcycle_AP: [0.5]:0.4868  [1.0]:0.6338  [2.0]:0.6743  [4.0]:0.6838 
pedestrian_AP: [0.5]:0.7110  [1.0]:0.7750  [2.0]:0.8092  [4.0]:0.8316 
traffic_cone_AP: [0.5]:0.5537  [1.0]:0.6252  [2.0]:0.6739  [4.0]:0.7241 
barrier_AP: [0.5]:0.3828  [1.0]:0.5823  [2.0]:0.6846  [4.0]:0.7257 

2026-05-27 20:23:39,437 WARNING [metric.py:200] Node[0] <class 'hat.metrics.nuscenes_metric.NuscenesMetric'> not ready for distributed environment, should not be used together with DistributedSampler.Might be slow in validation due to resource competition
2026-05-27 20:23:39,454 INFO [mean_iou.py:170] Node[0] ~~~~ MeanIOU Summary metrics ~~~~
Summary:
Scope                 mIoU       mAcc       aAcc
global               51.11      58.65      77.65
Per Class Results:
Class                  IoU        Acc
others                6.20       6.49
barrier              54.40      65.23
bicycle              28.98      33.20
bus                  69.96      77.52
car                  72.19      80.21
construction_vehicle      33.27      37.85
motorcycle           40.48      44.50
pedestrian           55.63      62.82
traffic_cone         32.25      38.01
trailer              50.21      62.19
truck                58.41      66.49
driveable_surface      82.53      90.35
other_flat           38.97      46.60
sidewalk             49.58      63.77
terrain              54.57      67.04
manmade              70.31      79.51
vegetation           70.98      75.34

2026-05-27 20:23:39,456 INFO [metric_updater.py:360] Node[0] Epoch[13] Validation bevfusion_pointpillar_henet_multisensor_multitask_nuscenes: NDS[0.6306] MeanIOU[tensor(0.5111, device='cuda:0')] 
2026-05-27 20:23:48,081 INFO [checkpoint.py:233] Node[0] Save model checkpoint: ./tmp_models/bevfusion_pointpillar_henet_multisensor_multitask_nuscenes/float-checkpoint-epoch-0013-a8db144f.pth.tar
2026-05-27 20:23:49,119 INFO [checkpoint.py:270] Node[0] Save last model checkpoint: ./tmp_models/bevfusion_pointpillar_henet_multisensor_multitask_nuscenes/float-checkpoint-last-9006dbc7.pth.tar
2026-05-27 20:23:49,128 INFO [monitor.py:143] Node[0] Epoch[14] Begin ==================================================
2026-05-27 20:23:49,128 INFO [lr_updater.py:204] Node[0] Epoch[14] Step[0] GlobalStep[24626] lr=0.000148
2026-05-27 20:28:08,648 INFO [monitor.py:131] Node[0] Epoch[14] Step[0-199] Cost Time: 259.519s Speed: 3.08 samples/sec Remaining Time: 6:17:58 Remaining step percent: 41.19%
2026-05-27 20:28:09,912 INFO [metric_updater.py:360] Node[0] Epoch[14] Step[199] GlobalStep[24825] loss_bevfusion_pointpillar_henet_multisensor_multitask_nuscenes: loss_cls[0.0871] loss_bbox[0.2337] d0.loss_cls[0.1829] d0.loss_bbox[0.3218] d1.loss_cls[0.1779] d1.loss_bbox[0.2675] d2.loss_cls[0.1335] d2.loss_bbox[0.2546] d3.loss_cls[0.1026] d3.loss_bbox[0.2449] d4.loss_cls[0.0897] d4.loss_bbox[0.2382] loss_occ[1.1277] 
2026-05-27 20:32:24,459 INFO [monitor.py:131] Node[0] Epoch[14] Step[200-399] Cost Time: 255.808s Speed: 3.13 samples/sec Remaining Time: 6:06:26 Remaining step percent: 40.72%
2026-05-27 20:32:25,717 INFO [metric_updater.py:360] Node[0] Epoch[14] Step[399] GlobalStep[25025] loss_bevfusion_pointpillar_henet_multisensor_multitask_nuscenes: loss_cls[0.0919] loss_bbox[0.2474] d0.loss_cls[0.1904] d0.loss_bbox[0.3397] d1.loss_cls[0.1859] d1.loss_bbox[0.2819] d2.loss_cls[0.1410] d2.loss_bbox[0.2686] d3.loss_cls[0.1081] d3.loss_bbox[0.2588] d4.loss_cls[0.0947] d4.loss_bbox[0.2514] loss_occ[1.1407] 
2026-05-27 20:36:37,238 INFO [monitor.py:131] Node[0] Epoch[14] Step[400-599] Cost Time: 252.776s Speed: 3.16 samples/sec Remaining Time: 5:57:53 Remaining step percent: 40.25%
2026-05-27 20:36:38,357 INFO [metric_updater.py:360] Node[0] Epoch[14] Step[599] GlobalStep[25225] loss_bevfusion_pointpillar_henet_multisensor_multitask_nuscenes: loss_cls[0.0905] loss_bbox[0.2435] d0.loss_cls[0.1884] d0.loss_bbox[0.3343] d1.loss_cls[0.1837] d1.loss_bbox[0.2778] d2.loss_cls[0.1390] d2.loss_bbox[0.2644] d3.loss_cls[0.1063] d3.loss_bbox[0.2548] d4.loss_cls[0.0932] d4.loss_bbox[0.2475] loss_occ[1.1386] 
2026-05-27 20:41:13,720 INFO [monitor.py:131] Node[0] Epoch[14] Step[600-799] Cost Time: 276.481s Speed: 2.89 samples/sec Remaining Time: 6:26:50 Remaining step percent: 39.77%
2026-05-27 20:41:14,716 INFO [metric_updater.py:360] Node[0] Epoch[14] Step[799] GlobalStep[25425] loss_bevfusion_pointpillar_henet_multisensor_multitask_nuscenes: loss_cls[0.0895] loss_bbox[0.2423] d0.loss_cls[0.1864] d0.loss_bbox[0.3330] d1.loss_cls[0.1821] d1.loss_bbox[0.2761] d2.loss_cls[0.1373] d2.loss_bbox[0.2629] d3.loss_cls[0.1051] d3.loss_bbox[0.2534] d4.loss_cls[0.0921] d4.loss_bbox[0.2462] loss_occ[1.1440] 
2026-05-27 20:45:28,663 INFO [monitor.py:131] Node[0] Epoch[14] Step[800-999] Cost Time: 254.940s Speed: 3.14 samples/sec Remaining Time: 5:52:27 Remaining step percent: 39.30%
2026-05-27 20:45:29,598 INFO [metric_updater.py:360] Node[0] Epoch[14] Step[999] GlobalStep[25625] loss_bevfusion_pointpillar_henet_multisensor_multitask_nuscenes: loss_cls[0.0901] loss_bbox[0.2435] d0.loss_cls[0.1872] d0.loss_bbox[0.3349] d1.loss_cls[0.1832] d1.loss_bbox[0.2775] d2.loss_cls[0.1379] d2.loss_bbox[0.2645] d3.loss_cls[0.1057] d3.loss_bbox[0.2547] d4.loss_cls[0.0926] d4.loss_bbox[0.2475] loss_occ[1.1452] 
2026-05-27 20:50:13,269 INFO [monitor.py:131] Node[0] Epoch[14] Step[1000-1199] Cost Time: 284.603s Speed: 2.81 samples/sec Remaining Time: 6:28:43 Remaining step percent: 38.82%
2026-05-27 20:50:18,211 INFO [metric_updater.py:360] Node[0] Epoch[14] Step[1199] GlobalStep[25825] loss_bevfusion_pointpillar_henet_multisensor_multitask_nuscenes: loss_cls[0.0900] loss_bbox[0.2430] d0.loss_cls[0.1870] d0.loss_bbox[0.3343] d1.loss_cls[0.1830] d1.loss_bbox[0.2770] d2.loss_cls[0.1380] d2.loss_bbox[0.2641] d3.loss_cls[0.1056] d3.loss_bbox[0.2542] d4.loss_cls[0.0925] d4.loss_bbox[0.2470] loss_occ[1.1501] 
2026-05-27 20:54:48,978 INFO [monitor.py:131] Node[0] Epoch[14] Step[1200-1399] Cost Time: 275.707s Speed: 2.90 samples/sec Remaining Time: 6:11:58 Remaining step percent: 38.35%
2026-05-27 20:54:49,990 INFO [metric_updater.py:360] Node[0] Epoch[14] Step[1399] GlobalStep[26025] loss_bevfusion_pointpillar_henet_multisensor_multitask_nuscenes: loss_cls[0.0905] loss_bbox[0.2435] d0.loss_cls[0.1882] d0.loss_bbox[0.3353] d1.loss_cls[0.1843] d1.loss_bbox[0.2775] d2.loss_cls[0.1391] d2.loss_bbox[0.2646] d3.loss_cls[0.1061] d3.loss_bbox[0.2548] d4.loss_cls[0.0931] d4.loss_bbox[0.2475] loss_occ[1.1473] 
2026-05-27 20:59:54,184 INFO [monitor.py:131] Node[0] Epoch[14] Step[1400-1599] Cost Time: 305.203s Speed: 2.62 samples/sec Remaining Time: 6:46:40 Remaining step percent: 37.88%
2026-05-27 20:59:55,086 INFO [metric_updater.py:360] Node[0] Epoch[14] Step[1599] GlobalStep[26225] loss_bevfusion_pointpillar_henet_multisensor_multitask_nuscenes: loss_cls[0.0903] loss_bbox[0.2432] d0.loss_cls[0.1882] d0.loss_bbox[0.3352] d1.loss_cls[0.1844] d1.loss_bbox[0.2774] d2.loss_cls[0.1391] d2.loss_bbox[0.2642] d3.loss_cls[0.1061] d3.loss_bbox[0.2544] d4.loss_cls[0.0930] d4.loss_bbox[0.2471] loss_occ[1.1477] 
2026-05-27 21:03:47,257 INFO [monitor.py:146] Node[0] Epoch[14] End   ==================================================
2026-05-27 21:03:47,260 INFO [monitor.py:149] Node[0] Epoch[14] Cost Time: 2398.133s
2026-05-27 21:03:47,261 INFO [metric_updater.py:360] Node[0] Epoch[14] loss_bevfusion_pointpillar_henet_multisensor_multitask_nuscenes: loss_cls[0.0907] loss_bbox[0.2433] d0.loss_cls[0.1887] d0.loss_bbox[0.3353] d1.loss_cls[0.1847] d1.loss_bbox[0.2775] d2.loss_cls[0.1394] d2.loss_bbox[0.2642] d3.loss_cls[0.1066] d3.loss_bbox[0.2543] d4.loss_cls[0.0933] d4.loss_bbox[0.2472] loss_occ[1.1468] 
2026-05-27 21:03:47,261 INFO [validation.py:156] Node[0] [32mUse train `model` as val model.[0m
2026-05-27 21:03:47,426 INFO [loop_base.py:482] Node[0] [32mStart Predictor loop from epoch 14, num_epochs=1[0m
2026-05-27 21:03:47,429 INFO [fake_quantize.py:253] Node[0] Set fake quantize state to FakeQuantState.VALIDATION
2026-05-27 21:03:54,609 INFO [loop_base.py:553] Node[0] 0 / 1505
2026-05-27 21:04:26,033 INFO [loop_base.py:553] Node[0] 200 / 1505
2026-05-27 21:04:58,205 INFO [loop_base.py:553] Node[0] 400 / 1505
2026-05-27 21:06:05,689 INFO [loop_base.py:553] Node[0] 600 / 1505
2026-05-27 21:06:56,091 INFO [loop_base.py:553] Node[0] 800 / 1505
2026-05-27 21:07:36,753 INFO [loop_base.py:553] Node[0] 1000 / 1505
2026-05-27 21:08:13,325 INFO [loop_base.py:553] Node[0] 1200 / 1505
2026-05-27 21:08:53,730 INFO [loop_base.py:553] Node[0] 1400 / 1505
2026-05-27 21:09:11,721 INFO [nuscenes_metric.py:322] Node[0] The length of self.nusc_annos is: 1505
2026-05-27 21:09:20,309 INFO [nuscenes_metric.py:346] Node[0] Results writes to ./metric_results/bevfusion_pointpillar_henet_multisensor_multitask_nuscenes/results_nusc.json
2026-05-27 21:13:20,457 INFO [nuscenes_metric.py:388] Node[0] NDS: 0.6330, mAP:0.5793
car_AP: [0.5]:0.7473  [1.0]:0.8649  [2.0]:0.9001  [4.0]:0.9146 
truck_AP: [0.5]:0.3482  [1.0]:0.5679  [2.0]:0.6648  [4.0]:0.7067 
trailer_AP: [0.5]:0.1076  [1.0]:0.3096  [2.0]:0.4646  [4.0]:0.5972 
bus_AP: [0.5]:0.4589  [1.0]:0.6656  [2.0]:0.8168  [4.0]:0.8588 
construction_vehicle_AP: [0.5]:0.0184  [1.0]:0.1849  [2.0]:0.3179  [4.0]:0.4050 
bicycle_AP: [0.5]:0.3591  [1.0]:0.4557  [2.0]:0.4764  [4.0]:0.4893 
motorcycle_AP: [0.5]:0.4361  [1.0]:0.6004  [2.0]:0.6632  [4.0]:0.6757 
pedestrian_AP: [0.5]:0.7111  [1.0]:0.7737  [2.0]:0.8097  [4.0]:0.8331 
traffic_cone_AP: [0.5]:0.5646  [1.0]:0.6337  [2.0]:0.6834  [4.0]:0.7356 
barrier_AP: [0.5]:0.3862  [1.0]:0.5734  [2.0]:0.6763  [4.0]:0.7161 

2026-05-27 21:13:21,078 WARNING [metric.py:200] Node[0] <class 'hat.metrics.nuscenes_metric.NuscenesMetric'> not ready for distributed environment, should not be used together with DistributedSampler.Might be slow in validation due to resource competition
2026-05-27 21:13:21,096 INFO [mean_iou.py:170] Node[0] ~~~~ MeanIOU Summary metrics ~~~~
Summary:
Scope                 mIoU       mAcc       aAcc
global               51.54      59.22      79.15
Per Class Results:
Class                  IoU        Acc
others                6.59       7.00
barrier              54.62      65.37
bicycle              28.52      32.41
bus                  71.10      77.02
car                  72.73      81.31
construction_vehicle      34.08      38.98
motorcycle           39.60      42.88
pedestrian           56.83      64.50
traffic_cone         31.88      37.20
trailer              50.40      64.43
truck                59.41      68.58
driveable_surface      82.46      89.13
other_flat           37.88      44.90
sidewalk             48.90      59.65
terrain              55.33      73.18
manmade              71.86      79.82
vegetation           74.03      80.46

2026-05-27 21:13:21,098 INFO [metric_updater.py:360] Node[0] Epoch[14] Validation bevfusion_pointpillar_henet_multisensor_multitask_nuscenes: NDS[0.6330] MeanIOU[tensor(0.5154, device='cuda:0')] 
2026-05-27 21:13:29,354 INFO [checkpoint.py:233] Node[0] Save model checkpoint: ./tmp_models/bevfusion_pointpillar_henet_multisensor_multitask_nuscenes/float-checkpoint-epoch-0014-0c901ab9.pth.tar
2026-05-27 21:13:30,426 INFO [checkpoint.py:270] Node[0] Save last model checkpoint: ./tmp_models/bevfusion_pointpillar_henet_multisensor_multitask_nuscenes/float-checkpoint-last-235cddb9.pth.tar
2026-05-27 21:13:30,434 INFO [monitor.py:143] Node[0] Epoch[15] Begin ==================================================
2026-05-27 21:13:30,434 INFO [lr_updater.py:204] Node[0] Epoch[15] Step[0] GlobalStep[26385] lr=0.000124
2026-05-27 21:17:43,196 INFO [monitor.py:131] Node[0] Epoch[15] Step[0-199] Cost Time: 252.759s Speed: 3.17 samples/sec Remaining Time: 5:30:53 Remaining step percent: 37.03%
2026-05-27 21:17:44,326 INFO [metric_updater.py:360] Node[0] Epoch[15] Step[199] GlobalStep[26584] loss_bevfusion_pointpillar_henet_multisensor_multitask_nuscenes: loss_cls[0.0881] loss_bbox[0.2420] d0.loss_cls[0.1880] d0.loss_bbox[0.3376] d1.loss_cls[0.1860] d1.loss_bbox[0.2786] d2.loss_cls[0.1378] d2.loss_bbox[0.2653] d3.loss_cls[0.1048] d3.loss_bbox[0.2535] d4.loss_cls[0.0908] d4.loss_bbox[0.2459] loss_occ[1.1567] 
2026-05-27 21:22:30,219 INFO [monitor.py:131] Node[0] Epoch[15] Step[200-399] Cost Time: 287.020s Speed: 2.79 samples/sec Remaining Time: 6:09:04 Remaining step percent: 36.55%
2026-05-27 21:22:31,463 INFO [metric_updater.py:360] Node[0] Epoch[15] Step[399] GlobalStep[26784] loss_bevfusion_pointpillar_henet_multisensor_multitask_nuscenes: loss_cls[0.0875] loss_bbox[0.2424] d0.loss_cls[0.1859] d0.loss_bbox[0.3374] d1.loss_cls[0.1840] d1.loss_bbox[0.2789] d2.loss_cls[0.1363] d2.loss_bbox[0.2653] d3.loss_cls[0.1034] d3.loss_bbox[0.2544] d4.loss_cls[0.0901] d4.loss_bbox[0.2466] loss_occ[1.1489] 
2026-05-27 21:27:11,107 INFO [monitor.py:131] Node[0] Epoch[15] Step[400-599] Cost Time: 280.885s Speed: 2.85 samples/sec Remaining Time: 5:56:30 Remaining step percent: 36.08%
2026-05-27 21:27:12,064 INFO [metric_updater.py:360] Node[0] Epoch[15] Step[599] GlobalStep[26984] loss_bevfusion_pointpillar_henet_multisensor_multitask_nuscenes: loss_cls[0.0852] loss_bbox[0.2363] d0.loss_cls[0.1829] d0.loss_bbox[0.3284] d1.loss_cls[0.1803] d1.loss_bbox[0.2716] d2.loss_cls[0.1337] d2.loss_bbox[0.2584] d3.loss_cls[0.1008] d3.loss_bbox[0.2477] d4.loss_cls[0.0878] d4.loss_bbox[0.2403] loss_occ[1.1406] 
2026-05-27 21:32:01,082 INFO [monitor.py:131] Node[0] Epoch[15] Step[600-799] Cost Time: 289.972s Speed: 2.76 samples/sec Remaining Time: 6:03:12 Remaining step percent: 35.60%
2026-05-27 21:32:02,208 INFO [metric_updater.py:360] Node[0] Epoch[15] Step[799] GlobalStep[27184] loss_bevfusion_pointpillar_henet_multisensor_multitask_nuscenes: loss_cls[0.0847] loss_bbox[0.2379] d0.loss_cls[0.1820] d0.loss_bbox[0.3295] d1.loss_cls[0.1790] d1.loss_bbox[0.2730] d2.loss_cls[0.1330] d2.loss_bbox[0.2596] d3.loss_cls[0.1004] d3.loss_bbox[0.2493] d4.loss_cls[0.0873] d4.loss_bbox[0.2419] loss_occ[1.1435] 
2026-05-27 21:36:33,400 INFO [monitor.py:131] Node[0] Epoch[15] Step[800-999] Cost Time: 272.315s Speed: 2.94 samples/sec Remaining Time: 5:36:33 Remaining step percent: 35.13%
2026-05-27 21:36:34,465 INFO [metric_updater.py:360] Node[0] Epoch[15] Step[999] GlobalStep[27384] loss_bevfusion_pointpillar_henet_multisensor_multitask_nuscenes: loss_cls[0.0845] loss_bbox[0.2368] d0.loss_cls[0.1805] d0.loss_bbox[0.3279] d1.loss_cls[0.1772] d1.loss_bbox[0.2715] d2.loss_cls[0.1315] d2.loss_bbox[0.2582] d3.loss_cls[0.0997] d3.loss_bbox[0.2480] d4.loss_cls[0.0870] d4.loss_bbox[0.2407] loss_occ[1.1438] 
2026-05-27 21:41:01,719 INFO [monitor.py:131] Node[0] Epoch[15] Step[1000-1199] Cost Time: 268.316s Speed: 2.98 samples/sec Remaining Time: 5:27:08 Remaining step percent: 34.66%
2026-05-27 21:41:02,782 INFO [metric_updater.py:360] Node[0] Epoch[15] Step[1199] GlobalStep[27584] loss_bevfusion_pointpillar_henet_multisensor_multitask_nuscenes: loss_cls[0.0841] loss_bbox[0.2368] d0.loss_cls[0.1804] d0.loss_bbox[0.3268] d1.loss_cls[0.1771] d1.loss_bbox[0.2709] d2.loss_cls[0.1313] d2.loss_bbox[0.2577] d3.loss_cls[0.0996] d3.loss_bbox[0.2476] d4.loss_cls[0.0867] d4.loss_bbox[0.2406] loss_occ[1.1448] 
2026-05-27 21:45:50,844 INFO [monitor.py:131] Node[0] Epoch[15] Step[1200-1399] Cost Time: 289.123s Speed: 2.77 samples/sec Remaining Time: 5:47:41 Remaining step percent: 34.18%
2026-05-27 21:45:51,836 INFO [metric_updater.py:360] Node[0] Epoch[15] Step[1399] GlobalStep[27784] loss_bevfusion_pointpillar_henet_multisensor_multitask_nuscenes: loss_cls[0.0842] loss_bbox[0.2363] d0.loss_cls[0.1800] d0.loss_bbox[0.3262] d1.loss_cls[0.1767] d1.loss_bbox[0.2705] d2.loss_cls[0.1309] d2.loss_bbox[0.2574] d3.loss_cls[0.0994] d3.loss_bbox[0.2472] d4.loss_cls[0.0867] d4.loss_bbox[0.2401] loss_occ[1.1431] 
2026-05-27 21:51:05,967 INFO [monitor.py:131] Node[0] Epoch[15] Step[1400-1599] Cost Time: 315.119s Speed: 2.54 samples/sec Remaining Time: 6:13:42 Remaining step percent: 33.71%
2026-05-27 21:51:07,004 INFO [metric_updater.py:360] Node[0] Epoch[15] Step[1599] GlobalStep[27984] loss_bevfusion_pointpillar_henet_multisensor_multitask_nuscenes: loss_cls[0.0833] loss_bbox[0.2344] d0.loss_cls[0.1783] d0.loss_bbox[0.3236] d1.loss_cls[0.1751] d1.loss_bbox[0.2682] d2.loss_cls[0.1293] d2.loss_bbox[0.2553] d3.loss_cls[0.0982] d3.loss_bbox[0.2453] d4.loss_cls[0.0858] d4.loss_bbox[0.2382] loss_occ[1.1428] 
2026-05-27 21:54:33,102 INFO [monitor.py:146] Node[0] Epoch[15] End   ==================================================
2026-05-27 21:54:33,104 INFO [monitor.py:149] Node[0] Epoch[15] Cost Time: 2462.670s
2026-05-27 21:54:33,105 INFO [metric_updater.py:360] Node[0] Epoch[15] loss_bevfusion_pointpillar_henet_multisensor_multitask_nuscenes: loss_cls[0.0837] loss_bbox[0.2360] d0.loss_cls[0.1794] d0.loss_bbox[0.3255] d1.loss_cls[0.1760] d1.loss_bbox[0.2699] d2.loss_cls[0.1301] d2.loss_bbox[0.2569] d3.loss_cls[0.0988] d3.loss_bbox[0.2468] d4.loss_cls[0.0864] d4.loss_bbox[0.2397] loss_occ[1.1424] 
2026-05-27 21:54:33,105 INFO [validation.py:156] Node[0] [32mUse train `model` as val model.[0m
2026-05-27 21:54:33,270 INFO [loop_base.py:482] Node[0] [32mStart Predictor loop from epoch 15, num_epochs=1[0m
2026-05-27 21:54:33,273 INFO [fake_quantize.py:253] Node[0] Set fake quantize state to FakeQuantState.VALIDATION
2026-05-27 21:54:40,401 INFO [loop_base.py:553] Node[0] 0 / 1505
2026-05-27 21:55:22,972 INFO [loop_base.py:553] Node[0] 200 / 1505
2026-05-27 21:56:17,383 INFO [loop_base.py:553] Node[0] 400 / 1505
2026-05-27 21:57:05,315 INFO [loop_base.py:553] Node[0] 600 / 1505
2026-05-27 21:58:04,179 INFO [loop_base.py:553] Node[0] 800 / 1505
2026-05-27 21:58:43,928 INFO [loop_base.py:553] Node[0] 1000 / 1505
2026-05-27 21:59:22,553 INFO [loop_base.py:553] Node[0] 1200 / 1505
2026-05-27 22:00:11,855 INFO [loop_base.py:553] Node[0] 1400 / 1505
2026-05-27 22:00:29,957 INFO [nuscenes_metric.py:322] Node[0] The length of self.nusc_annos is: 1505
2026-05-27 22:00:38,226 INFO [nuscenes_metric.py:346] Node[0] Results writes to ./metric_results/bevfusion_pointpillar_henet_multisensor_multitask_nuscenes/results_nusc.json
2026-05-27 22:04:08,216 INFO [nuscenes_metric.py:388] Node[0] NDS: 0.6385, mAP:0.5850
car_AP: [0.5]:0.7427  [1.0]:0.8588  [2.0]:0.8960  [4.0]:0.9103 
truck_AP: [0.5]:0.3721  [1.0]:0.5758  [2.0]:0.6760  [4.0]:0.7159 
trailer_AP: [0.5]:0.1165  [1.0]:0.3093  [2.0]:0.4682  [4.0]:0.6183 
bus_AP: [0.5]:0.4380  [1.0]:0.6754  [2.0]:0.8114  [4.0]:0.8495 
construction_vehicle_AP: [0.5]:0.0147  [1.0]:0.1732  [2.0]:0.3028  [4.0]:0.3767 
bicycle_AP: [0.5]:0.3755  [1.0]:0.4694  [2.0]:0.4909  [4.0]:0.5045 
motorcycle_AP: [0.5]:0.4889  [1.0]:0.6357  [2.0]:0.6925  [4.0]:0.7038 
pedestrian_AP: [0.5]:0.7160  [1.0]:0.7753  [2.0]:0.8068  [4.0]:0.8302 
traffic_cone_AP: [0.5]:0.5675  [1.0]:0.6326  [2.0]:0.6768  [4.0]:0.7283 
barrier_AP: [0.5]:0.3991  [1.0]:0.5914  [2.0]:0.6898  [4.0]:0.7246 

2026-05-27 22:04:08,778 WARNING [metric.py:200] Node[0] <class 'hat.metrics.nuscenes_metric.NuscenesMetric'> not ready for distributed environment, should not be used together with DistributedSampler.Might be slow in validation due to resource competition
2026-05-27 22:04:08,794 INFO [mean_iou.py:170] Node[0] ~~~~ MeanIOU Summary metrics ~~~~
Summary:
Scope                 mIoU       mAcc       aAcc
global               52.27      60.28      79.67
Per Class Results:
Class                  IoU        Acc
others                6.94       7.48
barrier              55.85      68.21
bicycle              30.05      34.27
bus                  69.37      73.16
car                  73.44      80.45
construction_vehicle      34.43      39.17
motorcycle           41.91      45.31
pedestrian           56.24      62.46
traffic_cone         32.32      37.75
trailer              51.59      68.47
truck                61.55      72.50
driveable_surface      82.60      89.17
other_flat           39.10      48.03
sidewalk             50.60      64.29
terrain              55.88      73.24
manmade              72.56      81.31
vegetation           74.21      79.52

2026-05-27 22:04:08,796 INFO [metric_updater.py:360] Node[0] Epoch[15] Validation bevfusion_pointpillar_henet_multisensor_multitask_nuscenes: NDS[0.6385] MeanIOU[tensor(0.5227, device='cuda:0')] 
2026-05-27 22:04:17,142 INFO [checkpoint.py:233] Node[0] Save model checkpoint: ./tmp_models/bevfusion_pointpillar_henet_multisensor_multitask_nuscenes/float-checkpoint-epoch-0015-a40186c2.pth.tar
2026-05-27 22:04:18,271 INFO [checkpoint.py:270] Node[0] Save last model checkpoint: ./tmp_models/bevfusion_pointpillar_henet_multisensor_multitask_nuscenes/float-checkpoint-last-cfdbf405.pth.tar
2026-05-27 22:04:18,280 INFO [monitor.py:143] Node[0] Epoch[16] Begin ==================================================
2026-05-27 22:04:18,280 INFO [lr_updater.py:204] Node[0] Epoch[16] Step[0] GlobalStep[28144] lr=0.000100
2026-05-27 22:09:01,290 INFO [monitor.py:131] Node[0] Epoch[16] Step[0-199] Cost Time: 283.008s Speed: 2.83 samples/sec Remaining Time: 5:28:48 Remaining step percent: 32.86%
2026-05-27 22:09:02,541 INFO [metric_updater.py:360] Node[0] Epoch[16] Step[199] GlobalStep[28343] loss_bevfusion_pointpillar_henet_multisensor_multitask_nuscenes: loss_cls[0.0783] loss_bbox[0.2313] d0.loss_cls[0.1757] d0.loss_bbox[0.3173] d1.loss_cls[0.1697] d1.loss_bbox[0.2630] d2.loss_cls[0.1214] d2.loss_bbox[0.2512] d3.loss_cls[0.0921] d3.loss_bbox[0.2414] d4.loss_cls[0.0800] d4.loss_bbox[0.2352] loss_occ[1.1281] 
2026-05-27 22:13:05,369 INFO [monitor.py:131] Node[0] Epoch[16] Step[200-399] Cost Time: 244.076s Speed: 3.28 samples/sec Remaining Time: 4:38:05 Remaining step percent: 32.39%
2026-05-27 22:13:06,530 INFO [metric_updater.py:360] Node[0] Epoch[16] Step[399] GlobalStep[28543] loss_bevfusion_pointpillar_henet_multisensor_multitask_nuscenes: loss_cls[0.0796] loss_bbox[0.2331] d0.loss_cls[0.1749] d0.loss_bbox[0.3210] d1.loss_cls[0.1694] d1.loss_bbox[0.2649] d2.loss_cls[0.1233] d2.loss_bbox[0.2528] d3.loss_cls[0.0931] d3.loss_bbox[0.2430] d4.loss_cls[0.0814] d4.loss_bbox[0.2368] loss_occ[1.1114] 
2026-05-27 22:17:39,098 INFO [monitor.py:131] Node[0] Epoch[16] Step[400-599] Cost Time: 273.726s Speed: 2.92 samples/sec Remaining Time: 5:07:18 Remaining step percent: 31.91%
2026-05-27 22:17:40,078 INFO [metric_updater.py:360] Node[0] Epoch[16] Step[599] GlobalStep[28743] loss_bevfusion_pointpillar_henet_multisensor_multitask_nuscenes: loss_cls[0.0798] loss_bbox[0.2328] d0.loss_cls[0.1722] d0.loss_bbox[0.3217] d1.loss_cls[0.1672] d1.loss_bbox[0.2651] d2.loss_cls[0.1223] d2.loss_bbox[0.2527] d3.loss_cls[0.0933] d3.loss_bbox[0.2430] d4.loss_cls[0.0817] d4.loss_bbox[0.2367] loss_occ[1.1167] 
2026-05-27 22:22:11,438 INFO [monitor.py:131] Node[0] Epoch[16] Step[600-799] Cost Time: 272.337s Speed: 2.94 samples/sec Remaining Time: 5:01:12 Remaining step percent: 31.44%
2026-05-27 22:22:12,596 INFO [metric_updater.py:360] Node[0] Epoch[16] Step[799] GlobalStep[28943] loss_bevfusion_pointpillar_henet_multisensor_multitask_nuscenes: loss_cls[0.0796] loss_bbox[0.2346] d0.loss_cls[0.1729] d0.loss_bbox[0.3248] d1.loss_cls[0.1680] d1.loss_bbox[0.2675] d2.loss_cls[0.1228] d2.loss_bbox[0.2548] d3.loss_cls[0.0934] d3.loss_bbox[0.2449] d4.loss_cls[0.0817] d4.loss_bbox[0.2383] loss_occ[1.1166] 
2026-05-27 22:26:45,435 INFO [monitor.py:131] Node[0] Epoch[16] Step[800-999] Cost Time: 273.994s Speed: 2.92 samples/sec Remaining Time: 4:58:28 Remaining step percent: 30.96%
2026-05-27 22:26:46,440 INFO [metric_updater.py:360] Node[0] Epoch[16] Step[999] GlobalStep[29143] loss_bevfusion_pointpillar_henet_multisensor_multitask_nuscenes: loss_cls[0.0801] loss_bbox[0.2354] d0.loss_cls[0.1736] d0.loss_bbox[0.3260] d1.loss_cls[0.1684] d1.loss_bbox[0.2687] d2.loss_cls[0.1233] d2.loss_bbox[0.2556] d3.loss_cls[0.0939] d3.loss_bbox[0.2457] d4.loss_cls[0.0823] d4.loss_bbox[0.2392] loss_occ[1.1223] 
2026-05-27 22:31:04,672 INFO [monitor.py:131] Node[0] Epoch[16] Step[1000-1199] Cost Time: 259.233s Speed: 3.09 samples/sec Remaining Time: 4:38:04 Remaining step percent: 30.49%
2026-05-27 22:31:05,785 INFO [metric_updater.py:360] Node[0] Epoch[16] Step[1199] GlobalStep[29343] loss_bevfusion_pointpillar_henet_multisensor_multitask_nuscenes: loss_cls[0.0797] loss_bbox[0.2354] d0.loss_cls[0.1731] d0.loss_bbox[0.3256] d1.loss_cls[0.1680] d1.loss_bbox[0.2685] d2.loss_cls[0.1227] d2.loss_bbox[0.2552] d3.loss_cls[0.0936] d3.loss_bbox[0.2454] d4.loss_cls[0.0819] d4.loss_bbox[0.2391] loss_occ[1.1212] 
2026-05-27 22:36:14,620 INFO [monitor.py:131] Node[0] Epoch[16] Step[1200-1399] Cost Time: 309.945s Speed: 2.58 samples/sec Remaining Time: 5:27:18 Remaining step percent: 30.02%
2026-05-27 22:36:18,872 INFO [metric_updater.py:360] Node[0] Epoch[16] Step[1399] GlobalStep[29543] loss_bevfusion_pointpillar_henet_multisensor_multitask_nuscenes: loss_cls[0.0791] loss_bbox[0.2343] d0.loss_cls[0.1720] d0.loss_bbox[0.3242] d1.loss_cls[0.1671] d1.loss_bbox[0.2673] d2.loss_cls[0.1218] d2.loss_bbox[0.2539] d3.loss_cls[0.0931] d3.loss_bbox[0.2442] d4.loss_cls[0.0812] d4.loss_bbox[0.2380] loss_occ[1.1210] 
2026-05-27 22:41:17,460 INFO [monitor.py:131] Node[0] Epoch[16] Step[1400-1599] Cost Time: 302.836s Speed: 2.64 samples/sec Remaining Time: 5:14:44 Remaining step percent: 29.54%
2026-05-27 22:41:18,690 INFO [metric_updater.py:360] Node[0] Epoch[16] Step[1599] GlobalStep[29743] loss_bevfusion_pointpillar_henet_multisensor_multitask_nuscenes: loss_cls[0.0791] loss_bbox[0.2340] d0.loss_cls[0.1715] d0.loss_bbox[0.3242] d1.loss_cls[0.1665] d1.loss_bbox[0.2673] d2.loss_cls[0.1215] d2.loss_bbox[0.2537] d3.loss_cls[0.0929] d3.loss_bbox[0.2441] d4.loss_cls[0.0812] d4.loss_bbox[0.2378] loss_occ[1.1226] 
2026-05-27 22:45:24,308 INFO [monitor.py:146] Node[0] Epoch[16] End   ==================================================
2026-05-27 22:45:24,311 INFO [monitor.py:149] Node[0] Epoch[16] Cost Time: 2466.031s
2026-05-27 22:45:24,311 INFO [metric_updater.py:360] Node[0] Epoch[16] loss_bevfusion_pointpillar_henet_multisensor_multitask_nuscenes: loss_cls[0.0792] loss_bbox[0.2342] d0.loss_cls[0.1719] d0.loss_bbox[0.3244] d1.loss_cls[0.1669] d1.loss_bbox[0.2676] d2.loss_cls[0.1216] d2.loss_bbox[0.2539] d3.loss_cls[0.0930] d3.loss_bbox[0.2444] d4.loss_cls[0.0813] d4.loss_bbox[0.2380] loss_occ[1.1205] 
2026-05-27 22:45:24,312 INFO [validation.py:156] Node[0] [32mUse train `model` as val model.[0m
2026-05-27 22:45:24,475 INFO [loop_base.py:482] Node[0] [32mStart Predictor loop from epoch 16, num_epochs=1[0m
2026-05-27 22:45:24,478 INFO [fake_quantize.py:253] Node[0] Set fake quantize state to FakeQuantState.VALIDATION
2026-05-27 22:45:31,543 INFO [loop_base.py:553] Node[0] 0 / 1505
2026-05-27 22:46:02,490 INFO [loop_base.py:553] Node[0] 200 / 1505
2026-05-27 22:46:44,238 INFO [loop_base.py:553] Node[0] 400 / 1505
2026-05-27 22:47:45,622 INFO [loop_base.py:553] Node[0] 600 / 1505
2026-05-27 22:48:35,340 INFO [loop_base.py:553] Node[0] 800 / 1505
2026-05-27 22:49:34,136 INFO [loop_base.py:553] Node[0] 1000 / 1505
2026-05-27 22:50:12,669 INFO [loop_base.py:553] Node[0] 1200 / 1505
2026-05-27 22:50:53,908 INFO [loop_base.py:553] Node[0] 1400 / 1505
2026-05-27 22:51:23,567 INFO [nuscenes_metric.py:322] Node[0] The length of self.nusc_annos is: 1505
2026-05-27 22:51:31,328 INFO [nuscenes_metric.py:346] Node[0] Results writes to ./metric_results/bevfusion_pointpillar_henet_multisensor_multitask_nuscenes/results_nusc.json
2026-05-27 22:55:11,690 INFO [nuscenes_metric.py:388] Node[0] NDS: 0.6416, mAP:0.5869
car_AP: [0.5]:0.7485  [1.0]:0.8652  [2.0]:0.8978  [4.0]:0.9115 
truck_AP: [0.5]:0.3595  [1.0]:0.5656  [2.0]:0.6626  [4.0]:0.7022 
trailer_AP: [0.5]:0.1371  [1.0]:0.3310  [2.0]:0.4690  [4.0]:0.6097 
bus_AP: [0.5]:0.4800  [1.0]:0.6755  [2.0]:0.8231  [4.0]:0.8637 
construction_vehicle_AP: [0.5]:0.0200  [1.0]:0.1680  [2.0]:0.3105  [4.0]:0.3807 
bicycle_AP: [0.5]:0.3644  [1.0]:0.4398  [2.0]:0.4605  [4.0]:0.4741 
motorcycle_AP: [0.5]:0.4924  [1.0]:0.6320  [2.0]:0.6804  [4.0]:0.6927 
pedestrian_AP: [0.5]:0.7165  [1.0]:0.7767  [2.0]:0.8102  [4.0]:0.8338 
traffic_cone_AP: [0.5]:0.5876  [1.0]:0.6583  [2.0]:0.7014  [4.0]:0.7403 
barrier_AP: [0.5]:0.4140  [1.0]:0.6011  [2.0]:0.6924  [4.0]:0.7262 

2026-05-27 22:55:12,389 WARNING [metric.py:200] Node[0] <class 'hat.metrics.nuscenes_metric.NuscenesMetric'> not ready for distributed environment, should not be used together with DistributedSampler.Might be slow in validation due to resource competition
2026-05-27 22:55:12,406 INFO [mean_iou.py:170] Node[0] ~~~~ MeanIOU Summary metrics ~~~~
Summary:
Scope                 mIoU       mAcc       aAcc
global               51.52      58.97      78.72
Per Class Results:
Class                  IoU        Acc
others                6.57       6.95
barrier              54.07      63.86
bicycle              28.04      31.63
bus                  70.70      75.39
car                  71.71      79.07
construction_vehicle      33.35      37.49
motorcycle           40.64      44.32
pedestrian           55.20      61.30
traffic_cone         32.85      39.26
trailer              50.69      64.08
truck                59.57      68.76
driveable_surface      82.51      90.79
other_flat           39.26      47.59
sidewalk             50.42      65.35
terrain              55.70      69.37
manmade              71.25      78.89
vegetation           73.23      78.35

2026-05-27 22:55:12,407 INFO [metric_updater.py:360] Node[0] Epoch[16] Validation bevfusion_pointpillar_henet_multisensor_multitask_nuscenes: NDS[0.6416] MeanIOU[tensor(0.5152, device='cuda:0')] 
2026-05-27 22:55:21,177 INFO [checkpoint.py:233] Node[0] Save model checkpoint: ./tmp_models/bevfusion_pointpillar_henet_multisensor_multitask_nuscenes/float-checkpoint-epoch-0016-38dfb4ae.pth.tar
2026-05-27 22:55:22,225 INFO [checkpoint.py:270] Node[0] Save last model checkpoint: ./tmp_models/bevfusion_pointpillar_henet_multisensor_multitask_nuscenes/float-checkpoint-last-6614321d.pth.tar
2026-05-27 22:55:22,234 INFO [monitor.py:143] Node[0] Epoch[17] Begin ==================================================
2026-05-27 22:55:22,234 INFO [lr_updater.py:204] Node[0] Epoch[17] Step[0] GlobalStep[29903] lr=0.000078
2026-05-27 22:59:52,092 INFO [monitor.py:131] Node[0] Epoch[17] Step[0-199] Cost Time: 269.857s Speed: 2.96 samples/sec Remaining Time: 4:33:45 Remaining step percent: 28.69%
2026-05-27 22:59:53,228 INFO [metric_updater.py:360] Node[0] Epoch[17] Step[199] GlobalStep[30102] loss_bevfusion_pointpillar_henet_multisensor_multitask_nuscenes: loss_cls[0.0786] loss_bbox[0.2351] d0.loss_cls[0.1704] d0.loss_bbox[0.3288] d1.loss_cls[0.1649] d1.loss_bbox[0.2708] d2.loss_cls[0.1212] d2.loss_bbox[0.2558] d3.loss_cls[0.0924] d3.loss_bbox[0.2466] d4.loss_cls[0.0812] d4.loss_bbox[0.2397] loss_occ[1.0792] 
2026-05-27 23:04:00,176 INFO [monitor.py:131] Node[0] Epoch[17] Step[200-399] Cost Time: 248.081s Speed: 3.22 samples/sec Remaining Time: 4:06:16 Remaining step percent: 28.22%
2026-05-27 23:04:01,470 INFO [metric_updater.py:360] Node[0] Epoch[17] Step[399] GlobalStep[30302] loss_bevfusion_pointpillar_henet_multisensor_multitask_nuscenes: loss_cls[0.0764] loss_bbox[0.2320] d0.loss_cls[0.1667] d0.loss_bbox[0.3238] d1.loss_cls[0.1615] d1.loss_bbox[0.2661] d2.loss_cls[0.1190] d2.loss_bbox[0.2517] d3.loss_cls[0.0905] d3.loss_bbox[0.2425] d4.loss_cls[0.0790] d4.loss_bbox[0.2359] loss_occ[1.0899] 
2026-05-27 23:08:32,012 INFO [monitor.py:131] Node[0] Epoch[17] Step[400-599] Cost Time: 271.833s Speed: 2.94 samples/sec Remaining Time: 4:25:19 Remaining step percent: 27.75%
2026-05-27 23:08:33,234 INFO [metric_updater.py:360] Node[0] Epoch[17] Step[599] GlobalStep[30502] loss_bevfusion_pointpillar_henet_multisensor_multitask_nuscenes: loss_cls[0.0754] loss_bbox[0.2298] d0.loss_cls[0.1653] d0.loss_bbox[0.3213] d1.loss_cls[0.1602] d1.loss_bbox[0.2637] d2.loss_cls[0.1184] d2.loss_bbox[0.2495] d3.loss_cls[0.0894] d3.loss_bbox[0.2400] d4.loss_cls[0.0781] d4.loss_bbox[0.2335] loss_occ[1.1034] 
2026-05-27 23:13:12,752 INFO [monitor.py:131] Node[0] Epoch[17] Step[600-799] Cost Time: 280.736s Speed: 2.85 samples/sec Remaining Time: 4:29:20 Remaining step percent: 27.27%
2026-05-27 23:13:13,971 INFO [metric_updater.py:360] Node[0] Epoch[17] Step[799] GlobalStep[30702] loss_bevfusion_pointpillar_henet_multisensor_multitask_nuscenes: loss_cls[0.0757] loss_bbox[0.2308] d0.loss_cls[0.1653] d0.loss_bbox[0.3232] d1.loss_cls[0.1603] d1.loss_bbox[0.2650] d2.loss_cls[0.1186] d2.loss_bbox[0.2507] d3.loss_cls[0.0894] d3.loss_bbox[0.2410] d4.loss_cls[0.0783] d4.loss_bbox[0.2345] loss_occ[1.1021] 
2026-05-27 23:17:36,931 INFO [monitor.py:131] Node[0] Epoch[17] Step[800-999] Cost Time: 264.176s Speed: 3.03 samples/sec Remaining Time: 4:09:03 Remaining step percent: 26.80%
2026-05-27 23:17:38,141 INFO [metric_updater.py:360] Node[0] Epoch[17] Step[999] GlobalStep[30902] loss_bevfusion_pointpillar_henet_multisensor_multitask_nuscenes: loss_cls[0.0757] loss_bbox[0.2304] d0.loss_cls[0.1638] d0.loss_bbox[0.3220] d1.loss_cls[0.1592] d1.loss_bbox[0.2645] d2.loss_cls[0.1177] d2.loss_bbox[0.2503] d3.loss_cls[0.0891] d3.loss_bbox[0.2404] d4.loss_cls[0.0782] d4.loss_bbox[0.2340] loss_occ[1.1046] 
2026-05-27 23:22:33,230 INFO [monitor.py:131] Node[0] Epoch[17] Step[1000-1199] Cost Time: 296.297s Speed: 2.70 samples/sec Remaining Time: 4:34:23 Remaining step percent: 26.32%
2026-05-27 23:22:34,512 INFO [metric_updater.py:360] Node[0] Epoch[17] Step[1199] GlobalStep[31102] loss_bevfusion_pointpillar_henet_multisensor_multitask_nuscenes: loss_cls[0.0759] loss_bbox[0.2310] d0.loss_cls[0.1641] d0.loss_bbox[0.3231] d1.loss_cls[0.1596] d1.loss_bbox[0.2652] d2.loss_cls[0.1179] d2.loss_bbox[0.2512] d3.loss_cls[0.0893] d3.loss_bbox[0.2413] d4.loss_cls[0.0785] d4.loss_bbox[0.2346] loss_occ[1.1072] 
2026-05-27 23:27:12,946 INFO [monitor.py:131] Node[0] Epoch[17] Step[1200-1399] Cost Time: 279.715s Speed: 2.86 samples/sec Remaining Time: 4:14:22 Remaining step percent: 25.85%
2026-05-27 23:27:14,069 INFO [metric_updater.py:360] Node[0] Epoch[17] Step[1399] GlobalStep[31302] loss_bevfusion_pointpillar_henet_multisensor_multitask_nuscenes: loss_cls[0.0756] loss_bbox[0.2312] d0.loss_cls[0.1642] d0.loss_bbox[0.3227] d1.loss_cls[0.1598] d1.loss_bbox[0.2651] d2.loss_cls[0.1175] d2.loss_bbox[0.2512] d3.loss_cls[0.0890] d3.loss_bbox[0.2415] d4.loss_cls[0.0780] d4.loss_bbox[0.2348] loss_occ[1.1085] 
2026-05-27 23:32:03,080 INFO [monitor.py:131] Node[0] Epoch[17] Step[1400-1599] Cost Time: 290.131s Speed: 2.76 samples/sec Remaining Time: 4:19:00 Remaining step percent: 25.38%
2026-05-27 23:32:04,332 INFO [metric_updater.py:360] Node[0] Epoch[17] Step[1599] GlobalStep[31502] loss_bevfusion_pointpillar_henet_multisensor_multitask_nuscenes: loss_cls[0.0753] loss_bbox[0.2306] d0.loss_cls[0.1639] d0.loss_bbox[0.3219] d1.loss_cls[0.1598] d1.loss_bbox[0.2644] d2.loss_cls[0.1170] d2.loss_bbox[0.2506] d3.loss_cls[0.0887] d3.loss_bbox[0.2410] d4.loss_cls[0.0778] d4.loss_bbox[0.2342] loss_occ[1.1066] 
2026-05-27 23:36:01,996 INFO [monitor.py:146] Node[0] Epoch[17] End   ==================================================
2026-05-27 23:36:01,999 INFO [monitor.py:149] Node[0] Epoch[17] Cost Time: 2439.765s
2026-05-27 23:36:01,999 INFO [metric_updater.py:360] Node[0] Epoch[17] loss_bevfusion_pointpillar_henet_multisensor_multitask_nuscenes: loss_cls[0.0755] loss_bbox[0.2311] d0.loss_cls[0.1641] d0.loss_bbox[0.3223] d1.loss_cls[0.1601] d1.loss_bbox[0.2651] d2.loss_cls[0.1172] d2.loss_bbox[0.2512] d3.loss_cls[0.0889] d3.loss_bbox[0.2416] d4.loss_cls[0.0779] d4.loss_bbox[0.2347] loss_occ[1.1063] 
2026-05-27 23:36:01,999 INFO [validation.py:156] Node[0] [32mUse train `model` as val model.[0m
2026-05-27 23:36:02,159 INFO [loop_base.py:482] Node[0] [32mStart Predictor loop from epoch 17, num_epochs=1[0m
2026-05-27 23:36:02,162 INFO [fake_quantize.py:253] Node[0] Set fake quantize state to FakeQuantState.VALIDATION
2026-05-27 23:36:09,285 INFO [loop_base.py:553] Node[0] 0 / 1505
2026-05-27 23:36:40,717 INFO [loop_base.py:553] Node[0] 200 / 1505
2026-05-27 23:37:27,803 INFO [loop_base.py:553] Node[0] 400 / 1505
2026-05-27 23:38:19,587 INFO [loop_base.py:553] Node[0] 600 / 1505
2026-05-27 23:39:11,807 INFO [loop_base.py:553] Node[0] 800 / 1505
2026-05-27 23:40:03,139 INFO [loop_base.py:553] Node[0] 1000 / 1505
2026-05-27 23:40:46,762 INFO [loop_base.py:553] Node[0] 1200 / 1505
2026-05-27 23:41:25,823 INFO [loop_base.py:553] Node[0] 1400 / 1505
2026-05-27 23:41:42,888 INFO [nuscenes_metric.py:322] Node[0] The length of self.nusc_annos is: 1505
2026-05-27 23:41:50,860 INFO [nuscenes_metric.py:346] Node[0] Results writes to ./metric_results/bevfusion_pointpillar_henet_multisensor_multitask_nuscenes/results_nusc.json
2026-05-27 23:45:33,806 INFO [nuscenes_metric.py:388] Node[0] NDS: 0.6379, mAP:0.5835
car_AP: [0.5]:0.7474  [1.0]:0.8628  [2.0]:0.8979  [4.0]:0.9114 
truck_AP: [0.5]:0.3579  [1.0]:0.5728  [2.0]:0.6632  [4.0]:0.6987 
trailer_AP: [0.5]:0.1340  [1.0]:0.3377  [2.0]:0.4803  [4.0]:0.6098 
bus_AP: [0.5]:0.4645  [1.0]:0.6719  [2.0]:0.8202  [4.0]:0.8587 
construction_vehicle_AP: [0.5]:0.0172  [1.0]:0.1706  [2.0]:0.2935  [4.0]:0.3652 
bicycle_AP: [0.5]:0.3552  [1.0]:0.4381  [2.0]:0.4531  [4.0]:0.4766 
motorcycle_AP: [0.5]:0.4838  [1.0]:0.6308  [2.0]:0.6731  [4.0]:0.6837 
pedestrian_AP: [0.5]:0.7120  [1.0]:0.7680  [2.0]:0.7996  [4.0]:0.8237 
traffic_cone_AP: [0.5]:0.5832  [1.0]:0.6449  [2.0]:0.6903  [4.0]:0.7357 
barrier_AP: [0.5]:0.4201  [1.0]:0.6046  [2.0]:0.6972  [4.0]:0.7324 

2026-05-27 23:45:34,380 WARNING [metric.py:200] Node[0] <class 'hat.metrics.nuscenes_metric.NuscenesMetric'> not ready for distributed environment, should not be used together with DistributedSampler.Might be slow in validation due to resource competition
2026-05-27 23:45:34,396 INFO [mean_iou.py:170] Node[0] ~~~~ MeanIOU Summary metrics ~~~~
Summary:
Scope                 mIoU       mAcc       aAcc
global               51.67      59.18      79.19
Per Class Results:
Class                  IoU        Acc
others                6.31       6.65
barrier              55.65      66.96
bicycle              28.04      31.14
bus                  70.37      74.95
car                  73.29      81.59
construction_vehicle      34.53      40.39
motorcycle           39.18      42.49
pedestrian           55.19      61.34
traffic_cone         33.52      39.96
trailer              51.30      65.60
truck                59.56      68.52
driveable_surface      82.66      90.82
other_flat           37.92      44.25
sidewalk             50.13      63.58
terrain              55.47      68.03
manmade              72.18      81.15
vegetation           73.16      78.57

2026-05-27 23:45:34,397 INFO [metric_updater.py:360] Node[0] Epoch[17] Validation bevfusion_pointpillar_henet_multisensor_multitask_nuscenes: NDS[0.6379] MeanIOU[tensor(0.5167, device='cuda:0')] 
2026-05-27 23:45:41,901 INFO [checkpoint.py:233] Node[0] Save model checkpoint: ./tmp_models/bevfusion_pointpillar_henet_multisensor_multitask_nuscenes/float-checkpoint-epoch-0017-fc23ff05.pth.tar
2026-05-27 23:45:42,985 INFO [checkpoint.py:270] Node[0] Save last model checkpoint: ./tmp_models/bevfusion_pointpillar_henet_multisensor_multitask_nuscenes/float-checkpoint-last-186dd5ed.pth.tar
2026-05-27 23:45:42,994 INFO [monitor.py:143] Node[0] Epoch[18] Begin ==================================================
2026-05-27 23:45:42,994 INFO [lr_updater.py:204] Node[0] Epoch[18] Step[0] GlobalStep[31662] lr=0.000059
2026-05-27 23:50:17,099 INFO [monitor.py:131] Node[0] Epoch[18] Step[0-199] Cost Time: 274.103s Speed: 2.92 samples/sec Remaining Time: 3:57:41 Remaining step percent: 24.53%
2026-05-27 23:50:18,367 INFO [metric_updater.py:360] Node[0] Epoch[18] Step[199] GlobalStep[31861] loss_bevfusion_pointpillar_henet_multisensor_multitask_nuscenes: loss_cls[0.0664] loss_bbox[0.2155] d0.loss_cls[0.1537] d0.loss_bbox[0.3012] d1.loss_cls[0.1470] d1.loss_bbox[0.2474] d2.loss_cls[0.1042] d2.loss_bbox[0.2349] d3.loss_cls[0.0779] d3.loss_bbox[0.2252] d4.loss_cls[0.0680] d4.loss_bbox[0.2191] loss_occ[1.1174] 
2026-05-27 23:54:39,843 INFO [monitor.py:131] Node[0] Epoch[18] Step[200-399] Cost Time: 262.741s Speed: 3.04 samples/sec Remaining Time: 3:42:19 Remaining step percent: 24.05%
2026-05-27 23:54:40,902 INFO [metric_updater.py:360] Node[0] Epoch[18] Step[399] GlobalStep[32061] loss_bevfusion_pointpillar_henet_multisensor_multitask_nuscenes: loss_cls[0.0673] loss_bbox[0.2208] d0.loss_cls[0.1567] d0.loss_bbox[0.3067] d1.loss_cls[0.1507] d1.loss_bbox[0.2528] d2.loss_cls[0.1072] d2.loss_bbox[0.2401] d3.loss_cls[0.0798] d3.loss_bbox[0.2304] d4.loss_cls[0.0694] d4.loss_bbox[0.2247] loss_occ[1.1052] 
2026-05-27 23:59:45,863 INFO [monitor.py:131] Node[0] Epoch[18] Step[400-599] Cost Time: 306.017s Speed: 2.61 samples/sec Remaining Time: 4:13:50 Remaining step percent: 23.58%
2026-05-27 23:59:47,016 INFO [metric_updater.py:360] Node[0] Epoch[18] Step[599] GlobalStep[32261] loss_bevfusion_pointpillar_henet_multisensor_multitask_nuscenes: loss_cls[0.0680] loss_bbox[0.2223] d0.loss_cls[0.1555] d0.loss_bbox[0.3093] d1.loss_cls[0.1509] d1.loss_bbox[0.2547] d2.loss_cls[0.1079] d2.loss_bbox[0.2416] d3.loss_cls[0.0807] d3.loss_bbox[0.2321] d4.loss_cls[0.0702] d4.loss_bbox[0.2261] loss_occ[1.1024] 
2026-05-28 00:03:57,262 INFO [monitor.py:131] Node[0] Epoch[18] Step[600-799] Cost Time: 251.396s Speed: 3.18 samples/sec Remaining Time: 3:24:20 Remaining step percent: 23.10%
2026-05-28 00:03:58,316 INFO [metric_updater.py:360] Node[0] Epoch[18] Step[799] GlobalStep[32461] loss_bevfusion_pointpillar_henet_multisensor_multitask_nuscenes: loss_cls[0.0679] loss_bbox[0.2205] d0.loss_cls[0.1543] d0.loss_bbox[0.3078] d1.loss_cls[0.1496] d1.loss_bbox[0.2532] d2.loss_cls[0.1072] d2.loss_bbox[0.2398] d3.loss_cls[0.0804] d3.loss_bbox[0.2304] d4.loss_cls[0.0702] d4.loss_bbox[0.2242] loss_occ[1.1021] 
2026-05-28 00:08:14,683 INFO [monitor.py:131] Node[0] Epoch[18] Step[800-999] Cost Time: 257.418s Speed: 3.11 samples/sec Remaining Time: 3:24:56 Remaining step percent: 22.63%
2026-05-28 00:08:15,720 INFO [metric_updater.py:360] Node[0] Epoch[18] Step[999] GlobalStep[32661] loss_bevfusion_pointpillar_henet_multisensor_multitask_nuscenes: loss_cls[0.0682] loss_bbox[0.2215] d0.loss_cls[0.1540] d0.loss_bbox[0.3083] d1.loss_cls[0.1492] d1.loss_bbox[0.2539] d2.loss_cls[0.1074] d2.loss_bbox[0.2405] d3.loss_cls[0.0805] d3.loss_bbox[0.2315] d4.loss_cls[0.0704] d4.loss_bbox[0.2251] loss_occ[1.1023] 
2026-05-28 00:12:43,065 INFO [monitor.py:131] Node[0] Epoch[18] Step[1000-1199] Cost Time: 268.380s Speed: 2.98 samples/sec Remaining Time: 3:29:12 Remaining step percent: 22.16%
2026-05-28 00:12:44,348 INFO [metric_updater.py:360] Node[0] Epoch[18] Step[1199] GlobalStep[32861] loss_bevfusion_pointpillar_henet_multisensor_multitask_nuscenes: loss_cls[0.0682] loss_bbox[0.2224] d0.loss_cls[0.1538] d0.loss_bbox[0.3095] d1.loss_cls[0.1489] d1.loss_bbox[0.2551] d2.loss_cls[0.1073] d2.loss_bbox[0.2418] d3.loss_cls[0.0807] d3.loss_bbox[0.2324] d4.loss_cls[0.0705] d4.loss_bbox[0.2260] loss_occ[1.1022] 
2026-05-28 00:17:48,045 INFO [monitor.py:131] Node[0] Epoch[18] Step[1200-1399] Cost Time: 304.978s Speed: 2.62 samples/sec Remaining Time: 3:52:38 Remaining step percent: 21.68%
2026-05-28 00:17:53,487 INFO [metric_updater.py:360] Node[0] Epoch[18] Step[1399] GlobalStep[33061] loss_bevfusion_pointpillar_henet_multisensor_multitask_nuscenes: loss_cls[0.0683] loss_bbox[0.2223] d0.loss_cls[0.1533] d0.loss_bbox[0.3094] d1.loss_cls[0.1485] d1.loss_bbox[0.2551] d2.loss_cls[0.1070] d2.loss_bbox[0.2417] d3.loss_cls[0.0807] d3.loss_bbox[0.2323] d4.loss_cls[0.0705] d4.loss_bbox[0.2259] loss_occ[1.1057] 
2026-05-28 00:22:39,232 INFO [monitor.py:131] Node[0] Epoch[18] Step[1400-1599] Cost Time: 291.183s Speed: 2.75 samples/sec Remaining Time: 3:37:16 Remaining step percent: 21.21%
2026-05-28 00:22:40,178 INFO [metric_updater.py:360] Node[0] Epoch[18] Step[1599] GlobalStep[33261] loss_bevfusion_pointpillar_henet_multisensor_multitask_nuscenes: loss_cls[0.0686] loss_bbox[0.2231] d0.loss_cls[0.1539] d0.loss_bbox[0.3106] d1.loss_cls[0.1489] d1.loss_bbox[0.2559] d2.loss_cls[0.1075] d2.loss_bbox[0.2425] d3.loss_cls[0.0810] d3.loss_bbox[0.2331] d4.loss_cls[0.0709] d4.loss_bbox[0.2266] loss_occ[1.1060] 
2026-05-28 00:26:38,185 INFO [monitor.py:146] Node[0] Epoch[18] End   ==================================================
2026-05-28 00:26:38,187 INFO [monitor.py:149] Node[0] Epoch[18] Cost Time: 2455.194s
2026-05-28 00:26:38,188 INFO [metric_updater.py:360] Node[0] Epoch[18] loss_bevfusion_pointpillar_henet_multisensor_multitask_nuscenes: loss_cls[0.0687] loss_bbox[0.2227] d0.loss_cls[0.1536] d0.loss_bbox[0.3100] d1.loss_cls[0.1488] d1.loss_bbox[0.2554] d2.loss_cls[0.1074] d2.loss_bbox[0.2421] d3.loss_cls[0.0810] d3.loss_bbox[0.2327] d4.loss_cls[0.0710] d4.loss_bbox[0.2261] loss_occ[1.1029] 
2026-05-28 00:26:38,188 INFO [validation.py:156] Node[0] [32mUse train `model` as val model.[0m
2026-05-28 00:26:38,356 INFO [loop_base.py:482] Node[0] [32mStart Predictor loop from epoch 18, num_epochs=1[0m
2026-05-28 00:26:38,359 INFO [fake_quantize.py:253] Node[0] Set fake quantize state to FakeQuantState.VALIDATION
2026-05-28 00:26:45,207 INFO [loop_base.py:553] Node[0] 0 / 1505
2026-05-28 00:27:16,774 INFO [loop_base.py:553] Node[0] 200 / 1505
2026-05-28 00:27:47,240 INFO [loop_base.py:553] Node[0] 400 / 1505
2026-05-28 00:28:34,279 INFO [loop_base.py:553] Node[0] 600 / 1505
2026-05-28 00:29:36,765 INFO [loop_base.py:553] Node[0] 800 / 1505
2026-05-28 00:30:30,866 INFO [loop_base.py:553] Node[0] 1000 / 1505
2026-05-28 00:31:16,352 INFO [loop_base.py:553] Node[0] 1200 / 1505
2026-05-28 00:32:15,951 INFO [loop_base.py:553] Node[0] 1400 / 1505
2026-05-28 00:32:37,134 INFO [nuscenes_metric.py:322] Node[0] The length of self.nusc_annos is: 1505
2026-05-28 00:32:45,205 INFO [nuscenes_metric.py:346] Node[0] Results writes to ./metric_results/bevfusion_pointpillar_henet_multisensor_multitask_nuscenes/results_nusc.json
2026-05-28 00:36:21,069 INFO [nuscenes_metric.py:388] Node[0] NDS: 0.6399, mAP:0.5861
car_AP: [0.5]:0.7484  [1.0]:0.8640  [2.0]:0.8988  [4.0]:0.9117 
truck_AP: [0.5]:0.3564  [1.0]:0.5705  [2.0]:0.6707  [4.0]:0.7064 
trailer_AP: [0.5]:0.1279  [1.0]:0.3192  [2.0]:0.4637  [4.0]:0.6094 
bus_AP: [0.5]:0.4593  [1.0]:0.6802  [2.0]:0.8260  [4.0]:0.8609 
construction_vehicle_AP: [0.5]:0.0212  [1.0]:0.1734  [2.0]:0.3022  [4.0]:0.3686 
bicycle_AP: [0.5]:0.3579  [1.0]:0.4435  [2.0]:0.4586  [4.0]:0.4726 
motorcycle_AP: [0.5]:0.4825  [1.0]:0.6398  [2.0]:0.6895  [4.0]:0.7012 
pedestrian_AP: [0.5]:0.7167  [1.0]:0.7753  [2.0]:0.8093  [4.0]:0.8309 
traffic_cone_AP: [0.5]:0.5859  [1.0]:0.6506  [2.0]:0.6977  [4.0]:0.7430 
barrier_AP: [0.5]:0.4178  [1.0]:0.6035  [2.0]:0.6961  [4.0]:0.7310 

2026-05-28 00:36:21,653 WARNING [metric.py:200] Node[0] <class 'hat.metrics.nuscenes_metric.NuscenesMetric'> not ready for distributed environment, should not be used together with DistributedSampler.Might be slow in validation due to resource competition
2026-05-28 00:36:21,670 INFO [mean_iou.py:170] Node[0] ~~~~ MeanIOU Summary metrics ~~~~
Summary:
Scope                 mIoU       mAcc       aAcc
global               51.51      59.17      78.65
Per Class Results:
Class                  IoU        Acc
others                7.15       7.84
barrier              55.51      67.18
bicycle              28.66      32.34
bus                  70.14      75.11
car                  73.04      80.30
construction_vehicle      33.30      38.15
motorcycle           39.86      42.85
pedestrian           55.67      61.80
traffic_cone         32.04      37.38
trailer              50.94      65.39
truck                59.02      67.81
driveable_surface      82.75      89.23
other_flat           38.72      46.46
sidewalk             50.24      63.68
terrain              54.86      73.14
manmade              70.69      78.00
vegetation           73.05      79.29

2026-05-28 00:36:21,671 INFO [metric_updater.py:360] Node[0] Epoch[18] Validation bevfusion_pointpillar_henet_multisensor_multitask_nuscenes: NDS[0.6399] MeanIOU[tensor(0.5151, device='cuda:0')] 
2026-05-28 00:36:30,408 INFO [checkpoint.py:233] Node[0] Save model checkpoint: ./tmp_models/bevfusion_pointpillar_henet_multisensor_multitask_nuscenes/float-checkpoint-epoch-0018-009806c4.pth.tar
2026-05-28 00:36:31,423 INFO [checkpoint.py:270] Node[0] Save last model checkpoint: ./tmp_models/bevfusion_pointpillar_henet_multisensor_multitask_nuscenes/float-checkpoint-last-ad04695b.pth.tar
2026-05-28 00:36:31,431 INFO [monitor.py:143] Node[0] Epoch[19] Begin ==================================================
2026-05-28 00:36:31,431 INFO [lr_updater.py:204] Node[0] Epoch[19] Step[0] GlobalStep[33421] lr=0.000042
2026-05-28 00:41:14,707 INFO [monitor.py:131] Node[0] Epoch[19] Step[0-199] Cost Time: 283.274s Speed: 2.82 samples/sec Remaining Time: 3:23:54 Remaining step percent: 20.36%
2026-05-28 00:41:15,831 INFO [metric_updater.py:360] Node[0] Epoch[19] Step[199] GlobalStep[33620] loss_bevfusion_pointpillar_henet_multisensor_multitask_nuscenes: loss_cls[0.0648] loss_bbox[0.2186] d0.loss_cls[0.1492] d0.loss_bbox[0.3068] d1.loss_cls[0.1457] d1.loss_bbox[0.2519] d2.loss_cls[0.1037] d2.loss_bbox[0.2389] d3.loss_cls[0.0777] d3.loss_bbox[0.2289] d4.loss_cls[0.0666] d4.loss_bbox[0.2227] loss_occ[1.0762] 
2026-05-28 00:45:41,151 INFO [monitor.py:131] Node[0] Epoch[19] Step[200-399] Cost Time: 266.441s Speed: 3.00 samples/sec Remaining Time: 3:06:23 Remaining step percent: 19.89%
2026-05-28 00:45:42,353 INFO [metric_updater.py:360] Node[0] Epoch[19] Step[399] GlobalStep[33820] loss_bevfusion_pointpillar_henet_multisensor_multitask_nuscenes: loss_cls[0.0656] loss_bbox[0.2214] d0.loss_cls[0.1481] d0.loss_bbox[0.3111] d1.loss_cls[0.1442] d1.loss_bbox[0.2549] d2.loss_cls[0.1042] d2.loss_bbox[0.2412] d3.loss_cls[0.0786] d3.loss_bbox[0.2316] d4.loss_cls[0.0678] d4.loss_bbox[0.2252] loss_occ[1.0927] 
2026-05-28 00:50:14,276 INFO [monitor.py:131] Node[0] Epoch[19] Step[400-599] Cost Time: 273.122s Speed: 2.93 samples/sec Remaining Time: 3:06:31 Remaining step percent: 19.41%
2026-05-28 00:50:15,348 INFO [metric_updater.py:360] Node[0] Epoch[19] Step[599] GlobalStep[34020] loss_bevfusion_pointpillar_henet_multisensor_multitask_nuscenes: loss_cls[0.0655] loss_bbox[0.2215] d0.loss_cls[0.1467] d0.loss_bbox[0.3104] d1.loss_cls[0.1427] d1.loss_bbox[0.2546] d2.loss_cls[0.1033] d2.loss_bbox[0.2408] d3.loss_cls[0.0780] d3.loss_bbox[0.2316] d4.loss_cls[0.0678] d4.loss_bbox[0.2251] loss_occ[1.1043] 
2026-05-28 00:54:52,369 INFO [monitor.py:131] Node[0] Epoch[19] Step[600-799] Cost Time: 278.091s Speed: 2.88 samples/sec Remaining Time: 3:05:16 Remaining step percent: 18.94%
2026-05-28 00:54:53,681 INFO [metric_updater.py:360] Node[0] Epoch[19] Step[799] GlobalStep[34220] loss_bevfusion_pointpillar_henet_multisensor_multitask_nuscenes: loss_cls[0.0658] loss_bbox[0.2224] d0.loss_cls[0.1468] d0.loss_bbox[0.3112] d1.loss_cls[0.1424] d1.loss_bbox[0.2555] d2.loss_cls[0.1031] d2.loss_bbox[0.2417] d3.loss_cls[0.0779] d3.loss_bbox[0.2324] d4.loss_cls[0.0680] d4.loss_bbox[0.2261] loss_occ[1.0971] 
2026-05-28 00:59:12,698 INFO [monitor.py:131] Node[0] Epoch[19] Step[800-999] Cost Time: 260.325s Speed: 3.07 samples/sec Remaining Time: 2:49:06 Remaining step percent: 18.46%
2026-05-28 00:59:13,903 INFO [metric_updater.py:360] Node[0] Epoch[19] Step[999] GlobalStep[34420] loss_bevfusion_pointpillar_henet_multisensor_multitask_nuscenes: loss_cls[0.0656] loss_bbox[0.2213] d0.loss_cls[0.1466] d0.loss_bbox[0.3098] d1.loss_cls[0.1419] d1.loss_bbox[0.2544] d2.loss_cls[0.1026] d2.loss_bbox[0.2406] d3.loss_cls[0.0776] d3.loss_bbox[0.2314] d4.loss_cls[0.0677] d4.loss_bbox[0.2250] loss_occ[1.0931] 
2026-05-28 01:03:49,356 INFO [monitor.py:131] Node[0] Epoch[19] Step[1000-1199] Cost Time: 276.657s Speed: 2.89 samples/sec Remaining Time: 2:55:06 Remaining step percent: 17.99%
2026-05-28 01:03:50,535 INFO [metric_updater.py:360] Node[0] Epoch[19] Step[1199] GlobalStep[34620] loss_bevfusion_pointpillar_henet_multisensor_multitask_nuscenes: loss_cls[0.0659] loss_bbox[0.2222] d0.loss_cls[0.1468] d0.loss_bbox[0.3105] d1.loss_cls[0.1422] d1.loss_bbox[0.2550] d2.loss_cls[0.1027] d2.loss_bbox[0.2413] d3.loss_cls[0.0779] d3.loss_bbox[0.2322] d4.loss_cls[0.0679] d4.loss_bbox[0.2259] loss_occ[1.0899] 
2026-05-28 01:08:46,956 INFO [monitor.py:131] Node[0] Epoch[19] Step[1200-1399] Cost Time: 297.596s Speed: 2.69 samples/sec Remaining Time: 3:03:23 Remaining step percent: 17.52%
2026-05-28 01:08:48,090 INFO [metric_updater.py:360] Node[0] Epoch[19] Step[1399] GlobalStep[34820] loss_bevfusion_pointpillar_henet_multisensor_multitask_nuscenes: loss_cls[0.0660] loss_bbox[0.2218] d0.loss_cls[0.1467] d0.loss_bbox[0.3098] d1.loss_cls[0.1419] d1.loss_bbox[0.2545] d2.loss_cls[0.1026] d2.loss_bbox[0.2409] d3.loss_cls[0.0780] d3.loss_bbox[0.2319] d4.loss_cls[0.0681] d4.loss_bbox[0.2256] loss_occ[1.0888] 
2026-05-28 01:14:05,112 INFO [monitor.py:131] Node[0] Epoch[19] Step[1400-1599] Cost Time: 318.153s Speed: 2.51 samples/sec Remaining Time: 3:10:45 Remaining step percent: 17.04%
2026-05-28 01:14:06,303 INFO [metric_updater.py:360] Node[0] Epoch[19] Step[1599] GlobalStep[35020] loss_bevfusion_pointpillar_henet_multisensor_multitask_nuscenes: loss_cls[0.0665] loss_bbox[0.2225] d0.loss_cls[0.1474] d0.loss_bbox[0.3108] d1.loss_cls[0.1422] d1.loss_bbox[0.2555] d2.loss_cls[0.1029] d2.loss_bbox[0.2417] d3.loss_cls[0.0786] d3.loss_bbox[0.2326] d4.loss_cls[0.0686] d4.loss_bbox[0.2262] loss_occ[1.0872] 
2026-05-28 01:17:52,032 INFO [monitor.py:146] Node[0] Epoch[19] End   ==================================================
2026-05-28 01:17:52,035 INFO [monitor.py:149] Node[0] Epoch[19] Cost Time: 2480.604s
2026-05-28 01:17:52,035 INFO [metric_updater.py:360] Node[0] Epoch[19] loss_bevfusion_pointpillar_henet_multisensor_multitask_nuscenes: loss_cls[0.0668] loss_bbox[0.2235] d0.loss_cls[0.1477] d0.loss_bbox[0.3122] d1.loss_cls[0.1424] d1.loss_bbox[0.2566] d2.loss_cls[0.1030] d2.loss_bbox[0.2430] d3.loss_cls[0.0787] d3.loss_bbox[0.2337] d4.loss_cls[0.0688] d4.loss_bbox[0.2273] loss_occ[1.0882] 
2026-05-28 01:17:52,036 INFO [validation.py:156] Node[0] [32mUse train `model` as val model.[0m
2026-05-28 01:17:52,200 INFO [loop_base.py:482] Node[0] [32mStart Predictor loop from epoch 19, num_epochs=1[0m
2026-05-28 01:17:52,204 INFO [fake_quantize.py:253] Node[0] Set fake quantize state to FakeQuantState.VALIDATION
2026-05-28 01:17:59,592 INFO [loop_base.py:553] Node[0] 0 / 1505
2026-05-28 01:18:31,120 INFO [loop_base.py:553] Node[0] 200 / 1505
2026-05-28 01:19:25,474 INFO [loop_base.py:553] Node[0] 400 / 1505
2026-05-28 01:20:33,602 INFO [loop_base.py:553] Node[0] 600 / 1505
2026-05-28 01:22:07,202 INFO [loop_base.py:553] Node[0] 800 / 1505
2026-05-28 01:22:55,520 INFO [loop_base.py:553] Node[0] 1000 / 1505
2026-05-28 01:24:32,656 INFO [loop_base.py:553] Node[0] 1200 / 1505
2026-05-28 01:25:16,736 INFO [loop_base.py:553] Node[0] 1400 / 1505
2026-05-28 01:25:58,351 INFO [nuscenes_metric.py:322] Node[0] The length of self.nusc_annos is: 1505
2026-05-28 01:26:06,089 INFO [nuscenes_metric.py:346] Node[0] Results writes to ./metric_results/bevfusion_pointpillar_henet_multisensor_multitask_nuscenes/results_nusc.json
2026-05-28 01:29:43,801 INFO [nuscenes_metric.py:388] Node[0] NDS: 0.6417, mAP:0.5871
car_AP: [0.5]:0.7442  [1.0]:0.8611  [2.0]:0.8964  [4.0]:0.9097 
truck_AP: [0.5]:0.3597  [1.0]:0.5769  [2.0]:0.6715  [4.0]:0.7072 
trailer_AP: [0.5]:0.1303  [1.0]:0.3099  [2.0]:0.4669  [4.0]:0.6157 
bus_AP: [0.5]:0.4721  [1.0]:0.6871  [2.0]:0.8230  [4.0]:0.8609 
construction_vehicle_AP: [0.5]:0.0163  [1.0]:0.1723  [2.0]:0.2940  [4.0]:0.3663 
bicycle_AP: [0.5]:0.3734  [1.0]:0.4601  [2.0]:0.4786  [4.0]:0.4903 
motorcycle_AP: [0.5]:0.4818  [1.0]:0.6348  [2.0]:0.6818  [4.0]:0.6905 
pedestrian_AP: [0.5]:0.7220  [1.0]:0.7762  [2.0]:0.8083  [4.0]:0.8301 
traffic_cone_AP: [0.5]:0.5899  [1.0]:0.6540  [2.0]:0.6979  [4.0]:0.7418 
barrier_AP: [0.5]:0.4172  [1.0]:0.6010  [2.0]:0.6898  [4.0]:0.7216 

2026-05-28 01:29:44,347 WARNING [metric.py:200] Node[0] <class 'hat.metrics.nuscenes_metric.NuscenesMetric'> not ready for distributed environment, should not be used together with DistributedSampler.Might be slow in validation due to resource competition
2026-05-28 01:29:44,363 INFO [mean_iou.py:170] Node[0] ~~~~ MeanIOU Summary metrics ~~~~
Summary:
Scope                 mIoU       mAcc       aAcc
global               51.91      59.36      79.18
Per Class Results:
Class                  IoU        Acc
others                6.85       7.29
barrier              55.25      65.64
bicycle              28.35      31.67
bus                  71.13      76.47
car                  73.44      80.85
construction_vehicle      33.34      38.61
motorcycle           39.66      42.66
pedestrian           56.48      62.90
traffic_cone         33.72      39.74
trailer              51.71      66.66
truck                59.28      67.56
driveable_surface      82.93      91.03
other_flat           38.87      45.74
sidewalk             50.18      62.63
terrain              56.35      70.76
manmade              71.89      80.91
vegetation           73.07      78.01

2026-05-28 01:29:44,364 INFO [metric_updater.py:360] Node[0] Epoch[19] Validation bevfusion_pointpillar_henet_multisensor_multitask_nuscenes: NDS[0.6417] MeanIOU[tensor(0.5191, device='cuda:0')] 
2026-05-28 01:29:51,542 INFO [checkpoint.py:233] Node[0] Save model checkpoint: ./tmp_models/bevfusion_pointpillar_henet_multisensor_multitask_nuscenes/float-checkpoint-epoch-0019-b4ee7585.pth.tar
2026-05-28 01:29:52,566 INFO [checkpoint.py:270] Node[0] Save last model checkpoint: ./tmp_models/bevfusion_pointpillar_henet_multisensor_multitask_nuscenes/float-checkpoint-last-16046bfa.pth.tar
2026-05-28 01:29:52,574 INFO [monitor.py:143] Node[0] Epoch[20] Begin ==================================================
2026-05-28 01:29:52,575 INFO [lr_updater.py:204] Node[0] Epoch[20] Step[0] GlobalStep[35180] lr=0.000027
2026-05-28 01:34:36,554 INFO [monitor.py:131] Node[0] Epoch[20] Step[0-199] Cost Time: 283.977s Speed: 2.82 samples/sec Remaining Time: 2:42:35 Remaining step percent: 16.19%
2026-05-28 01:34:37,618 INFO [metric_updater.py:360] Node[0] Epoch[20] Step[199] GlobalStep[35379] loss_bevfusion_pointpillar_henet_multisensor_multitask_nuscenes: loss_cls[0.0640] loss_bbox[0.2226] d0.loss_cls[0.1400] d0.loss_bbox[0.3101] d1.loss_cls[0.1347] d1.loss_bbox[0.2557] d2.loss_cls[0.0989] d2.loss_bbox[0.2416] d3.loss_cls[0.0754] d3.loss_bbox[0.2329] d4.loss_cls[0.0662] d4.loss_bbox[0.2263] loss_occ[1.0859] 
2026-05-28 01:39:00,527 INFO [monitor.py:131] Node[0] Epoch[20] Step[200-399] Cost Time: 263.970s Speed: 3.03 samples/sec Remaining Time: 2:25:58 Remaining step percent: 15.72%
2026-05-28 01:39:01,584 INFO [metric_updater.py:360] Node[0] Epoch[20] Step[399] GlobalStep[35579] loss_bevfusion_pointpillar_henet_multisensor_multitask_nuscenes: loss_cls[0.0637] loss_bbox[0.2200] d0.loss_cls[0.1392] d0.loss_bbox[0.3086] d1.loss_cls[0.1336] d1.loss_bbox[0.2538] d2.loss_cls[0.0973] d2.loss_bbox[0.2389] d3.loss_cls[0.0744] d3.loss_bbox[0.2298] d4.loss_cls[0.0657] d4.loss_bbox[0.2234] loss_occ[1.0874] 
2026-05-28 01:43:49,992 INFO [monitor.py:131] Node[0] Epoch[20] Step[400-599] Cost Time: 289.463s Speed: 2.76 samples/sec Remaining Time: 2:35:14 Remaining step percent: 15.25%
2026-05-28 01:43:51,084 INFO [metric_updater.py:360] Node[0] Epoch[20] Step[599] GlobalStep[35779] loss_bevfusion_pointpillar_henet_multisensor_multitask_nuscenes: loss_cls[0.0623] loss_bbox[0.2166] d0.loss_cls[0.1370] d0.loss_bbox[0.3039] d1.loss_cls[0.1308] d1.loss_bbox[0.2495] d2.loss_cls[0.0951] d2.loss_bbox[0.2355] d3.loss_cls[0.0729] d3.loss_bbox[0.2264] d4.loss_cls[0.0642] d4.loss_bbox[0.2199] loss_occ[1.0876] 
2026-05-28 01:48:35,409 INFO [monitor.py:131] Node[0] Epoch[20] Step[600-799] Cost Time: 285.415s Speed: 2.80 samples/sec Remaining Time: 2:28:19 Remaining step percent: 14.77%
2026-05-28 01:48:36,548 INFO [metric_updater.py:360] Node[0] Epoch[20] Step[799] GlobalStep[35979] loss_bevfusion_pointpillar_henet_multisensor_multitask_nuscenes: loss_cls[0.0623] loss_bbox[0.2172] d0.loss_cls[0.1362] d0.loss_bbox[0.3041] d1.loss_cls[0.1303] d1.loss_bbox[0.2500] d2.loss_cls[0.0947] d2.loss_bbox[0.2363] d3.loss_cls[0.0727] d3.loss_bbox[0.2272] d4.loss_cls[0.0642] d4.loss_bbox[0.2207] loss_occ[1.0900] 
2026-05-28 01:53:12,027 INFO [monitor.py:131] Node[0] Epoch[20] Step[800-999] Cost Time: 276.615s Speed: 2.89 samples/sec Remaining Time: 2:19:08 Remaining step percent: 14.30%
2026-05-28 01:53:13,348 INFO [metric_updater.py:360] Node[0] Epoch[20] Step[999] GlobalStep[36179] loss_bevfusion_pointpillar_henet_multisensor_multitask_nuscenes: loss_cls[0.0629] loss_bbox[0.2197] d0.loss_cls[0.1372] d0.loss_bbox[0.3071] d1.loss_cls[0.1314] d1.loss_bbox[0.2523] d2.loss_cls[0.0955] d2.loss_bbox[0.2387] d3.loss_cls[0.0734] d3.loss_bbox[0.2297] d4.loss_cls[0.0649] d4.loss_bbox[0.2232] loss_occ[1.0866] 
2026-05-28 01:57:58,359 INFO [monitor.py:131] Node[0] Epoch[20] Step[1000-1199] Cost Time: 286.330s Speed: 2.79 samples/sec Remaining Time: 2:19:15 Remaining step percent: 13.82%
2026-05-28 01:57:59,449 INFO [metric_updater.py:360] Node[0] Epoch[20] Step[1199] GlobalStep[36379] loss_bevfusion_pointpillar_henet_multisensor_multitask_nuscenes: loss_cls[0.0626] loss_bbox[0.2190] d0.loss_cls[0.1364] d0.loss_bbox[0.3064] d1.loss_cls[0.1307] d1.loss_bbox[0.2515] d2.loss_cls[0.0950] d2.loss_bbox[0.2379] d3.loss_cls[0.0732] d3.loss_bbox[0.2290] d4.loss_cls[0.0647] d4.loss_bbox[0.2225] loss_occ[1.0890] 
2026-05-28 02:03:11,814 INFO [monitor.py:131] Node[0] Epoch[20] Step[1200-1399] Cost Time: 313.451s Speed: 2.55 samples/sec Remaining Time: 2:27:13 Remaining step percent: 13.35%
2026-05-28 02:03:13,118 INFO [metric_updater.py:360] Node[0] Epoch[20] Step[1399] GlobalStep[36579] loss_bevfusion_pointpillar_henet_multisensor_multitask_nuscenes: loss_cls[0.0625] loss_bbox[0.2185] d0.loss_cls[0.1365] d0.loss_bbox[0.3059] d1.loss_cls[0.1310] d1.loss_bbox[0.2510] d2.loss_cls[0.0951] d2.loss_bbox[0.2374] d3.loss_cls[0.0732] d3.loss_bbox[0.2285] d4.loss_cls[0.0646] d4.loss_bbox[0.2219] loss_occ[1.0861] 
2026-05-28 02:08:25,788 INFO [monitor.py:131] Node[0] Epoch[20] Step[1400-1599] Cost Time: 313.972s Speed: 2.55 samples/sec Remaining Time: 2:22:13 Remaining step percent: 12.88%
2026-05-28 02:08:26,966 INFO [metric_updater.py:360] Node[0] Epoch[20] Step[1599] GlobalStep[36779] loss_bevfusion_pointpillar_henet_multisensor_multitask_nuscenes: loss_cls[0.0628] loss_bbox[0.2192] d0.loss_cls[0.1371] d0.loss_bbox[0.3069] d1.loss_cls[0.1316] d1.loss_bbox[0.2518] d2.loss_cls[0.0956] d2.loss_bbox[0.2382] d3.loss_cls[0.0735] d3.loss_bbox[0.2292] d4.loss_cls[0.0649] d4.loss_bbox[0.2227] loss_occ[1.0801] 
2026-05-28 02:11:53,135 INFO [monitor.py:146] Node[0] Epoch[20] End   ==================================================
2026-05-28 02:11:53,138 INFO [monitor.py:149] Node[0] Epoch[20] Cost Time: 2520.564s
2026-05-28 02:11:53,138 INFO [metric_updater.py:360] Node[0] Epoch[20] loss_bevfusion_pointpillar_henet_multisensor_multitask_nuscenes: loss_cls[0.0628] loss_bbox[0.2189] d0.loss_cls[0.1370] d0.loss_bbox[0.3067] d1.loss_cls[0.1316] d1.loss_bbox[0.2514] d2.loss_cls[0.0957] d2.loss_bbox[0.2379] d3.loss_cls[0.0734] d3.loss_bbox[0.2288] d4.loss_cls[0.0648] d4.loss_bbox[0.2224] loss_occ[1.0803] 
2026-05-28 02:11:53,139 INFO [validation.py:156] Node[0] [32mUse train `model` as val model.[0m
2026-05-28 02:11:53,303 INFO [loop_base.py:482] Node[0] [32mStart Predictor loop from epoch 20, num_epochs=1[0m
2026-05-28 02:11:53,306 INFO [fake_quantize.py:253] Node[0] Set fake quantize state to FakeQuantState.VALIDATION
2026-05-28 02:11:59,981 INFO [loop_base.py:553] Node[0] 0 / 1505
2026-05-28 02:12:38,017 INFO [loop_base.py:553] Node[0] 200 / 1505
2026-05-28 02:13:53,785 INFO [loop_base.py:553] Node[0] 400 / 1505
2026-05-28 02:14:32,423 INFO [loop_base.py:553] Node[0] 600 / 1505
2026-05-28 02:15:19,681 INFO [loop_base.py:553] Node[0] 800 / 1505
2026-05-28 02:16:18,504 INFO [loop_base.py:553] Node[0] 1000 / 1505
2026-05-28 02:16:51,482 INFO [loop_base.py:553] Node[0] 1200 / 1505
2026-05-28 02:17:34,233 INFO [loop_base.py:553] Node[0] 1400 / 1505
2026-05-28 02:17:58,937 INFO [nuscenes_metric.py:322] Node[0] The length of self.nusc_annos is: 1505
2026-05-28 02:18:07,170 INFO [nuscenes_metric.py:346] Node[0] Results writes to ./metric_results/bevfusion_pointpillar_henet_multisensor_multitask_nuscenes/results_nusc.json
2026-05-28 02:21:51,022 INFO [nuscenes_metric.py:388] Node[0] NDS: 0.6428, mAP:0.5875
car_AP: [0.5]:0.7452  [1.0]:0.8629  [2.0]:0.8982  [4.0]:0.9110 
truck_AP: [0.5]:0.3620  [1.0]:0.5762  [2.0]:0.6727  [4.0]:0.7077 
trailer_AP: [0.5]:0.1367  [1.0]:0.3146  [2.0]:0.4536  [4.0]:0.6028 
bus_AP: [0.5]:0.4692  [1.0]:0.6805  [2.0]:0.8222  [4.0]:0.8538 
construction_vehicle_AP: [0.5]:0.0209  [1.0]:0.1822  [2.0]:0.2874  [4.0]:0.3573 
bicycle_AP: [0.5]:0.3716  [1.0]:0.4573  [2.0]:0.4701  [4.0]:0.4849 
motorcycle_AP: [0.5]:0.4940  [1.0]:0.6426  [2.0]:0.6939  [4.0]:0.7022 
pedestrian_AP: [0.5]:0.7190  [1.0]:0.7747  [2.0]:0.8056  [4.0]:0.8275 
traffic_cone_AP: [0.5]:0.5932  [1.0]:0.6566  [2.0]:0.7009  [4.0]:0.7441 
barrier_AP: [0.5]:0.4223  [1.0]:0.6055  [2.0]:0.6916  [4.0]:0.7240 

2026-05-28 02:21:51,594 WARNING [metric.py:200] Node[0] <class 'hat.metrics.nuscenes_metric.NuscenesMetric'> not ready for distributed environment, should not be used together with DistributedSampler.Might be slow in validation due to resource competition
2026-05-28 02:21:51,609 INFO [mean_iou.py:170] Node[0] ~~~~ MeanIOU Summary metrics ~~~~
Summary:
Scope                 mIoU       mAcc       aAcc
global               51.74      59.15      79.12
Per Class Results:
Class                  IoU        Acc
others                6.96       7.46
barrier              55.21      65.90
bicycle              28.86      32.50
bus                  69.02      73.28
car                  72.85      80.44
construction_vehicle      32.76      37.05
motorcycle           40.71      44.05
pedestrian           55.78      62.19
traffic_cone         33.00      38.87
trailer              51.10      63.52
truck                59.95      69.81
driveable_surface      82.87      89.80
other_flat           39.22      46.96
sidewalk             50.25      63.37
terrain              55.99      70.84
manmade              71.74      80.54
vegetation           73.34      79.00

2026-05-28 02:21:51,611 INFO [metric_updater.py:360] Node[0] Epoch[20] Validation bevfusion_pointpillar_henet_multisensor_multitask_nuscenes: NDS[0.6428] MeanIOU[tensor(0.5174, device='cuda:0')] 
2026-05-28 02:21:59,308 INFO [checkpoint.py:233] Node[0] Save model checkpoint: ./tmp_models/bevfusion_pointpillar_henet_multisensor_multitask_nuscenes/float-checkpoint-epoch-0020-32d736b2.pth.tar
2026-05-28 02:22:00,349 INFO [checkpoint.py:270] Node[0] Save last model checkpoint: ./tmp_models/bevfusion_pointpillar_henet_multisensor_multitask_nuscenes/float-checkpoint-last-a0bad47e.pth.tar
2026-05-28 02:22:00,357 INFO [monitor.py:143] Node[0] Epoch[21] Begin ==================================================
2026-05-28 02:22:00,358 INFO [lr_updater.py:204] Node[0] Epoch[21] Step[0] GlobalStep[36939] lr=0.000015
2026-05-28 02:26:48,804 INFO [monitor.py:131] Node[0] Epoch[21] Step[0-199] Cost Time: 288.445s Speed: 2.77 samples/sec Remaining Time: 2:02:38 Remaining step percent: 12.03%
2026-05-28 02:26:50,074 INFO [metric_updater.py:360] Node[0] Epoch[21] Step[199] GlobalStep[37138] loss_bevfusion_pointpillar_henet_multisensor_multitask_nuscenes: loss_cls[0.0622] loss_bbox[0.2182] d0.loss_cls[0.1357] d0.loss_bbox[0.3035] d1.loss_cls[0.1292] d1.loss_bbox[0.2490] d2.loss_cls[0.0944] d2.loss_bbox[0.2359] d3.loss_cls[0.0736] d3.loss_bbox[0.2271] d4.loss_cls[0.0641] d4.loss_bbox[0.2214] loss_occ[1.0791] 
2026-05-28 02:31:02,360 INFO [monitor.py:131] Node[0] Epoch[21] Step[200-399] Cost Time: 253.553s Speed: 3.16 samples/sec Remaining Time: 1:43:02 Remaining step percent: 11.55%
2026-05-28 02:31:03,559 INFO [metric_updater.py:360] Node[0] Epoch[21] Step[399] GlobalStep[37338] loss_bevfusion_pointpillar_henet_multisensor_multitask_nuscenes: loss_cls[0.0613] loss_bbox[0.2188] d0.loss_cls[0.1358] d0.loss_bbox[0.3055] d1.loss_cls[0.1296] d1.loss_bbox[0.2504] d2.loss_cls[0.0938] d2.loss_bbox[0.2371] d3.loss_cls[0.0725] d3.loss_bbox[0.2285] d4.loss_cls[0.0630] d4.loss_bbox[0.2226] loss_occ[1.0735] 
2026-05-28 02:35:35,272 INFO [monitor.py:131] Node[0] Epoch[21] Step[400-599] Cost Time: 272.909s Speed: 2.93 samples/sec Remaining Time: 1:46:21 Remaining step percent: 11.08%
2026-05-28 02:35:36,417 INFO [metric_updater.py:360] Node[0] Epoch[21] Step[599] GlobalStep[37538] loss_bevfusion_pointpillar_henet_multisensor_multitask_nuscenes: loss_cls[0.0603] loss_bbox[0.2144] d0.loss_cls[0.1340] d0.loss_bbox[0.3003] d1.loss_cls[0.1280] d1.loss_bbox[0.2461] d2.loss_cls[0.0927] d2.loss_bbox[0.2326] d3.loss_cls[0.0713] d3.loss_bbox[0.2240] d4.loss_cls[0.0622] d4.loss_bbox[0.2180] loss_occ[1.0737] 
2026-05-28 02:40:06,434 INFO [monitor.py:131] Node[0] Epoch[21] Step[600-799] Cost Time: 271.160s Speed: 2.95 samples/sec Remaining Time: 1:41:09 Remaining step percent: 10.60%
2026-05-28 02:40:07,555 INFO [metric_updater.py:360] Node[0] Epoch[21] Step[799] GlobalStep[37738] loss_bevfusion_pointpillar_henet_multisensor_multitask_nuscenes: loss_cls[0.0609] loss_bbox[0.2153] d0.loss_cls[0.1338] d0.loss_bbox[0.3027] d1.loss_cls[0.1283] d1.loss_bbox[0.2476] d2.loss_cls[0.0938] d2.loss_bbox[0.2337] d3.loss_cls[0.0719] d3.loss_bbox[0.2253] d4.loss_cls[0.0629] d4.loss_bbox[0.2191] loss_occ[1.0721] 
2026-05-28 02:44:30,112 INFO [monitor.py:131] Node[0] Epoch[21] Step[800-999] Cost Time: 263.675s Speed: 3.03 samples/sec Remaining Time: 1:33:58 Remaining step percent: 10.13%
2026-05-28 02:44:31,150 INFO [metric_updater.py:360] Node[0] Epoch[21] Step[999] GlobalStep[37938] loss_bevfusion_pointpillar_henet_multisensor_multitask_nuscenes: loss_cls[0.0613] loss_bbox[0.2170] d0.loss_cls[0.1338] d0.loss_bbox[0.3046] d1.loss_cls[0.1283] d1.loss_bbox[0.2494] d2.loss_cls[0.0939] d2.loss_bbox[0.2359] d3.loss_cls[0.0721] d3.loss_bbox[0.2270] d4.loss_cls[0.0632] d4.loss_bbox[0.2209] loss_occ[1.0734] 
2026-05-28 02:49:07,048 INFO [monitor.py:131] Node[0] Epoch[21] Step[1000-1199] Cost Time: 276.934s Speed: 2.89 samples/sec Remaining Time: 1:34:05 Remaining step percent: 9.66%
2026-05-28 02:49:08,336 INFO [metric_updater.py:360] Node[0] Epoch[21] Step[1199] GlobalStep[38138] loss_bevfusion_pointpillar_henet_multisensor_multitask_nuscenes: loss_cls[0.0613] loss_bbox[0.2169] d0.loss_cls[0.1336] d0.loss_bbox[0.3050] d1.loss_cls[0.1283] d1.loss_bbox[0.2494] d2.loss_cls[0.0940] d2.loss_bbox[0.2359] d3.loss_cls[0.0724] d3.loss_bbox[0.2269] d4.loss_cls[0.0633] d4.loss_bbox[0.2208] loss_occ[1.0769] 
2026-05-28 02:54:06,852 INFO [monitor.py:131] Node[0] Epoch[21] Step[1200-1399] Cost Time: 299.801s Speed: 2.67 samples/sec Remaining Time: 1:36:51 Remaining step percent: 9.18%
2026-05-28 02:54:08,131 INFO [metric_updater.py:360] Node[0] Epoch[21] Step[1399] GlobalStep[38338] loss_bevfusion_pointpillar_henet_multisensor_multitask_nuscenes: loss_cls[0.0616] loss_bbox[0.2176] d0.loss_cls[0.1340] d0.loss_bbox[0.3062] d1.loss_cls[0.1286] d1.loss_bbox[0.2504] d2.loss_cls[0.0945] d2.loss_bbox[0.2368] d3.loss_cls[0.0728] d3.loss_bbox[0.2276] d4.loss_cls[0.0635] d4.loss_bbox[0.2215] loss_occ[1.0790] 
2026-05-28 02:59:11,187 INFO [monitor.py:131] Node[0] Epoch[21] Step[1400-1599] Cost Time: 304.332s Speed: 2.63 samples/sec Remaining Time: 1:33:15 Remaining step percent: 8.71%
2026-05-28 02:59:12,343 INFO [metric_updater.py:360] Node[0] Epoch[21] Step[1599] GlobalStep[38538] loss_bevfusion_pointpillar_henet_multisensor_multitask_nuscenes: loss_cls[0.0616] loss_bbox[0.2179] d0.loss_cls[0.1342] d0.loss_bbox[0.3067] d1.loss_cls[0.1287] d1.loss_bbox[0.2509] d2.loss_cls[0.0944] d2.loss_bbox[0.2373] d3.loss_cls[0.0727] d3.loss_bbox[0.2280] d4.loss_cls[0.0635] d4.loss_bbox[0.2218] loss_occ[1.0774] 
2026-05-28 03:02:49,186 INFO [monitor.py:146] Node[0] Epoch[21] End   ==================================================
2026-05-28 03:02:49,189 INFO [monitor.py:149] Node[0] Epoch[21] Cost Time: 2448.832s
2026-05-28 03:02:49,189 INFO [metric_updater.py:360] Node[0] Epoch[21] loss_bevfusion_pointpillar_henet_multisensor_multitask_nuscenes: loss_cls[0.0618] loss_bbox[0.2182] d0.loss_cls[0.1343] d0.loss_bbox[0.3072] d1.loss_cls[0.1288] d1.loss_bbox[0.2514] d2.loss_cls[0.0945] d2.loss_bbox[0.2377] d3.loss_cls[0.0729] d3.loss_bbox[0.2284] d4.loss_cls[0.0636] d4.loss_bbox[0.2221] loss_occ[1.0777] 
2026-05-28 03:02:49,189 INFO [validation.py:156] Node[0] [32mUse train `model` as val model.[0m
2026-05-28 03:02:49,356 INFO [loop_base.py:482] Node[0] [32mStart Predictor loop from epoch 21, num_epochs=1[0m
2026-05-28 03:02:49,359 INFO [fake_quantize.py:253] Node[0] Set fake quantize state to FakeQuantState.VALIDATION
2026-05-28 03:02:56,464 INFO [loop_base.py:553] Node[0] 0 / 1505
2026-05-28 03:03:28,864 INFO [loop_base.py:553] Node[0] 200 / 1505
2026-05-28 03:04:17,338 INFO [loop_base.py:553] Node[0] 400 / 1505
2026-05-28 03:05:16,993 INFO [loop_base.py:553] Node[0] 600 / 1505
2026-05-28 03:06:00,289 INFO [loop_base.py:553] Node[0] 800 / 1505
2026-05-28 03:06:45,663 INFO [loop_base.py:553] Node[0] 1000 / 1505
2026-05-28 03:07:34,996 INFO [loop_base.py:553] Node[0] 1200 / 1505
2026-05-28 03:08:50,834 INFO [loop_base.py:553] Node[0] 1400 / 1505
2026-05-28 03:09:19,143 INFO [nuscenes_metric.py:322] Node[0] The length of self.nusc_annos is: 1505
2026-05-28 03:09:27,513 INFO [nuscenes_metric.py:346] Node[0] Results writes to ./metric_results/bevfusion_pointpillar_henet_multisensor_multitask_nuscenes/results_nusc.json
2026-05-28 03:13:06,937 INFO [nuscenes_metric.py:388] Node[0] NDS: 0.6410, mAP:0.5858
car_AP: [0.5]:0.7468  [1.0]:0.8639  [2.0]:0.8989  [4.0]:0.9120 
truck_AP: [0.5]:0.3594  [1.0]:0.5749  [2.0]:0.6673  [4.0]:0.7044 
trailer_AP: [0.5]:0.1289  [1.0]:0.3221  [2.0]:0.4585  [4.0]:0.6079 
bus_AP: [0.5]:0.4594  [1.0]:0.6702  [2.0]:0.8218  [4.0]:0.8546 
construction_vehicle_AP: [0.5]:0.0233  [1.0]:0.1761  [2.0]:0.2876  [4.0]:0.3502 
bicycle_AP: [0.5]:0.3679  [1.0]:0.4560  [2.0]:0.4673  [4.0]:0.4794 
motorcycle_AP: [0.5]:0.4756  [1.0]:0.6364  [2.0]:0.6870  [4.0]:0.6977 
pedestrian_AP: [0.5]:0.7184  [1.0]:0.7754  [2.0]:0.8059  [4.0]:0.8283 
traffic_cone_AP: [0.5]:0.5974  [1.0]:0.6606  [2.0]:0.7046  [4.0]:0.7470 
barrier_AP: [0.5]:0.4161  [1.0]:0.6031  [2.0]:0.6926  [4.0]:0.7257 

2026-05-28 03:13:07,498 WARNING [metric.py:200] Node[0] <class 'hat.metrics.nuscenes_metric.NuscenesMetric'> not ready for distributed environment, should not be used together with DistributedSampler.Might be slow in validation due to resource competition
2026-05-28 03:13:07,514 INFO [mean_iou.py:170] Node[0] ~~~~ MeanIOU Summary metrics ~~~~
Summary:
Scope                 mIoU       mAcc       aAcc
global               51.61      58.94      79.23
Per Class Results:
Class                  IoU        Acc
others                7.18       7.80
barrier              54.84      65.16
bicycle              27.67      30.60
bus                  68.86      73.15
car                  72.75      80.20
construction_vehicle      32.82      37.82
motorcycle           39.89      43.06
pedestrian           55.50      61.72
traffic_cone         33.58      39.92
trailer              51.23      63.89
truck                59.06      68.22
driveable_surface      82.94      90.17
other_flat           39.16      46.36
sidewalk             50.29      63.21
terrain              56.32      70.75
manmade              72.02      81.19
vegetation           73.35      78.72

2026-05-28 03:13:07,515 INFO [metric_updater.py:360] Node[0] Epoch[21] Validation bevfusion_pointpillar_henet_multisensor_multitask_nuscenes: NDS[0.6410] MeanIOU[tensor(0.5161, device='cuda:0')] 
2026-05-28 03:13:15,482 INFO [checkpoint.py:233] Node[0] Save model checkpoint: ./tmp_models/bevfusion_pointpillar_henet_multisensor_multitask_nuscenes/float-checkpoint-epoch-0021-2861733a.pth.tar
2026-05-28 03:13:16,498 INFO [checkpoint.py:270] Node[0] Save last model checkpoint: ./tmp_models/bevfusion_pointpillar_henet_multisensor_multitask_nuscenes/float-checkpoint-last-1464d94a.pth.tar
2026-05-28 03:13:16,506 INFO [monitor.py:143] Node[0] Epoch[22] Begin ==================================================
2026-05-28 03:13:16,507 INFO [lr_updater.py:204] Node[0] Epoch[22] Step[0] GlobalStep[38698] lr=0.000007
2026-05-28 03:17:43,013 INFO [monitor.py:131] Node[0] Epoch[22] Step[0-199] Cost Time: 266.505s Speed: 3.00 samples/sec Remaining Time: 1:14:03 Remaining step percent: 7.86%
2026-05-28 03:17:44,423 INFO [metric_updater.py:360] Node[0] Epoch[22] Step[199] GlobalStep[38897] loss_bevfusion_pointpillar_henet_multisensor_multitask_nuscenes: loss_cls[0.0589] loss_bbox[0.2204] d0.loss_cls[0.1327] d0.loss_bbox[0.3106] d1.loss_cls[0.1258] d1.loss_bbox[0.2531] d2.loss_cls[0.0928] d2.loss_bbox[0.2408] d3.loss_cls[0.0707] d3.loss_bbox[0.2307] d4.loss_cls[0.0616] d4.loss_bbox[0.2245] loss_occ[1.0655] 
2026-05-28 03:22:23,930 INFO [monitor.py:131] Node[0] Epoch[22] Step[200-399] Cost Time: 280.914s Speed: 2.85 samples/sec Remaining Time: 1:12:59 Remaining step percent: 7.39%
2026-05-28 03:22:24,909 INFO [metric_updater.py:360] Node[0] Epoch[22] Step[399] GlobalStep[39097] loss_bevfusion_pointpillar_henet_multisensor_multitask_nuscenes: loss_cls[0.0594] loss_bbox[0.2171] d0.loss_cls[0.1306] d0.loss_bbox[0.3059] d1.loss_cls[0.1244] d1.loss_bbox[0.2500] d2.loss_cls[0.0930] d2.loss_bbox[0.2368] d3.loss_cls[0.0707] d3.loss_bbox[0.2270] d4.loss_cls[0.0620] d4.loss_bbox[0.2207] loss_occ[1.0740] 
2026-05-28 03:26:46,908 INFO [monitor.py:131] Node[0] Epoch[22] Step[400-599] Cost Time: 262.977s Speed: 3.04 samples/sec Remaining Time: 1:03:56 Remaining step percent: 6.91%
2026-05-28 03:26:47,910 INFO [metric_updater.py:360] Node[0] Epoch[22] Step[599] GlobalStep[39297] loss_bevfusion_pointpillar_henet_multisensor_multitask_nuscenes: loss_cls[0.0595] loss_bbox[0.2164] d0.loss_cls[0.1313] d0.loss_bbox[0.3041] d1.loss_cls[0.1253] d1.loss_bbox[0.2492] d2.loss_cls[0.0930] d2.loss_bbox[0.2361] d3.loss_cls[0.0704] d3.loss_bbox[0.2263] d4.loss_cls[0.0620] d4.loss_bbox[0.2200] loss_occ[1.0732] 
2026-05-28 03:31:35,256 INFO [monitor.py:131] Node[0] Epoch[22] Step[600-799] Cost Time: 288.345s Speed: 2.77 samples/sec Remaining Time: 1:05:18 Remaining step percent: 6.44%
2026-05-28 03:31:36,408 INFO [metric_updater.py:360] Node[0] Epoch[22] Step[799] GlobalStep[39497] loss_bevfusion_pointpillar_henet_multisensor_multitask_nuscenes: loss_cls[0.0595] loss_bbox[0.2160] d0.loss_cls[0.1306] d0.loss_bbox[0.3035] d1.loss_cls[0.1246] d1.loss_bbox[0.2486] d2.loss_cls[0.0923] d2.loss_bbox[0.2354] d3.loss_cls[0.0705] d3.loss_bbox[0.2256] d4.loss_cls[0.0619] d4.loss_bbox[0.2196] loss_occ[1.0696] 
2026-05-28 03:35:52,131 INFO [monitor.py:131] Node[0] Epoch[22] Step[800-999] Cost Time: 256.872s Speed: 3.11 samples/sec Remaining Time: 0:53:54 Remaining step percent: 5.96%
2026-05-28 03:35:53,272 INFO [metric_updater.py:360] Node[0] Epoch[22] Step[999] GlobalStep[39697] loss_bevfusion_pointpillar_henet_multisensor_multitask_nuscenes: loss_cls[0.0597] loss_bbox[0.2160] d0.loss_cls[0.1304] d0.loss_bbox[0.3042] d1.loss_cls[0.1245] d1.loss_bbox[0.2490] d2.loss_cls[0.0920] d2.loss_bbox[0.2357] d3.loss_cls[0.0707] d3.loss_bbox[0.2258] d4.loss_cls[0.0621] d4.loss_bbox[0.2197] loss_occ[1.0704] 
2026-05-28 03:40:58,208 INFO [monitor.py:131] Node[0] Epoch[22] Step[1000-1199] Cost Time: 306.073s Speed: 2.61 samples/sec Remaining Time: 0:59:07 Remaining step percent: 5.49%
2026-05-28 03:40:59,113 INFO [metric_updater.py:360] Node[0] Epoch[22] Step[1199] GlobalStep[39897] loss_bevfusion_pointpillar_henet_multisensor_multitask_nuscenes: loss_cls[0.0595] loss_bbox[0.2161] d0.loss_cls[0.1297] d0.loss_bbox[0.3041] d1.loss_cls[0.1240] d1.loss_bbox[0.2492] d2.loss_cls[0.0915] d2.loss_bbox[0.2359] d3.loss_cls[0.0704] d3.loss_bbox[0.2260] d4.loss_cls[0.0617] d4.loss_bbox[0.2198] loss_occ[1.0739] 
2026-05-28 03:46:09,250 INFO [monitor.py:131] Node[0] Epoch[22] Step[1200-1399] Cost Time: 311.040s Speed: 2.57 samples/sec Remaining Time: 0:54:53 Remaining step percent: 5.02%
2026-05-28 03:46:10,485 INFO [metric_updater.py:360] Node[0] Epoch[22] Step[1399] GlobalStep[40097] loss_bevfusion_pointpillar_henet_multisensor_multitask_nuscenes: loss_cls[0.0595] loss_bbox[0.2165] d0.loss_cls[0.1296] d0.loss_bbox[0.3045] d1.loss_cls[0.1242] d1.loss_bbox[0.2494] d2.loss_cls[0.0914] d2.loss_bbox[0.2362] d3.loss_cls[0.0703] d3.loss_bbox[0.2265] d4.loss_cls[0.0617] d4.loss_bbox[0.2202] loss_occ[1.0734] 
2026-05-28 03:50:38,869 INFO [monitor.py:131] Node[0] Epoch[22] Step[1400-1599] Cost Time: 269.616s Speed: 2.97 samples/sec Remaining Time: 0:43:05 Remaining step percent: 4.54%
2026-05-28 03:50:40,005 INFO [metric_updater.py:360] Node[0] Epoch[22] Step[1599] GlobalStep[40297] loss_bevfusion_pointpillar_henet_multisensor_multitask_nuscenes: loss_cls[0.0595] loss_bbox[0.2168] d0.loss_cls[0.1294] d0.loss_bbox[0.3043] d1.loss_cls[0.1239] d1.loss_bbox[0.2494] d2.loss_cls[0.0914] d2.loss_bbox[0.2363] d3.loss_cls[0.0703] d3.loss_bbox[0.2266] d4.loss_cls[0.0616] d4.loss_bbox[0.2203] loss_occ[1.0752] 
2026-05-28 03:54:13,821 INFO [monitor.py:146] Node[0] Epoch[22] End   ==================================================
2026-05-28 03:54:13,824 INFO [monitor.py:149] Node[0] Epoch[22] Cost Time: 2457.317s
2026-05-28 03:54:13,824 INFO [metric_updater.py:360] Node[0] Epoch[22] loss_bevfusion_pointpillar_henet_multisensor_multitask_nuscenes: loss_cls[0.0594] loss_bbox[0.2169] d0.loss_cls[0.1296] d0.loss_bbox[0.3043] d1.loss_cls[0.1242] d1.loss_bbox[0.2494] d2.loss_cls[0.0915] d2.loss_bbox[0.2362] d3.loss_cls[0.0702] d3.loss_bbox[0.2268] d4.loss_cls[0.0615] d4.loss_bbox[0.2205] loss_occ[1.0750] 
2026-05-28 03:54:13,824 INFO [validation.py:156] Node[0] [32mUse train `model` as val model.[0m
2026-05-28 03:54:13,991 INFO [loop_base.py:482] Node[0] [32mStart Predictor loop from epoch 22, num_epochs=1[0m
2026-05-28 03:54:13,995 INFO [fake_quantize.py:253] Node[0] Set fake quantize state to FakeQuantState.VALIDATION
2026-05-28 03:54:21,306 INFO [loop_base.py:553] Node[0] 0 / 1505
2026-05-28 03:54:52,339 INFO [loop_base.py:553] Node[0] 200 / 1505
2026-05-28 03:55:23,627 INFO [loop_base.py:553] Node[0] 400 / 1505
2026-05-28 03:55:55,072 INFO [loop_base.py:553] Node[0] 600 / 1505
2026-05-28 03:56:33,926 INFO [loop_base.py:553] Node[0] 800 / 1505
2026-05-28 03:57:18,214 INFO [loop_base.py:553] Node[0] 1000 / 1505
2026-05-28 03:58:12,978 INFO [loop_base.py:553] Node[0] 1200 / 1505
2026-05-28 03:58:48,794 INFO [loop_base.py:553] Node[0] 1400 / 1505
2026-05-28 03:59:31,295 INFO [nuscenes_metric.py:322] Node[0] The length of self.nusc_annos is: 1505
2026-05-28 03:59:39,739 INFO [nuscenes_metric.py:346] Node[0] Results writes to ./metric_results/bevfusion_pointpillar_henet_multisensor_multitask_nuscenes/results_nusc.json
2026-05-28 04:03:21,141 INFO [nuscenes_metric.py:388] Node[0] NDS: 0.6417, mAP:0.5863
car_AP: [0.5]:0.7453  [1.0]:0.8619  [2.0]:0.8963  [4.0]:0.9095 
truck_AP: [0.5]:0.3614  [1.0]:0.5718  [2.0]:0.6687  [4.0]:0.7054 
trailer_AP: [0.5]:0.1320  [1.0]:0.3120  [2.0]:0.4572  [4.0]:0.6134 
bus_AP: [0.5]:0.4713  [1.0]:0.6763  [2.0]:0.8217  [4.0]:0.8566 
construction_vehicle_AP: [0.5]:0.0236  [1.0]:0.1728  [2.0]:0.2938  [4.0]:0.3548 
bicycle_AP: [0.5]:0.3631  [1.0]:0.4536  [2.0]:0.4662  [4.0]:0.4779 
motorcycle_AP: [0.5]:0.4815  [1.0]:0.6383  [2.0]:0.6925  [4.0]:0.7011 
pedestrian_AP: [0.5]:0.7171  [1.0]:0.7744  [2.0]:0.8055  [4.0]:0.8279 
traffic_cone_AP: [0.5]:0.5938  [1.0]:0.6563  [2.0]:0.7008  [4.0]:0.7423 
barrier_AP: [0.5]:0.4233  [1.0]:0.6081  [2.0]:0.6959  [4.0]:0.7285 

2026-05-28 04:03:21,709 WARNING [metric.py:200] Node[0] <class 'hat.metrics.nuscenes_metric.NuscenesMetric'> not ready for distributed environment, should not be used together with DistributedSampler.Might be slow in validation due to resource competition
2026-05-28 04:03:21,724 INFO [mean_iou.py:170] Node[0] ~~~~ MeanIOU Summary metrics ~~~~
Summary:
Scope                 mIoU       mAcc       aAcc
global               51.94      59.31      79.55
Per Class Results:
Class                  IoU        Acc
others                7.17       7.73
barrier              55.26      65.76
bicycle              28.35      31.42
bus                  69.70      74.16
car                  73.04      80.38
construction_vehicle      33.37      38.25
motorcycle           40.44      43.68
pedestrian           55.73      61.94
traffic_cone         33.52      39.70
trailer              51.69      65.02
truck                59.64      68.52
driveable_surface      82.99      90.20
other_flat           39.15      46.09
sidewalk             50.39      62.93
terrain              56.43      71.79
manmade              72.35      81.50
vegetation           73.79      79.22

2026-05-28 04:03:21,726 INFO [metric_updater.py:360] Node[0] Epoch[22] Validation bevfusion_pointpillar_henet_multisensor_multitask_nuscenes: NDS[0.6417] MeanIOU[tensor(0.5194, device='cuda:0')] 
2026-05-28 04:03:29,009 INFO [checkpoint.py:233] Node[0] Save model checkpoint: ./tmp_models/bevfusion_pointpillar_henet_multisensor_multitask_nuscenes/float-checkpoint-epoch-0022-be70a5f9.pth.tar
2026-05-28 04:03:30,062 INFO [checkpoint.py:270] Node[0] Save last model checkpoint: ./tmp_models/bevfusion_pointpillar_henet_multisensor_multitask_nuscenes/float-checkpoint-last-87615ea1.pth.tar
2026-05-28 04:03:30,071 INFO [monitor.py:143] Node[0] Epoch[23] Begin ==================================================
2026-05-28 04:03:30,071 INFO [lr_updater.py:204] Node[0] Epoch[23] Step[0] GlobalStep[40457] lr=0.000002
2026-05-28 04:07:58,271 INFO [monitor.py:131] Node[0] Epoch[23] Step[0-199] Cost Time: 268.198s Speed: 2.98 samples/sec Remaining Time: 0:35:01 Remaining step percent: 3.69%
2026-05-28 04:07:59,564 INFO [metric_updater.py:360] Node[0] Epoch[23] Step[199] GlobalStep[40656] loss_bevfusion_pointpillar_henet_multisensor_multitask_nuscenes: loss_cls[0.0578] loss_bbox[0.2151] d0.loss_cls[0.1275] d0.loss_bbox[0.3032] d1.loss_cls[0.1215] d1.loss_bbox[0.2477] d2.loss_cls[0.0887] d2.loss_bbox[0.2347] d3.loss_cls[0.0689] d3.loss_bbox[0.2244] d4.loss_cls[0.0605] d4.loss_bbox[0.2187] loss_occ[1.0668] 
2026-05-28 04:12:17,598 INFO [monitor.py:131] Node[0] Epoch[23] Step[200-399] Cost Time: 259.324s Speed: 3.08 samples/sec Remaining Time: 0:29:22 Remaining step percent: 3.22%
2026-05-28 04:12:18,820 INFO [metric_updater.py:360] Node[0] Epoch[23] Step[399] GlobalStep[40856] loss_bevfusion_pointpillar_henet_multisensor_multitask_nuscenes: loss_cls[0.0571] loss_bbox[0.2110] d0.loss_cls[0.1264] d0.loss_bbox[0.2970] d1.loss_cls[0.1204] d1.loss_bbox[0.2431] d2.loss_cls[0.0881] d2.loss_bbox[0.2300] d3.loss_cls[0.0682] d3.loss_bbox[0.2208] d4.loss_cls[0.0593] d4.loss_bbox[0.2150] loss_occ[1.0607] 
2026-05-28 04:17:06,712 INFO [monitor.py:131] Node[0] Epoch[23] Step[400-599] Cost Time: 289.111s Speed: 2.77 samples/sec Remaining Time: 0:27:55 Remaining step percent: 2.75%
2026-05-28 04:17:07,978 INFO [metric_updater.py:360] Node[0] Epoch[23] Step[599] GlobalStep[41056] loss_bevfusion_pointpillar_henet_multisensor_multitask_nuscenes: loss_cls[0.0577] loss_bbox[0.2132] d0.loss_cls[0.1269] d0.loss_bbox[0.3000] d1.loss_cls[0.1211] d1.loss_bbox[0.2453] d2.loss_cls[0.0884] d2.loss_bbox[0.2324] d3.loss_cls[0.0686] d3.loss_bbox[0.2232] d4.loss_cls[0.0599] d4.loss_bbox[0.2174] loss_occ[1.0664] 
2026-05-28 04:21:46,086 INFO [monitor.py:131] Node[0] Epoch[23] Step[600-799] Cost Time: 279.372s Speed: 2.86 samples/sec Remaining Time: 0:22:19 Remaining step percent: 2.27%
2026-05-28 04:21:47,253 INFO [metric_updater.py:360] Node[0] Epoch[23] Step[799] GlobalStep[41256] loss_bevfusion_pointpillar_henet_multisensor_multitask_nuscenes: loss_cls[0.0580] loss_bbox[0.2137] d0.loss_cls[0.1263] d0.loss_bbox[0.3001] d1.loss_cls[0.1212] d1.loss_bbox[0.2453] d2.loss_cls[0.0889] d2.loss_bbox[0.2324] d3.loss_cls[0.0688] d3.loss_bbox[0.2236] d4.loss_cls[0.0603] d4.loss_bbox[0.2177] loss_occ[1.0713] 
2026-05-28 04:25:55,151 INFO [monitor.py:131] Node[0] Epoch[23] Step[800-999] Cost Time: 249.061s Speed: 3.21 samples/sec Remaining Time: 0:15:45 Remaining step percent: 1.80%
2026-05-28 04:26:00,038 INFO [metric_updater.py:360] Node[0] Epoch[23] Step[999] GlobalStep[41456] loss_bevfusion_pointpillar_henet_multisensor_multitask_nuscenes: loss_cls[0.0582] loss_bbox[0.2137] d0.loss_cls[0.1263] d0.loss_bbox[0.3001] d1.loss_cls[0.1210] d1.loss_bbox[0.2455] d2.loss_cls[0.0889] d2.loss_bbox[0.2326] d3.loss_cls[0.0689] d3.loss_bbox[0.2237] d4.loss_cls[0.0604] d4.loss_bbox[0.2178] loss_occ[1.0701] 
2026-05-28 04:30:38,074 INFO [monitor.py:131] Node[0] Epoch[23] Step[1000-1199] Cost Time: 282.918s Speed: 2.83 samples/sec Remaining Time: 0:13:10 Remaining step percent: 1.32%
2026-05-28 04:30:39,286 INFO [metric_updater.py:360] Node[0] Epoch[23] Step[1199] GlobalStep[41656] loss_bevfusion_pointpillar_henet_multisensor_multitask_nuscenes: loss_cls[0.0580] loss_bbox[0.2137] d0.loss_cls[0.1264] d0.loss_bbox[0.3001] d1.loss_cls[0.1211] d1.loss_bbox[0.2455] d2.loss_cls[0.0890] d2.loss_bbox[0.2325] d3.loss_cls[0.0688] d3.loss_bbox[0.2237] d4.loss_cls[0.0603] d4.loss_bbox[0.2176] loss_occ[1.0698] 
2026-05-28 04:35:02,558 INFO [monitor.py:131] Node[0] Epoch[23] Step[1200-1399] Cost Time: 264.481s Speed: 3.02 samples/sec Remaining Time: 0:07:54 Remaining step percent: 0.85%
2026-05-28 04:35:03,736 INFO [metric_updater.py:360] Node[0] Epoch[23] Step[1399] GlobalStep[41856] loss_bevfusion_pointpillar_henet_multisensor_multitask_nuscenes: loss_cls[0.0577] loss_bbox[0.2128] d0.loss_cls[0.1258] d0.loss_bbox[0.2991] d1.loss_cls[0.1205] d1.loss_bbox[0.2447] d2.loss_cls[0.0886] d2.loss_bbox[0.2316] d3.loss_cls[0.0683] d3.loss_bbox[0.2229] d4.loss_cls[0.0597] d4.loss_bbox[0.2167] loss_occ[1.0676] 
2026-05-28 04:40:08,020 INFO [monitor.py:131] Node[0] Epoch[23] Step[1400-1599] Cost Time: 305.459s Speed: 2.62 samples/sec Remaining Time: 0:04:02 Remaining step percent: 0.38%
2026-05-28 04:40:09,254 INFO [metric_updater.py:360] Node[0] Epoch[23] Step[1599] GlobalStep[42056] loss_bevfusion_pointpillar_henet_multisensor_multitask_nuscenes: loss_cls[0.0577] loss_bbox[0.2138] d0.loss_cls[0.1260] d0.loss_bbox[0.3008] d1.loss_cls[0.1207] d1.loss_bbox[0.2461] d2.loss_cls[0.0890] d2.loss_bbox[0.2327] d3.loss_cls[0.0683] d3.loss_bbox[0.2240] d4.loss_cls[0.0597] d4.loss_bbox[0.2177] loss_occ[1.0688] 
2026-05-28 04:44:13,017 INFO [monitor.py:146] Node[0] Epoch[23] End   ==================================================
2026-05-28 04:44:13,021 INFO [monitor.py:149] Node[0] Epoch[23] Cost Time: 2442.950s
2026-05-28 04:44:13,021 INFO [metric_updater.py:360] Node[0] Epoch[23] loss_bevfusion_pointpillar_henet_multisensor_multitask_nuscenes: loss_cls[0.0579] loss_bbox[0.2145] d0.loss_cls[0.1266] d0.loss_bbox[0.3016] d1.loss_cls[0.1212] d1.loss_bbox[0.2469] d2.loss_cls[0.0893] d2.loss_bbox[0.2334] d3.loss_cls[0.0686] d3.loss_bbox[0.2246] d4.loss_cls[0.0599] d4.loss_bbox[0.2183] loss_occ[1.0688] 
2026-05-28 04:44:13,021 INFO [validation.py:156] Node[0] [32mUse train `model` as val model.[0m
2026-05-28 04:44:13,190 INFO [loop_base.py:482] Node[0] [32mStart Predictor loop from epoch 23, num_epochs=1[0m
2026-05-28 04:44:13,193 INFO [fake_quantize.py:253] Node[0] Set fake quantize state to FakeQuantState.VALIDATION
2026-05-28 04:44:20,037 INFO [loop_base.py:553] Node[0] 0 / 1505
2026-05-28 04:44:51,537 INFO [loop_base.py:553] Node[0] 200 / 1505
2026-05-28 04:45:24,123 INFO [loop_base.py:553] Node[0] 400 / 1505
2026-05-28 04:46:02,053 INFO [loop_base.py:553] Node[0] 600 / 1505
2026-05-28 04:47:00,234 INFO [loop_base.py:553] Node[0] 800 / 1505
2026-05-28 04:47:42,483 INFO [loop_base.py:553] Node[0] 1000 / 1505
2026-05-28 04:48:23,553 INFO [loop_base.py:553] Node[0] 1200 / 1505
2026-05-28 04:49:19,042 INFO [loop_base.py:553] Node[0] 1400 / 1505
2026-05-28 04:49:40,427 INFO [nuscenes_metric.py:322] Node[0] The length of self.nusc_annos is: 1505
2026-05-28 04:49:48,601 INFO [nuscenes_metric.py:346] Node[0] Results writes to ./metric_results/bevfusion_pointpillar_henet_multisensor_multitask_nuscenes/results_nusc.json
2026-05-28 04:53:29,936 INFO [nuscenes_metric.py:388] Node[0] NDS: 0.6417, mAP:0.5864
car_AP: [0.5]:0.7462  [1.0]:0.8620  [2.0]:0.8968  [4.0]:0.9100 
truck_AP: [0.5]:0.3583  [1.0]:0.5713  [2.0]:0.6672  [4.0]:0.7032 
trailer_AP: [0.5]:0.1321  [1.0]:0.3108  [2.0]:0.4574  [4.0]:0.6129 
bus_AP: [0.5]:0.4652  [1.0]:0.6741  [2.0]:0.8192  [4.0]:0.8566 
construction_vehicle_AP: [0.5]:0.0196  [1.0]:0.1784  [2.0]:0.2908  [4.0]:0.3541 
bicycle_AP: [0.5]:0.3643  [1.0]:0.4509  [2.0]:0.4632  [4.0]:0.4769 
motorcycle_AP: [0.5]:0.4868  [1.0]:0.6429  [2.0]:0.6941  [4.0]:0.7027 
pedestrian_AP: [0.5]:0.7182  [1.0]:0.7750  [2.0]:0.8058  [4.0]:0.8281 
traffic_cone_AP: [0.5]:0.5961  [1.0]:0.6577  [2.0]:0.7017  [4.0]:0.7441 
barrier_AP: [0.5]:0.4254  [1.0]:0.6089  [2.0]:0.6963  [4.0]:0.7295 

2026-05-28 04:53:30,517 WARNING [metric.py:200] Node[0] <class 'hat.metrics.nuscenes_metric.NuscenesMetric'> not ready for distributed environment, should not be used together with DistributedSampler.Might be slow in validation due to resource competition
2026-05-28 04:53:30,534 INFO [mean_iou.py:170] Node[0] ~~~~ MeanIOU Summary metrics ~~~~
Summary:
Scope                 mIoU       mAcc       aAcc
global               51.96      59.42      79.39
Per Class Results:
Class                  IoU        Acc
others                7.26       7.84
barrier              55.46      66.36
bicycle              28.72      32.05
bus                  69.52      73.99
car                  72.92      80.37
construction_vehicle      33.29      38.34
motorcycle           40.65      44.03
pedestrian           55.82      62.21
traffic_cone         33.66      40.00
trailer              51.84      65.58
truck                59.44      68.22
driveable_surface      83.02      90.07
other_flat           39.11      46.07
sidewalk             50.43      63.03
terrain              56.34      71.66
manmade              72.27      81.19
vegetation           73.52      79.05

2026-05-28 04:53:30,535 INFO [metric_updater.py:360] Node[0] Epoch[23] Validation bevfusion_pointpillar_henet_multisensor_multitask_nuscenes: NDS[0.6417] MeanIOU[tensor(0.5196, device='cuda:0')] 
2026-05-28 04:53:38,918 INFO [checkpoint.py:233] Node[0] Save model checkpoint: ./tmp_models/bevfusion_pointpillar_henet_multisensor_multitask_nuscenes/float-checkpoint-epoch-0023-fcfe1b09.pth.tar
2026-05-28 04:53:39,934 INFO [checkpoint.py:270] Node[0] Save last model checkpoint: ./tmp_models/bevfusion_pointpillar_henet_multisensor_multitask_nuscenes/float-checkpoint-last-5b74ef59.pth.tar
2026-05-28 04:53:40,986 INFO [checkpoint.py:270] Node[0] Save last model checkpoint: ./tmp_models/bevfusion_pointpillar_henet_multisensor_multitask_nuscenes/float-checkpoint-last-e76f760d.pth.tar
2026-05-28 04:53:40,999 INFO [logger.py:199] Node[0] ==================================================END FLOAT STAGE==================================================
