2026-07-09 13:11:57,242 INFO [logger.py:199] Node[0] {'ConfigVersion': <enum 'ConfigVersion'>,
 'Image': <module 'PIL.Image' from '/usr/local/lib/python3.10/dist-packages/PIL/Image.py'>,
 'March': <class 'horizon_plugin_pytorch.march.March'>,
 'MixVarGENetConfig': <class 'hat.models.backbones.mixvargenet.MixVarGENetConfig'>,
 'VERSION': <ConfigVersion.v2: 2>,
 '_dim_': 256,
 '_num_levels_': 1,
 '_pos_dim_': 128,
 '_tools_dir': '/open_explorer/samples/ai_toolchain/horizon_model_train_sample/scripts/tools',
 'align_bpu_data_loader': {'batch_size': 1,
                           'collate_fn': functools.partial(<function collate_bevfusion_centerpoint at 0x7fe0458f9f30>, bev_size=(51.2, 51.2, 0.8), point_cloud_range=[-51.2, -51.2, -5.0, 51.2, 51.2, 3.0], max_lidar_points=120000),
                           'dataset': {'bev_range': [-51.2,
                                                     -51.2,
                                                     -5.0,
                                                     51.2,
                                                     51.2,
                                                     3.0],
                                       'load_dim': 5,
                                       'map_path': None,
                                       'map_size': None,
                                       'need_lidar': True,
                                       'num_seq': 1,
                                       'num_sweeps': 9,
                                       'split_name': 'val',
                                       'src_data_dir': './data/nuscenes',
                                       'transforms': [{'size': [512, 960],
                                                       'type': 'MultiViewsImgResize'},
                                                      {'transforms': [{'type': 'PILToTensor'},
                                                                      {'divisor': 32,
                                                                       'type': 'Pad'},
                                                                      {'rgb_input': True,
                                                                       'type': 'BgrToYuv444'},
                                                                      {'mean': 128.0,
                                                                       'std': 128.0,
                                                                       'type': 'Normalize'}],
                                                       'type': 'MultiViewsImgTransformWrapper'}],
                                       'type': 'NuscenesFromImageSequence',
                                       'use_dim': [0, 1, 2, 3, 4],
                                       'version': 'v1.0-trainval',
                                       'with_bev_bboxes': False,
                                       'with_bev_mask': False,
                                       'with_ego_bboxes': True,
                                       'with_lidar_bboxes': True,
                                       'with_lidar_occ': True},
                           'num_workers': 2,
                           'pin_memory': True,
                           'shuffle': False,
                           'type': <class 'torch.utils.data.dataloader.DataLoader'>},
 'align_bpu_predictor': {'batch_processor': {'need_grad_update': False,
                                             'type': 'BasicBatchProcessor'},
                         'callbacks': [{'epoch_log_freq': 1,
                                        'log_prefix': 'Validation '
                                                      'bevfusion_centerpoint_pointpillar_henet_multisensor_multitask_nuscenes',
                                        'metric_update_func': <function update_metric at 0x7fe0458fa8c0>,
                                        'step_log_freq': 10000,
                                        'type': 'MetricUpdater'}],
                         'data_loader': {'batch_size': 1,
                                         'collate_fn': functools.partial(<function collate_bevfusion_centerpoint at 0x7fe0458f9f30>, bev_size=(51.2, 51.2, 0.8), point_cloud_range=[-51.2, -51.2, -5.0, 51.2, 51.2, 3.0], max_lidar_points=120000),
                                         'dataset': {'bev_range': [-51.2,
                                                                   -51.2,
                                                                   -5.0,
                                                                   51.2,
                                                                   51.2,
                                                                   3.0],
                                                     'load_dim': 5,
                                                     'map_path': None,
                                                     'map_size': None,
                                                     'need_lidar': True,
                                                     'num_seq': 1,
                                                     'num_sweeps': 9,
                                                     'split_name': 'val',
                                                     'src_data_dir': './data/nuscenes',
                                                     'transforms': [{'size': [512,
                                                                              960],
                                                                     'type': 'MultiViewsImgResize'},
                                                                    {'transforms': [{'type': 'PILToTensor'},
                                                                                    {'divisor': 32,
                                                                                     'type': 'Pad'},
                                                                                    {'rgb_input': True,
                                                                                     'type': 'BgrToYuv444'},
                                                                                    {'mean': 128.0,
                                                                                     'std': 128.0,
                                                                                     'type': 'Normalize'}],
                                                                     'type': 'MultiViewsImgTransformWrapper'}],
                                                     'type': 'NuscenesFromImageSequence',
                                                     'use_dim': [0, 1, 2, 3, 4],
                                                     'version': 'v1.0-trainval',
                                                     'with_bev_bboxes': False,
                                                     'with_bev_mask': False,
                                                     'with_ego_bboxes': True,
                                                     'with_lidar_bboxes': True,
                                                     'with_lidar_occ': True},
                                         'num_workers': 2,
                                         'pin_memory': True,
                                         'shuffle': False,
                                         'type': <class 'torch.utils.data.dataloader.DataLoader'>},
                         'device': None,
                         'log_interval': 1,
                         'metrics': [{'classes': ['car',
                                                  'truck',
                                                  'trailer',
                                                  'bus',
                                                  'construction_vehicle',
                                                  'bicycle',
                                                  'motorcycle',
                                                  'pedestrian',
                                                  'traffic_cone',
                                                  'barrier'],
                                      'data_root': 'data/nuscenes',
                                      'lidar_key': 'sensor2ego',
                                      'save_prefix': './metric_results/bevfusion_centerpoint_pointpillar_henet_multisensor_multitask_nuscenes',
                                      'trans_lidar_dim': True,
                                      'trans_lidar_rot': False,
                                      'type': 'NuscenesMetric',
                                      'use_lidar': True,
                                      'version': 'v1.0-trainval'},
                                     {'ignore_index': 17,
                                      'seg_class': ['others',
                                                    'barrier',
                                                    'bicycle',
                                                    'bus',
                                                    'car',
                                                    'construction_vehicle',
                                                    'motorcycle',
                                                    'pedestrian',
                                                    'traffic_cone',
                                                    'trailer',
                                                    'truck',
                                                    'driveable_surface',
                                                    'other_flat',
                                                    'sidewalk',
                                                    'terrain',
                                                    'manmade',
                                                    'vegetation'],
                                      'type': 'MeanIOU'}],
                         'model': {'deploy_model': {'bev_decoders': [{'bev_size': [51.2,
                                                                                   51.2,
                                                                                   0.8],
                                                                      'decode_to_lidar': True,
                                                                      'decoder': {'bev_size': [51.2,
                                                                                               51.2,
                                                                                               0.8],
                                                                                  'class_names': ['car',
                                                                                                  'truck',
                                                                                                  'trailer',
                                                                                                  'bus',
                                                                                                  'construction_vehicle',
                                                                                                  'bicycle',
                                                                                                  'motorcycle',
                                                                                                  'pedestrian',
                                                                                                  'traffic_cone',
                                                                                                  'barrier'],
                                                                                  'decode_to_ego': False,
                                                                                  'min_radius': [4,
                                                                                                 12,
                                                                                                 10,
                                                                                                 1,
                                                                                                 0.85,
                                                                                                 0.175],
                                                                                  'nms_threshold': [0.2,
                                                                                                    0.2,
                                                                                                    0.2,
                                                                                                    0.2,
                                                                                                    0.2,
                                                                                                    0.5],
                                                                                  'nms_type': ['rotate',
                                                                                               'rotate',
                                                                                               'rotate',
                                                                                               'circle',
                                                                                               'rotate',
                                                                                               'rotate'],
                                                                                  'norm_bbox': True,
                                                                                  'out_size_factor': 1,
                                                                                  'score_threshold': 0.1,
                                                                                  'tasks': [{'class_names': ['car'],
                                                                                             'name': 'car',
                                                                                             'num_class': 1},
                                                                                            {'class_names': ['truck',
                                                                                                             'construction_vehicle'],
                                                                                             'name': 'truck',
                                                                                             'num_class': 2},
                                                                                            {'class_names': ['bus',
                                                                                                             'trailer'],
                                                                                             'name': 'bus',
                                                                                             'num_class': 2},
                                                                                            {'class_names': ['barrier'],
                                                                                             'name': 'barrier',
                                                                                             'num_class': 1},
                                                                                            {'class_names': ['motorcycle',
                                                                                                             'bicycle'],
                                                                                             'name': 'bicycle',
                                                                                             'num_class': 2},
                                                                                            {'class_names': ['pedestrian',
                                                                                                             'traffic_cone'],
                                                                                             'name': 'pedestrian',
                                                                                             'num_class': 2}],
                                                                                  'type': 'CenterPointDecoder',
                                                                                  'use_max_pool': True},
                                                                      'head': {'common_heads': {'dim': [3,
                                                                                                        2],
                                                                                                'height': [1,
                                                                                                           2],
                                                                                                'reg': [2,
                                                                                                        2],
                                                                                                'rot': [2,
                                                                                                        2],
                                                                                                'vel': [2,
                                                                                                        2]},
                                                                               'final_kernel': 3,
                                                                               'head_conv_channels': 64,
                                                                               'in_channels': 256,
                                                                               'init_bias': -2.19,
                                                                               'num_heatmap_convs': 2,
                                                                               'share_conv_channels': 64,
                                                                               'share_conv_num': 1,
                                                                               'tasks': [{'class_names': ['car'],
                                                                                          'name': 'car',
                                                                                          'num_class': 1},
                                                                                         {'class_names': ['truck',
                                                                                                          'construction_vehicle'],
                                                                                          'name': 'truck',
                                                                                          'num_class': 2},
                                                                                         {'class_names': ['bus',
                                                                                                          'trailer'],
                                                                                          'name': 'bus',
                                                                                          'num_class': 2},
                                                                                         {'class_names': ['barrier'],
                                                                                          'name': 'barrier',
                                                                                          'num_class': 1},
                                                                                         {'class_names': ['motorcycle',
                                                                                                          'bicycle'],
                                                                                          'name': 'bicycle',
                                                                                          'num_class': 2},
                                                                                         {'class_names': ['pedestrian',
                                                                                                          'traffic_cone'],
                                                                                          'name': 'pedestrian',
                                                                                          'num_class': 2}],
                                                                               'type': 'DepthwiseSeparableCenterPointHead'},
                                                                      'loss_cls': {'loss_weight': 1.0,
                                                                                   'type': 'GaussianFocalLoss'},
                                                                      'loss_reg': {'loss_weight': 0.25,
                                                                                   'type': 'L1Loss'},
                                                                      'name': 'bev_det',
                                                                      'point_cloud_range': [-51.2,
                                                                                            -51.2,
                                                                                            -5.0,
                                                                                            51.2,
                                                                                            51.2,
                                                                                            3.0],
                                                                      'target': {'bbox_weight': [1.0,
                                                                                                 1.0,
                                                                                                 1.0,
                                                                                                 1.0,
                                                                                                 1.0,
                                                                                                 1.0,
                                                                                                 1.0,
                                                                                                 1.0,
                                                                                                 0.2,
                                                                                                 0.2],
                                                                                 'class_names': ['car',
                                                                                                 'truck',
                                                                                                 'trailer',
                                                                                                 'bus',
                                                                                                 'construction_vehicle',
                                                                                                 'bicycle',
                                                                                                 'motorcycle',
                                                                                                 'pedestrian',
                                                                                                 'traffic_cone',
                                                                                                 'barrier'],
                                                                                 'gaussian_overlap': 0.1,
                                                                                 'max_num': 500,
                                                                                 'min_radius': 2,
                                                                                 'norm_bbox': True,
                                                                                 'out_size_factor': 1,
                                                                                 'tasks': [{'class_names': ['car'],
                                                                                            'name': 'car',
                                                                                            'num_class': 1},
                                                                                           {'class_names': ['truck',
                                                                                                            'construction_vehicle'],
                                                                                            'name': 'truck',
                                                                                            'num_class': 2},
                                                                                           {'class_names': ['bus',
                                                                                                            'trailer'],
                                                                                            'name': 'bus',
                                                                                            'num_class': 2},
                                                                                           {'class_names': ['barrier'],
                                                                                            'name': 'barrier',
                                                                                            'num_class': 1},
                                                                                           {'class_names': ['motorcycle',
                                                                                                            'bicycle'],
                                                                                            'name': 'bicycle',
                                                                                            'num_class': 2},
                                                                                           {'class_names': ['pedestrian',
                                                                                                            'traffic_cone'],
                                                                                            'name': 'pedestrian',
                                                                                            'num_class': 2}],
                                                                                 'type': 'CenterPointTarget'},
                                                                      'task_weight': 1.0,
                                                                      'type': 'BevFusionCenterPointDetDecoder'},
                                                                     {'camera_input': True,
                                                                      'lidar_input': True,
                                                                      'loss_occ': {'ignore_index': 255,
                                                                                   'loss_weight': 6.0,
                                                                                   'type': 'CrossEntropyLoss',
                                                                                   'use_sigmoid': False},
                                                                      'num_classes': 18,
                                                                      'occ_head': {'Dz': 16,
                                                                                   'in_dim': 256,
                                                                                   'num_classes': 18,
                                                                                   'out_dim': 128,
                                                                                   'type': 'BEVOCCHead2D',
                                                                                   'use_predicter': True,
                                                                                   'use_upsample': True},
                                                                      'roi_resizer': {'in_strides': [1],
                                                                                      'roi_resize_cfgs': [{'in_stride': 1,
                                                                                                           'roi_box': [14,
                                                                                                                       14,
                                                                                                                       114,
                                                                                                                       114]}],
                                                                                      'type': 'RoiResize'},
                                                                      'type': 'BevformerOccDetDecoder',
                                                                      'use_mask': True}],
                                                    'bev_h': 128,
                                                    'bev_w': 128,
                                                    'camera_network': {'backbone': {'act_layer': ['nn.GELU',
                                                                                                  'nn.GELU',
                                                                                                  'nn.GELU',
                                                                                                  'nn.GELU'],
                                                                                    'attention_block_num': [0,
                                                                                                            0,
                                                                                                            0,
                                                                                                            0],
                                                                                    'block_cls': ['GroupDWCB',
                                                                                                  'GroupDWCB',
                                                                                                  'AltDWCB',
                                                                                                  'DWCB'],
                                                                                    'block_nums': [4,
                                                                                                   3,
                                                                                                   8,
                                                                                                   6],
                                                                                    'down_cls': ['S2DDown',
                                                                                                 'S2DDown',
                                                                                                 'S2DDown',
                                                                                                 'None'],
                                                                                    'embed_dims': [64,
                                                                                                   128,
                                                                                                   192,
                                                                                                   384],
                                                                                    'extra_act': [False,
                                                                                                  False,
                                                                                                  False,
                                                                                                  False],
                                                                                    'feature_mix_channel': 1024,
                                                                                    'final_expand_channel': 0,
                                                                                    'in_channels': 3,
                                                                                    'include_top': False,
                                                                                    'layer_scale_init_value': 1e-05,
                                                                                    'mlp_ratio_attn': 2,
                                                                                    'mlp_ratios': [2,
                                                                                                   2,
                                                                                                   2,
                                                                                                   3],
                                                                                    'num_classes': 1000,
                                                                                    'patch_embed': 'origin',
                                                                                    'type': 'HENet',
                                                                                    'use_layer_scale': [True,
                                                                                                        True,
                                                                                                        True,
                                                                                                        True]},
                                                                       'neck': {'bn_kwargs': {'eps': 1e-05,
                                                                                              'momentum': 0.1},
                                                                                'in_channels': [384],
                                                                                'in_strides': [32],
                                                                                'out_channels': [256],
                                                                                'out_strides': [32],
                                                                                'type': 'FPN'},
                                                                       'out_indices': [-1],
                                                                       'type': 'BevFormer',
                                                                       'view_transformer': {'bev_h': 128,
                                                                                            'bev_w': 128,
                                                                                            'embed_dims': 256,
                                                                                            'encoder': {'bev_h': 128,
                                                                                                        'bev_w': 128,
                                                                                                        'embed_dims': 256,
                                                                                                        'encoder_layer': {'crossattention': {'bev_h': 128,
                                                                                                                                             'bev_w': 128,
                                                                                                                                             'deformable_attention': {'embed_dims': 256,
                                                                                                                                                                      'feats_size': [[30,
                                                                                                                                                                                      16]],
                                                                                                                                                                      'grid_align_num': 64,
                                                                                                                                                                      'num_levels': 1,
                                                                                                                                                                      'num_points': 2,
                                                                                                                                                                      'type': 'HorizonMultiScaleDeformableAttention3D'},
                                                                                                                                             'embed_dims': 256,
                                                                                                                                             'max_camoverlap_num': 2,
                                                                                                                                             'type': 'HorizonSpatialCrossAttention'},
                                                                                                                          'dropout': 0.1,
                                                                                                                          'embed_dims': 256,
                                                                                                                          'selfattention': {'batch_first': True,
                                                                                                                                            'embed_dims': 256,
                                                                                                                                            'feats_size': [[128,
                                                                                                                                                            128]],
                                                                                                                                            'grid_align_num': 4,
                                                                                                                                            'num_levels': 1,
                                                                                                                                            'num_points': 2,
                                                                                                                                            'type': 'HorizonMultiScaleDeformableAttention'},
                                                                                                                          'type': 'SingleBEVFormerEncoderLayer'},
                                                                                                        'num_layers': 1,
                                                                                                        'return_intermediate': False,
                                                                                                        'type': 'SingleBEVFormerEncoder'},
                                                                                            'in_indices': [-1],
                                                                                            'max_camoverlap_num': 2,
                                                                                            'num_points_in_pillar': 2,
                                                                                            'pc_range': [-51.2,
                                                                                                         -51.2,
                                                                                                         -5.0,
                                                                                                         51.2,
                                                                                                         51.2,
                                                                                                         3.0],
                                                                                            'positional_encoding': {'col_num_embed': 128,
                                                                                                                    'num_feats': 128,
                                                                                                                    'row_num_embed': 128,
                                                                                                                    'type': 'LearnedPositionalEncoding'},
                                                                                            'queue_length': 1,
                                                                                            'single_bev': True,
                                                                                            'type': 'SingleBevFormerViewTransformer',
                                                                                            'use_lidar2img': True,
                                                                                            'virtual_bev_h': 64,
                                                                                            'virtual_bev_w': 80}},
                                                    'fuse_module': {'fuse_c': 256,
                                                                    'input_c': 640,
                                                                    'type': 'BevFuseModule'},
                                                    'lidar_network': {'backbone': {'num_input_features': 64,
                                                                                   'quantize': True,
                                                                                   'type': 'PointPillarScatter',
                                                                                   'use_horizon_pillar_scatter': True},
                                                                      'feature_map_shape': array([512, 512,   1]),
                                                                      'neck': {'bn_kwargs': None,
                                                                               'down_layer_channels': [64,
                                                                                                       128,
                                                                                                       256],
                                                                               'down_layer_nums': [3,
                                                                                                   5,
                                                                                                   5],
                                                                               'down_layer_strides': [2,
                                                                                                      2,
                                                                                                      2],
                                                                               'in_feature_channel': 64,
                                                                               'quantize': True,
                                                                               'type': 'SECONDNeck',
                                                                               'up_layer_channels': [128,
                                                                                                     128,
                                                                                                     128],
                                                                               'up_layer_strides': [0.5,
                                                                                                    1,
                                                                                                    2],
                                                                               'use_relu6': False},
                                                                      'pre_process': {'fixed_voxels_num': 30000,
                                                                                      'max_points_in_voxel': 20,
                                                                                      'max_voxels_num': [30000,
                                                                                                         40000],
                                                                                      'norm_dims': [0,
                                                                                                    1,
                                                                                                    2,
                                                                                                    3],
                                                                                      'norm_range': [-51.2,
                                                                                                     -51.2,
                                                                                                     -5.0,
                                                                                                     0.0,
                                                                                                     51.2,
                                                                                                     51.2,
                                                                                                     3.0,
                                                                                                     255.0],
                                                                                      'pc_range': [-51.2,
                                                                                                   -51.2,
                                                                                                   -5.0,
                                                                                                   51.2,
                                                                                                   51.2,
                                                                                                   3.0],
                                                                                      'type': 'PaddedCenterPointPreProcess',
                                                                                      'voxel_size': [0.2,
                                                                                                     0.2,
                                                                                                     8]},
                                                                      'reader': {'bn_kwargs': None,
                                                                                 'hw_reverse': True,
                                                                                 'num_filters': [64],
                                                                                 'num_input_features': 5,
                                                                                 'pc_range': [-51.2,
                                                                                              -51.2,
                                                                                              -5.0,
                                                                                              51.2,
                                                                                              51.2,
                                                                                              3.0],
                                                                                 'pool_size': [20,
                                                                                               1],
                                                                                 'quantize': True,
                                                                                 'type': 'PillarFeatureNet',
                                                                                 'use_4dim': True,
                                                                                 'use_conv': True,
                                                                                 'voxel_size': [0.2,
                                                                                                0.2,
                                                                                                8],
                                                                                 'with_distance': False},
                                                                      'type': 'CenterPointDetector'},
                                                    'type': 'BevFusion'},
                                   'ir_model': {'model_path': './tmp_models/bevfusion_centerpoint_pointpillar_henet_multisensor_multitask_nuscenes/quantized.bc',
                                                'type': 'HbirModule'},
                                   'type': 'BevFusionHbirInfer'},
                         'type': 'Predictor'},
 'batch_processor': {'enable_amp': True,
                     'loss_collector': <function loss_collector at 0x7fe0458fa830>,
                     'need_grad_update': True,
                     'type': 'MultiBatchProcessor'},
 'batch_size_per_gpu': 4,
 'bev_decoders': [{'bev_size': [51.2, 51.2, 0.8],
                   'decode_to_lidar': True,
                   'decoder': {'bev_size': [51.2, 51.2, 0.8],
                               'class_names': ['car',
                                               'truck',
                                               'trailer',
                                               'bus',
                                               'construction_vehicle',
                                               'bicycle',
                                               'motorcycle',
                                               'pedestrian',
                                               'traffic_cone',
                                               'barrier'],
                               'decode_to_ego': False,
                               'min_radius': [4, 12, 10, 1, 0.85, 0.175],
                               'nms_threshold': [0.2, 0.2, 0.2, 0.2, 0.2, 0.5],
                               'nms_type': ['rotate',
                                            'rotate',
                                            'rotate',
                                            'circle',
                                            'rotate',
                                            'rotate'],
                               'norm_bbox': True,
                               'out_size_factor': 1,
                               'score_threshold': 0.1,
                               'tasks': [{'class_names': ['car'],
                                          'name': 'car',
                                          'num_class': 1},
                                         {'class_names': ['truck',
                                                          'construction_vehicle'],
                                          'name': 'truck',
                                          'num_class': 2},
                                         {'class_names': ['bus', 'trailer'],
                                          'name': 'bus',
                                          'num_class': 2},
                                         {'class_names': ['barrier'],
                                          'name': 'barrier',
                                          'num_class': 1},
                                         {'class_names': ['motorcycle',
                                                          'bicycle'],
                                          'name': 'bicycle',
                                          'num_class': 2},
                                         {'class_names': ['pedestrian',
                                                          'traffic_cone'],
                                          'name': 'pedestrian',
                                          'num_class': 2}],
                               'type': 'CenterPointDecoder',
                               'use_max_pool': True},
                   'head': {'common_heads': {'dim': [3, 2],
                                             'height': [1, 2],
                                             'reg': [2, 2],
                                             'rot': [2, 2],
                                             'vel': [2, 2]},
                            'final_kernel': 3,
                            'head_conv_channels': 64,
                            'in_channels': 256,
                            'init_bias': -2.19,
                            'num_heatmap_convs': 2,
                            'share_conv_channels': 64,
                            'share_conv_num': 1,
                            'tasks': [{'class_names': ['car'],
                                       'name': 'car',
                                       'num_class': 1},
                                      {'class_names': ['truck',
                                                       'construction_vehicle'],
                                       'name': 'truck',
                                       'num_class': 2},
                                      {'class_names': ['bus', 'trailer'],
                                       'name': 'bus',
                                       'num_class': 2},
                                      {'class_names': ['barrier'],
                                       'name': 'barrier',
                                       'num_class': 1},
                                      {'class_names': ['motorcycle', 'bicycle'],
                                       'name': 'bicycle',
                                       'num_class': 2},
                                      {'class_names': ['pedestrian',
                                                       'traffic_cone'],
                                       'name': 'pedestrian',
                                       'num_class': 2}],
                            'type': 'DepthwiseSeparableCenterPointHead'},
                   'loss_cls': {'loss_weight': 1.0,
                                'type': 'GaussianFocalLoss'},
                   'loss_reg': {'loss_weight': 0.25, 'type': 'L1Loss'},
                   'name': 'bev_det',
                   'point_cloud_range': [-51.2, -51.2, -5.0, 51.2, 51.2, 3.0],
                   'target': {'bbox_weight': [1.0,
                                              1.0,
                                              1.0,
                                              1.0,
                                              1.0,
                                              1.0,
                                              1.0,
                                              1.0,
                                              0.2,
                                              0.2],
                              'class_names': ['car',
                                              'truck',
                                              'trailer',
                                              'bus',
                                              'construction_vehicle',
                                              'bicycle',
                                              'motorcycle',
                                              'pedestrian',
                                              'traffic_cone',
                                              'barrier'],
                              'gaussian_overlap': 0.1,
                              'max_num': 500,
                              'min_radius': 2,
                              'norm_bbox': True,
                              'out_size_factor': 1,
                              'tasks': [{'class_names': ['car'],
                                         'name': 'car',
                                         'num_class': 1},
                                        {'class_names': ['truck',
                                                         'construction_vehicle'],
                                         'name': 'truck',
                                         'num_class': 2},
                                        {'class_names': ['bus', 'trailer'],
                                         'name': 'bus',
                                         'num_class': 2},
                                        {'class_names': ['barrier'],
                                         'name': 'barrier',
                                         'num_class': 1},
                                        {'class_names': ['motorcycle',
                                                         'bicycle'],
                                         'name': 'bicycle',
                                         'num_class': 2},
                                        {'class_names': ['pedestrian',
                                                         'traffic_cone'],
                                         'name': 'pedestrian',
                                         'num_class': 2}],
                              'type': 'CenterPointTarget'},
                   'task_weight': 1.0,
                   'type': 'BevFusionCenterPointDetDecoder'},
                  {'camera_input': True,
                   'lidar_input': True,
                   'loss_occ': {'ignore_index': 255,
                                'loss_weight': 6.0,
                                'type': 'CrossEntropyLoss',
                                'use_sigmoid': False},
                   'num_classes': 18,
                   'occ_head': {'Dz': 16,
                                'in_dim': 256,
                                'num_classes': 18,
                                'out_dim': 128,
                                'type': 'BEVOCCHead2D',
                                'use_predicter': True,
                                'use_upsample': True},
                   'roi_resizer': {'in_strides': [1],
                                   'roi_resize_cfgs': [{'in_stride': 1,
                                                        'roi_box': [14,
                                                                    14,
                                                                    114,
                                                                    114]}],
                                   'type': 'RoiResize'},
                   'type': 'BevformerOccDetDecoder',
                   'use_mask': True}],
 'bev_h_': 128,
 'bev_head': {'bev_size': [51.2, 51.2, 0.8],
              'decode_to_lidar': True,
              'decoder': {'bev_size': [51.2, 51.2, 0.8],
                          'class_names': ['car',
                                          'truck',
                                          'trailer',
                                          'bus',
                                          'construction_vehicle',
                                          'bicycle',
                                          'motorcycle',
                                          'pedestrian',
                                          'traffic_cone',
                                          'barrier'],
                          'decode_to_ego': False,
                          'min_radius': [4, 12, 10, 1, 0.85, 0.175],
                          'nms_threshold': [0.2, 0.2, 0.2, 0.2, 0.2, 0.5],
                          'nms_type': ['rotate',
                                       'rotate',
                                       'rotate',
                                       'circle',
                                       'rotate',
                                       'rotate'],
                          'norm_bbox': True,
                          'out_size_factor': 1,
                          'score_threshold': 0.1,
                          'tasks': [{'class_names': ['car'],
                                     'name': 'car',
                                     'num_class': 1},
                                    {'class_names': ['truck',
                                                     'construction_vehicle'],
                                     'name': 'truck',
                                     'num_class': 2},
                                    {'class_names': ['bus', 'trailer'],
                                     'name': 'bus',
                                     'num_class': 2},
                                    {'class_names': ['barrier'],
                                     'name': 'barrier',
                                     'num_class': 1},
                                    {'class_names': ['motorcycle', 'bicycle'],
                                     'name': 'bicycle',
                                     'num_class': 2},
                                    {'class_names': ['pedestrian',
                                                     'traffic_cone'],
                                     'name': 'pedestrian',
                                     'num_class': 2}],
                          'type': 'CenterPointDecoder',
                          'use_max_pool': True},
              'head': {'common_heads': {'dim': [3, 2],
                                        'height': [1, 2],
                                        'reg': [2, 2],
                                        'rot': [2, 2],
                                        'vel': [2, 2]},
                       'final_kernel': 3,
                       'head_conv_channels': 64,
                       'in_channels': 256,
                       'init_bias': -2.19,
                       'num_heatmap_convs': 2,
                       'share_conv_channels': 64,
                       'share_conv_num': 1,
                       'tasks': [{'class_names': ['car'],
                                  'name': 'car',
                                  'num_class': 1},
                                 {'class_names': ['truck',
                                                  'construction_vehicle'],
                                  'name': 'truck',
                                  'num_class': 2},
                                 {'class_names': ['bus', 'trailer'],
                                  'name': 'bus',
                                  'num_class': 2},
                                 {'class_names': ['barrier'],
                                  'name': 'barrier',
                                  'num_class': 1},
                                 {'class_names': ['motorcycle', 'bicycle'],
                                  'name': 'bicycle',
                                  'num_class': 2},
                                 {'class_names': ['pedestrian', 'traffic_cone'],
                                  'name': 'pedestrian',
                                  'num_class': 2}],
                       'type': 'DepthwiseSeparableCenterPointHead'},
              'loss_cls': {'loss_weight': 1.0, 'type': 'GaussianFocalLoss'},
              'loss_reg': {'loss_weight': 0.25, 'type': 'L1Loss'},
              'name': 'bev_det',
              'point_cloud_range': [-51.2, -51.2, -5.0, 51.2, 51.2, 3.0],
              'target': {'bbox_weight': [1.0,
                                         1.0,
                                         1.0,
                                         1.0,
                                         1.0,
                                         1.0,
                                         1.0,
                                         1.0,
                                         0.2,
                                         0.2],
                         'class_names': ['car',
                                         'truck',
                                         'trailer',
                                         'bus',
                                         'construction_vehicle',
                                         'bicycle',
                                         'motorcycle',
                                         'pedestrian',
                                         'traffic_cone',
                                         'barrier'],
                         'gaussian_overlap': 0.1,
                         'max_num': 500,
                         'min_radius': 2,
                         'norm_bbox': True,
                         'out_size_factor': 1,
                         'tasks': [{'class_names': ['car'],
                                    'name': 'car',
                                    'num_class': 1},
                                   {'class_names': ['truck',
                                                    'construction_vehicle'],
                                    'name': 'truck',
                                    'num_class': 2},
                                   {'class_names': ['bus', 'trailer'],
                                    'name': 'bus',
                                    'num_class': 2},
                                   {'class_names': ['barrier'],
                                    'name': 'barrier',
                                    'num_class': 1},
                                   {'class_names': ['motorcycle', 'bicycle'],
                                    'name': 'bicycle',
                                    'num_class': 2},
                                   {'class_names': ['pedestrian',
                                                    'traffic_cone'],
                                    'name': 'pedestrian',
                                    'num_class': 2}],
                         'type': 'CenterPointTarget'},
              'task_weight': 1.0,
              'type': 'BevFusionCenterPointDetDecoder'},
 'bev_size': [51.2, 51.2, 0.8],
 'bev_size_occ': [40, 40],
 'bev_sparse_rate': 0.4,
 'bev_val_nuscenes_metric': {'classes': ['car',
                                         'truck',
                                         'trailer',
                                         'bus',
                                         'construction_vehicle',
                                         'bicycle',
                                         'motorcycle',
                                         'pedestrian',
                                         'traffic_cone',
                                         'barrier'],
                             'data_root': 'data/nuscenes',
                             'lidar_key': 'sensor2ego',
                             'save_prefix': './metric_results/bevfusion_centerpoint_pointpillar_henet_multisensor_multitask_nuscenes',
                             'trans_lidar_dim': True,
                             'trans_lidar_rot': False,
                             'type': 'NuscenesMetric',
                             'use_lidar': True,
                             'version': 'v1.0-trainval'},
 'bev_w_': 128,
 'bevfusion_centerpoint_bboxes_adapter': <module 'bevfusion_centerpoint_bboxes_adapter' from '/open_explorer/samples/ai_toolchain/horizon_model_train_sample/scripts/tools/bevfusion_centerpoint_bboxes_adapter.py'>,
 'bn_kwargs': {'eps': 2e-05, 'momentum': 0.1},
 'calibration_batch_processor': {'loss_collector': None,
                                 'need_grad_update': False,
                                 'type': 'MultiBatchProcessor'},
 'calibration_data_loader': {'batch_size': 1,
                             'collate_fn': functools.partial(<function collate_bevfusion_centerpoint at 0x7fe0458f9f30>, bev_size=(51.2, 51.2, 0.8), point_cloud_range=[-51.2, -51.2, -5.0, 51.2, 51.2, 3.0], max_lidar_points=120000),
                             'dataset': {'bev_range': [-51.2,
                                                       -51.2,
                                                       -5.0,
                                                       51.2,
                                                       51.2,
                                                       3.0],
                                         'data_path': 'data/nuscenes/pack/horizon_bevfusion_nuscenes/val_lmdb/',
                                         'load_dim': 5,
                                         'map_path': None,
                                         'map_size': None,
                                         'need_lidar': True,
                                         'num_seq': 1,
                                         'num_sweeps': 9,
                                         'transforms': [{'size': [512, 960],
                                                         'type': 'MultiViewsImgResize'},
                                                        {'transforms': [{'type': 'PILToTensor'},
                                                                        {'divisor': 32,
                                                                         'type': 'Pad'},
                                                                        {'rgb_input': True,
                                                                         'type': 'BgrToYuv444'},
                                                                        {'mean': 128.0,
                                                                         'std': 128.0,
                                                                         'type': 'Normalize'}],
                                                         'type': 'MultiViewsImgTransformWrapper'}],
                                         'type': 'NuscenesBevSequenceDataset',
                                         'use_dim': [0, 1, 2, 3, 4],
                                         'with_bev_bboxes': False,
                                         'with_bev_mask': False,
                                         'with_ego_bboxes': True,
                                         'with_lidar_bboxes': True,
                                         'with_lidar_occ': True},
                             'num_workers': 4,
                             'pin_memory': True,
                             'shuffle': False,
                             'type': <class 'torch.utils.data.dataloader.DataLoader'>},
 'calibration_example_data_loader': {'batch_size': 1,
                                     'collate_fn': functools.partial(<function collate_bevfusion_centerpoint at 0x7fe0458f9f30>, bev_size=(51.2, 51.2, 0.8), point_cloud_range=[-51.2, -51.2, -5.0, 51.2, 51.2, 3.0], max_lidar_points=120000),
                                     'dataset': {'bev_range': [-51.2,
                                                               -51.2,
                                                               -5.0,
                                                               51.2,
                                                               51.2,
                                                               3.0],
                                                 'data_path': 'data/nuscenes/pack/horizon_bevfusion_nuscenes/val_lmdb/',
                                                 'load_dim': 5,
                                                 'map_path': None,
                                                 'map_size': None,
                                                 'need_lidar': True,
                                                 'num_seq': 1,
                                                 'num_sweeps': 9,
                                                 'transforms': [{'size': [512,
                                                                          960],
                                                                 'type': 'MultiViewsImgResize'},
                                                                {'transforms': [{'type': 'PILToTensor'},
                                                                                {'divisor': 32,
                                                                                 'type': 'Pad'},
                                                                                {'rgb_input': True,
                                                                                 'type': 'BgrToYuv444'},
                                                                                {'mean': 128.0,
                                                                                 'std': 128.0,
                                                                                 'type': 'Normalize'}],
                                                                 'type': 'MultiViewsImgTransformWrapper'}],
                                                 'type': 'NuscenesBevSequenceDataset',
                                                 'use_dim': [0, 1, 2, 3, 4],
                                                 'with_bev_bboxes': False,
                                                 'with_bev_mask': False,
                                                 'with_ego_bboxes': True,
                                                 'with_lidar_bboxes': True,
                                                 'with_lidar_occ': True},
                                     'num_workers': 0,
                                     'pin_memory': True,
                                     'shuffle': False,
                                     'type': <class 'torch.utils.data.dataloader.DataLoader'>},
 'calibration_predictor': {'batch_processor': {'loss_collector': None,
                                               'need_grad_update': False,
                                               'type': 'MultiBatchProcessor'},
                           'callbacks': [{'epoch_log_freq': 1,
                                          'log_prefix': 'Validation '
                                                        'bevfusion_centerpoint_pointpillar_henet_multisensor_multitask_nuscenes',
                                          'metric_update_func': <function update_metric at 0x7fe0458fa8c0>,
                                          'step_log_freq': 10000,
                                          'type': 'MetricUpdater'}],
                           'data_loader': [{'batch_size': 1,
                                            'collate_fn': functools.partial(<function collate_bevfusion_centerpoint at 0x7fe0458f9f30>, bev_size=(51.2, 51.2, 0.8), point_cloud_range=[-51.2, -51.2, -5.0, 51.2, 51.2, 3.0], max_lidar_points=120000),
                                            'dataset': {'bev_range': [-51.2,
                                                                      -51.2,
                                                                      -5.0,
                                                                      51.2,
                                                                      51.2,
                                                                      3.0],
                                                        'data_path': 'data/nuscenes/pack/horizon_bevfusion_nuscenes/val_lmdb/',
                                                        'load_dim': 5,
                                                        'map_path': None,
                                                        'map_size': None,
                                                        'need_lidar': True,
                                                        'num_seq': 1,
                                                        'num_sweeps': 9,
                                                        'transforms': [{'size': [512,
                                                                                 960],
                                                                        'type': 'MultiViewsImgResize'},
                                                                       {'transforms': [{'type': 'PILToTensor'},
                                                                                       {'divisor': 32,
                                                                                        'type': 'Pad'},
                                                                                       {'rgb_input': True,
                                                                                        'type': 'BgrToYuv444'},
                                                                                       {'mean': 128.0,
                                                                                        'std': 128.0,
                                                                                        'type': 'Normalize'}],
                                                                        'type': 'MultiViewsImgTransformWrapper'}],
                                                        'type': 'NuscenesBevSequenceDataset',
                                                        'use_dim': [0,
                                                                    1,
                                                                    2,
                                                                    3,
                                                                    4],
                                                        'with_bev_bboxes': False,
                                                        'with_bev_mask': False,
                                                        'with_ego_bboxes': True,
                                                        'with_lidar_bboxes': True,
                                                        'with_lidar_occ': True},
                                            'num_workers': 4,
                                            'pin_memory': True,
                                            'sampler': {'type': <class 'torch.utils.data.distributed.DistributedSampler'>},
                                            'shuffle': False,
                                            'type': <class 'torch.utils.data.dataloader.DataLoader'>}],
                           'device': None,
                           'log_interval': 100,
                           'metrics': [{'classes': ['car',
                                                    'truck',
                                                    'trailer',
                                                    'bus',
                                                    'construction_vehicle',
                                                    'bicycle',
                                                    'motorcycle',
                                                    'pedestrian',
                                                    'traffic_cone',
                                                    'barrier'],
                                        'data_root': 'data/nuscenes',
                                        'lidar_key': 'sensor2ego',
                                        'save_prefix': './metric_results/bevfusion_centerpoint_pointpillar_henet_multisensor_multitask_nuscenes',
                                        'trans_lidar_dim': True,
                                        'trans_lidar_rot': False,
                                        'type': 'NuscenesMetric',
                                        'use_lidar': True,
                                        'version': 'v1.0-trainval'},
                                       {'ignore_index': 17,
                                        'seg_class': ['others',
                                                      'barrier',
                                                      'bicycle',
                                                      'bus',
                                                      'car',
                                                      'construction_vehicle',
                                                      'motorcycle',
                                                      'pedestrian',
                                                      'traffic_cone',
                                                      'trailer',
                                                      'truck',
                                                      'driveable_surface',
                                                      'other_flat',
                                                      'sidewalk',
                                                      'terrain',
                                                      'manmade',
                                                      'vegetation'],
                                        'type': 'MeanIOU'}],
                           'model': {'bev_decoders': [{'bev_size': [51.2,
                                                                    51.2,
                                                                    0.8],
                                                       'decode_to_lidar': True,
                                                       'decoder': {'bev_size': [51.2,
                                                                                51.2,
                                                                                0.8],
                                                                   'class_names': ['car',
                                                                                   'truck',
                                                                                   'trailer',
                                                                                   'bus',
                                                                                   'construction_vehicle',
                                                                                   'bicycle',
                                                                                   'motorcycle',
                                                                                   'pedestrian',
                                                                                   'traffic_cone',
                                                                                   'barrier'],
                                                                   'decode_to_ego': False,
                                                                   'min_radius': [4,
                                                                                  12,
                                                                                  10,
                                                                                  1,
                                                                                  0.85,
                                                                                  0.175],
                                                                   'nms_threshold': [0.2,
                                                                                     0.2,
                                                                                     0.2,
                                                                                     0.2,
                                                                                     0.2,
                                                                                     0.5],
                                                                   'nms_type': ['rotate',
                                                                                'rotate',
                                                                                'rotate',
                                                                                'circle',
                                                                                'rotate',
                                                                                'rotate'],
                                                                   'norm_bbox': True,
                                                                   'out_size_factor': 1,
                                                                   'score_threshold': 0.1,
                                                                   'tasks': [{'class_names': ['car'],
                                                                              'name': 'car',
                                                                              'num_class': 1},
                                                                             {'class_names': ['truck',
                                                                                              'construction_vehicle'],
                                                                              'name': 'truck',
                                                                              'num_class': 2},
                                                                             {'class_names': ['bus',
                                                                                              'trailer'],
                                                                              'name': 'bus',
                                                                              'num_class': 2},
                                                                             {'class_names': ['barrier'],
                                                                              'name': 'barrier',
                                                                              'num_class': 1},
                                                                             {'class_names': ['motorcycle',
                                                                                              'bicycle'],
                                                                              'name': 'bicycle',
                                                                              'num_class': 2},
                                                                             {'class_names': ['pedestrian',
                                                                                              'traffic_cone'],
                                                                              'name': 'pedestrian',
                                                                              'num_class': 2}],
                                                                   'type': 'CenterPointDecoder',
                                                                   'use_max_pool': True},
                                                       'head': {'common_heads': {'dim': [3,
                                                                                         2],
                                                                                 'height': [1,
                                                                                            2],
                                                                                 'reg': [2,
                                                                                         2],
                                                                                 'rot': [2,
                                                                                         2],
                                                                                 'vel': [2,
                                                                                         2]},
                                                                'final_kernel': 3,
                                                                'head_conv_channels': 64,
                                                                'in_channels': 256,
                                                                'init_bias': -2.19,
                                                                'num_heatmap_convs': 2,
                                                                'share_conv_channels': 64,
                                                                'share_conv_num': 1,
                                                                'tasks': [{'class_names': ['car'],
                                                                           'name': 'car',
                                                                           'num_class': 1},
                                                                          {'class_names': ['truck',
                                                                                           'construction_vehicle'],
                                                                           'name': 'truck',
                                                                           'num_class': 2},
                                                                          {'class_names': ['bus',
                                                                                           'trailer'],
                                                                           'name': 'bus',
                                                                           'num_class': 2},
                                                                          {'class_names': ['barrier'],
                                                                           'name': 'barrier',
                                                                           'num_class': 1},
                                                                          {'class_names': ['motorcycle',
                                                                                           'bicycle'],
                                                                           'name': 'bicycle',
                                                                           'num_class': 2},
                                                                          {'class_names': ['pedestrian',
                                                                                           'traffic_cone'],
                                                                           'name': 'pedestrian',
                                                                           'num_class': 2}],
                                                                'type': 'DepthwiseSeparableCenterPointHead'},
                                                       'loss_cls': {'loss_weight': 1.0,
                                                                    'type': 'GaussianFocalLoss'},
                                                       'loss_reg': {'loss_weight': 0.25,
                                                                    'type': 'L1Loss'},
                                                       'name': 'bev_det',
                                                       'point_cloud_range': [-51.2,
                                                                             -51.2,
                                                                             -5.0,
                                                                             51.2,
                                                                             51.2,
                                                                             3.0],
                                                       'target': {'bbox_weight': [1.0,
                                                                                  1.0,
                                                                                  1.0,
                                                                                  1.0,
                                                                                  1.0,
                                                                                  1.0,
                                                                                  1.0,
                                                                                  1.0,
                                                                                  0.2,
                                                                                  0.2],
                                                                  'class_names': ['car',
                                                                                  'truck',
                                                                                  'trailer',
                                                                                  'bus',
                                                                                  'construction_vehicle',
                                                                                  'bicycle',
                                                                                  'motorcycle',
                                                                                  'pedestrian',
                                                                                  'traffic_cone',
                                                                                  'barrier'],
                                                                  'gaussian_overlap': 0.1,
                                                                  'max_num': 500,
                                                                  'min_radius': 2,
                                                                  'norm_bbox': True,
                                                                  'out_size_factor': 1,
                                                                  'tasks': [{'class_names': ['car'],
                                                                             'name': 'car',
                                                                             'num_class': 1},
                                                                            {'class_names': ['truck',
                                                                                             'construction_vehicle'],
                                                                             'name': 'truck',
                                                                             'num_class': 2},
                                                                            {'class_names': ['bus',
                                                                                             'trailer'],
                                                                             'name': 'bus',
                                                                             'num_class': 2},
                                                                            {'class_names': ['barrier'],
                                                                             'name': 'barrier',
                                                                             'num_class': 1},
                                                                            {'class_names': ['motorcycle',
                                                                                             'bicycle'],
                                                                             'name': 'bicycle',
                                                                             'num_class': 2},
                                                                            {'class_names': ['pedestrian',
                                                                                             'traffic_cone'],
                                                                             'name': 'pedestrian',
                                                                             'num_class': 2}],
                                                                  'type': 'CenterPointTarget'},
                                                       'task_weight': 1.0,
                                                       'type': 'BevFusionCenterPointDetDecoder'},
                                                      {'camera_input': True,
                                                       'lidar_input': True,
                                                       'loss_occ': {'ignore_index': 255,
                                                                    'loss_weight': 6.0,
                                                                    'type': 'CrossEntropyLoss',
                                                                    'use_sigmoid': False},
                                                       'num_classes': 18,
                                                       'occ_head': {'Dz': 16,
                                                                    'in_dim': 256,
                                                                    'num_classes': 18,
                                                                    'out_dim': 128,
                                                                    'type': 'BEVOCCHead2D',
                                                                    'use_predicter': True,
                                                                    'use_upsample': True},
                                                       'roi_resizer': {'in_strides': [1],
                                                                       'roi_resize_cfgs': [{'in_stride': 1,
                                                                                            'roi_box': [14,
                                                                                                        14,
                                                                                                        114,
                                                                                                        114]}],
                                                                       'type': 'RoiResize'},
                                                       'type': 'BevformerOccDetDecoder',
                                                       'use_mask': True}],
                                     'bev_h': 128,
                                     'bev_w': 128,
                                     'camera_network': {'backbone': {'act_layer': ['nn.GELU',
                                                                                   'nn.GELU',
                                                                                   'nn.GELU',
                                                                                   'nn.GELU'],
                                                                     'attention_block_num': [0,
                                                                                             0,
                                                                                             0,
                                                                                             0],
                                                                     'block_cls': ['GroupDWCB',
                                                                                   'GroupDWCB',
                                                                                   'AltDWCB',
                                                                                   'DWCB'],
                                                                     'block_nums': [4,
                                                                                    3,
                                                                                    8,
                                                                                    6],
                                                                     'down_cls': ['S2DDown',
                                                                                  'S2DDown',
                                                                                  'S2DDown',
                                                                                  'None'],
                                                                     'embed_dims': [64,
                                                                                    128,
                                                                                    192,
                                                                                    384],
                                                                     'extra_act': [False,
                                                                                   False,
                                                                                   False,
                                                                                   False],
                                                                     'feature_mix_channel': 1024,
                                                                     'final_expand_channel': 0,
                                                                     'in_channels': 3,
                                                                     'include_top': False,
                                                                     'layer_scale_init_value': 1e-05,
                                                                     'mlp_ratio_attn': 2,
                                                                     'mlp_ratios': [2,
                                                                                    2,
                                                                                    2,
                                                                                    3],
                                                                     'num_classes': 1000,
                                                                     'patch_embed': 'origin',
                                                                     'type': 'HENet',
                                                                     'use_layer_scale': [True,
                                                                                         True,
                                                                                         True,
                                                                                         True]},
                                                        'neck': {'bn_kwargs': {'eps': 1e-05,
                                                                               'momentum': 0.1},
                                                                 'in_channels': [384],
                                                                 'in_strides': [32],
                                                                 'out_channels': [256],
                                                                 'out_strides': [32],
                                                                 'type': 'FPN'},
                                                        'out_indices': [-1],
                                                        'type': 'BevFormer',
                                                        'view_transformer': {'bev_h': 128,
                                                                             'bev_w': 128,
                                                                             'embed_dims': 256,
                                                                             'encoder': {'bev_h': 128,
                                                                                         'bev_w': 128,
                                                                                         'embed_dims': 256,
                                                                                         'encoder_layer': {'crossattention': {'bev_h': 128,
                                                                                                                              'bev_w': 128,
                                                                                                                              'deformable_attention': {'embed_dims': 256,
                                                                                                                                                       'feats_size': [[30,
                                                                                                                                                                       16]],
                                                                                                                                                       'grid_align_num': 64,
                                                                                                                                                       'num_levels': 1,
                                                                                                                                                       'num_points': 2,
                                                                                                                                                       'type': 'HorizonMultiScaleDeformableAttention3D'},
                                                                                                                              'embed_dims': 256,
                                                                                                                              'max_camoverlap_num': 2,
                                                                                                                              'type': 'HorizonSpatialCrossAttention'},
                                                                                                           'dropout': 0.1,
                                                                                                           'embed_dims': 256,
                                                                                                           'selfattention': {'batch_first': True,
                                                                                                                             'embed_dims': 256,
                                                                                                                             'feats_size': [[128,
                                                                                                                                             128]],
                                                                                                                             'grid_align_num': 4,
                                                                                                                             'num_levels': 1,
                                                                                                                             'num_points': 2,
                                                                                                                             'type': 'HorizonMultiScaleDeformableAttention'},
                                                                                                           'type': 'SingleBEVFormerEncoderLayer'},
                                                                                         'num_layers': 1,
                                                                                         'return_intermediate': False,
                                                                                         'type': 'SingleBEVFormerEncoder'},
                                                                             'in_indices': [-1],
                                                                             'max_camoverlap_num': 2,
                                                                             'num_points_in_pillar': 2,
                                                                             'pc_range': [-51.2,
                                                                                          -51.2,
                                                                                          -5.0,
                                                                                          51.2,
                                                                                          51.2,
                                                                                          3.0],
                                                                             'positional_encoding': {'col_num_embed': 128,
                                                                                                     'num_feats': 128,
                                                                                                     'row_num_embed': 128,
                                                                                                     'type': 'LearnedPositionalEncoding'},
                                                                             'queue_length': 1,
                                                                             'single_bev': True,
                                                                             'type': 'SingleBevFormerViewTransformer',
                                                                             'use_lidar2img': True,
                                                                             'virtual_bev_h': 64,
                                                                             'virtual_bev_w': 80}},
                                     'fuse_module': {'fuse_c': 256,
                                                     'input_c': 640,
                                                     'type': 'BevFuseModule'},
                                     'lidar_network': {'backbone': {'num_input_features': 64,
                                                                    'quantize': True,
                                                                    'type': 'PointPillarScatter',
                                                                    'use_horizon_pillar_scatter': True},
                                                       'feature_map_shape': array([512, 512,   1]),
                                                       'neck': {'bn_kwargs': None,
                                                                'down_layer_channels': [64,
                                                                                        128,
                                                                                        256],
                                                                'down_layer_nums': [3,
                                                                                    5,
                                                                                    5],
                                                                'down_layer_strides': [2,
                                                                                       2,
                                                                                       2],
                                                                'in_feature_channel': 64,
                                                                'quantize': True,
                                                                'type': 'SECONDNeck',
                                                                'up_layer_channels': [128,
                                                                                      128,
                                                                                      128],
                                                                'up_layer_strides': [0.5,
                                                                                     1,
                                                                                     2],
                                                                'use_relu6': False},
                                                       'pre_process': {'fixed_voxels_num': 30000,
                                                                       'max_points_in_voxel': 20,
                                                                       'max_voxels_num': [30000,
                                                                                          40000],
                                                                       'norm_dims': [0,
                                                                                     1,
                                                                                     2,
                                                                                     3],
                                                                       'norm_range': [-51.2,
                                                                                      -51.2,
                                                                                      -5.0,
                                                                                      0.0,
                                                                                      51.2,
                                                                                      51.2,
                                                                                      3.0,
                                                                                      255.0],
                                                                       'pc_range': [-51.2,
                                                                                    -51.2,
                                                                                    -5.0,
                                                                                    51.2,
                                                                                    51.2,
                                                                                    3.0],
                                                                       'type': 'PaddedCenterPointPreProcess',
                                                                       'voxel_size': [0.2,
                                                                                      0.2,
                                                                                      8]},
                                                       'reader': {'bn_kwargs': None,
                                                                  'hw_reverse': True,
                                                                  'num_filters': [64],
                                                                  'num_input_features': 5,
                                                                  'pc_range': [-51.2,
                                                                               -51.2,
                                                                               -5.0,
                                                                               51.2,
                                                                               51.2,
                                                                               3.0],
                                                                  'pool_size': [20,
                                                                                1],
                                                                  'quantize': True,
                                                                  'type': 'PillarFeatureNet',
                                                                  'use_4dim': True,
                                                                  'use_conv': True,
                                                                  'voxel_size': [0.2,
                                                                                 0.2,
                                                                                 8],
                                                                  'with_distance': False},
                                                       'type': 'CenterPointDetector'},
                                     'type': 'BevFusion'},
                           'model_convert_pipeline': {'converters': [{'type': 'RepModel2Deploy'},
                                                                     {'convert_mode': 'jit-strip',
                                                                      'example_data_loader': {'batch_size': 1,
                                                                                              'collate_fn': functools.partial(<function collate_bevfusion_centerpoint at 0x7fe0458f9f30>, bev_size=(51.2, 51.2, 0.8), point_cloud_range=[-51.2, -51.2, -5.0, 51.2, 51.2, 3.0], max_lidar_points=120000),
                                                                                              'dataset': {'bev_range': [-51.2,
                                                                                                                        -51.2,
                                                                                                                        -5.0,
                                                                                                                        51.2,
                                                                                                                        51.2,
                                                                                                                        3.0],
                                                                                                          'data_path': 'data/nuscenes/pack/horizon_bevfusion_nuscenes/val_lmdb/',
                                                                                                          'load_dim': 5,
                                                                                                          'map_path': None,
                                                                                                          'map_size': None,
                                                                                                          'need_lidar': True,
                                                                                                          'num_seq': 1,
                                                                                                          'num_sweeps': 9,
                                                                                                          'transforms': [{'size': [512,
                                                                                                                                   960],
                                                                                                                          'type': 'MultiViewsImgResize'},
                                                                                                                         {'transforms': [{'type': 'PILToTensor'},
                                                                                                                                         {'divisor': 32,
                                                                                                                                          'type': 'Pad'},
                                                                                                                                         {'rgb_input': True,
                                                                                                                                          'type': 'BgrToYuv444'},
                                                                                                                                         {'mean': 128.0,
                                                                                                                                          'std': 128.0,
                                                                                                                                          'type': 'Normalize'}],
                                                                                                                          'type': 'MultiViewsImgTransformWrapper'}],
                                                                                                          'type': 'NuscenesBevSequenceDataset',
                                                                                                          'use_dim': [0,
                                                                                                                      1,
                                                                                                                      2,
                                                                                                                      3,
                                                                                                                      4],
                                                                                                          'with_bev_bboxes': False,
                                                                                                          'with_bev_mask': False,
                                                                                                          'with_ego_bboxes': True,
                                                                                                          'with_lidar_bboxes': True,
                                                                                                          'with_lidar_occ': True},
                                                                                              'num_workers': 0,
                                                                                              'pin_memory': True,
                                                                                              'shuffle': False,
                                                                                              'type': <class 'torch.utils.data.dataloader.DataLoader'>},
                                                                      'type': 'Float2QAT'},
                                                                     {'allow_miss': True,
                                                                      'checkpoint_path': './tmp_models/bevfusion_centerpoint_pointpillar_henet_multisensor_multitask_nuscenes/calibration-checkpoint-last.pth.tar',
                                                                      'ignore_extra': True,
                                                                      'type': 'LoadCheckpoint',
                                                                      'verbose': True}],
                                                      'qat_mode': 'fuse_bn',
                                                      'type': 'ModelConvertPipeline'},
                           'type': 'Predictor'},
 'calibration_trainer': {'batch_processor': {'loss_collector': None,
                                             'need_grad_update': False,
                                             'type': 'MultiBatchProcessor'},
                         'callbacks': [{'log_freq': 200,
                                        'type': 'StatsMonitor'},
                                       {'batch_processor': {'loss_collector': None,
                                                            'need_grad_update': False,
                                                            'type': 'MultiBatchProcessor'},
                                        'callbacks': [{'epoch_log_freq': 1,
                                                       'log_prefix': 'Validation '
                                                                     'bevfusion_centerpoint_pointpillar_henet_multisensor_multitask_nuscenes',
                                                       'metric_update_func': <function update_metric at 0x7fe0458fa8c0>,
                                                       'step_log_freq': 10000,
                                                       'type': 'MetricUpdater'}],
                                        'data_loader': {'batch_size': 1,
                                                        'collate_fn': functools.partial(<function collate_bevfusion_centerpoint at 0x7fe0458f9f30>, bev_size=(51.2, 51.2, 0.8), point_cloud_range=[-51.2, -51.2, -5.0, 51.2, 51.2, 3.0], max_lidar_points=120000),
                                                        'dataset': {'bev_range': [-51.2,
                                                                                  -51.2,
                                                                                  -5.0,
                                                                                  51.2,
                                                                                  51.2,
                                                                                  3.0],
                                                                    'data_path': 'data/nuscenes/pack/horizon_bevfusion_nuscenes/val_lmdb/',
                                                                    'load_dim': 5,
                                                                    'map_path': None,
                                                                    'map_size': None,
                                                                    'need_lidar': True,
                                                                    'num_seq': 1,
                                                                    'num_sweeps': 9,
                                                                    'transforms': [{'size': [512,
                                                                                             960],
                                                                                    'type': 'MultiViewsImgResize'},
                                                                                   {'transforms': [{'type': 'PILToTensor'},
                                                                                                   {'divisor': 32,
                                                                                                    'type': 'Pad'},
                                                                                                   {'rgb_input': True,
                                                                                                    'type': 'BgrToYuv444'},
                                                                                                   {'mean': 128.0,
                                                                                                    'std': 128.0,
                                                                                                    'type': 'Normalize'}],
                                                                                    'type': 'MultiViewsImgTransformWrapper'}],
                                                                    'type': 'NuscenesBevSequenceDataset',
                                                                    'use_dim': [0,
                                                                                1,
                                                                                2,
                                                                                3,
                                                                                4],
                                                                    'with_bev_bboxes': False,
                                                                    'with_bev_mask': False,
                                                                    'with_ego_bboxes': True,
                                                                    'with_lidar_bboxes': True,
                                                                    'with_lidar_occ': True},
                                                        'num_workers': 4,
                                                        'pin_memory': True,
                                                        'sampler': {'type': <class 'torch.utils.data.distributed.DistributedSampler'>},
                                                        'shuffle': False,
                                                        'type': <class 'torch.utils.data.dataloader.DataLoader'>},
                                        'log_interval': 200,
                                        'type': 'Validation',
                                        'val_interval': 1,
                                        'val_model': None,
                                        'val_on_train_end': False},
                                       {'mode': None,
                                        'name_prefix': 'float-',
                                        'save_dir': './tmp_models/bevfusion_centerpoint_pointpillar_henet_multisensor_multitask_nuscenes',
                                        'save_interval': 1,
                                        'strict_match': True,
                                        'type': 'Checkpoint'}],
                         'data_loader': {'batch_size': 1,
                                         'collate_fn': functools.partial(<function collate_bevfusion_centerpoint at 0x7fe0458f9f30>, bev_size=(51.2, 51.2, 0.8), point_cloud_range=[-51.2, -51.2, -5.0, 51.2, 51.2, 3.0], max_lidar_points=120000),
                                         'dataset': {'bev_range': [-51.2,
                                                                   -51.2,
                                                                   -5.0,
                                                                   51.2,
                                                                   51.2,
                                                                   3.0],
                                                     'data_path': 'data/nuscenes/pack/horizon_bevfusion_nuscenes/val_lmdb/',
                                                     'load_dim': 5,
                                                     'map_path': None,
                                                     'map_size': None,
                                                     'need_lidar': True,
                                                     'num_seq': 1,
                                                     'num_sweeps': 9,
                                                     'transforms': [{'size': [512,
                                                                              960],
                                                                     'type': 'MultiViewsImgResize'},
                                                                    {'transforms': [{'type': 'PILToTensor'},
                                                                                    {'divisor': 32,
                                                                                     'type': 'Pad'},
                                                                                    {'rgb_input': True,
                                                                                     'type': 'BgrToYuv444'},
                                                                                    {'mean': 128.0,
                                                                                     'std': 128.0,
                                                                                     'type': 'Normalize'}],
                                                                     'type': 'MultiViewsImgTransformWrapper'}],
                                                     'type': 'NuscenesBevSequenceDataset',
                                                     'use_dim': [0, 1, 2, 3, 4],
                                                     'with_bev_bboxes': False,
                                                     'with_bev_mask': False,
                                                     'with_ego_bboxes': True,
                                                     'with_lidar_bboxes': True,
                                                     'with_lidar_occ': True},
                                         'num_workers': 4,
                                         'pin_memory': True,
                                         'shuffle': False,
                                         'type': <class 'torch.utils.data.dataloader.DataLoader'>},
                         'device': None,
                         'log_interval': 20,
                         'model': {'bev_decoders': [{'bev_size': [51.2,
                                                                  51.2,
                                                                  0.8],
                                                     'decode_to_lidar': True,
                                                     'decoder': {'bev_size': [51.2,
                                                                              51.2,
                                                                              0.8],
                                                                 'class_names': ['car',
                                                                                 'truck',
                                                                                 'trailer',
                                                                                 'bus',
                                                                                 'construction_vehicle',
                                                                                 'bicycle',
                                                                                 'motorcycle',
                                                                                 'pedestrian',
                                                                                 'traffic_cone',
                                                                                 'barrier'],
                                                                 'decode_to_ego': False,
                                                                 'min_radius': [4,
                                                                                12,
                                                                                10,
                                                                                1,
                                                                                0.85,
                                                                                0.175],
                                                                 'nms_threshold': [0.2,
                                                                                   0.2,
                                                                                   0.2,
                                                                                   0.2,
                                                                                   0.2,
                                                                                   0.5],
                                                                 'nms_type': ['rotate',
                                                                              'rotate',
                                                                              'rotate',
                                                                              'circle',
                                                                              'rotate',
                                                                              'rotate'],
                                                                 'norm_bbox': True,
                                                                 'out_size_factor': 1,
                                                                 'score_threshold': 0.1,
                                                                 'tasks': [{'class_names': ['car'],
                                                                            'name': 'car',
                                                                            'num_class': 1},
                                                                           {'class_names': ['truck',
                                                                                            'construction_vehicle'],
                                                                            'name': 'truck',
                                                                            'num_class': 2},
                                                                           {'class_names': ['bus',
                                                                                            'trailer'],
                                                                            'name': 'bus',
                                                                            'num_class': 2},
                                                                           {'class_names': ['barrier'],
                                                                            'name': 'barrier',
                                                                            'num_class': 1},
                                                                           {'class_names': ['motorcycle',
                                                                                            'bicycle'],
                                                                            'name': 'bicycle',
                                                                            'num_class': 2},
                                                                           {'class_names': ['pedestrian',
                                                                                            'traffic_cone'],
                                                                            'name': 'pedestrian',
                                                                            'num_class': 2}],
                                                                 'type': 'CenterPointDecoder',
                                                                 'use_max_pool': True},
                                                     'head': {'common_heads': {'dim': [3,
                                                                                       2],
                                                                               'height': [1,
                                                                                          2],
                                                                               'reg': [2,
                                                                                       2],
                                                                               'rot': [2,
                                                                                       2],
                                                                               'vel': [2,
                                                                                       2]},
                                                              'final_kernel': 3,
                                                              'head_conv_channels': 64,
                                                              'in_channels': 256,
                                                              'init_bias': -2.19,
                                                              'num_heatmap_convs': 2,
                                                              'share_conv_channels': 64,
                                                              'share_conv_num': 1,
                                                              'tasks': [{'class_names': ['car'],
                                                                         'name': 'car',
                                                                         'num_class': 1},
                                                                        {'class_names': ['truck',
                                                                                         'construction_vehicle'],
                                                                         'name': 'truck',
                                                                         'num_class': 2},
                                                                        {'class_names': ['bus',
                                                                                         'trailer'],
                                                                         'name': 'bus',
                                                                         'num_class': 2},
                                                                        {'class_names': ['barrier'],
                                                                         'name': 'barrier',
                                                                         'num_class': 1},
                                                                        {'class_names': ['motorcycle',
                                                                                         'bicycle'],
                                                                         'name': 'bicycle',
                                                                         'num_class': 2},
                                                                        {'class_names': ['pedestrian',
                                                                                         'traffic_cone'],
                                                                         'name': 'pedestrian',
                                                                         'num_class': 2}],
                                                              'type': 'DepthwiseSeparableCenterPointHead'},
                                                     'loss_cls': {'loss_weight': 1.0,
                                                                  'type': 'GaussianFocalLoss'},
                                                     'loss_reg': {'loss_weight': 0.25,
                                                                  'type': 'L1Loss'},
                                                     'name': 'bev_det',
                                                     'point_cloud_range': [-51.2,
                                                                           -51.2,
                                                                           -5.0,
                                                                           51.2,
                                                                           51.2,
                                                                           3.0],
                                                     'target': {'bbox_weight': [1.0,
                                                                                1.0,
                                                                                1.0,
                                                                                1.0,
                                                                                1.0,
                                                                                1.0,
                                                                                1.0,
                                                                                1.0,
                                                                                0.2,
                                                                                0.2],
                                                                'class_names': ['car',
                                                                                'truck',
                                                                                'trailer',
                                                                                'bus',
                                                                                'construction_vehicle',
                                                                                'bicycle',
                                                                                'motorcycle',
                                                                                'pedestrian',
                                                                                'traffic_cone',
                                                                                'barrier'],
                                                                'gaussian_overlap': 0.1,
                                                                'max_num': 500,
                                                                'min_radius': 2,
                                                                'norm_bbox': True,
                                                                'out_size_factor': 1,
                                                                'tasks': [{'class_names': ['car'],
                                                                           'name': 'car',
                                                                           'num_class': 1},
                                                                          {'class_names': ['truck',
                                                                                           'construction_vehicle'],
                                                                           'name': 'truck',
                                                                           'num_class': 2},
                                                                          {'class_names': ['bus',
                                                                                           'trailer'],
                                                                           'name': 'bus',
                                                                           'num_class': 2},
                                                                          {'class_names': ['barrier'],
                                                                           'name': 'barrier',
                                                                           'num_class': 1},
                                                                          {'class_names': ['motorcycle',
                                                                                           'bicycle'],
                                                                           'name': 'bicycle',
                                                                           'num_class': 2},
                                                                          {'class_names': ['pedestrian',
                                                                                           'traffic_cone'],
                                                                           'name': 'pedestrian',
                                                                           'num_class': 2}],
                                                                'type': 'CenterPointTarget'},
                                                     'task_weight': 1.0,
                                                     'type': 'BevFusionCenterPointDetDecoder'},
                                                    {'camera_input': True,
                                                     'lidar_input': True,
                                                     'loss_occ': {'ignore_index': 255,
                                                                  'loss_weight': 6.0,
                                                                  'type': 'CrossEntropyLoss',
                                                                  'use_sigmoid': False},
                                                     'num_classes': 18,
                                                     'occ_head': {'Dz': 16,
                                                                  'in_dim': 256,
                                                                  'num_classes': 18,
                                                                  'out_dim': 128,
                                                                  'type': 'BEVOCCHead2D',
                                                                  'use_predicter': True,
                                                                  'use_upsample': True},
                                                     'roi_resizer': {'in_strides': [1],
                                                                     'roi_resize_cfgs': [{'in_stride': 1,
                                                                                          'roi_box': [14,
                                                                                                      14,
                                                                                                      114,
                                                                                                      114]}],
                                                                     'type': 'RoiResize'},
                                                     'type': 'BevformerOccDetDecoder',
                                                     'use_mask': True}],
                                   'bev_h': 128,
                                   'bev_w': 128,
                                   'camera_network': {'backbone': {'act_layer': ['nn.GELU',
                                                                                 'nn.GELU',
                                                                                 'nn.GELU',
                                                                                 'nn.GELU'],
                                                                   'attention_block_num': [0,
                                                                                           0,
                                                                                           0,
                                                                                           0],
                                                                   'block_cls': ['GroupDWCB',
                                                                                 'GroupDWCB',
                                                                                 'AltDWCB',
                                                                                 'DWCB'],
                                                                   'block_nums': [4,
                                                                                  3,
                                                                                  8,
                                                                                  6],
                                                                   'down_cls': ['S2DDown',
                                                                                'S2DDown',
                                                                                'S2DDown',
                                                                                'None'],
                                                                   'embed_dims': [64,
                                                                                  128,
                                                                                  192,
                                                                                  384],
                                                                   'extra_act': [False,
                                                                                 False,
                                                                                 False,
                                                                                 False],
                                                                   'feature_mix_channel': 1024,
                                                                   'final_expand_channel': 0,
                                                                   'in_channels': 3,
                                                                   'include_top': False,
                                                                   'layer_scale_init_value': 1e-05,
                                                                   'mlp_ratio_attn': 2,
                                                                   'mlp_ratios': [2,
                                                                                  2,
                                                                                  2,
                                                                                  3],
                                                                   'num_classes': 1000,
                                                                   'patch_embed': 'origin',
                                                                   'type': 'HENet',
                                                                   'use_layer_scale': [True,
                                                                                       True,
                                                                                       True,
                                                                                       True]},
                                                      'neck': {'bn_kwargs': {'eps': 1e-05,
                                                                             'momentum': 0.1},
                                                               'in_channels': [384],
                                                               'in_strides': [32],
                                                               'out_channels': [256],
                                                               'out_strides': [32],
                                                               'type': 'FPN'},
                                                      'out_indices': [-1],
                                                      'type': 'BevFormer',
                                                      'view_transformer': {'bev_h': 128,
                                                                           'bev_w': 128,
                                                                           'embed_dims': 256,
                                                                           'encoder': {'bev_h': 128,
                                                                                       'bev_w': 128,
                                                                                       'embed_dims': 256,
                                                                                       'encoder_layer': {'crossattention': {'bev_h': 128,
                                                                                                                            'bev_w': 128,
                                                                                                                            'deformable_attention': {'embed_dims': 256,
                                                                                                                                                     'feats_size': [[30,
                                                                                                                                                                     16]],
                                                                                                                                                     'grid_align_num': 64,
                                                                                                                                                     'num_levels': 1,
                                                                                                                                                     'num_points': 2,
                                                                                                                                                     'type': 'HorizonMultiScaleDeformableAttention3D'},
                                                                                                                            'embed_dims': 256,
                                                                                                                            'max_camoverlap_num': 2,
                                                                                                                            'type': 'HorizonSpatialCrossAttention'},
                                                                                                         'dropout': 0.1,
                                                                                                         'embed_dims': 256,
                                                                                                         'selfattention': {'batch_first': True,
                                                                                                                           'embed_dims': 256,
                                                                                                                           'feats_size': [[128,
                                                                                                                                           128]],
                                                                                                                           'grid_align_num': 4,
                                                                                                                           'num_levels': 1,
                                                                                                                           'num_points': 2,
                                                                                                                           'type': 'HorizonMultiScaleDeformableAttention'},
                                                                                                         'type': 'SingleBEVFormerEncoderLayer'},
                                                                                       'num_layers': 1,
                                                                                       'return_intermediate': False,
                                                                                       'type': 'SingleBEVFormerEncoder'},
                                                                           'in_indices': [-1],
                                                                           'max_camoverlap_num': 2,
                                                                           'num_points_in_pillar': 2,
                                                                           'pc_range': [-51.2,
                                                                                        -51.2,
                                                                                        -5.0,
                                                                                        51.2,
                                                                                        51.2,
                                                                                        3.0],
                                                                           'positional_encoding': {'col_num_embed': 128,
                                                                                                   'num_feats': 128,
                                                                                                   'row_num_embed': 128,
                                                                                                   'type': 'LearnedPositionalEncoding'},
                                                                           'queue_length': 1,
                                                                           'single_bev': True,
                                                                           'type': 'SingleBevFormerViewTransformer',
                                                                           'use_lidar2img': True,
                                                                           'virtual_bev_h': 64,
                                                                           'virtual_bev_w': 80}},
                                   'fuse_module': {'fuse_c': 256,
                                                   'input_c': 640,
                                                   'type': 'BevFuseModule'},
                                   'lidar_network': {'backbone': {'num_input_features': 64,
                                                                  'quantize': True,
                                                                  'type': 'PointPillarScatter',
                                                                  'use_horizon_pillar_scatter': True},
                                                     'feature_map_shape': array([512, 512,   1]),
                                                     'neck': {'bn_kwargs': None,
                                                              'down_layer_channels': [64,
                                                                                      128,
                                                                                      256],
                                                              'down_layer_nums': [3,
                                                                                  5,
                                                                                  5],
                                                              'down_layer_strides': [2,
                                                                                     2,
                                                                                     2],
                                                              'in_feature_channel': 64,
                                                              'quantize': True,
                                                              'type': 'SECONDNeck',
                                                              'up_layer_channels': [128,
                                                                                    128,
                                                                                    128],
                                                              'up_layer_strides': [0.5,
                                                                                   1,
                                                                                   2],
                                                              'use_relu6': False},
                                                     'pre_process': {'fixed_voxels_num': 30000,
                                                                     'max_points_in_voxel': 20,
                                                                     'max_voxels_num': [30000,
                                                                                        40000],
                                                                     'norm_dims': [0,
                                                                                   1,
                                                                                   2,
                                                                                   3],
                                                                     'norm_range': [-51.2,
                                                                                    -51.2,
                                                                                    -5.0,
                                                                                    0.0,
                                                                                    51.2,
                                                                                    51.2,
                                                                                    3.0,
                                                                                    255.0],
                                                                     'pc_range': [-51.2,
                                                                                  -51.2,
                                                                                  -5.0,
                                                                                  51.2,
                                                                                  51.2,
                                                                                  3.0],
                                                                     'type': 'PaddedCenterPointPreProcess',
                                                                     'voxel_size': [0.2,
                                                                                    0.2,
                                                                                    8]},
                                                     'reader': {'bn_kwargs': None,
                                                                'hw_reverse': True,
                                                                'num_filters': [64],
                                                                'num_input_features': 5,
                                                                'pc_range': [-51.2,
                                                                             -51.2,
                                                                             -5.0,
                                                                             51.2,
                                                                             51.2,
                                                                             3.0],
                                                                'pool_size': [20,
                                                                              1],
                                                                'quantize': True,
                                                                'type': 'PillarFeatureNet',
                                                                'use_4dim': True,
                                                                'use_conv': True,
                                                                'voxel_size': [0.2,
                                                                               0.2,
                                                                               8],
                                                                'with_distance': False},
                                                     'type': 'CenterPointDetector'},
                                   'type': 'BevFusion'},
                         'model_convert_pipeline': {'converters': [{'allow_miss': True,
                                                                    'checkpoint_path': './tmp_models/bevfusion_centerpoint_pointpillar_henet_multisensor_multitask_nuscenes/float-checkpoint-last.pth.tar',
                                                                    'ignore_extra': True,
                                                                    'type': 'LoadCheckpoint',
                                                                    'verbose': True},
                                                                   {'type': 'RepModel2Deploy'},
                                                                   {'convert_mode': 'jit-strip',
                                                                    'example_data_loader': {'batch_size': 1,
                                                                                            'collate_fn': functools.partial(<function collate_bevfusion_centerpoint at 0x7fe0458f9f30>, bev_size=(51.2, 51.2, 0.8), point_cloud_range=[-51.2, -51.2, -5.0, 51.2, 51.2, 3.0], max_lidar_points=120000),
                                                                                            'dataset': {'bev_range': [-51.2,
                                                                                                                      -51.2,
                                                                                                                      -5.0,
                                                                                                                      51.2,
                                                                                                                      51.2,
                                                                                                                      3.0],
                                                                                                        'data_path': 'data/nuscenes/pack/horizon_bevfusion_nuscenes/val_lmdb/',
                                                                                                        'load_dim': 5,
                                                                                                        'map_path': None,
                                                                                                        'map_size': None,
                                                                                                        'need_lidar': True,
                                                                                                        'num_seq': 1,
                                                                                                        'num_sweeps': 9,
                                                                                                        'transforms': [{'size': [512,
                                                                                                                                 960],
                                                                                                                        'type': 'MultiViewsImgResize'},
                                                                                                                       {'transforms': [{'type': 'PILToTensor'},
                                                                                                                                       {'divisor': 32,
                                                                                                                                        'type': 'Pad'},
                                                                                                                                       {'rgb_input': True,
                                                                                                                                        'type': 'BgrToYuv444'},
                                                                                                                                       {'mean': 128.0,
                                                                                                                                        'std': 128.0,
                                                                                                                                        'type': 'Normalize'}],
                                                                                                                        'type': 'MultiViewsImgTransformWrapper'}],
                                                                                                        'type': 'NuscenesBevSequenceDataset',
                                                                                                        'use_dim': [0,
                                                                                                                    1,
                                                                                                                    2,
                                                                                                                    3,
                                                                                                                    4],
                                                                                                        'with_bev_bboxes': False,
                                                                                                        'with_bev_mask': False,
                                                                                                        'with_ego_bboxes': True,
                                                                                                        'with_lidar_bboxes': True,
                                                                                                        'with_lidar_occ': True},
                                                                                            'num_workers': 0,
                                                                                            'pin_memory': True,
                                                                                            'shuffle': False,
                                                                                            'type': <class 'torch.utils.data.dataloader.DataLoader'>},
                                                                    'type': 'Float2Calibration'},
                                                                   {'type': 'FixWeightQScale'}],
                                                    'qat_mode': 'fuse_bn',
                                                    'type': 'ModelConvertPipeline'},
                         'num_steps': 100,
                         'type': 'Calibrator',
                         'val_metrics': [{'classes': ['car',
                                                      'truck',
                                                      'trailer',
                                                      'bus',
                                                      'construction_vehicle',
                                                      'bicycle',
                                                      'motorcycle',
                                                      'pedestrian',
                                                      'traffic_cone',
                                                      'barrier'],
                                          'data_root': 'data/nuscenes',
                                          'lidar_key': 'sensor2ego',
                                          'save_prefix': './metric_results/bevfusion_centerpoint_pointpillar_henet_multisensor_multitask_nuscenes',
                                          'trans_lidar_dim': True,
                                          'trans_lidar_rot': False,
                                          'type': 'NuscenesMetric',
                                          'use_lidar': True,
                                          'version': 'v1.0-trainval'},
                                         {'ignore_index': 17,
                                          'seg_class': ['others',
                                                        'barrier',
                                                        'bicycle',
                                                        'bus',
                                                        'car',
                                                        'construction_vehicle',
                                                        'motorcycle',
                                                        'pedestrian',
                                                        'traffic_cone',
                                                        'trailer',
                                                        'truck',
                                                        'driveable_surface',
                                                        'other_flat',
                                                        'sidewalk',
                                                        'terrain',
                                                        'manmade',
                                                        'vegetation'],
                                          'type': 'MeanIOU'}]},
 'calops_cfg': {'method': 'hook'},
 'camera_ckpt_dir': './tmp_models/bevformer_henet_camera_multitask_nuscenes',
 'camera_input': True,
 'camera_network': {'backbone': {'act_layer': ['nn.GELU',
                                               'nn.GELU',
                                               'nn.GELU',
                                               'nn.GELU'],
                                 'attention_block_num': [0, 0, 0, 0],
                                 'block_cls': ['GroupDWCB',
                                               'GroupDWCB',
                                               'AltDWCB',
                                               'DWCB'],
                                 'block_nums': [4, 3, 8, 6],
                                 'down_cls': ['S2DDown',
                                              'S2DDown',
                                              'S2DDown',
                                              'None'],
                                 'embed_dims': [64, 128, 192, 384],
                                 'extra_act': [False, False, False, False],
                                 'feature_mix_channel': 1024,
                                 'final_expand_channel': 0,
                                 'in_channels': 3,
                                 'include_top': False,
                                 'layer_scale_init_value': 1e-05,
                                 'mlp_ratio_attn': 2,
                                 'mlp_ratios': [2, 2, 2, 3],
                                 'num_classes': 1000,
                                 'patch_embed': 'origin',
                                 'type': 'HENet',
                                 'use_layer_scale': [True, True, True, True]},
                    'neck': {'bn_kwargs': {'eps': 1e-05, 'momentum': 0.1},
                             'in_channels': [384],
                             'in_strides': [32],
                             'out_channels': [256],
                             'out_strides': [32],
                             'type': 'FPN'},
                    'out_indices': [-1],
                    'type': 'BevFormer',
                    'view_transformer': {'bev_h': 128,
                                         'bev_w': 128,
                                         'embed_dims': 256,
                                         'encoder': {'bev_h': 128,
                                                     'bev_w': 128,
                                                     'embed_dims': 256,
                                                     'encoder_layer': {'crossattention': {'bev_h': 128,
                                                                                          'bev_w': 128,
                                                                                          'deformable_attention': {'embed_dims': 256,
                                                                                                                   'feats_size': [[30,
                                                                                                                                   16]],
                                                                                                                   'grid_align_num': 64,
                                                                                                                   'num_levels': 1,
                                                                                                                   'num_points': 2,
                                                                                                                   'type': 'HorizonMultiScaleDeformableAttention3D'},
                                                                                          'embed_dims': 256,
                                                                                          'max_camoverlap_num': 2,
                                                                                          'type': 'HorizonSpatialCrossAttention'},
                                                                       'dropout': 0.1,
                                                                       'embed_dims': 256,
                                                                       'selfattention': {'batch_first': True,
                                                                                         'embed_dims': 256,
                                                                                         'feats_size': [[128,
                                                                                                         128]],
                                                                                         'grid_align_num': 4,
                                                                                         'num_levels': 1,
                                                                                         'num_points': 2,
                                                                                         'type': 'HorizonMultiScaleDeformableAttention'},
                                                                       'type': 'SingleBEVFormerEncoderLayer'},
                                                     'num_layers': 1,
                                                     'return_intermediate': False,
                                                     'type': 'SingleBEVFormerEncoder'},
                                         'in_indices': [-1],
                                         'max_camoverlap_num': 2,
                                         'num_points_in_pillar': 2,
                                         'pc_range': [-51.2,
                                                      -51.2,
                                                      -5.0,
                                                      51.2,
                                                      51.2,
                                                      3.0],
                                         'positional_encoding': {'col_num_embed': 128,
                                                                 'num_feats': 128,
                                                                 'row_num_embed': 128,
                                                                 'type': 'LearnedPositionalEncoding'},
                                         'queue_length': 1,
                                         'single_bev': True,
                                         'type': 'SingleBevFormerViewTransformer',
                                         'use_lidar2img': True,
                                         'virtual_bev_h': 64,
                                         'virtual_bev_w': 80}},
 'camera_task_name': 'bevformer_henet_camera_multitask_nuscenes',
 'ckpt_callback': {'mode': None,
                   'name_prefix': 'float-',
                   'save_dir': './tmp_models/bevfusion_centerpoint_pointpillar_henet_multisensor_multitask_nuscenes',
                   'save_interval': 1,
                   'strict_match': True,
                   'type': 'Checkpoint'},
 'ckpt_dir': './tmp_models/bevfusion_centerpoint_pointpillar_henet_multisensor_multitask_nuscenes',
 'class_names': ['car',
                 'truck',
                 'trailer',
                 'bus',
                 'construction_vehicle',
                 'bicycle',
                 'motorcycle',
                 'pedestrian',
                 'traffic_cone',
                 'barrier'],
 'collate_bevfusion_centerpoint': <function collate_bevfusion_centerpoint at 0x7fe0458f9f30>,
 'collate_nuscenes_sequencev2': <function collate_nuscenes_sequencev2 at 0x7fe0569b7ac0>,
 'compile_cfg': {'hbm': './tmp_models/bevfusion_centerpoint_pointpillar_henet_multisensor_multitask_nuscenes/compile/model.hbm',
                 'input_source': ['ddr'],
                 'layer_details': True,
                 'march': 'nash-m',
                 'name': 'bevfusion_centerpoint_pointpillar_henet_multisensor_multitask_nuscenes',
                 'opt': 'O2'},
 'compile_dir': './tmp_models/bevfusion_centerpoint_pointpillar_henet_multisensor_multitask_nuscenes/compile',
 'convert_mode': 'fx',
 'copy': <module 'copy' from '/usr/lib/python3.10/copy.py'>,
 'cudnn_benchmark': True,
 'cv2': <module 'cv2' from '/usr/local/lib/python3.10/dist-packages/cv2/__init__.py'>,
 'data_loader': {'batch_size': 6,
                 'collate_fn': functools.partial(<function collate_bevfusion_centerpoint at 0x7fe0458f9f30>, bev_size=(51.2, 51.2, 0.8), point_cloud_range=[-51.2, -51.2, -5.0, 51.2, 51.2, 3.0], max_lidar_points=120000),
                 'dataset': {'bev_range': [-51.2, -51.2, -5.0, 51.2, 51.2, 3.0],
                             'data_path': 'data/nuscenes/pack/horizon_bevfusion_nuscenes/train_lmdb/',
                             'load_dim': 5,
                             'map_path': None,
                             'map_size': None,
                             'need_lidar': True,
                             'num_seq': 1,
                             'num_sweeps': 9,
                             'transforms': [{'size': [512, 960],
                                             'type': 'MultiViewsImgResize'},
                                            {'type': 'MultiViewsImgFlip'},
                                            {'rot': [-5.4, 5.4],
                                             'type': 'MultiViewsImgRotate'},
                                            {'rotation_3d_range': [-0.3925,
                                                                   0.3925],
                                             'type': 'BevBBoxRotation'},
                                            {'type': 'MultiViewsPhotoMetricDistortion'},
                                            {'transforms': [{'type': 'PILToTensor'},
                                                            {'rgb_input': True,
                                                             'type': 'BgrToYuv444'},
                                                            {'mean': 128,
                                                             'std': 128,
                                                             'type': 'Normalize'}],
                                             'type': 'MultiViewsImgTransformWrapper'},
                                            {'max_lidar_points': 120000,
                                             'type': 'FixedLidarPointsAdapter'},
                                            {'bev_size': [51.2, 51.2, 0.8],
                                             'point_cloud_range': [-51.2,
                                                                   -51.2,
                                                                   -5.0,
                                                                   51.2,
                                                                   51.2,
                                                                   3.0],
                                             'src_key': 'lidar_bboxes_labels',
                                             'type': 'BevBboxesLabelsAdapter'}],
                             'type': 'NuscenesBevSequenceDataset',
                             'use_dim': [0, 1, 2, 3, 4],
                             'with_bev_bboxes': False,
                             'with_bev_mask': False,
                             'with_ego_bboxes': True,
                             'with_ego_occ': False,
                             'with_lidar_bboxes': True,
                             'with_lidar_occ': True},
                 'num_workers': 4,
                 'pin_memory': False,
                 'sampler': {'type': <class 'torch.utils.data.distributed.DistributedSampler'>},
                 'shuffle': True,
                 'type': <class 'torch.utils.data.dataloader.DataLoader'>},
 'deploy_inputs': {'bev_pillar_counts': torch.Size([1, 16384, 1]),
                   'coors': torch.Size([40000, 4]),
                   'features': torch.Size([1, 5, 20, 40000]),
                   'img': torch.Size([6, 3, 512, 960]),
                   'queries_rebatch_grid': torch.Size([6, 64, 80, 2]),
                   'reference_points_rebatch': torch.Size([6, 5120, 2, 2]),
                   'restore_bev_grid': torch.Size([1, 256, 128, 2])},
 'deploy_model': {'bev_decoders': [{'bev_size': [51.2, 51.2, 0.8],
                                    'decode_to_lidar': True,
                                    'head': {'common_heads': {'dim': [3, 2],
                                                              'height': [1, 2],
                                                              'reg': [2, 2],
                                                              'rot': [2, 2],
                                                              'vel': [2, 2]},
                                             'final_kernel': 3,
                                             'head_conv_channels': 64,
                                             'in_channels': 256,
                                             'init_bias': -2.19,
                                             'num_heatmap_convs': 2,
                                             'share_conv_channels': 64,
                                             'share_conv_num': 1,
                                             'tasks': [{'class_names': ['car'],
                                                        'name': 'car',
                                                        'num_class': 1},
                                                       {'class_names': ['truck',
                                                                        'construction_vehicle'],
                                                        'name': 'truck',
                                                        'num_class': 2},
                                                       {'class_names': ['bus',
                                                                        'trailer'],
                                                        'name': 'bus',
                                                        'num_class': 2},
                                                       {'class_names': ['barrier'],
                                                        'name': 'barrier',
                                                        'num_class': 1},
                                                       {'class_names': ['motorcycle',
                                                                        'bicycle'],
                                                        'name': 'bicycle',
                                                        'num_class': 2},
                                                       {'class_names': ['pedestrian',
                                                                        'traffic_cone'],
                                                        'name': 'pedestrian',
                                                        'num_class': 2}],
                                             'type': 'DepthwiseSeparableCenterPointHead'},
                                    'is_compile': True,
                                    'name': 'bev_det',
                                    'point_cloud_range': [-51.2,
                                                          -51.2,
                                                          -5.0,
                                                          51.2,
                                                          51.2,
                                                          3.0],
                                    'task_weight': 1.0,
                                    'type': 'BevFusionCenterPointDetDecoder'},
                                   {'camera_input': True,
                                    'is_compile': True,
                                    'lidar_input': True,
                                    'num_classes': 18,
                                    'occ_head': {'Dz': 16,
                                                 'in_dim': 256,
                                                 'num_classes': 18,
                                                 'out_dim': 128,
                                                 'type': 'BEVOCCHead2D',
                                                 'use_predicter': True,
                                                 'use_upsample': True},
                                    'roi_resizer': {'in_strides': [1],
                                                    'roi_resize_cfgs': [{'in_stride': 1,
                                                                         'roi_box': [14,
                                                                                     14,
                                                                                     114,
                                                                                     114]}],
                                                    'type': 'RoiResize'},
                                    'type': 'BevformerOccDetDecoder',
                                    'use_mask': True}],
                  'bev_h': 128,
                  'bev_w': 128,
                  'camera_network': {'backbone': {'act_layer': ['nn.GELU',
                                                                'nn.GELU',
                                                                'nn.GELU',
                                                                'nn.GELU'],
                                                  'attention_block_num': [0,
                                                                          0,
                                                                          0,
                                                                          0],
                                                  'block_cls': ['GroupDWCB',
                                                                'GroupDWCB',
                                                                'AltDWCB',
                                                                'DWCB'],
                                                  'block_nums': [4, 3, 8, 6],
                                                  'down_cls': ['S2DDown',
                                                               'S2DDown',
                                                               'S2DDown',
                                                               'None'],
                                                  'embed_dims': [64,
                                                                 128,
                                                                 192,
                                                                 384],
                                                  'extra_act': [False,
                                                                False,
                                                                False,
                                                                False],
                                                  'feature_mix_channel': 1024,
                                                  'final_expand_channel': 0,
                                                  'in_channels': 3,
                                                  'include_top': False,
                                                  'layer_scale_init_value': 1e-05,
                                                  'mlp_ratio_attn': 2,
                                                  'mlp_ratios': [2, 2, 2, 3],
                                                  'num_classes': 1000,
                                                  'patch_embed': 'origin',
                                                  'type': 'HENet',
                                                  'use_layer_scale': [True,
                                                                      True,
                                                                      True,
                                                                      True]},
                                     'neck': {'bn_kwargs': {'eps': 1e-05,
                                                            'momentum': 0.1},
                                              'in_channels': [384],
                                              'in_strides': [32],
                                              'out_channels': [256],
                                              'out_strides': [32],
                                              'type': 'FPN'},
                                     'out_indices': [-1],
                                     'type': 'BevFormer',
                                     'view_transformer': {'bev_h': 128,
                                                          'bev_w': 128,
                                                          'embed_dims': 256,
                                                          'encoder': {'bev_h': 128,
                                                                      'bev_w': 128,
                                                                      'embed_dims': 256,
                                                                      'encoder_layer': {'crossattention': {'bev_h': 128,
                                                                                                           'bev_w': 128,
                                                                                                           'deformable_attention': {'embed_dims': 256,
                                                                                                                                    'feats_size': [[30,
                                                                                                                                                    16]],
                                                                                                                                    'grid_align_num': 64,
                                                                                                                                    'num_levels': 1,
                                                                                                                                    'num_points': 2,
                                                                                                                                    'type': 'HorizonMultiScaleDeformableAttention3D'},
                                                                                                           'embed_dims': 256,
                                                                                                           'max_camoverlap_num': 2,
                                                                                                           'type': 'HorizonSpatialCrossAttention'},
                                                                                        'dropout': 0.1,
                                                                                        'embed_dims': 256,
                                                                                        'selfattention': {'batch_first': True,
                                                                                                          'embed_dims': 256,
                                                                                                          'feats_size': [[128,
                                                                                                                          128]],
                                                                                                          'grid_align_num': 4,
                                                                                                          'num_levels': 1,
                                                                                                          'num_points': 2,
                                                                                                          'type': 'HorizonMultiScaleDeformableAttention'},
                                                                                        'type': 'SingleBEVFormerEncoderLayer'},
                                                                      'num_layers': 1,
                                                                      'return_intermediate': False,
                                                                      'type': 'SingleBEVFormerEncoder'},
                                                          'in_indices': [-1],
                                                          'is_compile': True,
                                                          'max_camoverlap_num': 2,
                                                          'num_points_in_pillar': 2,
                                                          'pc_range': [-51.2,
                                                                       -51.2,
                                                                       -5.0,
                                                                       51.2,
                                                                       51.2,
                                                                       3.0],
                                                          'positional_encoding': {'col_num_embed': 128,
                                                                                  'num_feats': 128,
                                                                                  'row_num_embed': 128,
                                                                                  'type': 'LearnedPositionalEncoding'},
                                                          'queue_length': 1,
                                                          'single_bev': True,
                                                          'type': 'SingleBevFormerViewTransformer',
                                                          'use_lidar2img': True,
                                                          'virtual_bev_h': 64,
                                                          'virtual_bev_w': 80}},
                  'fuse_module': {'fuse_c': 256,
                                  'input_c': 640,
                                  'type': 'BevFuseModule'},
                  'lidar_network': {'backbone': {'num_input_features': 64,
                                                 'quantize': True,
                                                 'type': 'PointPillarScatter',
                                                 'use_horizon_pillar_scatter': True},
                                    'feature_map_shape': array([512, 512,   1]),
                                    'neck': {'bn_kwargs': None,
                                             'down_layer_channels': [64,
                                                                     128,
                                                                     256],
                                             'down_layer_nums': [3, 5, 5],
                                             'down_layer_strides': [2, 2, 2],
                                             'in_feature_channel': 64,
                                             'quantize': True,
                                             'type': 'SECONDNeck',
                                             'up_layer_channels': [128,
                                                                   128,
                                                                   128],
                                             'up_layer_strides': [0.5, 1, 2],
                                             'use_relu6': False},
                                    'reader': {'bn_kwargs': None,
                                               'hw_reverse': True,
                                               'num_filters': [64],
                                               'num_input_features': 5,
                                               'pc_range': [-51.2,
                                                            -51.2,
                                                            -5.0,
                                                            51.2,
                                                            51.2,
                                                            3.0],
                                               'pool_size': [20, 1],
                                               'quantize': True,
                                               'type': 'PillarFeatureNet',
                                               'use_4dim': True,
                                               'use_conv': True,
                                               'voxel_size': [0.2, 0.2, 8],
                                               'with_distance': False},
                                    'type': 'CenterPointDetector'},
                  'type': 'BevFusion'},
 'deploy_model_convert_pipeline': {'converters': [{'convert_mode': 'jit-strip',
                                                   'example_inputs': {'bev_pillar_counts': torch.Size([1, 16384, 1]),
                                                                      'coors': torch.Size([40000, 4]),
                                                                      'features': torch.Size([1, 5, 20, 40000]),
                                                                      'img': torch.Size([6, 3, 512, 960]),
                                                                      'queries_rebatch_grid': torch.Size([6, 64, 80, 2]),
                                                                      'reference_points_rebatch': torch.Size([6, 5120, 2, 2]),
                                                                      'restore_bev_grid': torch.Size([1, 256, 128, 2])},
                                                   'type': 'Float2QAT'}],
                                   'qat_mode': 'fuse_bn',
                                   'type': 'ModelConvertPipeline'},
 'device_ids': [0, 1, 2, 3, 4, 5, 6, 7],
 'fixed_voxels_num': 30000,
 'float2calibration': {'convert_mode': 'jit-strip',
                       'example_data_loader': {'batch_size': 1,
                                               'collate_fn': functools.partial(<function collate_bevfusion_centerpoint at 0x7fe0458f9f30>, bev_size=(51.2, 51.2, 0.8), point_cloud_range=[-51.2, -51.2, -5.0, 51.2, 51.2, 3.0], max_lidar_points=120000),
                                               'dataset': {'bev_range': [-51.2,
                                                                         -51.2,
                                                                         -5.0,
                                                                         51.2,
                                                                         51.2,
                                                                         3.0],
                                                           'data_path': 'data/nuscenes/pack/horizon_bevfusion_nuscenes/val_lmdb/',
                                                           'load_dim': 5,
                                                           'map_path': None,
                                                           'map_size': None,
                                                           'need_lidar': True,
                                                           'num_seq': 1,
                                                           'num_sweeps': 9,
                                                           'transforms': [{'size': [512,
                                                                                    960],
                                                                           'type': 'MultiViewsImgResize'},
                                                                          {'transforms': [{'type': 'PILToTensor'},
                                                                                          {'divisor': 32,
                                                                                           'type': 'Pad'},
                                                                                          {'rgb_input': True,
                                                                                           'type': 'BgrToYuv444'},
                                                                                          {'mean': 128.0,
                                                                                           'std': 128.0,
                                                                                           'type': 'Normalize'}],
                                                                           'type': 'MultiViewsImgTransformWrapper'}],
                                                           'type': 'NuscenesBevSequenceDataset',
                                                           'use_dim': [0,
                                                                       1,
                                                                       2,
                                                                       3,
                                                                       4],
                                                           'with_bev_bboxes': False,
                                                           'with_bev_mask': False,
                                                           'with_ego_bboxes': True,
                                                           'with_lidar_bboxes': True,
                                                           'with_lidar_occ': True},
                                               'num_workers': 0,
                                               'pin_memory': True,
                                               'shuffle': False,
                                               'type': <class 'torch.utils.data.dataloader.DataLoader'>},
                       'type': 'Float2Calibration'},
 'float2qat': {'convert_mode': 'jit-strip',
               'example_data_loader': {'batch_size': 1,
                                       'collate_fn': functools.partial(<function collate_bevfusion_centerpoint at 0x7fe0458f9f30>, bev_size=(51.2, 51.2, 0.8), point_cloud_range=[-51.2, -51.2, -5.0, 51.2, 51.2, 3.0], max_lidar_points=120000),
                                       'dataset': {'bev_range': [-51.2,
                                                                 -51.2,
                                                                 -5.0,
                                                                 51.2,
                                                                 51.2,
                                                                 3.0],
                                                   'data_path': 'data/nuscenes/pack/horizon_bevfusion_nuscenes/val_lmdb/',
                                                   'load_dim': 5,
                                                   'map_path': None,
                                                   'map_size': None,
                                                   'need_lidar': True,
                                                   'num_seq': 1,
                                                   'num_sweeps': 9,
                                                   'transforms': [{'size': [512,
                                                                            960],
                                                                   'type': 'MultiViewsImgResize'},
                                                                  {'transforms': [{'type': 'PILToTensor'},
                                                                                  {'divisor': 32,
                                                                                   'type': 'Pad'},
                                                                                  {'rgb_input': True,
                                                                                   'type': 'BgrToYuv444'},
                                                                                  {'mean': 128.0,
                                                                                   'std': 128.0,
                                                                                   'type': 'Normalize'}],
                                                                   'type': 'MultiViewsImgTransformWrapper'}],
                                                   'type': 'NuscenesBevSequenceDataset',
                                                   'use_dim': [0, 1, 2, 3, 4],
                                                   'with_bev_bboxes': False,
                                                   'with_bev_mask': False,
                                                   'with_ego_bboxes': True,
                                                   'with_lidar_bboxes': True,
                                                   'with_lidar_occ': True},
                                       'num_workers': 0,
                                       'pin_memory': True,
                                       'shuffle': False,
                                       'type': <class 'torch.utils.data.dataloader.DataLoader'>},
               'type': 'Float2QAT'},
 'float_predictor': {'batch_processor': {'loss_collector': None,
                                         'need_grad_update': False,
                                         'type': 'MultiBatchProcessor'},
                     'callbacks': [{'epoch_log_freq': 1,
                                    'log_prefix': 'Validation '
                                                  'bevfusion_centerpoint_pointpillar_henet_multisensor_multitask_nuscenes',
                                    'metric_update_func': <function update_metric at 0x7fe0458fa8c0>,
                                    'step_log_freq': 10000,
                                    'type': 'MetricUpdater'}],
                     'data_loader': [{'batch_size': 1,
                                      'collate_fn': functools.partial(<function collate_bevfusion_centerpoint at 0x7fe0458f9f30>, bev_size=(51.2, 51.2, 0.8), point_cloud_range=[-51.2, -51.2, -5.0, 51.2, 51.2, 3.0], max_lidar_points=120000),
                                      'dataset': {'bev_range': [-51.2,
                                                                -51.2,
                                                                -5.0,
                                                                51.2,
                                                                51.2,
                                                                3.0],
                                                  'data_path': 'data/nuscenes/pack/horizon_bevfusion_nuscenes/val_lmdb/',
                                                  'load_dim': 5,
                                                  'map_path': None,
                                                  'map_size': None,
                                                  'need_lidar': True,
                                                  'num_seq': 1,
                                                  'num_sweeps': 9,
                                                  'transforms': [{'size': [512,
                                                                           960],
                                                                  'type': 'MultiViewsImgResize'},
                                                                 {'transforms': [{'type': 'PILToTensor'},
                                                                                 {'divisor': 32,
                                                                                  'type': 'Pad'},
                                                                                 {'rgb_input': True,
                                                                                  'type': 'BgrToYuv444'},
                                                                                 {'mean': 128.0,
                                                                                  'std': 128.0,
                                                                                  'type': 'Normalize'}],
                                                                  'type': 'MultiViewsImgTransformWrapper'}],
                                                  'type': 'NuscenesBevSequenceDataset',
                                                  'use_dim': [0, 1, 2, 3, 4],
                                                  'with_bev_bboxes': False,
                                                  'with_bev_mask': False,
                                                  'with_ego_bboxes': True,
                                                  'with_lidar_bboxes': True,
                                                  'with_lidar_occ': True},
                                      'num_workers': 4,
                                      'pin_memory': True,
                                      'sampler': {'type': <class 'torch.utils.data.distributed.DistributedSampler'>},
                                      'shuffle': False,
                                      'type': <class 'torch.utils.data.dataloader.DataLoader'>}],
                     'device': None,
                     'log_interval': 100,
                     'metrics': [{'classes': ['car',
                                              'truck',
                                              'trailer',
                                              'bus',
                                              'construction_vehicle',
                                              'bicycle',
                                              'motorcycle',
                                              'pedestrian',
                                              'traffic_cone',
                                              'barrier'],
                                  'data_root': 'data/nuscenes',
                                  'lidar_key': 'sensor2ego',
                                  'save_prefix': './metric_results/bevfusion_centerpoint_pointpillar_henet_multisensor_multitask_nuscenes',
                                  'trans_lidar_dim': True,
                                  'trans_lidar_rot': False,
                                  'type': 'NuscenesMetric',
                                  'use_lidar': True,
                                  'version': 'v1.0-trainval'},
                                 {'ignore_index': 17,
                                  'seg_class': ['others',
                                                'barrier',
                                                'bicycle',
                                                'bus',
                                                'car',
                                                'construction_vehicle',
                                                'motorcycle',
                                                'pedestrian',
                                                'traffic_cone',
                                                'trailer',
                                                'truck',
                                                'driveable_surface',
                                                'other_flat',
                                                'sidewalk',
                                                'terrain',
                                                'manmade',
                                                'vegetation'],
                                  'type': 'MeanIOU'}],
                     'model': {'bev_decoders': [{'bev_size': [51.2, 51.2, 0.8],
                                                 'decode_to_lidar': True,
                                                 'decoder': {'bev_size': [51.2,
                                                                          51.2,
                                                                          0.8],
                                                             'class_names': ['car',
                                                                             'truck',
                                                                             'trailer',
                                                                             'bus',
                                                                             'construction_vehicle',
                                                                             'bicycle',
                                                                             'motorcycle',
                                                                             'pedestrian',
                                                                             'traffic_cone',
                                                                             'barrier'],
                                                             'decode_to_ego': False,
                                                             'min_radius': [4,
                                                                            12,
                                                                            10,
                                                                            1,
                                                                            0.85,
                                                                            0.175],
                                                             'nms_threshold': [0.2,
                                                                               0.2,
                                                                               0.2,
                                                                               0.2,
                                                                               0.2,
                                                                               0.5],
                                                             'nms_type': ['rotate',
                                                                          'rotate',
                                                                          'rotate',
                                                                          'circle',
                                                                          'rotate',
                                                                          'rotate'],
                                                             'norm_bbox': True,
                                                             'out_size_factor': 1,
                                                             'score_threshold': 0.1,
                                                             'tasks': [{'class_names': ['car'],
                                                                        'name': 'car',
                                                                        'num_class': 1},
                                                                       {'class_names': ['truck',
                                                                                        'construction_vehicle'],
                                                                        'name': 'truck',
                                                                        'num_class': 2},
                                                                       {'class_names': ['bus',
                                                                                        'trailer'],
                                                                        'name': 'bus',
                                                                        'num_class': 2},
                                                                       {'class_names': ['barrier'],
                                                                        'name': 'barrier',
                                                                        'num_class': 1},
                                                                       {'class_names': ['motorcycle',
                                                                                        'bicycle'],
                                                                        'name': 'bicycle',
                                                                        'num_class': 2},
                                                                       {'class_names': ['pedestrian',
                                                                                        'traffic_cone'],
                                                                        'name': 'pedestrian',
                                                                        'num_class': 2}],
                                                             'type': 'CenterPointDecoder',
                                                             'use_max_pool': True},
                                                 'head': {'common_heads': {'dim': [3,
                                                                                   2],
                                                                           'height': [1,
                                                                                      2],
                                                                           'reg': [2,
                                                                                   2],
                                                                           'rot': [2,
                                                                                   2],
                                                                           'vel': [2,
                                                                                   2]},
                                                          'final_kernel': 3,
                                                          'head_conv_channels': 64,
                                                          'in_channels': 256,
                                                          'init_bias': -2.19,
                                                          'num_heatmap_convs': 2,
                                                          'share_conv_channels': 64,
                                                          'share_conv_num': 1,
                                                          'tasks': [{'class_names': ['car'],
                                                                     'name': 'car',
                                                                     'num_class': 1},
                                                                    {'class_names': ['truck',
                                                                                     'construction_vehicle'],
                                                                     'name': 'truck',
                                                                     'num_class': 2},
                                                                    {'class_names': ['bus',
                                                                                     'trailer'],
                                                                     'name': 'bus',
                                                                     'num_class': 2},
                                                                    {'class_names': ['barrier'],
                                                                     'name': 'barrier',
                                                                     'num_class': 1},
                                                                    {'class_names': ['motorcycle',
                                                                                     'bicycle'],
                                                                     'name': 'bicycle',
                                                                     'num_class': 2},
                                                                    {'class_names': ['pedestrian',
                                                                                     'traffic_cone'],
                                                                     'name': 'pedestrian',
                                                                     'num_class': 2}],
                                                          'type': 'DepthwiseSeparableCenterPointHead'},
                                                 'loss_cls': {'loss_weight': 1.0,
                                                              'type': 'GaussianFocalLoss'},
                                                 'loss_reg': {'loss_weight': 0.25,
                                                              'type': 'L1Loss'},
                                                 'name': 'bev_det',
                                                 'point_cloud_range': [-51.2,
                                                                       -51.2,
                                                                       -5.0,
                                                                       51.2,
                                                                       51.2,
                                                                       3.0],
                                                 'target': {'bbox_weight': [1.0,
                                                                            1.0,
                                                                            1.0,
                                                                            1.0,
                                                                            1.0,
                                                                            1.0,
                                                                            1.0,
                                                                            1.0,
                                                                            0.2,
                                                                            0.2],
                                                            'class_names': ['car',
                                                                            'truck',
                                                                            'trailer',
                                                                            'bus',
                                                                            'construction_vehicle',
                                                                            'bicycle',
                                                                            'motorcycle',
                                                                            'pedestrian',
                                                                            'traffic_cone',
                                                                            'barrier'],
                                                            'gaussian_overlap': 0.1,
                                                            'max_num': 500,
                                                            'min_radius': 2,
                                                            'norm_bbox': True,
                                                            'out_size_factor': 1,
                                                            'tasks': [{'class_names': ['car'],
                                                                       'name': 'car',
                                                                       'num_class': 1},
                                                                      {'class_names': ['truck',
                                                                                       'construction_vehicle'],
                                                                       'name': 'truck',
                                                                       'num_class': 2},
                                                                      {'class_names': ['bus',
                                                                                       'trailer'],
                                                                       'name': 'bus',
                                                                       'num_class': 2},
                                                                      {'class_names': ['barrier'],
                                                                       'name': 'barrier',
                                                                       'num_class': 1},
                                                                      {'class_names': ['motorcycle',
                                                                                       'bicycle'],
                                                                       'name': 'bicycle',
                                                                       'num_class': 2},
                                                                      {'class_names': ['pedestrian',
                                                                                       'traffic_cone'],
                                                                       'name': 'pedestrian',
                                                                       'num_class': 2}],
                                                            'type': 'CenterPointTarget'},
                                                 'task_weight': 1.0,
                                                 'type': 'BevFusionCenterPointDetDecoder'},
                                                {'camera_input': True,
                                                 'lidar_input': True,
                                                 'loss_occ': {'ignore_index': 255,
                                                              'loss_weight': 6.0,
                                                              'type': 'CrossEntropyLoss',
                                                              'use_sigmoid': False},
                                                 'num_classes': 18,
                                                 'occ_head': {'Dz': 16,
                                                              'in_dim': 256,
                                                              'num_classes': 18,
                                                              'out_dim': 128,
                                                              'type': 'BEVOCCHead2D',
                                                              'use_predicter': True,
                                                              'use_upsample': True},
                                                 'roi_resizer': {'in_strides': [1],
                                                                 'roi_resize_cfgs': [{'in_stride': 1,
                                                                                      'roi_box': [14,
                                                                                                  14,
                                                                                                  114,
                                                                                                  114]}],
                                                                 'type': 'RoiResize'},
                                                 'type': 'BevformerOccDetDecoder',
                                                 'use_mask': True}],
                               'bev_h': 128,
                               'bev_w': 128,
                               'camera_network': {'backbone': {'act_layer': ['nn.GELU',
                                                                             'nn.GELU',
                                                                             'nn.GELU',
                                                                             'nn.GELU'],
                                                               'attention_block_num': [0,
                                                                                       0,
                                                                                       0,
                                                                                       0],
                                                               'block_cls': ['GroupDWCB',
                                                                             'GroupDWCB',
                                                                             'AltDWCB',
                                                                             'DWCB'],
                                                               'block_nums': [4,
                                                                              3,
                                                                              8,
                                                                              6],
                                                               'down_cls': ['S2DDown',
                                                                            'S2DDown',
                                                                            'S2DDown',
                                                                            'None'],
                                                               'embed_dims': [64,
                                                                              128,
                                                                              192,
                                                                              384],
                                                               'extra_act': [False,
                                                                             False,
                                                                             False,
                                                                             False],
                                                               'feature_mix_channel': 1024,
                                                               'final_expand_channel': 0,
                                                               'in_channels': 3,
                                                               'include_top': False,
                                                               'layer_scale_init_value': 1e-05,
                                                               'mlp_ratio_attn': 2,
                                                               'mlp_ratios': [2,
                                                                              2,
                                                                              2,
                                                                              3],
                                                               'num_classes': 1000,
                                                               'patch_embed': 'origin',
                                                               'type': 'HENet',
                                                               'use_layer_scale': [True,
                                                                                   True,
                                                                                   True,
                                                                                   True]},
                                                  'neck': {'bn_kwargs': {'eps': 1e-05,
                                                                         'momentum': 0.1},
                                                           'in_channels': [384],
                                                           'in_strides': [32],
                                                           'out_channels': [256],
                                                           'out_strides': [32],
                                                           'type': 'FPN'},
                                                  'out_indices': [-1],
                                                  'type': 'BevFormer',
                                                  'view_transformer': {'bev_h': 128,
                                                                       'bev_w': 128,
                                                                       'embed_dims': 256,
                                                                       'encoder': {'bev_h': 128,
                                                                                   'bev_w': 128,
                                                                                   'embed_dims': 256,
                                                                                   'encoder_layer': {'crossattention': {'bev_h': 128,
                                                                                                                        'bev_w': 128,
                                                                                                                        'deformable_attention': {'embed_dims': 256,
                                                                                                                                                 'feats_size': [[30,
                                                                                                                                                                 16]],
                                                                                                                                                 'grid_align_num': 64,
                                                                                                                                                 'num_levels': 1,
                                                                                                                                                 'num_points': 2,
                                                                                                                                                 'type': 'HorizonMultiScaleDeformableAttention3D'},
                                                                                                                        'embed_dims': 256,
                                                                                                                        'max_camoverlap_num': 2,
                                                                                                                        'type': 'HorizonSpatialCrossAttention'},
                                                                                                     'dropout': 0.1,
                                                                                                     'embed_dims': 256,
                                                                                                     'selfattention': {'batch_first': True,
                                                                                                                       'embed_dims': 256,
                                                                                                                       'feats_size': [[128,
                                                                                                                                       128]],
                                                                                                                       'grid_align_num': 4,
                                                                                                                       'num_levels': 1,
                                                                                                                       'num_points': 2,
                                                                                                                       'type': 'HorizonMultiScaleDeformableAttention'},
                                                                                                     'type': 'SingleBEVFormerEncoderLayer'},
                                                                                   'num_layers': 1,
                                                                                   'return_intermediate': False,
                                                                                   'type': 'SingleBEVFormerEncoder'},
                                                                       'in_indices': [-1],
                                                                       'max_camoverlap_num': 2,
                                                                       'num_points_in_pillar': 2,
                                                                       'pc_range': [-51.2,
                                                                                    -51.2,
                                                                                    -5.0,
                                                                                    51.2,
                                                                                    51.2,
                                                                                    3.0],
                                                                       'positional_encoding': {'col_num_embed': 128,
                                                                                               'num_feats': 128,
                                                                                               'row_num_embed': 128,
                                                                                               'type': 'LearnedPositionalEncoding'},
                                                                       'queue_length': 1,
                                                                       'single_bev': True,
                                                                       'type': 'SingleBevFormerViewTransformer',
                                                                       'use_lidar2img': True,
                                                                       'virtual_bev_h': 64,
                                                                       'virtual_bev_w': 80}},
                               'fuse_module': {'fuse_c': 256,
                                               'input_c': 640,
                                               'type': 'BevFuseModule'},
                               'lidar_network': {'backbone': {'num_input_features': 64,
                                                              'quantize': True,
                                                              'type': 'PointPillarScatter',
                                                              'use_horizon_pillar_scatter': True},
                                                 'feature_map_shape': array([512, 512,   1]),
                                                 'neck': {'bn_kwargs': None,
                                                          'down_layer_channels': [64,
                                                                                  128,
                                                                                  256],
                                                          'down_layer_nums': [3,
                                                                              5,
                                                                              5],
                                                          'down_layer_strides': [2,
                                                                                 2,
                                                                                 2],
                                                          'in_feature_channel': 64,
                                                          'quantize': True,
                                                          'type': 'SECONDNeck',
                                                          'up_layer_channels': [128,
                                                                                128,
                                                                                128],
                                                          'up_layer_strides': [0.5,
                                                                               1,
                                                                               2],
                                                          'use_relu6': False},
                                                 'pre_process': {'fixed_voxels_num': 30000,
                                                                 'max_points_in_voxel': 20,
                                                                 'max_voxels_num': [30000,
                                                                                    40000],
                                                                 'norm_dims': [0,
                                                                               1,
                                                                               2,
                                                                               3],
                                                                 'norm_range': [-51.2,
                                                                                -51.2,
                                                                                -5.0,
                                                                                0.0,
                                                                                51.2,
                                                                                51.2,
                                                                                3.0,
                                                                                255.0],
                                                                 'pc_range': [-51.2,
                                                                              -51.2,
                                                                              -5.0,
                                                                              51.2,
                                                                              51.2,
                                                                              3.0],
                                                                 'type': 'PaddedCenterPointPreProcess',
                                                                 'voxel_size': [0.2,
                                                                                0.2,
                                                                                8]},
                                                 'reader': {'bn_kwargs': None,
                                                            'hw_reverse': True,
                                                            'num_filters': [64],
                                                            'num_input_features': 5,
                                                            'pc_range': [-51.2,
                                                                         -51.2,
                                                                         -5.0,
                                                                         51.2,
                                                                         51.2,
                                                                         3.0],
                                                            'pool_size': [20,
                                                                          1],
                                                            'quantize': True,
                                                            'type': 'PillarFeatureNet',
                                                            'use_4dim': True,
                                                            'use_conv': True,
                                                            'voxel_size': [0.2,
                                                                           0.2,
                                                                           8],
                                                            'with_distance': False},
                                                 'type': 'CenterPointDetector'},
                               'type': 'BevFusion'},
                     'model_convert_pipeline': {'converters': [{'allow_miss': True,
                                                                'checkpoint_path': './tmp_models/bevfusion_centerpoint_pointpillar_henet_multisensor_multitask_nuscenes/float-checkpoint-last.pth.tar',
                                                                'ignore_extra': True,
                                                                'type': 'LoadCheckpoint',
                                                                'verbose': True}],
                                                'type': 'ModelConvertPipeline'},
                     'type': 'Predictor'},
 'float_trainer': {'batch_processor': {'enable_amp': True,
                                       'loss_collector': <function loss_collector at 0x7fe0458fa830>,
                                       'need_grad_update': True,
                                       'type': 'MultiBatchProcessor'},
                   'callbacks': [{'log_freq': 200, 'type': 'StatsMonitor'},
                                 {'epoch_log_freq': 1,
                                  'log_prefix': 'loss_bevfusion_centerpoint_pointpillar_henet_multisensor_multitask_nuscenes',
                                  'metric_update_func': <function update_loss at 0x7fe0458fa950>,
                                  'step_log_freq': 200,
                                  'type': 'MetricUpdater'},
                                 {'step_log_interval': 500,
                                  'stop_lr': 2.0000000000000002e-07,
                                  'type': 'CosineAnnealingLrUpdater',
                                  'warmup_by': 'step',
                                  'warmup_len': 500,
                                  'warmup_lr_ratio': 0.3333333333333333},
                                 {'clip_grad_norm': 35,
                                  'clip_norm_type': 2,
                                  'module_and_scale': [],
                                  'type': 'GradScale'},
                                 {'batch_processor': {'loss_collector': None,
                                                      'need_grad_update': False,
                                                      'type': 'MultiBatchProcessor'},
                                  'callbacks': [{'epoch_log_freq': 1,
                                                 'log_prefix': 'Validation '
                                                               'bevfusion_centerpoint_pointpillar_henet_multisensor_multitask_nuscenes',
                                                 'metric_update_func': <function update_metric at 0x7fe0458fa8c0>,
                                                 'step_log_freq': 10000,
                                                 'type': 'MetricUpdater'}],
                                  'data_loader': {'batch_size': 1,
                                                  'collate_fn': functools.partial(<function collate_bevfusion_centerpoint at 0x7fe0458f9f30>, bev_size=(51.2, 51.2, 0.8), point_cloud_range=[-51.2, -51.2, -5.0, 51.2, 51.2, 3.0], max_lidar_points=120000),
                                                  'dataset': {'bev_range': [-51.2,
                                                                            -51.2,
                                                                            -5.0,
                                                                            51.2,
                                                                            51.2,
                                                                            3.0],
                                                              'data_path': 'data/nuscenes/pack/horizon_bevfusion_nuscenes/val_lmdb/',
                                                              'load_dim': 5,
                                                              'map_path': None,
                                                              'map_size': None,
                                                              'need_lidar': True,
                                                              'num_seq': 1,
                                                              'num_sweeps': 9,
                                                              'transforms': [{'size': [512,
                                                                                       960],
                                                                              'type': 'MultiViewsImgResize'},
                                                                             {'transforms': [{'type': 'PILToTensor'},
                                                                                             {'divisor': 32,
                                                                                              'type': 'Pad'},
                                                                                             {'rgb_input': True,
                                                                                              'type': 'BgrToYuv444'},
                                                                                             {'mean': 128.0,
                                                                                              'std': 128.0,
                                                                                              'type': 'Normalize'}],
                                                                              'type': 'MultiViewsImgTransformWrapper'}],
                                                              'type': 'NuscenesBevSequenceDataset',
                                                              'use_dim': [0,
                                                                          1,
                                                                          2,
                                                                          3,
                                                                          4],
                                                              'with_bev_bboxes': False,
                                                              'with_bev_mask': False,
                                                              'with_ego_bboxes': True,
                                                              'with_lidar_bboxes': True,
                                                              'with_lidar_occ': True},
                                                  'num_workers': 4,
                                                  'pin_memory': True,
                                                  'sampler': {'type': <class 'torch.utils.data.distributed.DistributedSampler'>},
                                                  'shuffle': False,
                                                  'type': <class 'torch.utils.data.dataloader.DataLoader'>},
                                  'log_interval': 200,
                                  'type': 'Validation',
                                  'val_interval': 1,
                                  'val_model': None,
                                  'val_on_train_end': False},
                                 {'mode': None,
                                  'name_prefix': 'float-',
                                  'save_dir': './tmp_models/bevfusion_centerpoint_pointpillar_henet_multisensor_multitask_nuscenes',
                                  'save_interval': 1,
                                  'strict_match': True,
                                  'type': 'Checkpoint'}],
                   'data_loader': {'batch_size': 6,
                                   'collate_fn': functools.partial(<function collate_bevfusion_centerpoint at 0x7fe0458f9f30>, bev_size=(51.2, 51.2, 0.8), point_cloud_range=[-51.2, -51.2, -5.0, 51.2, 51.2, 3.0], max_lidar_points=120000),
                                   'dataset': {'bev_range': [-51.2,
                                                             -51.2,
                                                             -5.0,
                                                             51.2,
                                                             51.2,
                                                             3.0],
                                               'data_path': 'data/nuscenes/pack/horizon_bevfusion_nuscenes/train_lmdb/',
                                               'load_dim': 5,
                                               'map_path': None,
                                               'map_size': None,
                                               'need_lidar': True,
                                               'num_seq': 1,
                                               'num_sweeps': 9,
                                               'transforms': [{'size': [512,
                                                                        960],
                                                               'type': 'MultiViewsImgResize'},
                                                              {'type': 'MultiViewsImgFlip'},
                                                              {'rot': [-5.4,
                                                                       5.4],
                                                               'type': 'MultiViewsImgRotate'},
                                                              {'rotation_3d_range': [-0.3925,
                                                                                     0.3925],
                                                               'type': 'BevBBoxRotation'},
                                                              {'type': 'MultiViewsPhotoMetricDistortion'},
                                                              {'transforms': [{'type': 'PILToTensor'},
                                                                              {'rgb_input': True,
                                                                               'type': 'BgrToYuv444'},
                                                                              {'mean': 128,
                                                                               'std': 128,
                                                                               'type': 'Normalize'}],
                                                               'type': 'MultiViewsImgTransformWrapper'},
                                                              {'max_lidar_points': 120000,
                                                               'type': 'FixedLidarPointsAdapter'},
                                                              {'bev_size': [51.2,
                                                                            51.2,
                                                                            0.8],
                                                               'point_cloud_range': [-51.2,
                                                                                     -51.2,
                                                                                     -5.0,
                                                                                     51.2,
                                                                                     51.2,
                                                                                     3.0],
                                                               'src_key': 'lidar_bboxes_labels',
                                                               'type': 'BevBboxesLabelsAdapter'}],
                                               'type': 'NuscenesBevSequenceDataset',
                                               'use_dim': [0, 1, 2, 3, 4],
                                               'with_bev_bboxes': False,
                                               'with_bev_mask': False,
                                               'with_ego_bboxes': True,
                                               'with_ego_occ': False,
                                               'with_lidar_bboxes': True,
                                               'with_lidar_occ': True},
                                   'num_workers': 4,
                                   'pin_memory': False,
                                   'sampler': {'type': <class 'torch.utils.data.distributed.DistributedSampler'>},
                                   'shuffle': True,
                                   'type': <class 'torch.utils.data.dataloader.DataLoader'>},
                   'device': None,
                   'model': {'bev_decoders': [{'bev_size': [51.2, 51.2, 0.8],
                                               'decode_to_lidar': True,
                                               'decoder': {'bev_size': [51.2,
                                                                        51.2,
                                                                        0.8],
                                                           'class_names': ['car',
                                                                           'truck',
                                                                           'trailer',
                                                                           'bus',
                                                                           'construction_vehicle',
                                                                           'bicycle',
                                                                           'motorcycle',
                                                                           'pedestrian',
                                                                           'traffic_cone',
                                                                           'barrier'],
                                                           'decode_to_ego': False,
                                                           'min_radius': [4,
                                                                          12,
                                                                          10,
                                                                          1,
                                                                          0.85,
                                                                          0.175],
                                                           'nms_threshold': [0.2,
                                                                             0.2,
                                                                             0.2,
                                                                             0.2,
                                                                             0.2,
                                                                             0.5],
                                                           'nms_type': ['rotate',
                                                                        'rotate',
                                                                        'rotate',
                                                                        'circle',
                                                                        'rotate',
                                                                        'rotate'],
                                                           'norm_bbox': True,
                                                           'out_size_factor': 1,
                                                           'score_threshold': 0.1,
                                                           'tasks': [{'class_names': ['car'],
                                                                      'name': 'car',
                                                                      'num_class': 1},
                                                                     {'class_names': ['truck',
                                                                                      'construction_vehicle'],
                                                                      'name': 'truck',
                                                                      'num_class': 2},
                                                                     {'class_names': ['bus',
                                                                                      'trailer'],
                                                                      'name': 'bus',
                                                                      'num_class': 2},
                                                                     {'class_names': ['barrier'],
                                                                      'name': 'barrier',
                                                                      'num_class': 1},
                                                                     {'class_names': ['motorcycle',
                                                                                      'bicycle'],
                                                                      'name': 'bicycle',
                                                                      'num_class': 2},
                                                                     {'class_names': ['pedestrian',
                                                                                      'traffic_cone'],
                                                                      'name': 'pedestrian',
                                                                      'num_class': 2}],
                                                           'type': 'CenterPointDecoder',
                                                           'use_max_pool': True},
                                               'head': {'common_heads': {'dim': [3,
                                                                                 2],
                                                                         'height': [1,
                                                                                    2],
                                                                         'reg': [2,
                                                                                 2],
                                                                         'rot': [2,
                                                                                 2],
                                                                         'vel': [2,
                                                                                 2]},
                                                        'final_kernel': 3,
                                                        'head_conv_channels': 64,
                                                        'in_channels': 256,
                                                        'init_bias': -2.19,
                                                        'num_heatmap_convs': 2,
                                                        'share_conv_channels': 64,
                                                        'share_conv_num': 1,
                                                        'tasks': [{'class_names': ['car'],
                                                                   'name': 'car',
                                                                   'num_class': 1},
                                                                  {'class_names': ['truck',
                                                                                   'construction_vehicle'],
                                                                   'name': 'truck',
                                                                   'num_class': 2},
                                                                  {'class_names': ['bus',
                                                                                   'trailer'],
                                                                   'name': 'bus',
                                                                   'num_class': 2},
                                                                  {'class_names': ['barrier'],
                                                                   'name': 'barrier',
                                                                   'num_class': 1},
                                                                  {'class_names': ['motorcycle',
                                                                                   'bicycle'],
                                                                   'name': 'bicycle',
                                                                   'num_class': 2},
                                                                  {'class_names': ['pedestrian',
                                                                                   'traffic_cone'],
                                                                   'name': 'pedestrian',
                                                                   'num_class': 2}],
                                                        'type': 'DepthwiseSeparableCenterPointHead'},
                                               'loss_cls': {'loss_weight': 1.0,
                                                            'type': 'GaussianFocalLoss'},
                                               'loss_reg': {'loss_weight': 0.25,
                                                            'type': 'L1Loss'},
                                               'name': 'bev_det',
                                               'point_cloud_range': [-51.2,
                                                                     -51.2,
                                                                     -5.0,
                                                                     51.2,
                                                                     51.2,
                                                                     3.0],
                                               'target': {'bbox_weight': [1.0,
                                                                          1.0,
                                                                          1.0,
                                                                          1.0,
                                                                          1.0,
                                                                          1.0,
                                                                          1.0,
                                                                          1.0,
                                                                          0.2,
                                                                          0.2],
                                                          'class_names': ['car',
                                                                          'truck',
                                                                          'trailer',
                                                                          'bus',
                                                                          'construction_vehicle',
                                                                          'bicycle',
                                                                          'motorcycle',
                                                                          'pedestrian',
                                                                          'traffic_cone',
                                                                          'barrier'],
                                                          'gaussian_overlap': 0.1,
                                                          'max_num': 500,
                                                          'min_radius': 2,
                                                          'norm_bbox': True,
                                                          'out_size_factor': 1,
                                                          'tasks': [{'class_names': ['car'],
                                                                     'name': 'car',
                                                                     'num_class': 1},
                                                                    {'class_names': ['truck',
                                                                                     'construction_vehicle'],
                                                                     'name': 'truck',
                                                                     'num_class': 2},
                                                                    {'class_names': ['bus',
                                                                                     'trailer'],
                                                                     'name': 'bus',
                                                                     'num_class': 2},
                                                                    {'class_names': ['barrier'],
                                                                     'name': 'barrier',
                                                                     'num_class': 1},
                                                                    {'class_names': ['motorcycle',
                                                                                     'bicycle'],
                                                                     'name': 'bicycle',
                                                                     'num_class': 2},
                                                                    {'class_names': ['pedestrian',
                                                                                     'traffic_cone'],
                                                                     'name': 'pedestrian',
                                                                     'num_class': 2}],
                                                          'type': 'CenterPointTarget'},
                                               'task_weight': 1.0,
                                               'type': 'BevFusionCenterPointDetDecoder'},
                                              {'camera_input': True,
                                               'lidar_input': True,
                                               'loss_occ': {'ignore_index': 255,
                                                            'loss_weight': 6.0,
                                                            'type': 'CrossEntropyLoss',
                                                            'use_sigmoid': False},
                                               'num_classes': 18,
                                               'occ_head': {'Dz': 16,
                                                            'in_dim': 256,
                                                            'num_classes': 18,
                                                            'out_dim': 128,
                                                            'type': 'BEVOCCHead2D',
                                                            'use_predicter': True,
                                                            'use_upsample': True},
                                               'roi_resizer': {'in_strides': [1],
                                                               'roi_resize_cfgs': [{'in_stride': 1,
                                                                                    'roi_box': [14,
                                                                                                14,
                                                                                                114,
                                                                                                114]}],
                                                               'type': 'RoiResize'},
                                               'type': 'BevformerOccDetDecoder',
                                               'use_mask': True}],
                             'bev_h': 128,
                             'bev_w': 128,
                             'camera_network': {'backbone': {'act_layer': ['nn.GELU',
                                                                           'nn.GELU',
                                                                           'nn.GELU',
                                                                           'nn.GELU'],
                                                             'attention_block_num': [0,
                                                                                     0,
                                                                                     0,
                                                                                     0],
                                                             'block_cls': ['GroupDWCB',
                                                                           'GroupDWCB',
                                                                           'AltDWCB',
                                                                           'DWCB'],
                                                             'block_nums': [4,
                                                                            3,
                                                                            8,
                                                                            6],
                                                             'down_cls': ['S2DDown',
                                                                          'S2DDown',
                                                                          'S2DDown',
                                                                          'None'],
                                                             'embed_dims': [64,
                                                                            128,
                                                                            192,
                                                                            384],
                                                             'extra_act': [False,
                                                                           False,
                                                                           False,
                                                                           False],
                                                             'feature_mix_channel': 1024,
                                                             'final_expand_channel': 0,
                                                             'in_channels': 3,
                                                             'include_top': False,
                                                             'layer_scale_init_value': 1e-05,
                                                             'mlp_ratio_attn': 2,
                                                             'mlp_ratios': [2,
                                                                            2,
                                                                            2,
                                                                            3],
                                                             'num_classes': 1000,
                                                             'patch_embed': 'origin',
                                                             'type': 'HENet',
                                                             'use_layer_scale': [True,
                                                                                 True,
                                                                                 True,
                                                                                 True]},
                                                'neck': {'bn_kwargs': {'eps': 1e-05,
                                                                       'momentum': 0.1},
                                                         'in_channels': [384],
                                                         'in_strides': [32],
                                                         'out_channels': [256],
                                                         'out_strides': [32],
                                                         'type': 'FPN'},
                                                'out_indices': [-1],
                                                'type': 'BevFormer',
                                                'view_transformer': {'bev_h': 128,
                                                                     'bev_w': 128,
                                                                     'embed_dims': 256,
                                                                     'encoder': {'bev_h': 128,
                                                                                 'bev_w': 128,
                                                                                 'embed_dims': 256,
                                                                                 'encoder_layer': {'crossattention': {'bev_h': 128,
                                                                                                                      'bev_w': 128,
                                                                                                                      'deformable_attention': {'embed_dims': 256,
                                                                                                                                               'feats_size': [[30,
                                                                                                                                                               16]],
                                                                                                                                               'grid_align_num': 64,
                                                                                                                                               'num_levels': 1,
                                                                                                                                               'num_points': 2,
                                                                                                                                               'type': 'HorizonMultiScaleDeformableAttention3D'},
                                                                                                                      'embed_dims': 256,
                                                                                                                      'max_camoverlap_num': 2,
                                                                                                                      'type': 'HorizonSpatialCrossAttention'},
                                                                                                   'dropout': 0.1,
                                                                                                   'embed_dims': 256,
                                                                                                   'selfattention': {'batch_first': True,
                                                                                                                     'embed_dims': 256,
                                                                                                                     'feats_size': [[128,
                                                                                                                                     128]],
                                                                                                                     'grid_align_num': 4,
                                                                                                                     'num_levels': 1,
                                                                                                                     'num_points': 2,
                                                                                                                     'type': 'HorizonMultiScaleDeformableAttention'},
                                                                                                   'type': 'SingleBEVFormerEncoderLayer'},
                                                                                 'num_layers': 1,
                                                                                 'return_intermediate': False,
                                                                                 'type': 'SingleBEVFormerEncoder'},
                                                                     'in_indices': [-1],
                                                                     'max_camoverlap_num': 2,
                                                                     'num_points_in_pillar': 2,
                                                                     'pc_range': [-51.2,
                                                                                  -51.2,
                                                                                  -5.0,
                                                                                  51.2,
                                                                                  51.2,
                                                                                  3.0],
                                                                     'positional_encoding': {'col_num_embed': 128,
                                                                                             'num_feats': 128,
                                                                                             'row_num_embed': 128,
                                                                                             'type': 'LearnedPositionalEncoding'},
                                                                     'queue_length': 1,
                                                                     'single_bev': True,
                                                                     'type': 'SingleBevFormerViewTransformer',
                                                                     'use_lidar2img': True,
                                                                     'virtual_bev_h': 64,
                                                                     'virtual_bev_w': 80}},
                             'fuse_module': {'fuse_c': 256,
                                             'input_c': 640,
                                             'type': 'BevFuseModule'},
                             'lidar_network': {'backbone': {'num_input_features': 64,
                                                            'quantize': True,
                                                            'type': 'PointPillarScatter',
                                                            'use_horizon_pillar_scatter': True},
                                               'feature_map_shape': array([512, 512,   1]),
                                               'neck': {'bn_kwargs': None,
                                                        'down_layer_channels': [64,
                                                                                128,
                                                                                256],
                                                        'down_layer_nums': [3,
                                                                            5,
                                                                            5],
                                                        'down_layer_strides': [2,
                                                                               2,
                                                                               2],
                                                        'in_feature_channel': 64,
                                                        'quantize': True,
                                                        'type': 'SECONDNeck',
                                                        'up_layer_channels': [128,
                                                                              128,
                                                                              128],
                                                        'up_layer_strides': [0.5,
                                                                             1,
                                                                             2],
                                                        'use_relu6': False},
                                               'pre_process': {'fixed_voxels_num': 30000,
                                                               'max_points_in_voxel': 20,
                                                               'max_voxels_num': [30000,
                                                                                  40000],
                                                               'norm_dims': [0,
                                                                             1,
                                                                             2,
                                                                             3],
                                                               'norm_range': [-51.2,
                                                                              -51.2,
                                                                              -5.0,
                                                                              0.0,
                                                                              51.2,
                                                                              51.2,
                                                                              3.0,
                                                                              255.0],
                                                               'pc_range': [-51.2,
                                                                            -51.2,
                                                                            -5.0,
                                                                            51.2,
                                                                            51.2,
                                                                            3.0],
                                                               'type': 'PaddedCenterPointPreProcess',
                                                               'voxel_size': [0.2,
                                                                              0.2,
                                                                              8]},
                                               'reader': {'bn_kwargs': None,
                                                          'hw_reverse': True,
                                                          'num_filters': [64],
                                                          'num_input_features': 5,
                                                          'pc_range': [-51.2,
                                                                       -51.2,
                                                                       -5.0,
                                                                       51.2,
                                                                       51.2,
                                                                       3.0],
                                                          'pool_size': [20, 1],
                                                          'quantize': True,
                                                          'type': 'PillarFeatureNet',
                                                          'use_4dim': True,
                                                          'use_conv': True,
                                                          'voxel_size': [0.2,
                                                                         0.2,
                                                                         8],
                                                          'with_distance': False},
                                               'type': 'CenterPointDetector'},
                             'type': 'BevFusion'},
                   'model_convert_pipeline': {'converters': [{'allow_miss': True,
                                                              'checkpoint_path': './tmp_models/bevformer_henet_camera_multitask_nuscenes/float-checkpoint-last.pth.tar',
                                                              'ignore_extra': True,
                                                              'type': 'LoadCheckpoint',
                                                              'verbose': True},
                                                             {'allow_miss': True,
                                                              'checkpoint_path': './tmp_pretrained_models/centerpoint_pointpillar_nuscenes/float-checkpoint-last.pth.tar',
                                                              'ignore_extra': True,
                                                              'state_dict_update_func': functools.partial(<function update_state_dict_by_add_prefix at 0x7fe08c7beef0>, prefix='lidar_net.'),
                                                              'type': 'LoadCheckpoint',
                                                              'verbose': True}],
                                              'type': 'ModelConvertPipeline'},
                   'num_epochs': 24,
                   'optimizer': {'betas': [0.95, 0.99],
                                 'lr': 0.0004,
                                 'params': {'camera_net.backbone': {'lr_mult': 0.1}},
                                 'type': <class 'torch.optim.adamw.AdamW'>,
                                 'weight_decay': 0.01},
                   'stop_by': 'epoch',
                   'sync_bn': True,
                   'train_metrics': {'type': 'LossShow'},
                   'type': 'distributed_data_parallel_trainer',
                   'val_metrics': [{'classes': ['car',
                                                'truck',
                                                'trailer',
                                                'bus',
                                                'construction_vehicle',
                                                'bicycle',
                                                'motorcycle',
                                                'pedestrian',
                                                'traffic_cone',
                                                'barrier'],
                                    'data_root': 'data/nuscenes',
                                    'lidar_key': 'sensor2ego',
                                    'save_prefix': './metric_results/bevfusion_centerpoint_pointpillar_henet_multisensor_multitask_nuscenes',
                                    'trans_lidar_dim': True,
                                    'trans_lidar_rot': False,
                                    'type': 'NuscenesMetric',
                                    'use_lidar': True,
                                    'version': 'v1.0-trainval'},
                                   {'ignore_index': 17,
                                    'seg_class': ['others',
                                                  'barrier',
                                                  'bicycle',
                                                  'bus',
                                                  'car',
                                                  'construction_vehicle',
                                                  'motorcycle',
                                                  'pedestrian',
                                                  'traffic_cone',
                                                  'trailer',
                                                  'truck',
                                                  'driveable_surface',
                                                  'other_flat',
                                                  'sidewalk',
                                                  'terrain',
                                                  'manmade',
                                                  'vegetation'],
                                    'type': 'MeanIOU'}]},
 'get_centerpoint_preds': <function get_centerpoint_preds at 0x7fe0458f9fc0>,
 'get_feature_map_size': <function get_feature_map_size at 0x7fe0458fa7a0>,
 'grad_callback': {'clip_grad_norm': 35,
                   'clip_norm_type': 2,
                   'module_and_scale': [],
                   'type': 'GradScale'},
 'hbir_deploy_model': {'bev_decoders': [{'bev_size': [51.2, 51.2, 0.8],
                                         'decode_to_lidar': True,
                                         'decoder': {'bev_size': [51.2,
                                                                  51.2,
                                                                  0.8],
                                                     'class_names': ['car',
                                                                     'truck',
                                                                     'trailer',
                                                                     'bus',
                                                                     'construction_vehicle',
                                                                     'bicycle',
                                                                     'motorcycle',
                                                                     'pedestrian',
                                                                     'traffic_cone',
                                                                     'barrier'],
                                                     'decode_to_ego': False,
                                                     'min_radius': [4,
                                                                    12,
                                                                    10,
                                                                    1,
                                                                    0.85,
                                                                    0.175],
                                                     'nms_threshold': [0.2,
                                                                       0.2,
                                                                       0.2,
                                                                       0.2,
                                                                       0.2,
                                                                       0.5],
                                                     'nms_type': ['rotate',
                                                                  'rotate',
                                                                  'rotate',
                                                                  'circle',
                                                                  'rotate',
                                                                  'rotate'],
                                                     'norm_bbox': True,
                                                     'out_size_factor': 1,
                                                     'score_threshold': 0.1,
                                                     'tasks': [{'class_names': ['car'],
                                                                'name': 'car',
                                                                'num_class': 1},
                                                               {'class_names': ['truck',
                                                                                'construction_vehicle'],
                                                                'name': 'truck',
                                                                'num_class': 2},
                                                               {'class_names': ['bus',
                                                                                'trailer'],
                                                                'name': 'bus',
                                                                'num_class': 2},
                                                               {'class_names': ['barrier'],
                                                                'name': 'barrier',
                                                                'num_class': 1},
                                                               {'class_names': ['motorcycle',
                                                                                'bicycle'],
                                                                'name': 'bicycle',
                                                                'num_class': 2},
                                                               {'class_names': ['pedestrian',
                                                                                'traffic_cone'],
                                                                'name': 'pedestrian',
                                                                'num_class': 2}],
                                                     'type': 'CenterPointDecoder',
                                                     'use_max_pool': True},
                                         'head': {'common_heads': {'dim': [3,
                                                                           2],
                                                                   'height': [1,
                                                                              2],
                                                                   'reg': [2,
                                                                           2],
                                                                   'rot': [2,
                                                                           2],
                                                                   'vel': [2,
                                                                           2]},
                                                  'final_kernel': 3,
                                                  'head_conv_channels': 64,
                                                  'in_channels': 256,
                                                  'init_bias': -2.19,
                                                  'num_heatmap_convs': 2,
                                                  'share_conv_channels': 64,
                                                  'share_conv_num': 1,
                                                  'tasks': [{'class_names': ['car'],
                                                             'name': 'car',
                                                             'num_class': 1},
                                                            {'class_names': ['truck',
                                                                             'construction_vehicle'],
                                                             'name': 'truck',
                                                             'num_class': 2},
                                                            {'class_names': ['bus',
                                                                             'trailer'],
                                                             'name': 'bus',
                                                             'num_class': 2},
                                                            {'class_names': ['barrier'],
                                                             'name': 'barrier',
                                                             'num_class': 1},
                                                            {'class_names': ['motorcycle',
                                                                             'bicycle'],
                                                             'name': 'bicycle',
                                                             'num_class': 2},
                                                            {'class_names': ['pedestrian',
                                                                             'traffic_cone'],
                                                             'name': 'pedestrian',
                                                             'num_class': 2}],
                                                  'type': 'DepthwiseSeparableCenterPointHead'},
                                         'loss_cls': {'loss_weight': 1.0,
                                                      'type': 'GaussianFocalLoss'},
                                         'loss_reg': {'loss_weight': 0.25,
                                                      'type': 'L1Loss'},
                                         'name': 'bev_det',
                                         'point_cloud_range': [-51.2,
                                                               -51.2,
                                                               -5.0,
                                                               51.2,
                                                               51.2,
                                                               3.0],
                                         'target': {'bbox_weight': [1.0,
                                                                    1.0,
                                                                    1.0,
                                                                    1.0,
                                                                    1.0,
                                                                    1.0,
                                                                    1.0,
                                                                    1.0,
                                                                    0.2,
                                                                    0.2],
                                                    'class_names': ['car',
                                                                    'truck',
                                                                    'trailer',
                                                                    'bus',
                                                                    'construction_vehicle',
                                                                    'bicycle',
                                                                    'motorcycle',
                                                                    'pedestrian',
                                                                    'traffic_cone',
                                                                    'barrier'],
                                                    'gaussian_overlap': 0.1,
                                                    'max_num': 500,
                                                    'min_radius': 2,
                                                    'norm_bbox': True,
                                                    'out_size_factor': 1,
                                                    'tasks': [{'class_names': ['car'],
                                                               'name': 'car',
                                                               'num_class': 1},
                                                              {'class_names': ['truck',
                                                                               'construction_vehicle'],
                                                               'name': 'truck',
                                                               'num_class': 2},
                                                              {'class_names': ['bus',
                                                                               'trailer'],
                                                               'name': 'bus',
                                                               'num_class': 2},
                                                              {'class_names': ['barrier'],
                                                               'name': 'barrier',
                                                               'num_class': 1},
                                                              {'class_names': ['motorcycle',
                                                                               'bicycle'],
                                                               'name': 'bicycle',
                                                               'num_class': 2},
                                                              {'class_names': ['pedestrian',
                                                                               'traffic_cone'],
                                                               'name': 'pedestrian',
                                                               'num_class': 2}],
                                                    'type': 'CenterPointTarget'},
                                         'task_weight': 1.0,
                                         'type': 'BevFusionCenterPointDetDecoder'},
                                        {'camera_input': True,
                                         'lidar_input': True,
                                         'loss_occ': {'ignore_index': 255,
                                                      'loss_weight': 6.0,
                                                      'type': 'CrossEntropyLoss',
                                                      'use_sigmoid': False},
                                         'num_classes': 18,
                                         'occ_head': {'Dz': 16,
                                                      'in_dim': 256,
                                                      'num_classes': 18,
                                                      'out_dim': 128,
                                                      'type': 'BEVOCCHead2D',
                                                      'use_predicter': True,
                                                      'use_upsample': True},
                                         'roi_resizer': {'in_strides': [1],
                                                         'roi_resize_cfgs': [{'in_stride': 1,
                                                                              'roi_box': [14,
                                                                                          14,
                                                                                          114,
                                                                                          114]}],
                                                         'type': 'RoiResize'},
                                         'type': 'BevformerOccDetDecoder',
                                         'use_mask': True}],
                       'bev_h': 128,
                       'bev_w': 128,
                       'camera_network': {'backbone': {'act_layer': ['nn.GELU',
                                                                     'nn.GELU',
                                                                     'nn.GELU',
                                                                     'nn.GELU'],
                                                       'attention_block_num': [0,
                                                                               0,
                                                                               0,
                                                                               0],
                                                       'block_cls': ['GroupDWCB',
                                                                     'GroupDWCB',
                                                                     'AltDWCB',
                                                                     'DWCB'],
                                                       'block_nums': [4,
                                                                      3,
                                                                      8,
                                                                      6],
                                                       'down_cls': ['S2DDown',
                                                                    'S2DDown',
                                                                    'S2DDown',
                                                                    'None'],
                                                       'embed_dims': [64,
                                                                      128,
                                                                      192,
                                                                      384],
                                                       'extra_act': [False,
                                                                     False,
                                                                     False,
                                                                     False],
                                                       'feature_mix_channel': 1024,
                                                       'final_expand_channel': 0,
                                                       'in_channels': 3,
                                                       'include_top': False,
                                                       'layer_scale_init_value': 1e-05,
                                                       'mlp_ratio_attn': 2,
                                                       'mlp_ratios': [2,
                                                                      2,
                                                                      2,
                                                                      3],
                                                       'num_classes': 1000,
                                                       'patch_embed': 'origin',
                                                       'type': 'HENet',
                                                       'use_layer_scale': [True,
                                                                           True,
                                                                           True,
                                                                           True]},
                                          'neck': {'bn_kwargs': {'eps': 1e-05,
                                                                 'momentum': 0.1},
                                                   'in_channels': [384],
                                                   'in_strides': [32],
                                                   'out_channels': [256],
                                                   'out_strides': [32],
                                                   'type': 'FPN'},
                                          'out_indices': [-1],
                                          'type': 'BevFormer',
                                          'view_transformer': {'bev_h': 128,
                                                               'bev_w': 128,
                                                               'embed_dims': 256,
                                                               'encoder': {'bev_h': 128,
                                                                           'bev_w': 128,
                                                                           'embed_dims': 256,
                                                                           'encoder_layer': {'crossattention': {'bev_h': 128,
                                                                                                                'bev_w': 128,
                                                                                                                'deformable_attention': {'embed_dims': 256,
                                                                                                                                         'feats_size': [[30,
                                                                                                                                                         16]],
                                                                                                                                         'grid_align_num': 64,
                                                                                                                                         'num_levels': 1,
                                                                                                                                         'num_points': 2,
                                                                                                                                         'type': 'HorizonMultiScaleDeformableAttention3D'},
                                                                                                                'embed_dims': 256,
                                                                                                                'max_camoverlap_num': 2,
                                                                                                                'type': 'HorizonSpatialCrossAttention'},
                                                                                             'dropout': 0.1,
                                                                                             'embed_dims': 256,
                                                                                             'selfattention': {'batch_first': True,
                                                                                                               'embed_dims': 256,
                                                                                                               'feats_size': [[128,
                                                                                                                               128]],
                                                                                                               'grid_align_num': 4,
                                                                                                               'num_levels': 1,
                                                                                                               'num_points': 2,
                                                                                                               'type': 'HorizonMultiScaleDeformableAttention'},
                                                                                             'type': 'SingleBEVFormerEncoderLayer'},
                                                                           'num_layers': 1,
                                                                           'return_intermediate': False,
                                                                           'type': 'SingleBEVFormerEncoder'},
                                                               'in_indices': [-1],
                                                               'max_camoverlap_num': 2,
                                                               'num_points_in_pillar': 2,
                                                               'pc_range': [-51.2,
                                                                            -51.2,
                                                                            -5.0,
                                                                            51.2,
                                                                            51.2,
                                                                            3.0],
                                                               'positional_encoding': {'col_num_embed': 128,
                                                                                       'num_feats': 128,
                                                                                       'row_num_embed': 128,
                                                                                       'type': 'LearnedPositionalEncoding'},
                                                               'queue_length': 1,
                                                               'single_bev': True,
                                                               'type': 'SingleBevFormerViewTransformer',
                                                               'use_lidar2img': True,
                                                               'virtual_bev_h': 64,
                                                               'virtual_bev_w': 80}},
                       'fuse_module': {'fuse_c': 256,
                                       'input_c': 640,
                                       'type': 'BevFuseModule'},
                       'lidar_network': {'backbone': {'num_input_features': 64,
                                                      'quantize': True,
                                                      'type': 'PointPillarScatter',
                                                      'use_horizon_pillar_scatter': True},
                                         'feature_map_shape': array([512, 512,   1]),
                                         'neck': {'bn_kwargs': None,
                                                  'down_layer_channels': [64,
                                                                          128,
                                                                          256],
                                                  'down_layer_nums': [3, 5, 5],
                                                  'down_layer_strides': [2,
                                                                         2,
                                                                         2],
                                                  'in_feature_channel': 64,
                                                  'quantize': True,
                                                  'type': 'SECONDNeck',
                                                  'up_layer_channels': [128,
                                                                        128,
                                                                        128],
                                                  'up_layer_strides': [0.5,
                                                                       1,
                                                                       2],
                                                  'use_relu6': False},
                                         'pre_process': {'fixed_voxels_num': 30000,
                                                         'max_points_in_voxel': 20,
                                                         'max_voxels_num': [30000,
                                                                            40000],
                                                         'norm_dims': [0,
                                                                       1,
                                                                       2,
                                                                       3],
                                                         'norm_range': [-51.2,
                                                                        -51.2,
                                                                        -5.0,
                                                                        0.0,
                                                                        51.2,
                                                                        51.2,
                                                                        3.0,
                                                                        255.0],
                                                         'pc_range': [-51.2,
                                                                      -51.2,
                                                                      -5.0,
                                                                      51.2,
                                                                      51.2,
                                                                      3.0],
                                                         'type': 'PaddedCenterPointPreProcess',
                                                         'voxel_size': [0.2,
                                                                        0.2,
                                                                        8]},
                                         'reader': {'bn_kwargs': None,
                                                    'hw_reverse': True,
                                                    'num_filters': [64],
                                                    'num_input_features': 5,
                                                    'pc_range': [-51.2,
                                                                 -51.2,
                                                                 -5.0,
                                                                 51.2,
                                                                 51.2,
                                                                 3.0],
                                                    'pool_size': [20, 1],
                                                    'quantize': True,
                                                    'type': 'PillarFeatureNet',
                                                    'use_4dim': True,
                                                    'use_conv': True,
                                                    'voxel_size': [0.2, 0.2, 8],
                                                    'with_distance': False},
                                         'type': 'CenterPointDetector'},
                       'type': 'BevFusion'},
 'hbir_exporter': {'example_inputs': {'bev_pillar_counts': torch.Size([1, 16384, 1]),
                                      'coors': torch.Size([40000, 4]),
                                      'features': torch.Size([1, 5, 20, 40000]),
                                      'img': torch.Size([6, 3, 512, 960]),
                                      'queries_rebatch_grid': torch.Size([6, 64, 80, 2]),
                                      'reference_points_rebatch': torch.Size([6, 5120, 2, 2]),
                                      'restore_bev_grid': torch.Size([1, 256, 128, 2])},
                   'input_names': ['features',
                                   'coors',
                                   'img',
                                   'queries_rebatch_grid',
                                   'restore_bev_grid',
                                   'reference_points_rebatch',
                                   'bev_pillar_counts'],
                   'march': 'nash-m',
                   'model': {'bev_decoders': [{'bev_size': [51.2, 51.2, 0.8],
                                               'decode_to_lidar': True,
                                               'head': {'common_heads': {'dim': [3,
                                                                                 2],
                                                                         'height': [1,
                                                                                    2],
                                                                         'reg': [2,
                                                                                 2],
                                                                         'rot': [2,
                                                                                 2],
                                                                         'vel': [2,
                                                                                 2]},
                                                        'final_kernel': 3,
                                                        'head_conv_channels': 64,
                                                        'in_channels': 256,
                                                        'init_bias': -2.19,
                                                        'num_heatmap_convs': 2,
                                                        'share_conv_channels': 64,
                                                        'share_conv_num': 1,
                                                        'tasks': [{'class_names': ['car'],
                                                                   'name': 'car',
                                                                   'num_class': 1},
                                                                  {'class_names': ['truck',
                                                                                   'construction_vehicle'],
                                                                   'name': 'truck',
                                                                   'num_class': 2},
                                                                  {'class_names': ['bus',
                                                                                   'trailer'],
                                                                   'name': 'bus',
                                                                   'num_class': 2},
                                                                  {'class_names': ['barrier'],
                                                                   'name': 'barrier',
                                                                   'num_class': 1},
                                                                  {'class_names': ['motorcycle',
                                                                                   'bicycle'],
                                                                   'name': 'bicycle',
                                                                   'num_class': 2},
                                                                  {'class_names': ['pedestrian',
                                                                                   'traffic_cone'],
                                                                   'name': 'pedestrian',
                                                                   'num_class': 2}],
                                                        'type': 'DepthwiseSeparableCenterPointHead'},
                                               'is_compile': True,
                                               'name': 'bev_det',
                                               'point_cloud_range': [-51.2,
                                                                     -51.2,
                                                                     -5.0,
                                                                     51.2,
                                                                     51.2,
                                                                     3.0],
                                               'task_weight': 1.0,
                                               'type': 'BevFusionCenterPointDetDecoder'},
                                              {'camera_input': True,
                                               'is_compile': True,
                                               'lidar_input': True,
                                               'num_classes': 18,
                                               'occ_head': {'Dz': 16,
                                                            'in_dim': 256,
                                                            'num_classes': 18,
                                                            'out_dim': 128,
                                                            'type': 'BEVOCCHead2D',
                                                            'use_predicter': True,
                                                            'use_upsample': True},
                                               'roi_resizer': {'in_strides': [1],
                                                               'roi_resize_cfgs': [{'in_stride': 1,
                                                                                    'roi_box': [14,
                                                                                                14,
                                                                                                114,
                                                                                                114]}],
                                                               'type': 'RoiResize'},
                                               'type': 'BevformerOccDetDecoder',
                                               'use_mask': True}],
                             'bev_h': 128,
                             'bev_w': 128,
                             'camera_network': {'backbone': {'act_layer': ['nn.GELU',
                                                                           'nn.GELU',
                                                                           'nn.GELU',
                                                                           'nn.GELU'],
                                                             'attention_block_num': [0,
                                                                                     0,
                                                                                     0,
                                                                                     0],
                                                             'block_cls': ['GroupDWCB',
                                                                           'GroupDWCB',
                                                                           'AltDWCB',
                                                                           'DWCB'],
                                                             'block_nums': [4,
                                                                            3,
                                                                            8,
                                                                            6],
                                                             'down_cls': ['S2DDown',
                                                                          'S2DDown',
                                                                          'S2DDown',
                                                                          'None'],
                                                             'embed_dims': [64,
                                                                            128,
                                                                            192,
                                                                            384],
                                                             'extra_act': [False,
                                                                           False,
                                                                           False,
                                                                           False],
                                                             'feature_mix_channel': 1024,
                                                             'final_expand_channel': 0,
                                                             'in_channels': 3,
                                                             'include_top': False,
                                                             'layer_scale_init_value': 1e-05,
                                                             'mlp_ratio_attn': 2,
                                                             'mlp_ratios': [2,
                                                                            2,
                                                                            2,
                                                                            3],
                                                             'num_classes': 1000,
                                                             'patch_embed': 'origin',
                                                             'type': 'HENet',
                                                             'use_layer_scale': [True,
                                                                                 True,
                                                                                 True,
                                                                                 True]},
                                                'neck': {'bn_kwargs': {'eps': 1e-05,
                                                                       'momentum': 0.1},
                                                         'in_channels': [384],
                                                         'in_strides': [32],
                                                         'out_channels': [256],
                                                         'out_strides': [32],
                                                         'type': 'FPN'},
                                                'out_indices': [-1],
                                                'type': 'BevFormer',
                                                'view_transformer': {'bev_h': 128,
                                                                     'bev_w': 128,
                                                                     'embed_dims': 256,
                                                                     'encoder': {'bev_h': 128,
                                                                                 'bev_w': 128,
                                                                                 'embed_dims': 256,
                                                                                 'encoder_layer': {'crossattention': {'bev_h': 128,
                                                                                                                      'bev_w': 128,
                                                                                                                      'deformable_attention': {'embed_dims': 256,
                                                                                                                                               'feats_size': [[30,
                                                                                                                                                               16]],
                                                                                                                                               'grid_align_num': 64,
                                                                                                                                               'num_levels': 1,
                                                                                                                                               'num_points': 2,
                                                                                                                                               'type': 'HorizonMultiScaleDeformableAttention3D'},
                                                                                                                      'embed_dims': 256,
                                                                                                                      'max_camoverlap_num': 2,
                                                                                                                      'type': 'HorizonSpatialCrossAttention'},
                                                                                                   'dropout': 0.1,
                                                                                                   'embed_dims': 256,
                                                                                                   'selfattention': {'batch_first': True,
                                                                                                                     'embed_dims': 256,
                                                                                                                     'feats_size': [[128,
                                                                                                                                     128]],
                                                                                                                     'grid_align_num': 4,
                                                                                                                     'num_levels': 1,
                                                                                                                     'num_points': 2,
                                                                                                                     'type': 'HorizonMultiScaleDeformableAttention'},
                                                                                                   'type': 'SingleBEVFormerEncoderLayer'},
                                                                                 'num_layers': 1,
                                                                                 'return_intermediate': False,
                                                                                 'type': 'SingleBEVFormerEncoder'},
                                                                     'in_indices': [-1],
                                                                     'is_compile': True,
                                                                     'max_camoverlap_num': 2,
                                                                     'num_points_in_pillar': 2,
                                                                     'pc_range': [-51.2,
                                                                                  -51.2,
                                                                                  -5.0,
                                                                                  51.2,
                                                                                  51.2,
                                                                                  3.0],
                                                                     'positional_encoding': {'col_num_embed': 128,
                                                                                             'num_feats': 128,
                                                                                             'row_num_embed': 128,
                                                                                             'type': 'LearnedPositionalEncoding'},
                                                                     'queue_length': 1,
                                                                     'single_bev': True,
                                                                     'type': 'SingleBevFormerViewTransformer',
                                                                     'use_lidar2img': True,
                                                                     'virtual_bev_h': 64,
                                                                     'virtual_bev_w': 80}},
                             'fuse_module': {'fuse_c': 256,
                                             'input_c': 640,
                                             'type': 'BevFuseModule'},
                             'lidar_network': {'backbone': {'num_input_features': 64,
                                                            'quantize': True,
                                                            'type': 'PointPillarScatter',
                                                            'use_horizon_pillar_scatter': True},
                                               'feature_map_shape': array([512, 512,   1]),
                                               'neck': {'bn_kwargs': None,
                                                        'down_layer_channels': [64,
                                                                                128,
                                                                                256],
                                                        'down_layer_nums': [3,
                                                                            5,
                                                                            5],
                                                        'down_layer_strides': [2,
                                                                               2,
                                                                               2],
                                                        'in_feature_channel': 64,
                                                        'quantize': True,
                                                        'type': 'SECONDNeck',
                                                        'up_layer_channels': [128,
                                                                              128,
                                                                              128],
                                                        'up_layer_strides': [0.5,
                                                                             1,
                                                                             2],
                                                        'use_relu6': False},
                                               'reader': {'bn_kwargs': None,
                                                          'hw_reverse': True,
                                                          'num_filters': [64],
                                                          'num_input_features': 5,
                                                          'pc_range': [-51.2,
                                                                       -51.2,
                                                                       -5.0,
                                                                       51.2,
                                                                       51.2,
                                                                       3.0],
                                                          'pool_size': [20, 1],
                                                          'quantize': True,
                                                          'type': 'PillarFeatureNet',
                                                          'use_4dim': True,
                                                          'use_conv': True,
                                                          'voxel_size': [0.2,
                                                                         0.2,
                                                                         8],
                                                          'with_distance': False},
                                               'type': 'CenterPointDetector'},
                             'type': 'BevFusion'},
                   'model_convert_pipeline': {'converters': [{'type': 'RepModel2Deploy'},
                                                             {'convert_mode': 'jit-strip',
                                                              'example_inputs': {'bev_pillar_counts': torch.Size([1, 16384, 1]),
                                                                                 'coors': torch.Size([40000, 4]),
                                                                                 'features': torch.Size([1, 5, 20, 40000]),
                                                                                 'img': torch.Size([6, 3, 512, 960]),
                                                                                 'queries_rebatch_grid': torch.Size([6, 64, 80, 2]),
                                                                                 'reference_points_rebatch': torch.Size([6, 5120, 2, 2]),
                                                                                 'restore_bev_grid': torch.Size([1, 256, 128, 2])},
                                                              'type': 'Float2QAT'},
                                                             {'allow_miss': True,
                                                              'checkpoint_path': './tmp_models/bevfusion_centerpoint_pointpillar_henet_multisensor_multitask_nuscenes/qat-checkpoint-last.pth.tar',
                                                              'ignore_extra': True,
                                                              'type': 'LoadCheckpoint',
                                                              'verbose': True},
                                                             {'type': 'SetQuantRoundingMode'}],
                                              'qat_mode': 'fuse_bn',
                                              'type': 'ModelConvertPipeline'},
                   'model_name': 'bevfusion_centerpoint_pointpillar_henet_multisensor_multitask_nuscenes',
                   'save_path': './tmp_models/bevfusion_centerpoint_pointpillar_henet_multisensor_multitask_nuscenes',
                   'type': 'HbirExporter'},
 'hbir_infer_model': {'deploy_model': {'bev_decoders': [{'bev_size': [51.2,
                                                                      51.2,
                                                                      0.8],
                                                         'decode_to_lidar': True,
                                                         'decoder': {'bev_size': [51.2,
                                                                                  51.2,
                                                                                  0.8],
                                                                     'class_names': ['car',
                                                                                     'truck',
                                                                                     'trailer',
                                                                                     'bus',
                                                                                     'construction_vehicle',
                                                                                     'bicycle',
                                                                                     'motorcycle',
                                                                                     'pedestrian',
                                                                                     'traffic_cone',
                                                                                     'barrier'],
                                                                     'decode_to_ego': False,
                                                                     'min_radius': [4,
                                                                                    12,
                                                                                    10,
                                                                                    1,
                                                                                    0.85,
                                                                                    0.175],
                                                                     'nms_threshold': [0.2,
                                                                                       0.2,
                                                                                       0.2,
                                                                                       0.2,
                                                                                       0.2,
                                                                                       0.5],
                                                                     'nms_type': ['rotate',
                                                                                  'rotate',
                                                                                  'rotate',
                                                                                  'circle',
                                                                                  'rotate',
                                                                                  'rotate'],
                                                                     'norm_bbox': True,
                                                                     'out_size_factor': 1,
                                                                     'score_threshold': 0.1,
                                                                     'tasks': [{'class_names': ['car'],
                                                                                'name': 'car',
                                                                                'num_class': 1},
                                                                               {'class_names': ['truck',
                                                                                                'construction_vehicle'],
                                                                                'name': 'truck',
                                                                                'num_class': 2},
                                                                               {'class_names': ['bus',
                                                                                                'trailer'],
                                                                                'name': 'bus',
                                                                                'num_class': 2},
                                                                               {'class_names': ['barrier'],
                                                                                'name': 'barrier',
                                                                                'num_class': 1},
                                                                               {'class_names': ['motorcycle',
                                                                                                'bicycle'],
                                                                                'name': 'bicycle',
                                                                                'num_class': 2},
                                                                               {'class_names': ['pedestrian',
                                                                                                'traffic_cone'],
                                                                                'name': 'pedestrian',
                                                                                'num_class': 2}],
                                                                     'type': 'CenterPointDecoder',
                                                                     'use_max_pool': True},
                                                         'head': {'common_heads': {'dim': [3,
                                                                                           2],
                                                                                   'height': [1,
                                                                                              2],
                                                                                   'reg': [2,
                                                                                           2],
                                                                                   'rot': [2,
                                                                                           2],
                                                                                   'vel': [2,
                                                                                           2]},
                                                                  'final_kernel': 3,
                                                                  'head_conv_channels': 64,
                                                                  'in_channels': 256,
                                                                  'init_bias': -2.19,
                                                                  'num_heatmap_convs': 2,
                                                                  'share_conv_channels': 64,
                                                                  'share_conv_num': 1,
                                                                  'tasks': [{'class_names': ['car'],
                                                                             'name': 'car',
                                                                             'num_class': 1},
                                                                            {'class_names': ['truck',
                                                                                             'construction_vehicle'],
                                                                             'name': 'truck',
                                                                             'num_class': 2},
                                                                            {'class_names': ['bus',
                                                                                             'trailer'],
                                                                             'name': 'bus',
                                                                             'num_class': 2},
                                                                            {'class_names': ['barrier'],
                                                                             'name': 'barrier',
                                                                             'num_class': 1},
                                                                            {'class_names': ['motorcycle',
                                                                                             'bicycle'],
                                                                             'name': 'bicycle',
                                                                             'num_class': 2},
                                                                            {'class_names': ['pedestrian',
                                                                                             'traffic_cone'],
                                                                             'name': 'pedestrian',
                                                                             'num_class': 2}],
                                                                  'type': 'DepthwiseSeparableCenterPointHead'},
                                                         'loss_cls': {'loss_weight': 1.0,
                                                                      'type': 'GaussianFocalLoss'},
                                                         'loss_reg': {'loss_weight': 0.25,
                                                                      'type': 'L1Loss'},
                                                         'name': 'bev_det',
                                                         'point_cloud_range': [-51.2,
                                                                               -51.2,
                                                                               -5.0,
                                                                               51.2,
                                                                               51.2,
                                                                               3.0],
                                                         'target': {'bbox_weight': [1.0,
                                                                                    1.0,
                                                                                    1.0,
                                                                                    1.0,
                                                                                    1.0,
                                                                                    1.0,
                                                                                    1.0,
                                                                                    1.0,
                                                                                    0.2,
                                                                                    0.2],
                                                                    'class_names': ['car',
                                                                                    'truck',
                                                                                    'trailer',
                                                                                    'bus',
                                                                                    'construction_vehicle',
                                                                                    'bicycle',
                                                                                    'motorcycle',
                                                                                    'pedestrian',
                                                                                    'traffic_cone',
                                                                                    'barrier'],
                                                                    'gaussian_overlap': 0.1,
                                                                    'max_num': 500,
                                                                    'min_radius': 2,
                                                                    'norm_bbox': True,
                                                                    'out_size_factor': 1,
                                                                    'tasks': [{'class_names': ['car'],
                                                                               'name': 'car',
                                                                               'num_class': 1},
                                                                              {'class_names': ['truck',
                                                                                               'construction_vehicle'],
                                                                               'name': 'truck',
                                                                               'num_class': 2},
                                                                              {'class_names': ['bus',
                                                                                               'trailer'],
                                                                               'name': 'bus',
                                                                               'num_class': 2},
                                                                              {'class_names': ['barrier'],
                                                                               'name': 'barrier',
                                                                               'num_class': 1},
                                                                              {'class_names': ['motorcycle',
                                                                                               'bicycle'],
                                                                               'name': 'bicycle',
                                                                               'num_class': 2},
                                                                              {'class_names': ['pedestrian',
                                                                                               'traffic_cone'],
                                                                               'name': 'pedestrian',
                                                                               'num_class': 2}],
                                                                    'type': 'CenterPointTarget'},
                                                         'task_weight': 1.0,
                                                         'type': 'BevFusionCenterPointDetDecoder'},
                                                        {'camera_input': True,
                                                         'lidar_input': True,
                                                         'loss_occ': {'ignore_index': 255,
                                                                      'loss_weight': 6.0,
                                                                      'type': 'CrossEntropyLoss',
                                                                      'use_sigmoid': False},
                                                         'num_classes': 18,
                                                         'occ_head': {'Dz': 16,
                                                                      'in_dim': 256,
                                                                      'num_classes': 18,
                                                                      'out_dim': 128,
                                                                      'type': 'BEVOCCHead2D',
                                                                      'use_predicter': True,
                                                                      'use_upsample': True},
                                                         'roi_resizer': {'in_strides': [1],
                                                                         'roi_resize_cfgs': [{'in_stride': 1,
                                                                                              'roi_box': [14,
                                                                                                          14,
                                                                                                          114,
                                                                                                          114]}],
                                                                         'type': 'RoiResize'},
                                                         'type': 'BevformerOccDetDecoder',
                                                         'use_mask': True}],
                                       'bev_h': 128,
                                       'bev_w': 128,
                                       'camera_network': {'backbone': {'act_layer': ['nn.GELU',
                                                                                     'nn.GELU',
                                                                                     'nn.GELU',
                                                                                     'nn.GELU'],
                                                                       'attention_block_num': [0,
                                                                                               0,
                                                                                               0,
                                                                                               0],
                                                                       'block_cls': ['GroupDWCB',
                                                                                     'GroupDWCB',
                                                                                     'AltDWCB',
                                                                                     'DWCB'],
                                                                       'block_nums': [4,
                                                                                      3,
                                                                                      8,
                                                                                      6],
                                                                       'down_cls': ['S2DDown',
                                                                                    'S2DDown',
                                                                                    'S2DDown',
                                                                                    'None'],
                                                                       'embed_dims': [64,
                                                                                      128,
                                                                                      192,
                                                                                      384],
                                                                       'extra_act': [False,
                                                                                     False,
                                                                                     False,
                                                                                     False],
                                                                       'feature_mix_channel': 1024,
                                                                       'final_expand_channel': 0,
                                                                       'in_channels': 3,
                                                                       'include_top': False,
                                                                       'layer_scale_init_value': 1e-05,
                                                                       'mlp_ratio_attn': 2,
                                                                       'mlp_ratios': [2,
                                                                                      2,
                                                                                      2,
                                                                                      3],
                                                                       'num_classes': 1000,
                                                                       'patch_embed': 'origin',
                                                                       'type': 'HENet',
                                                                       'use_layer_scale': [True,
                                                                                           True,
                                                                                           True,
                                                                                           True]},
                                                          'neck': {'bn_kwargs': {'eps': 1e-05,
                                                                                 'momentum': 0.1},
                                                                   'in_channels': [384],
                                                                   'in_strides': [32],
                                                                   'out_channels': [256],
                                                                   'out_strides': [32],
                                                                   'type': 'FPN'},
                                                          'out_indices': [-1],
                                                          'type': 'BevFormer',
                                                          'view_transformer': {'bev_h': 128,
                                                                               'bev_w': 128,
                                                                               'embed_dims': 256,
                                                                               'encoder': {'bev_h': 128,
                                                                                           'bev_w': 128,
                                                                                           'embed_dims': 256,
                                                                                           'encoder_layer': {'crossattention': {'bev_h': 128,
                                                                                                                                'bev_w': 128,
                                                                                                                                'deformable_attention': {'embed_dims': 256,
                                                                                                                                                         'feats_size': [[30,
                                                                                                                                                                         16]],
                                                                                                                                                         'grid_align_num': 64,
                                                                                                                                                         'num_levels': 1,
                                                                                                                                                         'num_points': 2,
                                                                                                                                                         'type': 'HorizonMultiScaleDeformableAttention3D'},
                                                                                                                                'embed_dims': 256,
                                                                                                                                'max_camoverlap_num': 2,
                                                                                                                                'type': 'HorizonSpatialCrossAttention'},
                                                                                                             'dropout': 0.1,
                                                                                                             'embed_dims': 256,
                                                                                                             'selfattention': {'batch_first': True,
                                                                                                                               'embed_dims': 256,
                                                                                                                               'feats_size': [[128,
                                                                                                                                               128]],
                                                                                                                               'grid_align_num': 4,
                                                                                                                               'num_levels': 1,
                                                                                                                               'num_points': 2,
                                                                                                                               'type': 'HorizonMultiScaleDeformableAttention'},
                                                                                                             'type': 'SingleBEVFormerEncoderLayer'},
                                                                                           'num_layers': 1,
                                                                                           'return_intermediate': False,
                                                                                           'type': 'SingleBEVFormerEncoder'},
                                                                               'in_indices': [-1],
                                                                               'max_camoverlap_num': 2,
                                                                               'num_points_in_pillar': 2,
                                                                               'pc_range': [-51.2,
                                                                                            -51.2,
                                                                                            -5.0,
                                                                                            51.2,
                                                                                            51.2,
                                                                                            3.0],
                                                                               'positional_encoding': {'col_num_embed': 128,
                                                                                                       'num_feats': 128,
                                                                                                       'row_num_embed': 128,
                                                                                                       'type': 'LearnedPositionalEncoding'},
                                                                               'queue_length': 1,
                                                                               'single_bev': True,
                                                                               'type': 'SingleBevFormerViewTransformer',
                                                                               'use_lidar2img': True,
                                                                               'virtual_bev_h': 64,
                                                                               'virtual_bev_w': 80}},
                                       'fuse_module': {'fuse_c': 256,
                                                       'input_c': 640,
                                                       'type': 'BevFuseModule'},
                                       'lidar_network': {'backbone': {'num_input_features': 64,
                                                                      'quantize': True,
                                                                      'type': 'PointPillarScatter',
                                                                      'use_horizon_pillar_scatter': True},
                                                         'feature_map_shape': array([512, 512,   1]),
                                                         'neck': {'bn_kwargs': None,
                                                                  'down_layer_channels': [64,
                                                                                          128,
                                                                                          256],
                                                                  'down_layer_nums': [3,
                                                                                      5,
                                                                                      5],
                                                                  'down_layer_strides': [2,
                                                                                         2,
                                                                                         2],
                                                                  'in_feature_channel': 64,
                                                                  'quantize': True,
                                                                  'type': 'SECONDNeck',
                                                                  'up_layer_channels': [128,
                                                                                        128,
                                                                                        128],
                                                                  'up_layer_strides': [0.5,
                                                                                       1,
                                                                                       2],
                                                                  'use_relu6': False},
                                                         'pre_process': {'fixed_voxels_num': 30000,
                                                                         'max_points_in_voxel': 20,
                                                                         'max_voxels_num': [30000,
                                                                                            40000],
                                                                         'norm_dims': [0,
                                                                                       1,
                                                                                       2,
                                                                                       3],
                                                                         'norm_range': [-51.2,
                                                                                        -51.2,
                                                                                        -5.0,
                                                                                        0.0,
                                                                                        51.2,
                                                                                        51.2,
                                                                                        3.0,
                                                                                        255.0],
                                                                         'pc_range': [-51.2,
                                                                                      -51.2,
                                                                                      -5.0,
                                                                                      51.2,
                                                                                      51.2,
                                                                                      3.0],
                                                                         'type': 'PaddedCenterPointPreProcess',
                                                                         'voxel_size': [0.2,
                                                                                        0.2,
                                                                                        8]},
                                                         'reader': {'bn_kwargs': None,
                                                                    'hw_reverse': True,
                                                                    'num_filters': [64],
                                                                    'num_input_features': 5,
                                                                    'pc_range': [-51.2,
                                                                                 -51.2,
                                                                                 -5.0,
                                                                                 51.2,
                                                                                 51.2,
                                                                                 3.0],
                                                                    'pool_size': [20,
                                                                                  1],
                                                                    'quantize': True,
                                                                    'type': 'PillarFeatureNet',
                                                                    'use_4dim': True,
                                                                    'use_conv': True,
                                                                    'voxel_size': [0.2,
                                                                                   0.2,
                                                                                   8],
                                                                    'with_distance': False},
                                                         'type': 'CenterPointDetector'},
                                       'type': 'BevFusion'},
                      'ir_model': {'model_path': './tmp_models/bevfusion_centerpoint_pointpillar_henet_multisensor_multitask_nuscenes/quantized.bc',
                                   'type': 'HbirModule'},
                      'type': 'BevFusionHbirInfer'},
 'horizon': <module 'horizon_plugin_pytorch' from '/usr/local/lib/python3.10/dist-packages/horizon_plugin_pytorch/__init__.py'>,
 'image_pad': <function image_pad at 0x7fe0569d65f0>,
 'infer_cfg': {'gen_inputs_cfg': {'dataset': {'bev_range': [-51.2,
                                                            -51.2,
                                                            -5.0,
                                                            51.2,
                                                            51.2,
                                                            3.0],
                                              'load_dim': 5,
                                              'map_path': None,
                                              'map_size': None,
                                              'need_lidar': True,
                                              'num_seq': 1,
                                              'num_sweeps': 9,
                                              'split_name': 'val',
                                              'src_data_dir': './data/nuscenes',
                                              'transforms': None,
                                              'type': 'NuscenesFromImageSequence',
                                              'use_dim': [0, 1, 2, 3, 4],
                                              'version': 'v1.0-trainval',
                                              'with_bev_bboxes': False,
                                              'with_bev_mask': False,
                                              'with_ego_bboxes': True,
                                              'with_lidar_bboxes': True,
                                              'with_lidar_occ': True},
                                  'inputs_save_func': <function inputs_save_func at 0x7fe0458faf80>,
                                  'sample_idx': [0]},
               'input_path': './demo/bevfusion_centerpoint_pointpillar_henet_multisensor_multitask_nuscenes',
               'model': {'deploy_model': {'bev_decoders': [{'bev_size': [51.2,
                                                                         51.2,
                                                                         0.8],
                                                            'decode_to_lidar': True,
                                                            'decoder': {'bev_size': [51.2,
                                                                                     51.2,
                                                                                     0.8],
                                                                        'class_names': ['car',
                                                                                        'truck',
                                                                                        'trailer',
                                                                                        'bus',
                                                                                        'construction_vehicle',
                                                                                        'bicycle',
                                                                                        'motorcycle',
                                                                                        'pedestrian',
                                                                                        'traffic_cone',
                                                                                        'barrier'],
                                                                        'decode_to_ego': False,
                                                                        'min_radius': [4,
                                                                                       12,
                                                                                       10,
                                                                                       1,
                                                                                       0.85,
                                                                                       0.175],
                                                                        'nms_threshold': [0.2,
                                                                                          0.2,
                                                                                          0.2,
                                                                                          0.2,
                                                                                          0.2,
                                                                                          0.5],
                                                                        'nms_type': ['rotate',
                                                                                     'rotate',
                                                                                     'rotate',
                                                                                     'circle',
                                                                                     'rotate',
                                                                                     'rotate'],
                                                                        'norm_bbox': True,
                                                                        'out_size_factor': 1,
                                                                        'score_threshold': 0.1,
                                                                        'tasks': [{'class_names': ['car'],
                                                                                   'name': 'car',
                                                                                   'num_class': 1},
                                                                                  {'class_names': ['truck',
                                                                                                   'construction_vehicle'],
                                                                                   'name': 'truck',
                                                                                   'num_class': 2},
                                                                                  {'class_names': ['bus',
                                                                                                   'trailer'],
                                                                                   'name': 'bus',
                                                                                   'num_class': 2},
                                                                                  {'class_names': ['barrier'],
                                                                                   'name': 'barrier',
                                                                                   'num_class': 1},
                                                                                  {'class_names': ['motorcycle',
                                                                                                   'bicycle'],
                                                                                   'name': 'bicycle',
                                                                                   'num_class': 2},
                                                                                  {'class_names': ['pedestrian',
                                                                                                   'traffic_cone'],
                                                                                   'name': 'pedestrian',
                                                                                   'num_class': 2}],
                                                                        'type': 'CenterPointDecoder',
                                                                        'use_max_pool': True},
                                                            'head': {'common_heads': {'dim': [3,
                                                                                              2],
                                                                                      'height': [1,
                                                                                                 2],
                                                                                      'reg': [2,
                                                                                              2],
                                                                                      'rot': [2,
                                                                                              2],
                                                                                      'vel': [2,
                                                                                              2]},
                                                                     'final_kernel': 3,
                                                                     'head_conv_channels': 64,
                                                                     'in_channels': 256,
                                                                     'init_bias': -2.19,
                                                                     'num_heatmap_convs': 2,
                                                                     'share_conv_channels': 64,
                                                                     'share_conv_num': 1,
                                                                     'tasks': [{'class_names': ['car'],
                                                                                'name': 'car',
                                                                                'num_class': 1},
                                                                               {'class_names': ['truck',
                                                                                                'construction_vehicle'],
                                                                                'name': 'truck',
                                                                                'num_class': 2},
                                                                               {'class_names': ['bus',
                                                                                                'trailer'],
                                                                                'name': 'bus',
                                                                                'num_class': 2},
                                                                               {'class_names': ['barrier'],
                                                                                'name': 'barrier',
                                                                                'num_class': 1},
                                                                               {'class_names': ['motorcycle',
                                                                                                'bicycle'],
                                                                                'name': 'bicycle',
                                                                                'num_class': 2},
                                                                               {'class_names': ['pedestrian',
                                                                                                'traffic_cone'],
                                                                                'name': 'pedestrian',
                                                                                'num_class': 2}],
                                                                     'type': 'DepthwiseSeparableCenterPointHead'},
                                                            'loss_cls': {'loss_weight': 1.0,
                                                                         'type': 'GaussianFocalLoss'},
                                                            'loss_reg': {'loss_weight': 0.25,
                                                                         'type': 'L1Loss'},
                                                            'name': 'bev_det',
                                                            'point_cloud_range': [-51.2,
                                                                                  -51.2,
                                                                                  -5.0,
                                                                                  51.2,
                                                                                  51.2,
                                                                                  3.0],
                                                            'target': {'bbox_weight': [1.0,
                                                                                       1.0,
                                                                                       1.0,
                                                                                       1.0,
                                                                                       1.0,
                                                                                       1.0,
                                                                                       1.0,
                                                                                       1.0,
                                                                                       0.2,
                                                                                       0.2],
                                                                       'class_names': ['car',
                                                                                       'truck',
                                                                                       'trailer',
                                                                                       'bus',
                                                                                       'construction_vehicle',
                                                                                       'bicycle',
                                                                                       'motorcycle',
                                                                                       'pedestrian',
                                                                                       'traffic_cone',
                                                                                       'barrier'],
                                                                       'gaussian_overlap': 0.1,
                                                                       'max_num': 500,
                                                                       'min_radius': 2,
                                                                       'norm_bbox': True,
                                                                       'out_size_factor': 1,
                                                                       'tasks': [{'class_names': ['car'],
                                                                                  'name': 'car',
                                                                                  'num_class': 1},
                                                                                 {'class_names': ['truck',
                                                                                                  'construction_vehicle'],
                                                                                  'name': 'truck',
                                                                                  'num_class': 2},
                                                                                 {'class_names': ['bus',
                                                                                                  'trailer'],
                                                                                  'name': 'bus',
                                                                                  'num_class': 2},
                                                                                 {'class_names': ['barrier'],
                                                                                  'name': 'barrier',
                                                                                  'num_class': 1},
                                                                                 {'class_names': ['motorcycle',
                                                                                                  'bicycle'],
                                                                                  'name': 'bicycle',
                                                                                  'num_class': 2},
                                                                                 {'class_names': ['pedestrian',
                                                                                                  'traffic_cone'],
                                                                                  'name': 'pedestrian',
                                                                                  'num_class': 2}],
                                                                       'type': 'CenterPointTarget'},
                                                            'task_weight': 1.0,
                                                            'type': 'BevFusionCenterPointDetDecoder'},
                                                           {'camera_input': True,
                                                            'lidar_input': True,
                                                            'loss_occ': {'ignore_index': 255,
                                                                         'loss_weight': 6.0,
                                                                         'type': 'CrossEntropyLoss',
                                                                         'use_sigmoid': False},
                                                            'num_classes': 18,
                                                            'occ_head': {'Dz': 16,
                                                                         'in_dim': 256,
                                                                         'num_classes': 18,
                                                                         'out_dim': 128,
                                                                         'type': 'BEVOCCHead2D',
                                                                         'use_predicter': True,
                                                                         'use_upsample': True},
                                                            'roi_resizer': {'in_strides': [1],
                                                                            'roi_resize_cfgs': [{'in_stride': 1,
                                                                                                 'roi_box': [14,
                                                                                                             14,
                                                                                                             114,
                                                                                                             114]}],
                                                                            'type': 'RoiResize'},
                                                            'type': 'BevformerOccDetDecoder',
                                                            'use_mask': True}],
                                          'bev_h': 128,
                                          'bev_w': 128,
                                          'camera_network': {'backbone': {'act_layer': ['nn.GELU',
                                                                                        'nn.GELU',
                                                                                        'nn.GELU',
                                                                                        'nn.GELU'],
                                                                          'attention_block_num': [0,
                                                                                                  0,
                                                                                                  0,
                                                                                                  0],
                                                                          'block_cls': ['GroupDWCB',
                                                                                        'GroupDWCB',
                                                                                        'AltDWCB',
                                                                                        'DWCB'],
                                                                          'block_nums': [4,
                                                                                         3,
                                                                                         8,
                                                                                         6],
                                                                          'down_cls': ['S2DDown',
                                                                                       'S2DDown',
                                                                                       'S2DDown',
                                                                                       'None'],
                                                                          'embed_dims': [64,
                                                                                         128,
                                                                                         192,
                                                                                         384],
                                                                          'extra_act': [False,
                                                                                        False,
                                                                                        False,
                                                                                        False],
                                                                          'feature_mix_channel': 1024,
                                                                          'final_expand_channel': 0,
                                                                          'in_channels': 3,
                                                                          'include_top': False,
                                                                          'layer_scale_init_value': 1e-05,
                                                                          'mlp_ratio_attn': 2,
                                                                          'mlp_ratios': [2,
                                                                                         2,
                                                                                         2,
                                                                                         3],
                                                                          'num_classes': 1000,
                                                                          'patch_embed': 'origin',
                                                                          'type': 'HENet',
                                                                          'use_layer_scale': [True,
                                                                                              True,
                                                                                              True,
                                                                                              True]},
                                                             'neck': {'bn_kwargs': {'eps': 1e-05,
                                                                                    'momentum': 0.1},
                                                                      'in_channels': [384],
                                                                      'in_strides': [32],
                                                                      'out_channels': [256],
                                                                      'out_strides': [32],
                                                                      'type': 'FPN'},
                                                             'out_indices': [-1],
                                                             'type': 'BevFormer',
                                                             'view_transformer': {'bev_h': 128,
                                                                                  'bev_w': 128,
                                                                                  'embed_dims': 256,
                                                                                  'encoder': {'bev_h': 128,
                                                                                              'bev_w': 128,
                                                                                              'embed_dims': 256,
                                                                                              'encoder_layer': {'crossattention': {'bev_h': 128,
                                                                                                                                   'bev_w': 128,
                                                                                                                                   'deformable_attention': {'embed_dims': 256,
                                                                                                                                                            'feats_size': [[30,
                                                                                                                                                                            16]],
                                                                                                                                                            'grid_align_num': 64,
                                                                                                                                                            'num_levels': 1,
                                                                                                                                                            'num_points': 2,
                                                                                                                                                            'type': 'HorizonMultiScaleDeformableAttention3D'},
                                                                                                                                   'embed_dims': 256,
                                                                                                                                   'max_camoverlap_num': 2,
                                                                                                                                   'type': 'HorizonSpatialCrossAttention'},
                                                                                                                'dropout': 0.1,
                                                                                                                'embed_dims': 256,
                                                                                                                'selfattention': {'batch_first': True,
                                                                                                                                  'embed_dims': 256,
                                                                                                                                  'feats_size': [[128,
                                                                                                                                                  128]],
                                                                                                                                  'grid_align_num': 4,
                                                                                                                                  'num_levels': 1,
                                                                                                                                  'num_points': 2,
                                                                                                                                  'type': 'HorizonMultiScaleDeformableAttention'},
                                                                                                                'type': 'SingleBEVFormerEncoderLayer'},
                                                                                              'num_layers': 1,
                                                                                              'return_intermediate': False,
                                                                                              'type': 'SingleBEVFormerEncoder'},
                                                                                  'in_indices': [-1],
                                                                                  'max_camoverlap_num': 2,
                                                                                  'num_points_in_pillar': 2,
                                                                                  'pc_range': [-51.2,
                                                                                               -51.2,
                                                                                               -5.0,
                                                                                               51.2,
                                                                                               51.2,
                                                                                               3.0],
                                                                                  'positional_encoding': {'col_num_embed': 128,
                                                                                                          'num_feats': 128,
                                                                                                          'row_num_embed': 128,
                                                                                                          'type': 'LearnedPositionalEncoding'},
                                                                                  'queue_length': 1,
                                                                                  'single_bev': True,
                                                                                  'type': 'SingleBevFormerViewTransformer',
                                                                                  'use_lidar2img': True,
                                                                                  'virtual_bev_h': 64,
                                                                                  'virtual_bev_w': 80}},
                                          'fuse_module': {'fuse_c': 256,
                                                          'input_c': 640,
                                                          'type': 'BevFuseModule'},
                                          'lidar_network': {'backbone': {'num_input_features': 64,
                                                                         'quantize': True,
                                                                         'type': 'PointPillarScatter',
                                                                         'use_horizon_pillar_scatter': True},
                                                            'feature_map_shape': array([512, 512,   1]),
                                                            'neck': {'bn_kwargs': None,
                                                                     'down_layer_channels': [64,
                                                                                             128,
                                                                                             256],
                                                                     'down_layer_nums': [3,
                                                                                         5,
                                                                                         5],
                                                                     'down_layer_strides': [2,
                                                                                            2,
                                                                                            2],
                                                                     'in_feature_channel': 64,
                                                                     'quantize': True,
                                                                     'type': 'SECONDNeck',
                                                                     'up_layer_channels': [128,
                                                                                           128,
                                                                                           128],
                                                                     'up_layer_strides': [0.5,
                                                                                          1,
                                                                                          2],
                                                                     'use_relu6': False},
                                                            'pre_process': {'fixed_voxels_num': 30000,
                                                                            'max_points_in_voxel': 20,
                                                                            'max_voxels_num': [30000,
                                                                                               40000],
                                                                            'norm_dims': [0,
                                                                                          1,
                                                                                          2,
                                                                                          3],
                                                                            'norm_range': [-51.2,
                                                                                           -51.2,
                                                                                           -5.0,
                                                                                           0.0,
                                                                                           51.2,
                                                                                           51.2,
                                                                                           3.0,
                                                                                           255.0],
                                                                            'pc_range': [-51.2,
                                                                                         -51.2,
                                                                                         -5.0,
                                                                                         51.2,
                                                                                         51.2,
                                                                                         3.0],
                                                                            'type': 'PaddedCenterPointPreProcess',
                                                                            'voxel_size': [0.2,
                                                                                           0.2,
                                                                                           8]},
                                                            'reader': {'bn_kwargs': None,
                                                                       'hw_reverse': True,
                                                                       'num_filters': [64],
                                                                       'num_input_features': 5,
                                                                       'pc_range': [-51.2,
                                                                                    -51.2,
                                                                                    -5.0,
                                                                                    51.2,
                                                                                    51.2,
                                                                                    3.0],
                                                                       'pool_size': [20,
                                                                                     1],
                                                                       'quantize': True,
                                                                       'type': 'PillarFeatureNet',
                                                                       'use_4dim': True,
                                                                       'use_conv': True,
                                                                       'voxel_size': [0.2,
                                                                                      0.2,
                                                                                      8],
                                                                       'with_distance': False},
                                                            'type': 'CenterPointDetector'},
                                          'type': 'BevFusion'},
                         'ir_model': {'model_path': './tmp_models/bevfusion_centerpoint_pointpillar_henet_multisensor_multitask_nuscenes/quantized.bc',
                                      'type': 'HbirModule'},
                         'type': 'BevFusionHbirInfer'},
               'prepare_inputs': <function prepare_inputs at 0x7fe0458fadd0>,
               'process_inputs': <function process_inputs at 0x7fe0458fae60>,
               'process_outputs': <function process_outputs at 0x7fe0458faef0>,
               'viz_func': {'bev_size': [51.2, 51.2, 0.8],
                            'is_plot': True,
                            'occ_viz': {'type': 'OccViz',
                                        'vcs_range': [-40.0,
                                                      -40.0,
                                                      -1.0,
                                                      40.0,
                                                      40.0,
                                                      5.4],
                                        'vis_bev_2d': True},
                            'score_thresh': 0.3,
                            'type': 'NuscenesMultitaskViz',
                            'use_bce': False}},
 'infer_transforms': [{'size': [512, 960], 'type': 'MultiViewsImgResize'},
                      {'transforms': [{'type': 'PILToTensor'},
                                      {'divisor': 32, 'type': 'Pad'},
                                      {'rgb_input': True,
                                       'type': 'BgrToYuv444'},
                                      {'mean': 128.0,
                                       'std': 128.0,
                                       'type': 'Normalize'}],
                       'type': 'MultiViewsImgTransformWrapper'}],
 'input_size': [512, 960],
 'inputs_save_func': <function inputs_save_func at 0x7fe0458faf80>,
 'int_infer_data_loader': {'batch_size': 1,
                           'collate_fn': functools.partial(<function collate_bevfusion_centerpoint at 0x7fe0458f9f30>, bev_size=(51.2, 51.2, 0.8), point_cloud_range=[-51.2, -51.2, -5.0, 51.2, 51.2, 3.0], max_lidar_points=120000),
                           'dataset': {'bev_range': [-51.2,
                                                     -51.2,
                                                     -5.0,
                                                     51.2,
                                                     51.2,
                                                     3.0],
                                       'data_path': 'data/nuscenes/pack/horizon_bevfusion_nuscenes/val_lmdb/',
                                       'load_dim': 5,
                                       'map_path': None,
                                       'map_size': None,
                                       'need_lidar': True,
                                       'num_seq': 1,
                                       'num_sweeps': 9,
                                       'transforms': [{'size': [512, 960],
                                                       'type': 'MultiViewsImgResize'},
                                                      {'transforms': [{'type': 'PILToTensor'},
                                                                      {'divisor': 32,
                                                                       'type': 'Pad'},
                                                                      {'rgb_input': True,
                                                                       'type': 'BgrToYuv444'},
                                                                      {'mean': 128.0,
                                                                       'std': 128.0,
                                                                       'type': 'Normalize'}],
                                                       'type': 'MultiViewsImgTransformWrapper'}],
                                       'type': 'NuscenesBevSequenceDataset',
                                       'use_dim': [0, 1, 2, 3, 4],
                                       'with_bev_bboxes': False,
                                       'with_bev_mask': False,
                                       'with_ego_bboxes': True,
                                       'with_lidar_bboxes': True,
                                       'with_lidar_occ': True},
                           'num_workers': 4,
                           'pin_memory': True,
                           'sampler': {'type': <class 'torch.utils.data.distributed.DistributedSampler'>},
                           'shuffle': False,
                           'type': <class 'torch.utils.data.dataloader.DataLoader'>},
 'int_infer_predictor': {'batch_processor': {'loss_collector': None,
                                             'need_grad_update': False,
                                             'type': 'MultiBatchProcessor'},
                         'callbacks': [{'epoch_log_freq': 1,
                                        'log_prefix': 'Validation '
                                                      'bevfusion_centerpoint_pointpillar_henet_multisensor_multitask_nuscenes',
                                        'metric_update_func': <function update_metric at 0x7fe0458fa8c0>,
                                        'step_log_freq': 10000,
                                        'type': 'MetricUpdater'}],
                         'data_loader': {'batch_size': 1,
                                         'collate_fn': functools.partial(<function collate_bevfusion_centerpoint at 0x7fe0458f9f30>, bev_size=(51.2, 51.2, 0.8), point_cloud_range=[-51.2, -51.2, -5.0, 51.2, 51.2, 3.0], max_lidar_points=120000),
                                         'dataset': {'bev_range': [-51.2,
                                                                   -51.2,
                                                                   -5.0,
                                                                   51.2,
                                                                   51.2,
                                                                   3.0],
                                                     'data_path': 'data/nuscenes/pack/horizon_bevfusion_nuscenes/val_lmdb/',
                                                     'load_dim': 5,
                                                     'map_path': None,
                                                     'map_size': None,
                                                     'need_lidar': True,
                                                     'num_seq': 1,
                                                     'num_sweeps': 9,
                                                     'transforms': [{'size': [512,
                                                                              960],
                                                                     'type': 'MultiViewsImgResize'},
                                                                    {'transforms': [{'type': 'PILToTensor'},
                                                                                    {'divisor': 32,
                                                                                     'type': 'Pad'},
                                                                                    {'rgb_input': True,
                                                                                     'type': 'BgrToYuv444'},
                                                                                    {'mean': 128.0,
                                                                                     'std': 128.0,
                                                                                     'type': 'Normalize'}],
                                                                     'type': 'MultiViewsImgTransformWrapper'}],
                                                     'type': 'NuscenesBevSequenceDataset',
                                                     'use_dim': [0, 1, 2, 3, 4],
                                                     'with_bev_bboxes': False,
                                                     'with_bev_mask': False,
                                                     'with_ego_bboxes': True,
                                                     'with_lidar_bboxes': True,
                                                     'with_lidar_occ': True},
                                         'num_workers': 4,
                                         'pin_memory': True,
                                         'sampler': {'type': <class 'torch.utils.data.distributed.DistributedSampler'>},
                                         'shuffle': False,
                                         'type': <class 'torch.utils.data.dataloader.DataLoader'>},
                         'device': None,
                         'log_interval': 1,
                         'metrics': [{'classes': ['car',
                                                  'truck',
                                                  'trailer',
                                                  'bus',
                                                  'construction_vehicle',
                                                  'bicycle',
                                                  'motorcycle',
                                                  'pedestrian',
                                                  'traffic_cone',
                                                  'barrier'],
                                      'data_root': 'data/nuscenes',
                                      'lidar_key': 'sensor2ego',
                                      'save_prefix': './metric_results/bevfusion_centerpoint_pointpillar_henet_multisensor_multitask_nuscenes',
                                      'trans_lidar_dim': True,
                                      'trans_lidar_rot': False,
                                      'type': 'NuscenesMetric',
                                      'use_lidar': True,
                                      'version': 'v1.0-trainval'},
                                     {'ignore_index': 17,
                                      'seg_class': ['others',
                                                    'barrier',
                                                    'bicycle',
                                                    'bus',
                                                    'car',
                                                    'construction_vehicle',
                                                    'motorcycle',
                                                    'pedestrian',
                                                    'traffic_cone',
                                                    'trailer',
                                                    'truck',
                                                    'driveable_surface',
                                                    'other_flat',
                                                    'sidewalk',
                                                    'terrain',
                                                    'manmade',
                                                    'vegetation'],
                                      'type': 'MeanIOU'}],
                         'model': {'deploy_model': {'bev_decoders': [{'bev_size': [51.2,
                                                                                   51.2,
                                                                                   0.8],
                                                                      'decode_to_lidar': True,
                                                                      'decoder': {'bev_size': [51.2,
                                                                                               51.2,
                                                                                               0.8],
                                                                                  'class_names': ['car',
                                                                                                  'truck',
                                                                                                  'trailer',
                                                                                                  'bus',
                                                                                                  'construction_vehicle',
                                                                                                  'bicycle',
                                                                                                  'motorcycle',
                                                                                                  'pedestrian',
                                                                                                  'traffic_cone',
                                                                                                  'barrier'],
                                                                                  'decode_to_ego': False,
                                                                                  'min_radius': [4,
                                                                                                 12,
                                                                                                 10,
                                                                                                 1,
                                                                                                 0.85,
                                                                                                 0.175],
                                                                                  'nms_threshold': [0.2,
                                                                                                    0.2,
                                                                                                    0.2,
                                                                                                    0.2,
                                                                                                    0.2,
                                                                                                    0.5],
                                                                                  'nms_type': ['rotate',
                                                                                               'rotate',
                                                                                               'rotate',
                                                                                               'circle',
                                                                                               'rotate',
                                                                                               'rotate'],
                                                                                  'norm_bbox': True,
                                                                                  'out_size_factor': 1,
                                                                                  'score_threshold': 0.1,
                                                                                  'tasks': [{'class_names': ['car'],
                                                                                             'name': 'car',
                                                                                             'num_class': 1},
                                                                                            {'class_names': ['truck',
                                                                                                             'construction_vehicle'],
                                                                                             'name': 'truck',
                                                                                             'num_class': 2},
                                                                                            {'class_names': ['bus',
                                                                                                             'trailer'],
                                                                                             'name': 'bus',
                                                                                             'num_class': 2},
                                                                                            {'class_names': ['barrier'],
                                                                                             'name': 'barrier',
                                                                                             'num_class': 1},
                                                                                            {'class_names': ['motorcycle',
                                                                                                             'bicycle'],
                                                                                             'name': 'bicycle',
                                                                                             'num_class': 2},
                                                                                            {'class_names': ['pedestrian',
                                                                                                             'traffic_cone'],
                                                                                             'name': 'pedestrian',
                                                                                             'num_class': 2}],
                                                                                  'type': 'CenterPointDecoder',
                                                                                  'use_max_pool': True},
                                                                      'head': {'common_heads': {'dim': [3,
                                                                                                        2],
                                                                                                'height': [1,
                                                                                                           2],
                                                                                                'reg': [2,
                                                                                                        2],
                                                                                                'rot': [2,
                                                                                                        2],
                                                                                                'vel': [2,
                                                                                                        2]},
                                                                               'final_kernel': 3,
                                                                               'head_conv_channels': 64,
                                                                               'in_channels': 256,
                                                                               'init_bias': -2.19,
                                                                               'num_heatmap_convs': 2,
                                                                               'share_conv_channels': 64,
                                                                               'share_conv_num': 1,
                                                                               'tasks': [{'class_names': ['car'],
                                                                                          'name': 'car',
                                                                                          'num_class': 1},
                                                                                         {'class_names': ['truck',
                                                                                                          'construction_vehicle'],
                                                                                          'name': 'truck',
                                                                                          'num_class': 2},
                                                                                         {'class_names': ['bus',
                                                                                                          'trailer'],
                                                                                          'name': 'bus',
                                                                                          'num_class': 2},
                                                                                         {'class_names': ['barrier'],
                                                                                          'name': 'barrier',
                                                                                          'num_class': 1},
                                                                                         {'class_names': ['motorcycle',
                                                                                                          'bicycle'],
                                                                                          'name': 'bicycle',
                                                                                          'num_class': 2},
                                                                                         {'class_names': ['pedestrian',
                                                                                                          'traffic_cone'],
                                                                                          'name': 'pedestrian',
                                                                                          'num_class': 2}],
                                                                               'type': 'DepthwiseSeparableCenterPointHead'},
                                                                      'loss_cls': {'loss_weight': 1.0,
                                                                                   'type': 'GaussianFocalLoss'},
                                                                      'loss_reg': {'loss_weight': 0.25,
                                                                                   'type': 'L1Loss'},
                                                                      'name': 'bev_det',
                                                                      'point_cloud_range': [-51.2,
                                                                                            -51.2,
                                                                                            -5.0,
                                                                                            51.2,
                                                                                            51.2,
                                                                                            3.0],
                                                                      'target': {'bbox_weight': [1.0,
                                                                                                 1.0,
                                                                                                 1.0,
                                                                                                 1.0,
                                                                                                 1.0,
                                                                                                 1.0,
                                                                                                 1.0,
                                                                                                 1.0,
                                                                                                 0.2,
                                                                                                 0.2],
                                                                                 'class_names': ['car',
                                                                                                 'truck',
                                                                                                 'trailer',
                                                                                                 'bus',
                                                                                                 'construction_vehicle',
                                                                                                 'bicycle',
                                                                                                 'motorcycle',
                                                                                                 'pedestrian',
                                                                                                 'traffic_cone',
                                                                                                 'barrier'],
                                                                                 'gaussian_overlap': 0.1,
                                                                                 'max_num': 500,
                                                                                 'min_radius': 2,
                                                                                 'norm_bbox': True,
                                                                                 'out_size_factor': 1,
                                                                                 'tasks': [{'class_names': ['car'],
                                                                                            'name': 'car',
                                                                                            'num_class': 1},
                                                                                           {'class_names': ['truck',
                                                                                                            'construction_vehicle'],
                                                                                            'name': 'truck',
                                                                                            'num_class': 2},
                                                                                           {'class_names': ['bus',
                                                                                                            'trailer'],
                                                                                            'name': 'bus',
                                                                                            'num_class': 2},
                                                                                           {'class_names': ['barrier'],
                                                                                            'name': 'barrier',
                                                                                            'num_class': 1},
                                                                                           {'class_names': ['motorcycle',
                                                                                                            'bicycle'],
                                                                                            'name': 'bicycle',
                                                                                            'num_class': 2},
                                                                                           {'class_names': ['pedestrian',
                                                                                                            'traffic_cone'],
                                                                                            'name': 'pedestrian',
                                                                                            'num_class': 2}],
                                                                                 'type': 'CenterPointTarget'},
                                                                      'task_weight': 1.0,
                                                                      'type': 'BevFusionCenterPointDetDecoder'},
                                                                     {'camera_input': True,
                                                                      'lidar_input': True,
                                                                      'loss_occ': {'ignore_index': 255,
                                                                                   'loss_weight': 6.0,
                                                                                   'type': 'CrossEntropyLoss',
                                                                                   'use_sigmoid': False},
                                                                      'num_classes': 18,
                                                                      'occ_head': {'Dz': 16,
                                                                                   'in_dim': 256,
                                                                                   'num_classes': 18,
                                                                                   'out_dim': 128,
                                                                                   'type': 'BEVOCCHead2D',
                                                                                   'use_predicter': True,
                                                                                   'use_upsample': True},
                                                                      'roi_resizer': {'in_strides': [1],
                                                                                      'roi_resize_cfgs': [{'in_stride': 1,
                                                                                                           'roi_box': [14,
                                                                                                                       14,
                                                                                                                       114,
                                                                                                                       114]}],
                                                                                      'type': 'RoiResize'},
                                                                      'type': 'BevformerOccDetDecoder',
                                                                      'use_mask': True}],
                                                    'bev_h': 128,
                                                    'bev_w': 128,
                                                    'camera_network': {'backbone': {'act_layer': ['nn.GELU',
                                                                                                  'nn.GELU',
                                                                                                  'nn.GELU',
                                                                                                  'nn.GELU'],
                                                                                    'attention_block_num': [0,
                                                                                                            0,
                                                                                                            0,
                                                                                                            0],
                                                                                    'block_cls': ['GroupDWCB',
                                                                                                  'GroupDWCB',
                                                                                                  'AltDWCB',
                                                                                                  'DWCB'],
                                                                                    'block_nums': [4,
                                                                                                   3,
                                                                                                   8,
                                                                                                   6],
                                                                                    'down_cls': ['S2DDown',
                                                                                                 'S2DDown',
                                                                                                 'S2DDown',
                                                                                                 'None'],
                                                                                    'embed_dims': [64,
                                                                                                   128,
                                                                                                   192,
                                                                                                   384],
                                                                                    'extra_act': [False,
                                                                                                  False,
                                                                                                  False,
                                                                                                  False],
                                                                                    'feature_mix_channel': 1024,
                                                                                    'final_expand_channel': 0,
                                                                                    'in_channels': 3,
                                                                                    'include_top': False,
                                                                                    'layer_scale_init_value': 1e-05,
                                                                                    'mlp_ratio_attn': 2,
                                                                                    'mlp_ratios': [2,
                                                                                                   2,
                                                                                                   2,
                                                                                                   3],
                                                                                    'num_classes': 1000,
                                                                                    'patch_embed': 'origin',
                                                                                    'type': 'HENet',
                                                                                    'use_layer_scale': [True,
                                                                                                        True,
                                                                                                        True,
                                                                                                        True]},
                                                                       'neck': {'bn_kwargs': {'eps': 1e-05,
                                                                                              'momentum': 0.1},
                                                                                'in_channels': [384],
                                                                                'in_strides': [32],
                                                                                'out_channels': [256],
                                                                                'out_strides': [32],
                                                                                'type': 'FPN'},
                                                                       'out_indices': [-1],
                                                                       'type': 'BevFormer',
                                                                       'view_transformer': {'bev_h': 128,
                                                                                            'bev_w': 128,
                                                                                            'embed_dims': 256,
                                                                                            'encoder': {'bev_h': 128,
                                                                                                        'bev_w': 128,
                                                                                                        'embed_dims': 256,
                                                                                                        'encoder_layer': {'crossattention': {'bev_h': 128,
                                                                                                                                             'bev_w': 128,
                                                                                                                                             'deformable_attention': {'embed_dims': 256,
                                                                                                                                                                      'feats_size': [[30,
                                                                                                                                                                                      16]],
                                                                                                                                                                      'grid_align_num': 64,
                                                                                                                                                                      'num_levels': 1,
                                                                                                                                                                      'num_points': 2,
                                                                                                                                                                      'type': 'HorizonMultiScaleDeformableAttention3D'},
                                                                                                                                             'embed_dims': 256,
                                                                                                                                             'max_camoverlap_num': 2,
                                                                                                                                             'type': 'HorizonSpatialCrossAttention'},
                                                                                                                          'dropout': 0.1,
                                                                                                                          'embed_dims': 256,
                                                                                                                          'selfattention': {'batch_first': True,
                                                                                                                                            'embed_dims': 256,
                                                                                                                                            'feats_size': [[128,
                                                                                                                                                            128]],
                                                                                                                                            'grid_align_num': 4,
                                                                                                                                            'num_levels': 1,
                                                                                                                                            'num_points': 2,
                                                                                                                                            'type': 'HorizonMultiScaleDeformableAttention'},
                                                                                                                          'type': 'SingleBEVFormerEncoderLayer'},
                                                                                                        'num_layers': 1,
                                                                                                        'return_intermediate': False,
                                                                                                        'type': 'SingleBEVFormerEncoder'},
                                                                                            'in_indices': [-1],
                                                                                            'max_camoverlap_num': 2,
                                                                                            'num_points_in_pillar': 2,
                                                                                            'pc_range': [-51.2,
                                                                                                         -51.2,
                                                                                                         -5.0,
                                                                                                         51.2,
                                                                                                         51.2,
                                                                                                         3.0],
                                                                                            'positional_encoding': {'col_num_embed': 128,
                                                                                                                    'num_feats': 128,
                                                                                                                    'row_num_embed': 128,
                                                                                                                    'type': 'LearnedPositionalEncoding'},
                                                                                            'queue_length': 1,
                                                                                            'single_bev': True,
                                                                                            'type': 'SingleBevFormerViewTransformer',
                                                                                            'use_lidar2img': True,
                                                                                            'virtual_bev_h': 64,
                                                                                            'virtual_bev_w': 80}},
                                                    'fuse_module': {'fuse_c': 256,
                                                                    'input_c': 640,
                                                                    'type': 'BevFuseModule'},
                                                    'lidar_network': {'backbone': {'num_input_features': 64,
                                                                                   'quantize': True,
                                                                                   'type': 'PointPillarScatter',
                                                                                   'use_horizon_pillar_scatter': True},
                                                                      'feature_map_shape': array([512, 512,   1]),
                                                                      'neck': {'bn_kwargs': None,
                                                                               'down_layer_channels': [64,
                                                                                                       128,
                                                                                                       256],
                                                                               'down_layer_nums': [3,
                                                                                                   5,
                                                                                                   5],
                                                                               'down_layer_strides': [2,
                                                                                                      2,
                                                                                                      2],
                                                                               'in_feature_channel': 64,
                                                                               'quantize': True,
                                                                               'type': 'SECONDNeck',
                                                                               'up_layer_channels': [128,
                                                                                                     128,
                                                                                                     128],
                                                                               'up_layer_strides': [0.5,
                                                                                                    1,
                                                                                                    2],
                                                                               'use_relu6': False},
                                                                      'pre_process': {'fixed_voxels_num': 30000,
                                                                                      'max_points_in_voxel': 20,
                                                                                      'max_voxels_num': [30000,
                                                                                                         40000],
                                                                                      'norm_dims': [0,
                                                                                                    1,
                                                                                                    2,
                                                                                                    3],
                                                                                      'norm_range': [-51.2,
                                                                                                     -51.2,
                                                                                                     -5.0,
                                                                                                     0.0,
                                                                                                     51.2,
                                                                                                     51.2,
                                                                                                     3.0,
                                                                                                     255.0],
                                                                                      'pc_range': [-51.2,
                                                                                                   -51.2,
                                                                                                   -5.0,
                                                                                                   51.2,
                                                                                                   51.2,
                                                                                                   3.0],
                                                                                      'type': 'PaddedCenterPointPreProcess',
                                                                                      'voxel_size': [0.2,
                                                                                                     0.2,
                                                                                                     8]},
                                                                      'reader': {'bn_kwargs': None,
                                                                                 'hw_reverse': True,
                                                                                 'num_filters': [64],
                                                                                 'num_input_features': 5,
                                                                                 'pc_range': [-51.2,
                                                                                              -51.2,
                                                                                              -5.0,
                                                                                              51.2,
                                                                                              51.2,
                                                                                              3.0],
                                                                                 'pool_size': [20,
                                                                                               1],
                                                                                 'quantize': True,
                                                                                 'type': 'PillarFeatureNet',
                                                                                 'use_4dim': True,
                                                                                 'use_conv': True,
                                                                                 'voxel_size': [0.2,
                                                                                                0.2,
                                                                                                8],
                                                                                 'with_distance': False},
                                                                      'type': 'CenterPointDetector'},
                                                    'type': 'BevFusion'},
                                   'ir_model': {'model_path': './tmp_models/bevfusion_centerpoint_pointpillar_henet_multisensor_multitask_nuscenes/quantized.bc',
                                                'type': 'HbirModule'},
                                   'type': 'BevFusionHbirInfer'},
                         'type': 'Predictor'},
 'lidar_ckpt_dir': './tmp_pretrained_models/centerpoint_pointpillar_nuscenes',
 'lidar_det_visualize': <function lidar_det_visualize at 0x7fe04fed1c60>,
 'lidar_input': True,
 'lidar_network': {'backbone': {'num_input_features': 64,
                                'quantize': True,
                                'type': 'PointPillarScatter',
                                'use_horizon_pillar_scatter': True},
                   'feature_map_shape': array([512, 512,   1]),
                   'neck': {'bn_kwargs': None,
                            'down_layer_channels': [64, 128, 256],
                            'down_layer_nums': [3, 5, 5],
                            'down_layer_strides': [2, 2, 2],
                            'in_feature_channel': 64,
                            'quantize': True,
                            'type': 'SECONDNeck',
                            'up_layer_channels': [128, 128, 128],
                            'up_layer_strides': [0.5, 1, 2],
                            'use_relu6': False},
                   'pre_process': {'fixed_voxels_num': 30000,
                                   'max_points_in_voxel': 20,
                                   'max_voxels_num': [30000, 40000],
                                   'norm_dims': [0, 1, 2, 3],
                                   'norm_range': [-51.2,
                                                  -51.2,
                                                  -5.0,
                                                  0.0,
                                                  51.2,
                                                  51.2,
                                                  3.0,
                                                  255.0],
                                   'pc_range': [-51.2,
                                                -51.2,
                                                -5.0,
                                                51.2,
                                                51.2,
                                                3.0],
                                   'type': 'PaddedCenterPointPreProcess',
                                   'voxel_size': [0.2, 0.2, 8]},
                   'reader': {'bn_kwargs': None,
                              'hw_reverse': True,
                              'num_filters': [64],
                              'num_input_features': 5,
                              'pc_range': [-51.2, -51.2, -5.0, 51.2, 51.2, 3.0],
                              'pool_size': [20, 1],
                              'quantize': True,
                              'type': 'PillarFeatureNet',
                              'use_4dim': True,
                              'use_conv': True,
                              'voxel_size': [0.2, 0.2, 8],
                              'with_distance': False},
                   'type': 'CenterPointDetector'},
 'lidar_task_name': 'centerpoint_pointpillar_nuscenes',
 'log_loss_show': 200,
 'log_rank_zero_only': True,
 'loss_collector': <function loss_collector at 0x7fe0458fa830>,
 'loss_show_update': {'epoch_log_freq': 1,
                      'log_prefix': 'loss_bevfusion_centerpoint_pointpillar_henet_multisensor_multitask_nuscenes',
                      'metric_update_func': <function update_loss at 0x7fe0458fa950>,
                      'step_log_freq': 200,
                      'type': 'MetricUpdater'},
 'map_size': [15, 30, 0.15],
 'march': 'nash-m',
 'max_camoverlap_num': 2,
 'max_lidar_points': 120000,
 'max_num_points': 20,
 'max_voxels': [30000, 40000],
 'meta_rootdir': 'data/nuscenes',
 'model': {'bev_decoders': [{'bev_size': [51.2, 51.2, 0.8],
                             'decode_to_lidar': True,
                             'decoder': {'bev_size': [51.2, 51.2, 0.8],
                                         'class_names': ['car',
                                                         'truck',
                                                         'trailer',
                                                         'bus',
                                                         'construction_vehicle',
                                                         'bicycle',
                                                         'motorcycle',
                                                         'pedestrian',
                                                         'traffic_cone',
                                                         'barrier'],
                                         'decode_to_ego': False,
                                         'min_radius': [4,
                                                        12,
                                                        10,
                                                        1,
                                                        0.85,
                                                        0.175],
                                         'nms_threshold': [0.2,
                                                           0.2,
                                                           0.2,
                                                           0.2,
                                                           0.2,
                                                           0.5],
                                         'nms_type': ['rotate',
                                                      'rotate',
                                                      'rotate',
                                                      'circle',
                                                      'rotate',
                                                      'rotate'],
                                         'norm_bbox': True,
                                         'out_size_factor': 1,
                                         'score_threshold': 0.1,
                                         'tasks': [{'class_names': ['car'],
                                                    'name': 'car',
                                                    'num_class': 1},
                                                   {'class_names': ['truck',
                                                                    'construction_vehicle'],
                                                    'name': 'truck',
                                                    'num_class': 2},
                                                   {'class_names': ['bus',
                                                                    'trailer'],
                                                    'name': 'bus',
                                                    'num_class': 2},
                                                   {'class_names': ['barrier'],
                                                    'name': 'barrier',
                                                    'num_class': 1},
                                                   {'class_names': ['motorcycle',
                                                                    'bicycle'],
                                                    'name': 'bicycle',
                                                    'num_class': 2},
                                                   {'class_names': ['pedestrian',
                                                                    'traffic_cone'],
                                                    'name': 'pedestrian',
                                                    'num_class': 2}],
                                         'type': 'CenterPointDecoder',
                                         'use_max_pool': True},
                             'head': {'common_heads': {'dim': [3, 2],
                                                       'height': [1, 2],
                                                       'reg': [2, 2],
                                                       'rot': [2, 2],
                                                       'vel': [2, 2]},
                                      'final_kernel': 3,
                                      'head_conv_channels': 64,
                                      'in_channels': 256,
                                      'init_bias': -2.19,
                                      'num_heatmap_convs': 2,
                                      'share_conv_channels': 64,
                                      'share_conv_num': 1,
                                      'tasks': [{'class_names': ['car'],
                                                 'name': 'car',
                                                 'num_class': 1},
                                                {'class_names': ['truck',
                                                                 'construction_vehicle'],
                                                 'name': 'truck',
                                                 'num_class': 2},
                                                {'class_names': ['bus',
                                                                 'trailer'],
                                                 'name': 'bus',
                                                 'num_class': 2},
                                                {'class_names': ['barrier'],
                                                 'name': 'barrier',
                                                 'num_class': 1},
                                                {'class_names': ['motorcycle',
                                                                 'bicycle'],
                                                 'name': 'bicycle',
                                                 'num_class': 2},
                                                {'class_names': ['pedestrian',
                                                                 'traffic_cone'],
                                                 'name': 'pedestrian',
                                                 'num_class': 2}],
                                      'type': 'DepthwiseSeparableCenterPointHead'},
                             'loss_cls': {'loss_weight': 1.0,
                                          'type': 'GaussianFocalLoss'},
                             'loss_reg': {'loss_weight': 0.25,
                                          'type': 'L1Loss'},
                             'name': 'bev_det',
                             'point_cloud_range': [-51.2,
                                                   -51.2,
                                                   -5.0,
                                                   51.2,
                                                   51.2,
                                                   3.0],
                             'target': {'bbox_weight': [1.0,
                                                        1.0,
                                                        1.0,
                                                        1.0,
                                                        1.0,
                                                        1.0,
                                                        1.0,
                                                        1.0,
                                                        0.2,
                                                        0.2],
                                        'class_names': ['car',
                                                        'truck',
                                                        'trailer',
                                                        'bus',
                                                        'construction_vehicle',
                                                        'bicycle',
                                                        'motorcycle',
                                                        'pedestrian',
                                                        'traffic_cone',
                                                        'barrier'],
                                        'gaussian_overlap': 0.1,
                                        'max_num': 500,
                                        'min_radius': 2,
                                        'norm_bbox': True,
                                        'out_size_factor': 1,
                                        'tasks': [{'class_names': ['car'],
                                                   'name': 'car',
                                                   'num_class': 1},
                                                  {'class_names': ['truck',
                                                                   'construction_vehicle'],
                                                   'name': 'truck',
                                                   'num_class': 2},
                                                  {'class_names': ['bus',
                                                                   'trailer'],
                                                   'name': 'bus',
                                                   'num_class': 2},
                                                  {'class_names': ['barrier'],
                                                   'name': 'barrier',
                                                   'num_class': 1},
                                                  {'class_names': ['motorcycle',
                                                                   'bicycle'],
                                                   'name': 'bicycle',
                                                   'num_class': 2},
                                                  {'class_names': ['pedestrian',
                                                                   'traffic_cone'],
                                                   'name': 'pedestrian',
                                                   'num_class': 2}],
                                        'type': 'CenterPointTarget'},
                             'task_weight': 1.0,
                             'type': 'BevFusionCenterPointDetDecoder'},
                            {'camera_input': True,
                             'lidar_input': True,
                             'loss_occ': {'ignore_index': 255,
                                          'loss_weight': 6.0,
                                          'type': 'CrossEntropyLoss',
                                          'use_sigmoid': False},
                             'num_classes': 18,
                             'occ_head': {'Dz': 16,
                                          'in_dim': 256,
                                          'num_classes': 18,
                                          'out_dim': 128,
                                          'type': 'BEVOCCHead2D',
                                          'use_predicter': True,
                                          'use_upsample': True},
                             'roi_resizer': {'in_strides': [1],
                                             'roi_resize_cfgs': [{'in_stride': 1,
                                                                  'roi_box': [14,
                                                                              14,
                                                                              114,
                                                                              114]}],
                                             'type': 'RoiResize'},
                             'type': 'BevformerOccDetDecoder',
                             'use_mask': True}],
           'bev_h': 128,
           'bev_w': 128,
           'camera_network': {'backbone': {'act_layer': ['nn.GELU',
                                                         'nn.GELU',
                                                         'nn.GELU',
                                                         'nn.GELU'],
                                           'attention_block_num': [0, 0, 0, 0],
                                           'block_cls': ['GroupDWCB',
                                                         'GroupDWCB',
                                                         'AltDWCB',
                                                         'DWCB'],
                                           'block_nums': [4, 3, 8, 6],
                                           'down_cls': ['S2DDown',
                                                        'S2DDown',
                                                        'S2DDown',
                                                        'None'],
                                           'embed_dims': [64, 128, 192, 384],
                                           'extra_act': [False,
                                                         False,
                                                         False,
                                                         False],
                                           'feature_mix_channel': 1024,
                                           'final_expand_channel': 0,
                                           'in_channels': 3,
                                           'include_top': False,
                                           'layer_scale_init_value': 1e-05,
                                           'mlp_ratio_attn': 2,
                                           'mlp_ratios': [2, 2, 2, 3],
                                           'num_classes': 1000,
                                           'patch_embed': 'origin',
                                           'type': 'HENet',
                                           'use_layer_scale': [True,
                                                               True,
                                                               True,
                                                               True]},
                              'neck': {'bn_kwargs': {'eps': 1e-05,
                                                     'momentum': 0.1},
                                       'in_channels': [384],
                                       'in_strides': [32],
                                       'out_channels': [256],
                                       'out_strides': [32],
                                       'type': 'FPN'},
                              'out_indices': [-1],
                              'type': 'BevFormer',
                              'view_transformer': {'bev_h': 128,
                                                   'bev_w': 128,
                                                   'embed_dims': 256,
                                                   'encoder': {'bev_h': 128,
                                                               'bev_w': 128,
                                                               'embed_dims': 256,
                                                               'encoder_layer': {'crossattention': {'bev_h': 128,
                                                                                                    'bev_w': 128,
                                                                                                    'deformable_attention': {'embed_dims': 256,
                                                                                                                             'feats_size': [[30,
                                                                                                                                             16]],
                                                                                                                             'grid_align_num': 64,
                                                                                                                             'num_levels': 1,
                                                                                                                             'num_points': 2,
                                                                                                                             'type': 'HorizonMultiScaleDeformableAttention3D'},
                                                                                                    'embed_dims': 256,
                                                                                                    'max_camoverlap_num': 2,
                                                                                                    'type': 'HorizonSpatialCrossAttention'},
                                                                                 'dropout': 0.1,
                                                                                 'embed_dims': 256,
                                                                                 'selfattention': {'batch_first': True,
                                                                                                   'embed_dims': 256,
                                                                                                   'feats_size': [[128,
                                                                                                                   128]],
                                                                                                   'grid_align_num': 4,
                                                                                                   'num_levels': 1,
                                                                                                   'num_points': 2,
                                                                                                   'type': 'HorizonMultiScaleDeformableAttention'},
                                                                                 'type': 'SingleBEVFormerEncoderLayer'},
                                                               'num_layers': 1,
                                                               'return_intermediate': False,
                                                               'type': 'SingleBEVFormerEncoder'},
                                                   'in_indices': [-1],
                                                   'max_camoverlap_num': 2,
                                                   'num_points_in_pillar': 2,
                                                   'pc_range': [-51.2,
                                                                -51.2,
                                                                -5.0,
                                                                51.2,
                                                                51.2,
                                                                3.0],
                                                   'positional_encoding': {'col_num_embed': 128,
                                                                           'num_feats': 128,
                                                                           'row_num_embed': 128,
                                                                           'type': 'LearnedPositionalEncoding'},
                                                   'queue_length': 1,
                                                   'single_bev': True,
                                                   'type': 'SingleBevFormerViewTransformer',
                                                   'use_lidar2img': True,
                                                   'virtual_bev_h': 64,
                                                   'virtual_bev_w': 80}},
           'fuse_module': {'fuse_c': 256,
                           'input_c': 640,
                           'type': 'BevFuseModule'},
           'lidar_network': {'backbone': {'num_input_features': 64,
                                          'quantize': True,
                                          'type': 'PointPillarScatter',
                                          'use_horizon_pillar_scatter': True},
                             'feature_map_shape': array([512, 512,   1]),
                             'neck': {'bn_kwargs': None,
                                      'down_layer_channels': [64, 128, 256],
                                      'down_layer_nums': [3, 5, 5],
                                      'down_layer_strides': [2, 2, 2],
                                      'in_feature_channel': 64,
                                      'quantize': True,
                                      'type': 'SECONDNeck',
                                      'up_layer_channels': [128, 128, 128],
                                      'up_layer_strides': [0.5, 1, 2],
                                      'use_relu6': False},
                             'pre_process': {'fixed_voxels_num': 30000,
                                             'max_points_in_voxel': 20,
                                             'max_voxels_num': [30000, 40000],
                                             'norm_dims': [0, 1, 2, 3],
                                             'norm_range': [-51.2,
                                                            -51.2,
                                                            -5.0,
                                                            0.0,
                                                            51.2,
                                                            51.2,
                                                            3.0,
                                                            255.0],
                                             'pc_range': [-51.2,
                                                          -51.2,
                                                          -5.0,
                                                          51.2,
                                                          51.2,
                                                          3.0],
                                             'type': 'PaddedCenterPointPreProcess',
                                             'voxel_size': [0.2, 0.2, 8]},
                             'reader': {'bn_kwargs': None,
                                        'hw_reverse': True,
                                        'num_filters': [64],
                                        'num_input_features': 5,
                                        'pc_range': [-51.2,
                                                     -51.2,
                                                     -5.0,
                                                     51.2,
                                                     51.2,
                                                     3.0],
                                        'pool_size': [20, 1],
                                        'quantize': True,
                                        'type': 'PillarFeatureNet',
                                        'use_4dim': True,
                                        'use_conv': True,
                                        'voxel_size': [0.2, 0.2, 8],
                                        'with_distance': False},
                             'type': 'CenterPointDetector'},
           'type': 'BevFusion'},
 'norm_cfg': None,
 'np': <module 'numpy' from '/usr/local/lib/python3.10/dist-packages/numpy/__init__.py'>,
 'num_classes': 10,
 'num_classes_occ': 18,
 'occ3d_seg_class': ['others',
                     'barrier',
                     'bicycle',
                     'bus',
                     'car',
                     'construction_vehicle',
                     'motorcycle',
                     'pedestrian',
                     'traffic_cone',
                     'trailer',
                     'truck',
                     'driveable_surface',
                     'other_flat',
                     'sidewalk',
                     'terrain',
                     'manmade',
                     'vegetation'],
 'occ_head': {'camera_input': True,
              'lidar_input': True,
              'loss_occ': {'ignore_index': 255,
                           'loss_weight': 6.0,
                           'type': 'CrossEntropyLoss',
                           'use_sigmoid': False},
              'num_classes': 18,
              'occ_head': {'Dz': 16,
                           'in_dim': 256,
                           'num_classes': 18,
                           'out_dim': 128,
                           'type': 'BEVOCCHead2D',
                           'use_predicter': True,
                           'use_upsample': True},
              'roi_resizer': {'in_strides': [1],
                              'roi_resize_cfgs': [{'in_stride': 1,
                                                   'roi_box': [14,
                                                               14,
                                                               114,
                                                               114]}],
                              'type': 'RoiResize'},
              'type': 'BevformerOccDetDecoder',
              'use_mask': True},
 'occ_output_to_semantics_cpu': <function occ_output_to_semantics_cpu at 0x7fe0458fa050>,
 'occ_val_nuscenes_metric': {'ignore_index': 17,
                             'seg_class': ['others',
                                           'barrier',
                                           'bicycle',
                                           'bus',
                                           'car',
                                           'construction_vehicle',
                                           'motorcycle',
                                           'pedestrian',
                                           'traffic_cone',
                                           'trailer',
                                           'truck',
                                           'driveable_surface',
                                           'other_flat',
                                           'sidewalk',
                                           'terrain',
                                           'manmade',
                                           'vegetation'],
                             'type': 'MeanIOU'},
 'onnx_cfg': {'inputs': {'bev_pillar_counts': torch.Size([1, 16384, 1]),
                         'coors': torch.Size([40000, 4]),
                         'features': torch.Size([1, 5, 20, 40000]),
                         'img': torch.Size([6, 3, 512, 960]),
                         'queries_rebatch_grid': torch.Size([6, 64, 80, 2]),
                         'reference_points_rebatch': torch.Size([6, 5120, 2, 2]),
                         'restore_bev_grid': torch.Size([1, 256, 128, 2])},
              'model': {'bev_decoders': [{'bev_size': [51.2, 51.2, 0.8],
                                          'decode_to_lidar': True,
                                          'head': {'common_heads': {'dim': [3,
                                                                            2],
                                                                    'height': [1,
                                                                               2],
                                                                    'reg': [2,
                                                                            2],
                                                                    'rot': [2,
                                                                            2],
                                                                    'vel': [2,
                                                                            2]},
                                                   'final_kernel': 3,
                                                   'head_conv_channels': 64,
                                                   'in_channels': 256,
                                                   'init_bias': -2.19,
                                                   'num_heatmap_convs': 2,
                                                   'share_conv_channels': 64,
                                                   'share_conv_num': 1,
                                                   'tasks': [{'class_names': ['car'],
                                                              'name': 'car',
                                                              'num_class': 1},
                                                             {'class_names': ['truck',
                                                                              'construction_vehicle'],
                                                              'name': 'truck',
                                                              'num_class': 2},
                                                             {'class_names': ['bus',
                                                                              'trailer'],
                                                              'name': 'bus',
                                                              'num_class': 2},
                                                             {'class_names': ['barrier'],
                                                              'name': 'barrier',
                                                              'num_class': 1},
                                                             {'class_names': ['motorcycle',
                                                                              'bicycle'],
                                                              'name': 'bicycle',
                                                              'num_class': 2},
                                                             {'class_names': ['pedestrian',
                                                                              'traffic_cone'],
                                                              'name': 'pedestrian',
                                                              'num_class': 2}],
                                                   'type': 'DepthwiseSeparableCenterPointHead'},
                                          'is_compile': True,
                                          'name': 'bev_det',
                                          'point_cloud_range': [-51.2,
                                                                -51.2,
                                                                -5.0,
                                                                51.2,
                                                                51.2,
                                                                3.0],
                                          'task_weight': 1.0,
                                          'type': 'BevFusionCenterPointDetDecoder'},
                                         {'camera_input': True,
                                          'is_compile': True,
                                          'lidar_input': True,
                                          'num_classes': 18,
                                          'occ_head': {'Dz': 16,
                                                       'in_dim': 256,
                                                       'num_classes': 18,
                                                       'out_dim': 128,
                                                       'type': 'BEVOCCHead2D',
                                                       'use_predicter': True,
                                                       'use_upsample': True},
                                          'roi_resizer': {'in_strides': [1],
                                                          'roi_resize_cfgs': [{'in_stride': 1,
                                                                               'roi_box': [14,
                                                                                           14,
                                                                                           114,
                                                                                           114]}],
                                                          'type': 'RoiResize'},
                                          'type': 'BevformerOccDetDecoder',
                                          'use_mask': True}],
                        'bev_h': 128,
                        'bev_w': 128,
                        'camera_network': {'backbone': {'act_layer': ['nn.GELU',
                                                                      'nn.GELU',
                                                                      'nn.GELU',
                                                                      'nn.GELU'],
                                                        'attention_block_num': [0,
                                                                                0,
                                                                                0,
                                                                                0],
                                                        'block_cls': ['GroupDWCB',
                                                                      'GroupDWCB',
                                                                      'AltDWCB',
                                                                      'DWCB'],
                                                        'block_nums': [4,
                                                                       3,
                                                                       8,
                                                                       6],
                                                        'down_cls': ['S2DDown',
                                                                     'S2DDown',
                                                                     'S2DDown',
                                                                     'None'],
                                                        'embed_dims': [64,
                                                                       128,
                                                                       192,
                                                                       384],
                                                        'extra_act': [False,
                                                                      False,
                                                                      False,
                                                                      False],
                                                        'feature_mix_channel': 1024,
                                                        'final_expand_channel': 0,
                                                        'in_channels': 3,
                                                        'include_top': False,
                                                        'layer_scale_init_value': 1e-05,
                                                        'mlp_ratio_attn': 2,
                                                        'mlp_ratios': [2,
                                                                       2,
                                                                       2,
                                                                       3],
                                                        'num_classes': 1000,
                                                        'patch_embed': 'origin',
                                                        'type': 'HENet',
                                                        'use_layer_scale': [True,
                                                                            True,
                                                                            True,
                                                                            True]},
                                           'neck': {'bn_kwargs': {'eps': 1e-05,
                                                                  'momentum': 0.1},
                                                    'in_channels': [384],
                                                    'in_strides': [32],
                                                    'out_channels': [256],
                                                    'out_strides': [32],
                                                    'type': 'FPN'},
                                           'out_indices': [-1],
                                           'type': 'BevFormer',
                                           'view_transformer': {'bev_h': 128,
                                                                'bev_w': 128,
                                                                'embed_dims': 256,
                                                                'encoder': {'bev_h': 128,
                                                                            'bev_w': 128,
                                                                            'embed_dims': 256,
                                                                            'encoder_layer': {'crossattention': {'bev_h': 128,
                                                                                                                 'bev_w': 128,
                                                                                                                 'deformable_attention': {'embed_dims': 256,
                                                                                                                                          'feats_size': [[30,
                                                                                                                                                          16]],
                                                                                                                                          'grid_align_num': 64,
                                                                                                                                          'num_levels': 1,
                                                                                                                                          'num_points': 2,
                                                                                                                                          'type': 'HorizonMultiScaleDeformableAttention3D'},
                                                                                                                 'embed_dims': 256,
                                                                                                                 'max_camoverlap_num': 2,
                                                                                                                 'type': 'HorizonSpatialCrossAttention'},
                                                                                              'dropout': 0.1,
                                                                                              'embed_dims': 256,
                                                                                              'selfattention': {'batch_first': True,
                                                                                                                'embed_dims': 256,
                                                                                                                'feats_size': [[128,
                                                                                                                                128]],
                                                                                                                'grid_align_num': 4,
                                                                                                                'num_levels': 1,
                                                                                                                'num_points': 2,
                                                                                                                'type': 'HorizonMultiScaleDeformableAttention'},
                                                                                              'type': 'SingleBEVFormerEncoderLayer'},
                                                                            'num_layers': 1,
                                                                            'return_intermediate': False,
                                                                            'type': 'SingleBEVFormerEncoder'},
                                                                'in_indices': [-1],
                                                                'is_compile': True,
                                                                'max_camoverlap_num': 2,
                                                                'num_points_in_pillar': 2,
                                                                'pc_range': [-51.2,
                                                                             -51.2,
                                                                             -5.0,
                                                                             51.2,
                                                                             51.2,
                                                                             3.0],
                                                                'positional_encoding': {'col_num_embed': 128,
                                                                                        'num_feats': 128,
                                                                                        'row_num_embed': 128,
                                                                                        'type': 'LearnedPositionalEncoding'},
                                                                'queue_length': 1,
                                                                'single_bev': True,
                                                                'type': 'SingleBevFormerViewTransformer',
                                                                'use_lidar2img': True,
                                                                'virtual_bev_h': 64,
                                                                'virtual_bev_w': 80}},
                        'fuse_module': {'fuse_c': 256,
                                        'input_c': 640,
                                        'type': 'BevFuseModule'},
                        'lidar_network': {'backbone': {'num_input_features': 64,
                                                       'quantize': True,
                                                       'type': 'PointPillarScatter',
                                                       'use_horizon_pillar_scatter': True},
                                          'feature_map_shape': array([512, 512,   1]),
                                          'neck': {'bn_kwargs': None,
                                                   'down_layer_channels': [64,
                                                                           128,
                                                                           256],
                                                   'down_layer_nums': [3, 5, 5],
                                                   'down_layer_strides': [2,
                                                                          2,
                                                                          2],
                                                   'in_feature_channel': 64,
                                                   'quantize': True,
                                                   'type': 'SECONDNeck',
                                                   'up_layer_channels': [128,
                                                                         128,
                                                                         128],
                                                   'up_layer_strides': [0.5,
                                                                        1,
                                                                        2],
                                                   'use_relu6': False},
                                          'reader': {'bn_kwargs': None,
                                                     'hw_reverse': True,
                                                     'num_filters': [64],
                                                     'num_input_features': 5,
                                                     'pc_range': [-51.2,
                                                                  -51.2,
                                                                  -5.0,
                                                                  51.2,
                                                                  51.2,
                                                                  3.0],
                                                     'pool_size': [20, 1],
                                                     'quantize': True,
                                                     'type': 'PillarFeatureNet',
                                                     'use_4dim': True,
                                                     'use_conv': True,
                                                     'voxel_size': [0.2,
                                                                    0.2,
                                                                    8],
                                                     'with_distance': False},
                                          'type': 'CenterPointDetector'},
                        'type': 'BevFusion'},
              'model_convert_pipeline': {'converters': [{'type': 'RepModel2Deploy'},
                                                        {'convert_mode': 'jit-strip',
                                                         'example_inputs': {'bev_pillar_counts': torch.Size([1, 16384, 1]),
                                                                            'coors': torch.Size([40000, 4]),
                                                                            'features': torch.Size([1, 5, 20, 40000]),
                                                                            'img': torch.Size([6, 3, 512, 960]),
                                                                            'queries_rebatch_grid': torch.Size([6, 64, 80, 2]),
                                                                            'reference_points_rebatch': torch.Size([6, 5120, 2, 2]),
                                                                            'restore_bev_grid': torch.Size([1, 256, 128, 2])},
                                                         'type': 'Float2QAT'},
                                                        {'allow_miss': True,
                                                         'checkpoint_path': './tmp_models/bevfusion_centerpoint_pointpillar_henet_multisensor_multitask_nuscenes/qat-checkpoint-last.pth.tar',
                                                         'ignore_extra': True,
                                                         'type': 'LoadCheckpoint',
                                                         'verbose': True},
                                                        {'type': 'SetQuantRoundingMode'}],
                                         'qat_mode': 'fuse_bn',
                                         'type': 'ModelConvertPipeline'},
              'stage': 'qat'},
 'orig_shape': [3, 900, 1600],
 'os': <module 'os' from '/usr/lib/python3.10/os.py'>,
 'partial': <class 'functools.partial'>,
 'pil_to_tensor': <function pil_to_tensor at 0x7fe097cef1c0>,
 'point_cloud_range': [-51.2, -51.2, -5.0, 51.2, 51.2, 3.0],
 'prepare_inputs': <function prepare_inputs at 0x7fe0458fadd0>,
 'process_img': <function process_img at 0x7fe0458fad40>,
 'process_inputs': <function process_inputs at 0x7fe0458fae60>,
 'process_outputs': <function process_outputs at 0x7fe0458faef0>,
 'qat_mode': 'fuse_bn',
 'qat_predictor': {'batch_processor': {'loss_collector': None,
                                       'need_grad_update': False,
                                       'type': 'MultiBatchProcessor'},
                   'callbacks': [{'epoch_log_freq': 1,
                                  'log_prefix': 'Validation '
                                                'bevfusion_centerpoint_pointpillar_henet_multisensor_multitask_nuscenes',
                                  'metric_update_func': <function update_metric at 0x7fe0458fa8c0>,
                                  'step_log_freq': 10000,
                                  'type': 'MetricUpdater'}],
                   'data_loader': [{'batch_size': 1,
                                    'collate_fn': functools.partial(<function collate_bevfusion_centerpoint at 0x7fe0458f9f30>, bev_size=(51.2, 51.2, 0.8), point_cloud_range=[-51.2, -51.2, -5.0, 51.2, 51.2, 3.0], max_lidar_points=120000),
                                    'dataset': {'bev_range': [-51.2,
                                                              -51.2,
                                                              -5.0,
                                                              51.2,
                                                              51.2,
                                                              3.0],
                                                'data_path': 'data/nuscenes/pack/horizon_bevfusion_nuscenes/val_lmdb/',
                                                'load_dim': 5,
                                                'map_path': None,
                                                'map_size': None,
                                                'need_lidar': True,
                                                'num_seq': 1,
                                                'num_sweeps': 9,
                                                'transforms': [{'size': [512,
                                                                         960],
                                                                'type': 'MultiViewsImgResize'},
                                                               {'transforms': [{'type': 'PILToTensor'},
                                                                               {'divisor': 32,
                                                                                'type': 'Pad'},
                                                                               {'rgb_input': True,
                                                                                'type': 'BgrToYuv444'},
                                                                               {'mean': 128.0,
                                                                                'std': 128.0,
                                                                                'type': 'Normalize'}],
                                                                'type': 'MultiViewsImgTransformWrapper'}],
                                                'type': 'NuscenesBevSequenceDataset',
                                                'use_dim': [0, 1, 2, 3, 4],
                                                'with_bev_bboxes': False,
                                                'with_bev_mask': False,
                                                'with_ego_bboxes': True,
                                                'with_lidar_bboxes': True,
                                                'with_lidar_occ': True},
                                    'num_workers': 4,
                                    'pin_memory': True,
                                    'sampler': {'type': <class 'torch.utils.data.distributed.DistributedSampler'>},
                                    'shuffle': False,
                                    'type': <class 'torch.utils.data.dataloader.DataLoader'>}],
                   'device': None,
                   'log_interval': 100,
                   'metrics': [{'classes': ['car',
                                            'truck',
                                            'trailer',
                                            'bus',
                                            'construction_vehicle',
                                            'bicycle',
                                            'motorcycle',
                                            'pedestrian',
                                            'traffic_cone',
                                            'barrier'],
                                'data_root': 'data/nuscenes',
                                'lidar_key': 'sensor2ego',
                                'save_prefix': './metric_results/bevfusion_centerpoint_pointpillar_henet_multisensor_multitask_nuscenes',
                                'trans_lidar_dim': True,
                                'trans_lidar_rot': False,
                                'type': 'NuscenesMetric',
                                'use_lidar': True,
                                'version': 'v1.0-trainval'},
                               {'ignore_index': 17,
                                'seg_class': ['others',
                                              'barrier',
                                              'bicycle',
                                              'bus',
                                              'car',
                                              'construction_vehicle',
                                              'motorcycle',
                                              'pedestrian',
                                              'traffic_cone',
                                              'trailer',
                                              'truck',
                                              'driveable_surface',
                                              'other_flat',
                                              'sidewalk',
                                              'terrain',
                                              'manmade',
                                              'vegetation'],
                                'type': 'MeanIOU'}],
                   'model': {'bev_decoders': [{'bev_size': [51.2, 51.2, 0.8],
                                               'decode_to_lidar': True,
                                               'decoder': {'bev_size': [51.2,
                                                                        51.2,
                                                                        0.8],
                                                           'class_names': ['car',
                                                                           'truck',
                                                                           'trailer',
                                                                           'bus',
                                                                           'construction_vehicle',
                                                                           'bicycle',
                                                                           'motorcycle',
                                                                           'pedestrian',
                                                                           'traffic_cone',
                                                                           'barrier'],
                                                           'decode_to_ego': False,
                                                           'min_radius': [4,
                                                                          12,
                                                                          10,
                                                                          1,
                                                                          0.85,
                                                                          0.175],
                                                           'nms_threshold': [0.2,
                                                                             0.2,
                                                                             0.2,
                                                                             0.2,
                                                                             0.2,
                                                                             0.5],
                                                           'nms_type': ['rotate',
                                                                        'rotate',
                                                                        'rotate',
                                                                        'circle',
                                                                        'rotate',
                                                                        'rotate'],
                                                           'norm_bbox': True,
                                                           'out_size_factor': 1,
                                                           'score_threshold': 0.1,
                                                           'tasks': [{'class_names': ['car'],
                                                                      'name': 'car',
                                                                      'num_class': 1},
                                                                     {'class_names': ['truck',
                                                                                      'construction_vehicle'],
                                                                      'name': 'truck',
                                                                      'num_class': 2},
                                                                     {'class_names': ['bus',
                                                                                      'trailer'],
                                                                      'name': 'bus',
                                                                      'num_class': 2},
                                                                     {'class_names': ['barrier'],
                                                                      'name': 'barrier',
                                                                      'num_class': 1},
                                                                     {'class_names': ['motorcycle',
                                                                                      'bicycle'],
                                                                      'name': 'bicycle',
                                                                      'num_class': 2},
                                                                     {'class_names': ['pedestrian',
                                                                                      'traffic_cone'],
                                                                      'name': 'pedestrian',
                                                                      'num_class': 2}],
                                                           'type': 'CenterPointDecoder',
                                                           'use_max_pool': True},
                                               'head': {'common_heads': {'dim': [3,
                                                                                 2],
                                                                         'height': [1,
                                                                                    2],
                                                                         'reg': [2,
                                                                                 2],
                                                                         'rot': [2,
                                                                                 2],
                                                                         'vel': [2,
                                                                                 2]},
                                                        'final_kernel': 3,
                                                        'head_conv_channels': 64,
                                                        'in_channels': 256,
                                                        'init_bias': -2.19,
                                                        'num_heatmap_convs': 2,
                                                        'share_conv_channels': 64,
                                                        'share_conv_num': 1,
                                                        'tasks': [{'class_names': ['car'],
                                                                   'name': 'car',
                                                                   'num_class': 1},
                                                                  {'class_names': ['truck',
                                                                                   'construction_vehicle'],
                                                                   'name': 'truck',
                                                                   'num_class': 2},
                                                                  {'class_names': ['bus',
                                                                                   'trailer'],
                                                                   'name': 'bus',
                                                                   'num_class': 2},
                                                                  {'class_names': ['barrier'],
                                                                   'name': 'barrier',
                                                                   'num_class': 1},
                                                                  {'class_names': ['motorcycle',
                                                                                   'bicycle'],
                                                                   'name': 'bicycle',
                                                                   'num_class': 2},
                                                                  {'class_names': ['pedestrian',
                                                                                   'traffic_cone'],
                                                                   'name': 'pedestrian',
                                                                   'num_class': 2}],
                                                        'type': 'DepthwiseSeparableCenterPointHead'},
                                               'loss_cls': {'loss_weight': 1.0,
                                                            'type': 'GaussianFocalLoss'},
                                               'loss_reg': {'loss_weight': 0.25,
                                                            'type': 'L1Loss'},
                                               'name': 'bev_det',
                                               'point_cloud_range': [-51.2,
                                                                     -51.2,
                                                                     -5.0,
                                                                     51.2,
                                                                     51.2,
                                                                     3.0],
                                               'target': {'bbox_weight': [1.0,
                                                                          1.0,
                                                                          1.0,
                                                                          1.0,
                                                                          1.0,
                                                                          1.0,
                                                                          1.0,
                                                                          1.0,
                                                                          0.2,
                                                                          0.2],
                                                          'class_names': ['car',
                                                                          'truck',
                                                                          'trailer',
                                                                          'bus',
                                                                          'construction_vehicle',
                                                                          'bicycle',
                                                                          'motorcycle',
                                                                          'pedestrian',
                                                                          'traffic_cone',
                                                                          'barrier'],
                                                          'gaussian_overlap': 0.1,
                                                          'max_num': 500,
                                                          'min_radius': 2,
                                                          'norm_bbox': True,
                                                          'out_size_factor': 1,
                                                          'tasks': [{'class_names': ['car'],
                                                                     'name': 'car',
                                                                     'num_class': 1},
                                                                    {'class_names': ['truck',
                                                                                     'construction_vehicle'],
                                                                     'name': 'truck',
                                                                     'num_class': 2},
                                                                    {'class_names': ['bus',
                                                                                     'trailer'],
                                                                     'name': 'bus',
                                                                     'num_class': 2},
                                                                    {'class_names': ['barrier'],
                                                                     'name': 'barrier',
                                                                     'num_class': 1},
                                                                    {'class_names': ['motorcycle',
                                                                                     'bicycle'],
                                                                     'name': 'bicycle',
                                                                     'num_class': 2},
                                                                    {'class_names': ['pedestrian',
                                                                                     'traffic_cone'],
                                                                     'name': 'pedestrian',
                                                                     'num_class': 2}],
                                                          'type': 'CenterPointTarget'},
                                               'task_weight': 1.0,
                                               'type': 'BevFusionCenterPointDetDecoder'},
                                              {'camera_input': True,
                                               'lidar_input': True,
                                               'loss_occ': {'ignore_index': 255,
                                                            'loss_weight': 6.0,
                                                            'type': 'CrossEntropyLoss',
                                                            'use_sigmoid': False},
                                               'num_classes': 18,
                                               'occ_head': {'Dz': 16,
                                                            'in_dim': 256,
                                                            'num_classes': 18,
                                                            'out_dim': 128,
                                                            'type': 'BEVOCCHead2D',
                                                            'use_predicter': True,
                                                            'use_upsample': True},
                                               'roi_resizer': {'in_strides': [1],
                                                               'roi_resize_cfgs': [{'in_stride': 1,
                                                                                    'roi_box': [14,
                                                                                                14,
                                                                                                114,
                                                                                                114]}],
                                                               'type': 'RoiResize'},
                                               'type': 'BevformerOccDetDecoder',
                                               'use_mask': True}],
                             'bev_h': 128,
                             'bev_w': 128,
                             'camera_network': {'backbone': {'act_layer': ['nn.GELU',
                                                                           'nn.GELU',
                                                                           'nn.GELU',
                                                                           'nn.GELU'],
                                                             'attention_block_num': [0,
                                                                                     0,
                                                                                     0,
                                                                                     0],
                                                             'block_cls': ['GroupDWCB',
                                                                           'GroupDWCB',
                                                                           'AltDWCB',
                                                                           'DWCB'],
                                                             'block_nums': [4,
                                                                            3,
                                                                            8,
                                                                            6],
                                                             'down_cls': ['S2DDown',
                                                                          'S2DDown',
                                                                          'S2DDown',
                                                                          'None'],
                                                             'embed_dims': [64,
                                                                            128,
                                                                            192,
                                                                            384],
                                                             'extra_act': [False,
                                                                           False,
                                                                           False,
                                                                           False],
                                                             'feature_mix_channel': 1024,
                                                             'final_expand_channel': 0,
                                                             'in_channels': 3,
                                                             'include_top': False,
                                                             'layer_scale_init_value': 1e-05,
                                                             'mlp_ratio_attn': 2,
                                                             'mlp_ratios': [2,
                                                                            2,
                                                                            2,
                                                                            3],
                                                             'num_classes': 1000,
                                                             'patch_embed': 'origin',
                                                             'type': 'HENet',
                                                             'use_layer_scale': [True,
                                                                                 True,
                                                                                 True,
                                                                                 True]},
                                                'neck': {'bn_kwargs': {'eps': 1e-05,
                                                                       'momentum': 0.1},
                                                         'in_channels': [384],
                                                         'in_strides': [32],
                                                         'out_channels': [256],
                                                         'out_strides': [32],
                                                         'type': 'FPN'},
                                                'out_indices': [-1],
                                                'type': 'BevFormer',
                                                'view_transformer': {'bev_h': 128,
                                                                     'bev_w': 128,
                                                                     'embed_dims': 256,
                                                                     'encoder': {'bev_h': 128,
                                                                                 'bev_w': 128,
                                                                                 'embed_dims': 256,
                                                                                 'encoder_layer': {'crossattention': {'bev_h': 128,
                                                                                                                      'bev_w': 128,
                                                                                                                      'deformable_attention': {'embed_dims': 256,
                                                                                                                                               'feats_size': [[30,
                                                                                                                                                               16]],
                                                                                                                                               'grid_align_num': 64,
                                                                                                                                               'num_levels': 1,
                                                                                                                                               'num_points': 2,
                                                                                                                                               'type': 'HorizonMultiScaleDeformableAttention3D'},
                                                                                                                      'embed_dims': 256,
                                                                                                                      'max_camoverlap_num': 2,
                                                                                                                      'type': 'HorizonSpatialCrossAttention'},
                                                                                                   'dropout': 0.1,
                                                                                                   'embed_dims': 256,
                                                                                                   'selfattention': {'batch_first': True,
                                                                                                                     'embed_dims': 256,
                                                                                                                     'feats_size': [[128,
                                                                                                                                     128]],
                                                                                                                     'grid_align_num': 4,
                                                                                                                     'num_levels': 1,
                                                                                                                     'num_points': 2,
                                                                                                                     'type': 'HorizonMultiScaleDeformableAttention'},
                                                                                                   'type': 'SingleBEVFormerEncoderLayer'},
                                                                                 'num_layers': 1,
                                                                                 'return_intermediate': False,
                                                                                 'type': 'SingleBEVFormerEncoder'},
                                                                     'in_indices': [-1],
                                                                     'max_camoverlap_num': 2,
                                                                     'num_points_in_pillar': 2,
                                                                     'pc_range': [-51.2,
                                                                                  -51.2,
                                                                                  -5.0,
                                                                                  51.2,
                                                                                  51.2,
                                                                                  3.0],
                                                                     'positional_encoding': {'col_num_embed': 128,
                                                                                             'num_feats': 128,
                                                                                             'row_num_embed': 128,
                                                                                             'type': 'LearnedPositionalEncoding'},
                                                                     'queue_length': 1,
                                                                     'single_bev': True,
                                                                     'type': 'SingleBevFormerViewTransformer',
                                                                     'use_lidar2img': True,
                                                                     'virtual_bev_h': 64,
                                                                     'virtual_bev_w': 80}},
                             'fuse_module': {'fuse_c': 256,
                                             'input_c': 640,
                                             'type': 'BevFuseModule'},
                             'lidar_network': {'backbone': {'num_input_features': 64,
                                                            'quantize': True,
                                                            'type': 'PointPillarScatter',
                                                            'use_horizon_pillar_scatter': True},
                                               'feature_map_shape': array([512, 512,   1]),
                                               'neck': {'bn_kwargs': None,
                                                        'down_layer_channels': [64,
                                                                                128,
                                                                                256],
                                                        'down_layer_nums': [3,
                                                                            5,
                                                                            5],
                                                        'down_layer_strides': [2,
                                                                               2,
                                                                               2],
                                                        'in_feature_channel': 64,
                                                        'quantize': True,
                                                        'type': 'SECONDNeck',
                                                        'up_layer_channels': [128,
                                                                              128,
                                                                              128],
                                                        'up_layer_strides': [0.5,
                                                                             1,
                                                                             2],
                                                        'use_relu6': False},
                                               'pre_process': {'fixed_voxels_num': 30000,
                                                               'max_points_in_voxel': 20,
                                                               'max_voxels_num': [30000,
                                                                                  40000],
                                                               'norm_dims': [0,
                                                                             1,
                                                                             2,
                                                                             3],
                                                               'norm_range': [-51.2,
                                                                              -51.2,
                                                                              -5.0,
                                                                              0.0,
                                                                              51.2,
                                                                              51.2,
                                                                              3.0,
                                                                              255.0],
                                                               'pc_range': [-51.2,
                                                                            -51.2,
                                                                            -5.0,
                                                                            51.2,
                                                                            51.2,
                                                                            3.0],
                                                               'type': 'PaddedCenterPointPreProcess',
                                                               'voxel_size': [0.2,
                                                                              0.2,
                                                                              8]},
                                               'reader': {'bn_kwargs': None,
                                                          'hw_reverse': True,
                                                          'num_filters': [64],
                                                          'num_input_features': 5,
                                                          'pc_range': [-51.2,
                                                                       -51.2,
                                                                       -5.0,
                                                                       51.2,
                                                                       51.2,
                                                                       3.0],
                                                          'pool_size': [20, 1],
                                                          'quantize': True,
                                                          'type': 'PillarFeatureNet',
                                                          'use_4dim': True,
                                                          'use_conv': True,
                                                          'voxel_size': [0.2,
                                                                         0.2,
                                                                         8],
                                                          'with_distance': False},
                                               'type': 'CenterPointDetector'},
                             'type': 'BevFusion'},
                   'model_convert_pipeline': {'converters': [{'type': 'RepModel2Deploy'},
                                                             {'convert_mode': 'jit-strip',
                                                              'example_data_loader': {'batch_size': 1,
                                                                                      'collate_fn': functools.partial(<function collate_bevfusion_centerpoint at 0x7fe0458f9f30>, bev_size=(51.2, 51.2, 0.8), point_cloud_range=[-51.2, -51.2, -5.0, 51.2, 51.2, 3.0], max_lidar_points=120000),
                                                                                      'dataset': {'bev_range': [-51.2,
                                                                                                                -51.2,
                                                                                                                -5.0,
                                                                                                                51.2,
                                                                                                                51.2,
                                                                                                                3.0],
                                                                                                  'data_path': 'data/nuscenes/pack/horizon_bevfusion_nuscenes/val_lmdb/',
                                                                                                  'load_dim': 5,
                                                                                                  'map_path': None,
                                                                                                  'map_size': None,
                                                                                                  'need_lidar': True,
                                                                                                  'num_seq': 1,
                                                                                                  'num_sweeps': 9,
                                                                                                  'transforms': [{'size': [512,
                                                                                                                           960],
                                                                                                                  'type': 'MultiViewsImgResize'},
                                                                                                                 {'transforms': [{'type': 'PILToTensor'},
                                                                                                                                 {'divisor': 32,
                                                                                                                                  'type': 'Pad'},
                                                                                                                                 {'rgb_input': True,
                                                                                                                                  'type': 'BgrToYuv444'},
                                                                                                                                 {'mean': 128.0,
                                                                                                                                  'std': 128.0,
                                                                                                                                  'type': 'Normalize'}],
                                                                                                                  'type': 'MultiViewsImgTransformWrapper'}],
                                                                                                  'type': 'NuscenesBevSequenceDataset',
                                                                                                  'use_dim': [0,
                                                                                                              1,
                                                                                                              2,
                                                                                                              3,
                                                                                                              4],
                                                                                                  'with_bev_bboxes': False,
                                                                                                  'with_bev_mask': False,
                                                                                                  'with_ego_bboxes': True,
                                                                                                  'with_lidar_bboxes': True,
                                                                                                  'with_lidar_occ': True},
                                                                                      'num_workers': 0,
                                                                                      'pin_memory': True,
                                                                                      'shuffle': False,
                                                                                      'type': <class 'torch.utils.data.dataloader.DataLoader'>},
                                                              'type': 'Float2QAT'},
                                                             {'allow_miss': True,
                                                              'checkpoint_path': './tmp_models/bevfusion_centerpoint_pointpillar_henet_multisensor_multitask_nuscenes/qat-checkpoint-last.pth.tar',
                                                              'ignore_extra': True,
                                                              'type': 'LoadCheckpoint',
                                                              'verbose': True},
                                                             {'type': 'SetQuantRoundingMode'}],
                                              'qat_mode': 'fuse_bn',
                                              'type': 'ModelConvertPipeline'},
                   'type': 'Predictor'},
 'qat_trainer': {'batch_processor': {'enable_amp': True,
                                     'loss_collector': <function loss_collector at 0x7fe0458fa830>,
                                     'need_grad_update': True,
                                     'type': 'MultiBatchProcessor'},
                 'callbacks': [{'log_freq': 200, 'type': 'StatsMonitor'},
                               {'epoch_log_freq': 1,
                                'log_prefix': 'loss_bevfusion_centerpoint_pointpillar_henet_multisensor_multitask_nuscenes',
                                'metric_update_func': <function update_loss at 0x7fe0458fa950>,
                                'step_log_freq': 200,
                                'type': 'MetricUpdater'},
                               {'lr_decay_id': [8],
                                'step_log_interval': 500,
                                'type': 'StepDecayLrUpdater'},
                               {'clip_grad_norm': 35,
                                'clip_norm_type': 2,
                                'module_and_scale': [],
                                'type': 'GradScale'},
                               {'batch_processor': {'loss_collector': None,
                                                    'need_grad_update': False,
                                                    'type': 'MultiBatchProcessor'},
                                'callbacks': [{'epoch_log_freq': 1,
                                               'log_prefix': 'Validation '
                                                             'bevfusion_centerpoint_pointpillar_henet_multisensor_multitask_nuscenes',
                                               'metric_update_func': <function update_metric at 0x7fe0458fa8c0>,
                                               'step_log_freq': 10000,
                                               'type': 'MetricUpdater'}],
                                'data_loader': {'batch_size': 1,
                                                'collate_fn': functools.partial(<function collate_bevfusion_centerpoint at 0x7fe0458f9f30>, bev_size=(51.2, 51.2, 0.8), point_cloud_range=[-51.2, -51.2, -5.0, 51.2, 51.2, 3.0], max_lidar_points=120000),
                                                'dataset': {'bev_range': [-51.2,
                                                                          -51.2,
                                                                          -5.0,
                                                                          51.2,
                                                                          51.2,
                                                                          3.0],
                                                            'data_path': 'data/nuscenes/pack/horizon_bevfusion_nuscenes/val_lmdb/',
                                                            'load_dim': 5,
                                                            'map_path': None,
                                                            'map_size': None,
                                                            'need_lidar': True,
                                                            'num_seq': 1,
                                                            'num_sweeps': 9,
                                                            'transforms': [{'size': [512,
                                                                                     960],
                                                                            'type': 'MultiViewsImgResize'},
                                                                           {'transforms': [{'type': 'PILToTensor'},
                                                                                           {'divisor': 32,
                                                                                            'type': 'Pad'},
                                                                                           {'rgb_input': True,
                                                                                            'type': 'BgrToYuv444'},
                                                                                           {'mean': 128.0,
                                                                                            'std': 128.0,
                                                                                            'type': 'Normalize'}],
                                                                            'type': 'MultiViewsImgTransformWrapper'}],
                                                            'type': 'NuscenesBevSequenceDataset',
                                                            'use_dim': [0,
                                                                        1,
                                                                        2,
                                                                        3,
                                                                        4],
                                                            'with_bev_bboxes': False,
                                                            'with_bev_mask': False,
                                                            'with_ego_bboxes': True,
                                                            'with_lidar_bboxes': True,
                                                            'with_lidar_occ': True},
                                                'num_workers': 4,
                                                'pin_memory': True,
                                                'sampler': {'type': <class 'torch.utils.data.distributed.DistributedSampler'>},
                                                'shuffle': False,
                                                'type': <class 'torch.utils.data.dataloader.DataLoader'>},
                                'log_interval': 200,
                                'type': 'Validation',
                                'val_interval': 1,
                                'val_model': None,
                                'val_on_train_end': False},
                               {'mode': None,
                                'name_prefix': 'float-',
                                'save_dir': './tmp_models/bevfusion_centerpoint_pointpillar_henet_multisensor_multitask_nuscenes',
                                'save_interval': 1,
                                'strict_match': True,
                                'type': 'Checkpoint'}],
                 'data_loader': {'batch_size': 6,
                                 'collate_fn': functools.partial(<function collate_bevfusion_centerpoint at 0x7fe0458f9f30>, bev_size=(51.2, 51.2, 0.8), point_cloud_range=[-51.2, -51.2, -5.0, 51.2, 51.2, 3.0], max_lidar_points=120000),
                                 'dataset': {'bev_range': [-51.2,
                                                           -51.2,
                                                           -5.0,
                                                           51.2,
                                                           51.2,
                                                           3.0],
                                             'data_path': 'data/nuscenes/pack/horizon_bevfusion_nuscenes/train_lmdb/',
                                             'load_dim': 5,
                                             'map_path': None,
                                             'map_size': None,
                                             'need_lidar': True,
                                             'num_seq': 1,
                                             'num_sweeps': 9,
                                             'transforms': [{'size': [512, 960],
                                                             'type': 'MultiViewsImgResize'},
                                                            {'type': 'MultiViewsImgFlip'},
                                                            {'rot': [-5.4, 5.4],
                                                             'type': 'MultiViewsImgRotate'},
                                                            {'rotation_3d_range': [-0.3925,
                                                                                   0.3925],
                                                             'type': 'BevBBoxRotation'},
                                                            {'type': 'MultiViewsPhotoMetricDistortion'},
                                                            {'transforms': [{'type': 'PILToTensor'},
                                                                            {'rgb_input': True,
                                                                             'type': 'BgrToYuv444'},
                                                                            {'mean': 128,
                                                                             'std': 128,
                                                                             'type': 'Normalize'}],
                                                             'type': 'MultiViewsImgTransformWrapper'},
                                                            {'max_lidar_points': 120000,
                                                             'type': 'FixedLidarPointsAdapter'},
                                                            {'bev_size': [51.2,
                                                                          51.2,
                                                                          0.8],
                                                             'point_cloud_range': [-51.2,
                                                                                   -51.2,
                                                                                   -5.0,
                                                                                   51.2,
                                                                                   51.2,
                                                                                   3.0],
                                                             'src_key': 'lidar_bboxes_labels',
                                                             'type': 'BevBboxesLabelsAdapter'}],
                                             'type': 'NuscenesBevSequenceDataset',
                                             'use_dim': [0, 1, 2, 3, 4],
                                             'with_bev_bboxes': False,
                                             'with_bev_mask': False,
                                             'with_ego_bboxes': True,
                                             'with_ego_occ': False,
                                             'with_lidar_bboxes': True,
                                             'with_lidar_occ': True},
                                 'num_workers': 4,
                                 'pin_memory': False,
                                 'sampler': {'type': <class 'torch.utils.data.distributed.DistributedSampler'>},
                                 'shuffle': True,
                                 'type': <class 'torch.utils.data.dataloader.DataLoader'>},
                 'device': None,
                 'model': {'bev_decoders': [{'bev_size': [51.2, 51.2, 0.8],
                                             'decode_to_lidar': True,
                                             'decoder': {'bev_size': [51.2,
                                                                      51.2,
                                                                      0.8],
                                                         'class_names': ['car',
                                                                         'truck',
                                                                         'trailer',
                                                                         'bus',
                                                                         'construction_vehicle',
                                                                         'bicycle',
                                                                         'motorcycle',
                                                                         'pedestrian',
                                                                         'traffic_cone',
                                                                         'barrier'],
                                                         'decode_to_ego': False,
                                                         'min_radius': [4,
                                                                        12,
                                                                        10,
                                                                        1,
                                                                        0.85,
                                                                        0.175],
                                                         'nms_threshold': [0.2,
                                                                           0.2,
                                                                           0.2,
                                                                           0.2,
                                                                           0.2,
                                                                           0.5],
                                                         'nms_type': ['rotate',
                                                                      'rotate',
                                                                      'rotate',
                                                                      'circle',
                                                                      'rotate',
                                                                      'rotate'],
                                                         'norm_bbox': True,
                                                         'out_size_factor': 1,
                                                         'score_threshold': 0.1,
                                                         'tasks': [{'class_names': ['car'],
                                                                    'name': 'car',
                                                                    'num_class': 1},
                                                                   {'class_names': ['truck',
                                                                                    'construction_vehicle'],
                                                                    'name': 'truck',
                                                                    'num_class': 2},
                                                                   {'class_names': ['bus',
                                                                                    'trailer'],
                                                                    'name': 'bus',
                                                                    'num_class': 2},
                                                                   {'class_names': ['barrier'],
                                                                    'name': 'barrier',
                                                                    'num_class': 1},
                                                                   {'class_names': ['motorcycle',
                                                                                    'bicycle'],
                                                                    'name': 'bicycle',
                                                                    'num_class': 2},
                                                                   {'class_names': ['pedestrian',
                                                                                    'traffic_cone'],
                                                                    'name': 'pedestrian',
                                                                    'num_class': 2}],
                                                         'type': 'CenterPointDecoder',
                                                         'use_max_pool': True},
                                             'head': {'common_heads': {'dim': [3,
                                                                               2],
                                                                       'height': [1,
                                                                                  2],
                                                                       'reg': [2,
                                                                               2],
                                                                       'rot': [2,
                                                                               2],
                                                                       'vel': [2,
                                                                               2]},
                                                      'final_kernel': 3,
                                                      'head_conv_channels': 64,
                                                      'in_channels': 256,
                                                      'init_bias': -2.19,
                                                      'num_heatmap_convs': 2,
                                                      'share_conv_channels': 64,
                                                      'share_conv_num': 1,
                                                      'tasks': [{'class_names': ['car'],
                                                                 'name': 'car',
                                                                 'num_class': 1},
                                                                {'class_names': ['truck',
                                                                                 'construction_vehicle'],
                                                                 'name': 'truck',
                                                                 'num_class': 2},
                                                                {'class_names': ['bus',
                                                                                 'trailer'],
                                                                 'name': 'bus',
                                                                 'num_class': 2},
                                                                {'class_names': ['barrier'],
                                                                 'name': 'barrier',
                                                                 'num_class': 1},
                                                                {'class_names': ['motorcycle',
                                                                                 'bicycle'],
                                                                 'name': 'bicycle',
                                                                 'num_class': 2},
                                                                {'class_names': ['pedestrian',
                                                                                 'traffic_cone'],
                                                                 'name': 'pedestrian',
                                                                 'num_class': 2}],
                                                      'type': 'DepthwiseSeparableCenterPointHead'},
                                             'loss_cls': {'loss_weight': 1.0,
                                                          'type': 'GaussianFocalLoss'},
                                             'loss_reg': {'loss_weight': 0.25,
                                                          'type': 'L1Loss'},
                                             'name': 'bev_det',
                                             'point_cloud_range': [-51.2,
                                                                   -51.2,
                                                                   -5.0,
                                                                   51.2,
                                                                   51.2,
                                                                   3.0],
                                             'target': {'bbox_weight': [1.0,
                                                                        1.0,
                                                                        1.0,
                                                                        1.0,
                                                                        1.0,
                                                                        1.0,
                                                                        1.0,
                                                                        1.0,
                                                                        0.2,
                                                                        0.2],
                                                        'class_names': ['car',
                                                                        'truck',
                                                                        'trailer',
                                                                        'bus',
                                                                        'construction_vehicle',
                                                                        'bicycle',
                                                                        'motorcycle',
                                                                        'pedestrian',
                                                                        'traffic_cone',
                                                                        'barrier'],
                                                        'gaussian_overlap': 0.1,
                                                        'max_num': 500,
                                                        'min_radius': 2,
                                                        'norm_bbox': True,
                                                        'out_size_factor': 1,
                                                        'tasks': [{'class_names': ['car'],
                                                                   'name': 'car',
                                                                   'num_class': 1},
                                                                  {'class_names': ['truck',
                                                                                   'construction_vehicle'],
                                                                   'name': 'truck',
                                                                   'num_class': 2},
                                                                  {'class_names': ['bus',
                                                                                   'trailer'],
                                                                   'name': 'bus',
                                                                   'num_class': 2},
                                                                  {'class_names': ['barrier'],
                                                                   'name': 'barrier',
                                                                   'num_class': 1},
                                                                  {'class_names': ['motorcycle',
                                                                                   'bicycle'],
                                                                   'name': 'bicycle',
                                                                   'num_class': 2},
                                                                  {'class_names': ['pedestrian',
                                                                                   'traffic_cone'],
                                                                   'name': 'pedestrian',
                                                                   'num_class': 2}],
                                                        'type': 'CenterPointTarget'},
                                             'task_weight': 1.0,
                                             'type': 'BevFusionCenterPointDetDecoder'},
                                            {'camera_input': True,
                                             'lidar_input': True,
                                             'loss_occ': {'ignore_index': 255,
                                                          'loss_weight': 6.0,
                                                          'type': 'CrossEntropyLoss',
                                                          'use_sigmoid': False},
                                             'num_classes': 18,
                                             'occ_head': {'Dz': 16,
                                                          'in_dim': 256,
                                                          'num_classes': 18,
                                                          'out_dim': 128,
                                                          'type': 'BEVOCCHead2D',
                                                          'use_predicter': True,
                                                          'use_upsample': True},
                                             'roi_resizer': {'in_strides': [1],
                                                             'roi_resize_cfgs': [{'in_stride': 1,
                                                                                  'roi_box': [14,
                                                                                              14,
                                                                                              114,
                                                                                              114]}],
                                                             'type': 'RoiResize'},
                                             'type': 'BevformerOccDetDecoder',
                                             'use_mask': True}],
                           'bev_h': 128,
                           'bev_w': 128,
                           'camera_network': {'backbone': {'act_layer': ['nn.GELU',
                                                                         'nn.GELU',
                                                                         'nn.GELU',
                                                                         'nn.GELU'],
                                                           'attention_block_num': [0,
                                                                                   0,
                                                                                   0,
                                                                                   0],
                                                           'block_cls': ['GroupDWCB',
                                                                         'GroupDWCB',
                                                                         'AltDWCB',
                                                                         'DWCB'],
                                                           'block_nums': [4,
                                                                          3,
                                                                          8,
                                                                          6],
                                                           'down_cls': ['S2DDown',
                                                                        'S2DDown',
                                                                        'S2DDown',
                                                                        'None'],
                                                           'embed_dims': [64,
                                                                          128,
                                                                          192,
                                                                          384],
                                                           'extra_act': [False,
                                                                         False,
                                                                         False,
                                                                         False],
                                                           'feature_mix_channel': 1024,
                                                           'final_expand_channel': 0,
                                                           'in_channels': 3,
                                                           'include_top': False,
                                                           'layer_scale_init_value': 1e-05,
                                                           'mlp_ratio_attn': 2,
                                                           'mlp_ratios': [2,
                                                                          2,
                                                                          2,
                                                                          3],
                                                           'num_classes': 1000,
                                                           'patch_embed': 'origin',
                                                           'type': 'HENet',
                                                           'use_layer_scale': [True,
                                                                               True,
                                                                               True,
                                                                               True]},
                                              'neck': {'bn_kwargs': {'eps': 1e-05,
                                                                     'momentum': 0.1},
                                                       'in_channels': [384],
                                                       'in_strides': [32],
                                                       'out_channels': [256],
                                                       'out_strides': [32],
                                                       'type': 'FPN'},
                                              'out_indices': [-1],
                                              'type': 'BevFormer',
                                              'view_transformer': {'bev_h': 128,
                                                                   'bev_w': 128,
                                                                   'embed_dims': 256,
                                                                   'encoder': {'bev_h': 128,
                                                                               'bev_w': 128,
                                                                               'embed_dims': 256,
                                                                               'encoder_layer': {'crossattention': {'bev_h': 128,
                                                                                                                    'bev_w': 128,
                                                                                                                    'deformable_attention': {'embed_dims': 256,
                                                                                                                                             'feats_size': [[30,
                                                                                                                                                             16]],
                                                                                                                                             'grid_align_num': 64,
                                                                                                                                             'num_levels': 1,
                                                                                                                                             'num_points': 2,
                                                                                                                                             'type': 'HorizonMultiScaleDeformableAttention3D'},
                                                                                                                    'embed_dims': 256,
                                                                                                                    'max_camoverlap_num': 2,
                                                                                                                    'type': 'HorizonSpatialCrossAttention'},
                                                                                                 'dropout': 0.1,
                                                                                                 'embed_dims': 256,
                                                                                                 'selfattention': {'batch_first': True,
                                                                                                                   'embed_dims': 256,
                                                                                                                   'feats_size': [[128,
                                                                                                                                   128]],
                                                                                                                   'grid_align_num': 4,
                                                                                                                   'num_levels': 1,
                                                                                                                   'num_points': 2,
                                                                                                                   'type': 'HorizonMultiScaleDeformableAttention'},
                                                                                                 'type': 'SingleBEVFormerEncoderLayer'},
                                                                               'num_layers': 1,
                                                                               'return_intermediate': False,
                                                                               'type': 'SingleBEVFormerEncoder'},
                                                                   'in_indices': [-1],
                                                                   'max_camoverlap_num': 2,
                                                                   'num_points_in_pillar': 2,
                                                                   'pc_range': [-51.2,
                                                                                -51.2,
                                                                                -5.0,
                                                                                51.2,
                                                                                51.2,
                                                                                3.0],
                                                                   'positional_encoding': {'col_num_embed': 128,
                                                                                           'num_feats': 128,
                                                                                           'row_num_embed': 128,
                                                                                           'type': 'LearnedPositionalEncoding'},
                                                                   'queue_length': 1,
                                                                   'single_bev': True,
                                                                   'type': 'SingleBevFormerViewTransformer',
                                                                   'use_lidar2img': True,
                                                                   'virtual_bev_h': 64,
                                                                   'virtual_bev_w': 80}},
                           'fuse_module': {'fuse_c': 256,
                                           'input_c': 640,
                                           'type': 'BevFuseModule'},
                           'lidar_network': {'backbone': {'num_input_features': 64,
                                                          'quantize': True,
                                                          'type': 'PointPillarScatter',
                                                          'use_horizon_pillar_scatter': True},
                                             'feature_map_shape': array([512, 512,   1]),
                                             'neck': {'bn_kwargs': None,
                                                      'down_layer_channels': [64,
                                                                              128,
                                                                              256],
                                                      'down_layer_nums': [3,
                                                                          5,
                                                                          5],
                                                      'down_layer_strides': [2,
                                                                             2,
                                                                             2],
                                                      'in_feature_channel': 64,
                                                      'quantize': True,
                                                      'type': 'SECONDNeck',
                                                      'up_layer_channels': [128,
                                                                            128,
                                                                            128],
                                                      'up_layer_strides': [0.5,
                                                                           1,
                                                                           2],
                                                      'use_relu6': False},
                                             'pre_process': {'fixed_voxels_num': 30000,
                                                             'max_points_in_voxel': 20,
                                                             'max_voxels_num': [30000,
                                                                                40000],
                                                             'norm_dims': [0,
                                                                           1,
                                                                           2,
                                                                           3],
                                                             'norm_range': [-51.2,
                                                                            -51.2,
                                                                            -5.0,
                                                                            0.0,
                                                                            51.2,
                                                                            51.2,
                                                                            3.0,
                                                                            255.0],
                                                             'pc_range': [-51.2,
                                                                          -51.2,
                                                                          -5.0,
                                                                          51.2,
                                                                          51.2,
                                                                          3.0],
                                                             'type': 'PaddedCenterPointPreProcess',
                                                             'voxel_size': [0.2,
                                                                            0.2,
                                                                            8]},
                                             'reader': {'bn_kwargs': None,
                                                        'hw_reverse': True,
                                                        'num_filters': [64],
                                                        'num_input_features': 5,
                                                        'pc_range': [-51.2,
                                                                     -51.2,
                                                                     -5.0,
                                                                     51.2,
                                                                     51.2,
                                                                     3.0],
                                                        'pool_size': [20, 1],
                                                        'quantize': True,
                                                        'type': 'PillarFeatureNet',
                                                        'use_4dim': True,
                                                        'use_conv': True,
                                                        'voxel_size': [0.2,
                                                                       0.2,
                                                                       8],
                                                        'with_distance': False},
                                             'type': 'CenterPointDetector'},
                           'type': 'BevFusion'},
                 'model_convert_pipeline': {'converters': [{'type': 'RepModel2Deploy'},
                                                           {'convert_mode': 'jit-strip',
                                                            'example_data_loader': {'batch_size': 1,
                                                                                    'collate_fn': functools.partial(<function collate_bevfusion_centerpoint at 0x7fe0458f9f30>, bev_size=(51.2, 51.2, 0.8), point_cloud_range=[-51.2, -51.2, -5.0, 51.2, 51.2, 3.0], max_lidar_points=120000),
                                                                                    'dataset': {'bev_range': [-51.2,
                                                                                                              -51.2,
                                                                                                              -5.0,
                                                                                                              51.2,
                                                                                                              51.2,
                                                                                                              3.0],
                                                                                                'data_path': 'data/nuscenes/pack/horizon_bevfusion_nuscenes/val_lmdb/',
                                                                                                'load_dim': 5,
                                                                                                'map_path': None,
                                                                                                'map_size': None,
                                                                                                'need_lidar': True,
                                                                                                'num_seq': 1,
                                                                                                'num_sweeps': 9,
                                                                                                'transforms': [{'size': [512,
                                                                                                                         960],
                                                                                                                'type': 'MultiViewsImgResize'},
                                                                                                               {'transforms': [{'type': 'PILToTensor'},
                                                                                                                               {'divisor': 32,
                                                                                                                                'type': 'Pad'},
                                                                                                                               {'rgb_input': True,
                                                                                                                                'type': 'BgrToYuv444'},
                                                                                                                               {'mean': 128.0,
                                                                                                                                'std': 128.0,
                                                                                                                                'type': 'Normalize'}],
                                                                                                                'type': 'MultiViewsImgTransformWrapper'}],
                                                                                                'type': 'NuscenesBevSequenceDataset',
                                                                                                'use_dim': [0,
                                                                                                            1,
                                                                                                            2,
                                                                                                            3,
                                                                                                            4],
                                                                                                'with_bev_bboxes': False,
                                                                                                'with_bev_mask': False,
                                                                                                'with_ego_bboxes': True,
                                                                                                'with_lidar_bboxes': True,
                                                                                                'with_lidar_occ': True},
                                                                                    'num_workers': 0,
                                                                                    'pin_memory': True,
                                                                                    'shuffle': False,
                                                                                    'type': <class 'torch.utils.data.dataloader.DataLoader'>},
                                                            'type': 'Float2QAT'},
                                                           {'type': 'FixWeightQScale'},
                                                           {'allow_miss': True,
                                                            'checkpoint_path': './tmp_models/bevfusion_centerpoint_pointpillar_henet_multisensor_multitask_nuscenes/calibration-checkpoint-last.pth.tar',
                                                            'ignore_extra': True,
                                                            'type': 'LoadCheckpoint',
                                                            'verbose': True}],
                                            'qat_mode': 'fuse_bn',
                                            'type': 'ModelConvertPipeline'},
                 'num_epochs': 16,
                 'optimizer': {'lr': 2e-05,
                               'type': <class 'torch.optim.adamw.AdamW'>,
                               'weight_decay': 0.001},
                 'train_metrics': {'type': 'LossShow'},
                 'type': 'distributed_data_parallel_trainer',
                 'val_metrics': [{'classes': ['car',
                                              'truck',
                                              'trailer',
                                              'bus',
                                              'construction_vehicle',
                                              'bicycle',
                                              'motorcycle',
                                              'pedestrian',
                                              'traffic_cone',
                                              'barrier'],
                                  'data_root': 'data/nuscenes',
                                  'lidar_key': 'sensor2ego',
                                  'save_prefix': './metric_results/bevfusion_centerpoint_pointpillar_henet_multisensor_multitask_nuscenes',
                                  'trans_lidar_dim': True,
                                  'trans_lidar_rot': False,
                                  'type': 'NuscenesMetric',
                                  'use_lidar': True,
                                  'version': 'v1.0-trainval'},
                                 {'ignore_index': 17,
                                  'seg_class': ['others',
                                                'barrier',
                                                'bicycle',
                                                'bus',
                                                'car',
                                                'construction_vehicle',
                                                'motorcycle',
                                                'pedestrian',
                                                'traffic_cone',
                                                'trailer',
                                                'truck',
                                                'driveable_surface',
                                                'other_flat',
                                                'sidewalk',
                                                'terrain',
                                                'manmade',
                                                'vegetation'],
                                  'type': 'MeanIOU'}]},
 're': <module 're' from '/usr/lib/python3.10/re.py'>,
 'real_deploy_model_convert_pipeline': {'converters': [{'type': 'RepModel2Deploy'},
                                                       {'convert_mode': 'jit-strip',
                                                        'example_inputs': {'bev_pillar_counts': torch.Size([1, 16384, 1]),
                                                                           'coors': torch.Size([40000, 4]),
                                                                           'features': torch.Size([1, 5, 20, 40000]),
                                                                           'img': torch.Size([6, 3, 512, 960]),
                                                                           'queries_rebatch_grid': torch.Size([6, 64, 80, 2]),
                                                                           'reference_points_rebatch': torch.Size([6, 5120, 2, 2]),
                                                                           'restore_bev_grid': torch.Size([1, 256, 128, 2])},
                                                        'type': 'Float2QAT'},
                                                       {'allow_miss': True,
                                                        'checkpoint_path': './tmp_models/bevfusion_centerpoint_pointpillar_henet_multisensor_multitask_nuscenes/qat-checkpoint-last.pth.tar',
                                                        'ignore_extra': True,
                                                        'type': 'LoadCheckpoint',
                                                        'verbose': True},
                                                       {'type': 'SetQuantRoundingMode'}],
                                        'qat_mode': 'fuse_bn',
                                        'type': 'ModelConvertPipeline'},
 'resize': <function resize at 0x7fe097cedd80>,
 'resize_homo': <function resize_homo at 0x7fe0458facb0>,
 'resize_shape': [3, 512, 960],
 'seed': None,
 'shutil': <module 'shutil' from '/usr/lib/python3.10/shutil.py'>,
 'single_hbir_infer_model': {'deploy_model': {'bev_decoders': [{'bev_size': [51.2,
                                                                             51.2,
                                                                             0.8],
                                                                'decode_to_lidar': True,
                                                                'decoder': {'bev_size': [51.2,
                                                                                         51.2,
                                                                                         0.8],
                                                                            'class_names': ['car',
                                                                                            'truck',
                                                                                            'trailer',
                                                                                            'bus',
                                                                                            'construction_vehicle',
                                                                                            'bicycle',
                                                                                            'motorcycle',
                                                                                            'pedestrian',
                                                                                            'traffic_cone',
                                                                                            'barrier'],
                                                                            'decode_to_ego': False,
                                                                            'min_radius': [4,
                                                                                           12,
                                                                                           10,
                                                                                           1,
                                                                                           0.85,
                                                                                           0.175],
                                                                            'nms_threshold': [0.2,
                                                                                              0.2,
                                                                                              0.2,
                                                                                              0.2,
                                                                                              0.2,
                                                                                              0.5],
                                                                            'nms_type': ['rotate',
                                                                                         'rotate',
                                                                                         'rotate',
                                                                                         'circle',
                                                                                         'rotate',
                                                                                         'rotate'],
                                                                            'norm_bbox': True,
                                                                            'out_size_factor': 1,
                                                                            'score_threshold': 0.1,
                                                                            'tasks': [{'class_names': ['car'],
                                                                                       'name': 'car',
                                                                                       'num_class': 1},
                                                                                      {'class_names': ['truck',
                                                                                                       'construction_vehicle'],
                                                                                       'name': 'truck',
                                                                                       'num_class': 2},
                                                                                      {'class_names': ['bus',
                                                                                                       'trailer'],
                                                                                       'name': 'bus',
                                                                                       'num_class': 2},
                                                                                      {'class_names': ['barrier'],
                                                                                       'name': 'barrier',
                                                                                       'num_class': 1},
                                                                                      {'class_names': ['motorcycle',
                                                                                                       'bicycle'],
                                                                                       'name': 'bicycle',
                                                                                       'num_class': 2},
                                                                                      {'class_names': ['pedestrian',
                                                                                                       'traffic_cone'],
                                                                                       'name': 'pedestrian',
                                                                                       'num_class': 2}],
                                                                            'type': 'CenterPointDecoder',
                                                                            'use_max_pool': True},
                                                                'head': {'common_heads': {'dim': [3,
                                                                                                  2],
                                                                                          'height': [1,
                                                                                                     2],
                                                                                          'reg': [2,
                                                                                                  2],
                                                                                          'rot': [2,
                                                                                                  2],
                                                                                          'vel': [2,
                                                                                                  2]},
                                                                         'final_kernel': 3,
                                                                         'head_conv_channels': 64,
                                                                         'in_channels': 256,
                                                                         'init_bias': -2.19,
                                                                         'num_heatmap_convs': 2,
                                                                         'share_conv_channels': 64,
                                                                         'share_conv_num': 1,
                                                                         'tasks': [{'class_names': ['car'],
                                                                                    'name': 'car',
                                                                                    'num_class': 1},
                                                                                   {'class_names': ['truck',
                                                                                                    'construction_vehicle'],
                                                                                    'name': 'truck',
                                                                                    'num_class': 2},
                                                                                   {'class_names': ['bus',
                                                                                                    'trailer'],
                                                                                    'name': 'bus',
                                                                                    'num_class': 2},
                                                                                   {'class_names': ['barrier'],
                                                                                    'name': 'barrier',
                                                                                    'num_class': 1},
                                                                                   {'class_names': ['motorcycle',
                                                                                                    'bicycle'],
                                                                                    'name': 'bicycle',
                                                                                    'num_class': 2},
                                                                                   {'class_names': ['pedestrian',
                                                                                                    'traffic_cone'],
                                                                                    'name': 'pedestrian',
                                                                                    'num_class': 2}],
                                                                         'type': 'DepthwiseSeparableCenterPointHead'},
                                                                'loss_cls': {'loss_weight': 1.0,
                                                                             'type': 'GaussianFocalLoss'},
                                                                'loss_reg': {'loss_weight': 0.25,
                                                                             'type': 'L1Loss'},
                                                                'name': 'bev_det',
                                                                'point_cloud_range': [-51.2,
                                                                                      -51.2,
                                                                                      -5.0,
                                                                                      51.2,
                                                                                      51.2,
                                                                                      3.0],
                                                                'target': {'bbox_weight': [1.0,
                                                                                           1.0,
                                                                                           1.0,
                                                                                           1.0,
                                                                                           1.0,
                                                                                           1.0,
                                                                                           1.0,
                                                                                           1.0,
                                                                                           0.2,
                                                                                           0.2],
                                                                           'class_names': ['car',
                                                                                           'truck',
                                                                                           'trailer',
                                                                                           'bus',
                                                                                           'construction_vehicle',
                                                                                           'bicycle',
                                                                                           'motorcycle',
                                                                                           'pedestrian',
                                                                                           'traffic_cone',
                                                                                           'barrier'],
                                                                           'gaussian_overlap': 0.1,
                                                                           'max_num': 500,
                                                                           'min_radius': 2,
                                                                           'norm_bbox': True,
                                                                           'out_size_factor': 1,
                                                                           'tasks': [{'class_names': ['car'],
                                                                                      'name': 'car',
                                                                                      'num_class': 1},
                                                                                     {'class_names': ['truck',
                                                                                                      'construction_vehicle'],
                                                                                      'name': 'truck',
                                                                                      'num_class': 2},
                                                                                     {'class_names': ['bus',
                                                                                                      'trailer'],
                                                                                      'name': 'bus',
                                                                                      'num_class': 2},
                                                                                     {'class_names': ['barrier'],
                                                                                      'name': 'barrier',
                                                                                      'num_class': 1},
                                                                                     {'class_names': ['motorcycle',
                                                                                                      'bicycle'],
                                                                                      'name': 'bicycle',
                                                                                      'num_class': 2},
                                                                                     {'class_names': ['pedestrian',
                                                                                                      'traffic_cone'],
                                                                                      'name': 'pedestrian',
                                                                                      'num_class': 2}],
                                                                           'type': 'CenterPointTarget'},
                                                                'task_weight': 1.0,
                                                                'type': 'BevFusionCenterPointDetDecoder'},
                                                               {'camera_input': True,
                                                                'lidar_input': True,
                                                                'loss_occ': {'ignore_index': 255,
                                                                             'loss_weight': 6.0,
                                                                             'type': 'CrossEntropyLoss',
                                                                             'use_sigmoid': False},
                                                                'num_classes': 18,
                                                                'occ_head': {'Dz': 16,
                                                                             'in_dim': 256,
                                                                             'num_classes': 18,
                                                                             'out_dim': 128,
                                                                             'type': 'BEVOCCHead2D',
                                                                             'use_predicter': True,
                                                                             'use_upsample': True},
                                                                'roi_resizer': {'in_strides': [1],
                                                                                'roi_resize_cfgs': [{'in_stride': 1,
                                                                                                     'roi_box': [14,
                                                                                                                 14,
                                                                                                                 114,
                                                                                                                 114]}],
                                                                                'type': 'RoiResize'},
                                                                'type': 'BevformerOccDetDecoder',
                                                                'use_mask': True}],
                                              'bev_h': 128,
                                              'bev_w': 128,
                                              'camera_network': {'backbone': {'act_layer': ['nn.GELU',
                                                                                            'nn.GELU',
                                                                                            'nn.GELU',
                                                                                            'nn.GELU'],
                                                                              'attention_block_num': [0,
                                                                                                      0,
                                                                                                      0,
                                                                                                      0],
                                                                              'block_cls': ['GroupDWCB',
                                                                                            'GroupDWCB',
                                                                                            'AltDWCB',
                                                                                            'DWCB'],
                                                                              'block_nums': [4,
                                                                                             3,
                                                                                             8,
                                                                                             6],
                                                                              'down_cls': ['S2DDown',
                                                                                           'S2DDown',
                                                                                           'S2DDown',
                                                                                           'None'],
                                                                              'embed_dims': [64,
                                                                                             128,
                                                                                             192,
                                                                                             384],
                                                                              'extra_act': [False,
                                                                                            False,
                                                                                            False,
                                                                                            False],
                                                                              'feature_mix_channel': 1024,
                                                                              'final_expand_channel': 0,
                                                                              'in_channels': 3,
                                                                              'include_top': False,
                                                                              'layer_scale_init_value': 1e-05,
                                                                              'mlp_ratio_attn': 2,
                                                                              'mlp_ratios': [2,
                                                                                             2,
                                                                                             2,
                                                                                             3],
                                                                              'num_classes': 1000,
                                                                              'patch_embed': 'origin',
                                                                              'type': 'HENet',
                                                                              'use_layer_scale': [True,
                                                                                                  True,
                                                                                                  True,
                                                                                                  True]},
                                                                 'neck': {'bn_kwargs': {'eps': 1e-05,
                                                                                        'momentum': 0.1},
                                                                          'in_channels': [384],
                                                                          'in_strides': [32],
                                                                          'out_channels': [256],
                                                                          'out_strides': [32],
                                                                          'type': 'FPN'},
                                                                 'out_indices': [-1],
                                                                 'type': 'BevFormer',
                                                                 'view_transformer': {'bev_h': 128,
                                                                                      'bev_w': 128,
                                                                                      'embed_dims': 256,
                                                                                      'encoder': {'bev_h': 128,
                                                                                                  'bev_w': 128,
                                                                                                  'embed_dims': 256,
                                                                                                  'encoder_layer': {'crossattention': {'bev_h': 128,
                                                                                                                                       'bev_w': 128,
                                                                                                                                       'deformable_attention': {'embed_dims': 256,
                                                                                                                                                                'feats_size': [[30,
                                                                                                                                                                                16]],
                                                                                                                                                                'grid_align_num': 64,
                                                                                                                                                                'num_levels': 1,
                                                                                                                                                                'num_points': 2,
                                                                                                                                                                'type': 'HorizonMultiScaleDeformableAttention3D'},
                                                                                                                                       'embed_dims': 256,
                                                                                                                                       'max_camoverlap_num': 2,
                                                                                                                                       'type': 'HorizonSpatialCrossAttention'},
                                                                                                                    'dropout': 0.1,
                                                                                                                    'embed_dims': 256,
                                                                                                                    'selfattention': {'batch_first': True,
                                                                                                                                      'embed_dims': 256,
                                                                                                                                      'feats_size': [[128,
                                                                                                                                                      128]],
                                                                                                                                      'grid_align_num': 4,
                                                                                                                                      'num_levels': 1,
                                                                                                                                      'num_points': 2,
                                                                                                                                      'type': 'HorizonMultiScaleDeformableAttention'},
                                                                                                                    'type': 'SingleBEVFormerEncoderLayer'},
                                                                                                  'num_layers': 1,
                                                                                                  'return_intermediate': False,
                                                                                                  'type': 'SingleBEVFormerEncoder'},
                                                                                      'in_indices': [-1],
                                                                                      'max_camoverlap_num': 2,
                                                                                      'num_points_in_pillar': 2,
                                                                                      'pc_range': [-51.2,
                                                                                                   -51.2,
                                                                                                   -5.0,
                                                                                                   51.2,
                                                                                                   51.2,
                                                                                                   3.0],
                                                                                      'positional_encoding': {'col_num_embed': 128,
                                                                                                              'num_feats': 128,
                                                                                                              'row_num_embed': 128,
                                                                                                              'type': 'LearnedPositionalEncoding'},
                                                                                      'queue_length': 1,
                                                                                      'single_bev': True,
                                                                                      'type': 'SingleBevFormerViewTransformer',
                                                                                      'use_lidar2img': True,
                                                                                      'virtual_bev_h': 64,
                                                                                      'virtual_bev_w': 80}},
                                              'fuse_module': {'fuse_c': 256,
                                                              'input_c': 640,
                                                              'type': 'BevFuseModule'},
                                              'lidar_network': {'backbone': {'num_input_features': 64,
                                                                             'quantize': True,
                                                                             'type': 'PointPillarScatter',
                                                                             'use_horizon_pillar_scatter': True},
                                                                'feature_map_shape': array([512, 512,   1]),
                                                                'neck': {'bn_kwargs': None,
                                                                         'down_layer_channels': [64,
                                                                                                 128,
                                                                                                 256],
                                                                         'down_layer_nums': [3,
                                                                                             5,
                                                                                             5],
                                                                         'down_layer_strides': [2,
                                                                                                2,
                                                                                                2],
                                                                         'in_feature_channel': 64,
                                                                         'quantize': True,
                                                                         'type': 'SECONDNeck',
                                                                         'up_layer_channels': [128,
                                                                                               128,
                                                                                               128],
                                                                         'up_layer_strides': [0.5,
                                                                                              1,
                                                                                              2],
                                                                         'use_relu6': False},
                                                                'pre_process': {'fixed_voxels_num': 30000,
                                                                                'max_points_in_voxel': 20,
                                                                                'max_voxels_num': [30000,
                                                                                                   40000],
                                                                                'norm_dims': [0,
                                                                                              1,
                                                                                              2,
                                                                                              3],
                                                                                'norm_range': [-51.2,
                                                                                               -51.2,
                                                                                               -5.0,
                                                                                               0.0,
                                                                                               51.2,
                                                                                               51.2,
                                                                                               3.0,
                                                                                               255.0],
                                                                                'pc_range': [-51.2,
                                                                                             -51.2,
                                                                                             -5.0,
                                                                                             51.2,
                                                                                             51.2,
                                                                                             3.0],
                                                                                'type': 'PaddedCenterPointPreProcess',
                                                                                'voxel_size': [0.2,
                                                                                               0.2,
                                                                                               8]},
                                                                'reader': {'bn_kwargs': None,
                                                                           'hw_reverse': True,
                                                                           'num_filters': [64],
                                                                           'num_input_features': 5,
                                                                           'pc_range': [-51.2,
                                                                                        -51.2,
                                                                                        -5.0,
                                                                                        51.2,
                                                                                        51.2,
                                                                                        3.0],
                                                                           'pool_size': [20,
                                                                                         1],
                                                                           'quantize': True,
                                                                           'type': 'PillarFeatureNet',
                                                                           'use_4dim': True,
                                                                           'use_conv': True,
                                                                           'voxel_size': [0.2,
                                                                                          0.2,
                                                                                          8],
                                                                           'with_distance': False},
                                                                'type': 'CenterPointDetector'},
                                              'type': 'BevFusion'},
                             'ir_model': {'model_path': './tmp_models/bevfusion_centerpoint_pointpillar_henet_multisensor_multitask_nuscenes/quantized.bc',
                                          'type': 'HbirModule'},
                             'type': 'BevFusionHbirInfer'},
 'single_infer_dataset': {'bev_range': [-51.2, -51.2, -5.0, 51.2, 51.2, 3.0],
                          'load_dim': 5,
                          'map_path': None,
                          'map_size': None,
                          'need_lidar': True,
                          'num_seq': 1,
                          'num_sweeps': 9,
                          'split_name': 'val',
                          'src_data_dir': './data/nuscenes',
                          'transforms': None,
                          'type': 'NuscenesFromImageSequence',
                          'use_dim': [0, 1, 2, 3, 4],
                          'version': 'v1.0-trainval',
                          'with_bev_bboxes': False,
                          'with_bev_mask': False,
                          'with_ego_bboxes': True,
                          'with_lidar_bboxes': True,
                          'with_lidar_occ': True},
 'stat_callback': {'log_freq': 200, 'type': 'StatsMonitor'},
 'sys': <module 'sys' (built-in)>,
 'task_name': 'bevfusion_centerpoint_pointpillar_henet_multisensor_multitask_nuscenes',
 'tasks': [{'class_names': ['car'], 'name': 'car', 'num_class': 1},
           {'class_names': ['truck', 'construction_vehicle'],
            'name': 'truck',
            'num_class': 2},
           {'class_names': ['bus', 'trailer'], 'name': 'bus', 'num_class': 2},
           {'class_names': ['barrier'], 'name': 'barrier', 'num_class': 1},
           {'class_names': ['motorcycle', 'bicycle'],
            'name': 'bicycle',
            'num_class': 2},
           {'class_names': ['pedestrian', 'traffic_cone'],
            'name': 'pedestrian',
            'num_class': 2}],
 'torch': <module 'torch' from '/usr/local/lib/python3.10/dist-packages/torch/__init__.py'>,
 'trace_callback': {'save_dir': './tmp_models/bevfusion_centerpoint_pointpillar_henet_multisensor_multitask_nuscenes',
                    'trace_inputs': {'bev_pillar_counts': torch.Size([1, 16384, 1]),
                                     'coors': torch.Size([40000, 4]),
                                     'features': torch.Size([1, 5, 20, 40000]),
                                     'img': torch.Size([6, 3, 512, 960]),
                                     'queries_rebatch_grid': torch.Size([6, 64, 80, 2]),
                                     'reference_points_rebatch': torch.Size([6, 5120, 2, 2]),
                                     'restore_bev_grid': torch.Size([1, 256, 128, 2])},
                    'type': 'SaveTraced'},
 'train_data_path': 'data/nuscenes/pack/horizon_bevfusion_nuscenes/train_lmdb/',
 'train_dataset': {'bev_range': [-51.2, -51.2, -5.0, 51.2, 51.2, 3.0],
                   'data_path': 'data/nuscenes/pack/horizon_bevfusion_nuscenes/train_lmdb/',
                   'load_dim': 5,
                   'map_path': None,
                   'map_size': None,
                   'need_lidar': True,
                   'num_seq': 1,
                   'num_sweeps': 9,
                   'transforms': [{'size': [512, 960],
                                   'type': 'MultiViewsImgResize'},
                                  {'type': 'MultiViewsImgFlip'},
                                  {'rot': [-5.4, 5.4],
                                   'type': 'MultiViewsImgRotate'},
                                  {'rotation_3d_range': [-0.3925, 0.3925],
                                   'type': 'BevBBoxRotation'},
                                  {'type': 'MultiViewsPhotoMetricDistortion'},
                                  {'transforms': [{'type': 'PILToTensor'},
                                                  {'rgb_input': True,
                                                   'type': 'BgrToYuv444'},
                                                  {'mean': 128,
                                                   'std': 128,
                                                   'type': 'Normalize'}],
                                   'type': 'MultiViewsImgTransformWrapper'},
                                  {'max_lidar_points': 120000,
                                   'type': 'FixedLidarPointsAdapter'},
                                  {'bev_size': [51.2, 51.2, 0.8],
                                   'point_cloud_range': [-51.2,
                                                         -51.2,
                                                         -5.0,
                                                         51.2,
                                                         51.2,
                                                         3.0],
                                   'src_key': 'lidar_bboxes_labels',
                                   'type': 'BevBboxesLabelsAdapter'}],
                   'type': 'NuscenesBevSequenceDataset',
                   'use_dim': [0, 1, 2, 3, 4],
                   'with_bev_bboxes': False,
                   'with_bev_mask': False,
                   'with_ego_bboxes': True,
                   'with_ego_occ': False,
                   'with_lidar_bboxes': True,
                   'with_lidar_occ': True},
 'training_step': 'float',
 'update_loss': <function update_loss at 0x7fe0458fa950>,
 'update_metric': <function update_metric at 0x7fe0458fa8c0>,
 'update_state_dict_by_add_prefix': <function update_state_dict_by_add_prefix at 0x7fe08c7beef0>,
 'use_bev_head': True,
 'use_lidar2img': True,
 'use_occ_head': True,
 'val_batch_processor': {'loss_collector': None,
                         'need_grad_update': False,
                         'type': 'MultiBatchProcessor'},
 'val_callback': {'batch_processor': {'loss_collector': None,
                                      'need_grad_update': False,
                                      'type': 'MultiBatchProcessor'},
                  'callbacks': [{'epoch_log_freq': 1,
                                 'log_prefix': 'Validation '
                                               'bevfusion_centerpoint_pointpillar_henet_multisensor_multitask_nuscenes',
                                 'metric_update_func': <function update_metric at 0x7fe0458fa8c0>,
                                 'step_log_freq': 10000,
                                 'type': 'MetricUpdater'}],
                  'data_loader': {'batch_size': 1,
                                  'collate_fn': functools.partial(<function collate_bevfusion_centerpoint at 0x7fe0458f9f30>, bev_size=(51.2, 51.2, 0.8), point_cloud_range=[-51.2, -51.2, -5.0, 51.2, 51.2, 3.0], max_lidar_points=120000),
                                  'dataset': {'bev_range': [-51.2,
                                                            -51.2,
                                                            -5.0,
                                                            51.2,
                                                            51.2,
                                                            3.0],
                                              'data_path': 'data/nuscenes/pack/horizon_bevfusion_nuscenes/val_lmdb/',
                                              'load_dim': 5,
                                              'map_path': None,
                                              'map_size': None,
                                              'need_lidar': True,
                                              'num_seq': 1,
                                              'num_sweeps': 9,
                                              'transforms': [{'size': [512,
                                                                       960],
                                                              'type': 'MultiViewsImgResize'},
                                                             {'transforms': [{'type': 'PILToTensor'},
                                                                             {'divisor': 32,
                                                                              'type': 'Pad'},
                                                                             {'rgb_input': True,
                                                                              'type': 'BgrToYuv444'},
                                                                             {'mean': 128.0,
                                                                              'std': 128.0,
                                                                              'type': 'Normalize'}],
                                                              'type': 'MultiViewsImgTransformWrapper'}],
                                              'type': 'NuscenesBevSequenceDataset',
                                              'use_dim': [0, 1, 2, 3, 4],
                                              'with_bev_bboxes': False,
                                              'with_bev_mask': False,
                                              'with_ego_bboxes': True,
                                              'with_lidar_bboxes': True,
                                              'with_lidar_occ': True},
                                  'num_workers': 4,
                                  'pin_memory': True,
                                  'sampler': {'type': <class 'torch.utils.data.distributed.DistributedSampler'>},
                                  'shuffle': False,
                                  'type': <class 'torch.utils.data.dataloader.DataLoader'>},
                  'log_interval': 200,
                  'type': 'Validation',
                  'val_interval': 1,
                  'val_model': None,
                  'val_on_train_end': False},
 'val_data_loader': {'batch_size': 1,
                     'collate_fn': functools.partial(<function collate_bevfusion_centerpoint at 0x7fe0458f9f30>, bev_size=(51.2, 51.2, 0.8), point_cloud_range=[-51.2, -51.2, -5.0, 51.2, 51.2, 3.0], max_lidar_points=120000),
                     'dataset': {'bev_range': [-51.2,
                                               -51.2,
                                               -5.0,
                                               51.2,
                                               51.2,
                                               3.0],
                                 'data_path': 'data/nuscenes/pack/horizon_bevfusion_nuscenes/val_lmdb/',
                                 'load_dim': 5,
                                 'map_path': None,
                                 'map_size': None,
                                 'need_lidar': True,
                                 'num_seq': 1,
                                 'num_sweeps': 9,
                                 'transforms': [{'size': [512, 960],
                                                 'type': 'MultiViewsImgResize'},
                                                {'transforms': [{'type': 'PILToTensor'},
                                                                {'divisor': 32,
                                                                 'type': 'Pad'},
                                                                {'rgb_input': True,
                                                                 'type': 'BgrToYuv444'},
                                                                {'mean': 128.0,
                                                                 'std': 128.0,
                                                                 'type': 'Normalize'}],
                                                 'type': 'MultiViewsImgTransformWrapper'}],
                                 'type': 'NuscenesBevSequenceDataset',
                                 'use_dim': [0, 1, 2, 3, 4],
                                 'with_bev_bboxes': False,
                                 'with_bev_mask': False,
                                 'with_ego_bboxes': True,
                                 'with_lidar_bboxes': True,
                                 'with_lidar_occ': True},
                     'num_workers': 4,
                     'pin_memory': True,
                     'sampler': {'type': <class 'torch.utils.data.distributed.DistributedSampler'>},
                     'shuffle': False,
                     'type': <class 'torch.utils.data.dataloader.DataLoader'>},
 'val_data_path': 'data/nuscenes/pack/horizon_bevfusion_nuscenes/val_lmdb/',
 'val_data_shape': [3, 512, 960],
 'val_dataset': {'bev_range': [-51.2, -51.2, -5.0, 51.2, 51.2, 3.0],
                 'data_path': 'data/nuscenes/pack/horizon_bevfusion_nuscenes/val_lmdb/',
                 'load_dim': 5,
                 'map_path': None,
                 'map_size': None,
                 'need_lidar': True,
                 'num_seq': 1,
                 'num_sweeps': 9,
                 'transforms': [{'size': [512, 960],
                                 'type': 'MultiViewsImgResize'},
                                {'transforms': [{'type': 'PILToTensor'},
                                                {'divisor': 32, 'type': 'Pad'},
                                                {'rgb_input': True,
                                                 'type': 'BgrToYuv444'},
                                                {'mean': 128.0,
                                                 'std': 128.0,
                                                 'type': 'Normalize'}],
                                 'type': 'MultiViewsImgTransformWrapper'}],
                 'type': 'NuscenesBevSequenceDataset',
                 'use_dim': [0, 1, 2, 3, 4],
                 'with_bev_bboxes': False,
                 'with_bev_mask': False,
                 'with_ego_bboxes': True,
                 'with_lidar_bboxes': True,
                 'with_lidar_occ': True},
 'val_metric_updater': {'epoch_log_freq': 1,
                        'log_prefix': 'Validation '
                                      'bevfusion_centerpoint_pointpillar_henet_multisensor_multitask_nuscenes',
                        'metric_update_func': <function update_metric at 0x7fe0458fa8c0>,
                        'step_log_freq': 10000,
                        'type': 'MetricUpdater'},
 'val_metrics': [{'classes': ['car',
                              'truck',
                              'trailer',
                              'bus',
                              'construction_vehicle',
                              'bicycle',
                              'motorcycle',
                              'pedestrian',
                              'traffic_cone',
                              'barrier'],
                  'data_root': 'data/nuscenes',
                  'lidar_key': 'sensor2ego',
                  'save_prefix': './metric_results/bevfusion_centerpoint_pointpillar_henet_multisensor_multitask_nuscenes',
                  'trans_lidar_dim': True,
                  'trans_lidar_rot': False,
                  'type': 'NuscenesMetric',
                  'use_lidar': True,
                  'version': 'v1.0-trainval'},
                 {'ignore_index': 17,
                  'seg_class': ['others',
                                'barrier',
                                'bicycle',
                                'bus',
                                'car',
                                'construction_vehicle',
                                'motorcycle',
                                'pedestrian',
                                'traffic_cone',
                                'trailer',
                                'truck',
                                'driveable_surface',
                                'other_flat',
                                'sidewalk',
                                'terrain',
                                'manmade',
                                'vegetation'],
                  'type': 'MeanIOU'}],
 'voxel_size': [0.2, 0.2, 8],
 'with_ego_occ': False}
2026-07-09 13:11:57,254 INFO [logger.py:199] Node[0] ==================================================BEGIN FLOAT STAGE==================================================
2026-07-09 13:11:57,256 INFO [logger.py:199] Node[0] init torch_num_thread is `12`,opencv_num_thread is `12`,openblas_num_thread is `12`,mkl_num_thread is `12`,omp_num_thread is `12`,
2026-07-09 13:11:58,583 WARNING [interpolate.py:231] Node[0] default upsampling behavior when mode=bilinear is changed to align_corners=False since torch 0.4.0. Please specify align_corners=True if the old behavior is desired. 
2026-07-09 13:11:58,665 WARNING [pipelines.py:47] Node[0] qat_mode is set to "fuse_bn" by default
2026-07-09 13:11:58,666 WARNING [grad_scale.py:145] Node[0] [GradScale] No module_and_scale info, please use GradClip.
2026-07-09 13:11:58,671 WARNING [hash.py:218] Node[0] [31mDon not found hash value in name of tmp_models/bevformer_henet_camera_multitask_nuscenes/float-checkpoint-last.pth.tar, will skip check hash...[0m
2026-07-09 13:11:58,894 WARNING [checkpoint.py:76] Node[0] module. is not at the beginning of state dict
2026-07-09 13:11:58,909 INFO [checkpoint.py:410] Node[0] state_dict in checkpoint num: 603
2026-07-09 13:11:58,913 INFO [checkpoint.py:411] Node[0] state_dict in model num: 876
2026-07-09 13:11:58,913 WARNING [checkpoint.py:412] Node[0] miss_key num: 452
2026-07-09 13:11:58,913 WARNING [checkpoint.py:414] Node[0] miss_key: lidar_net.reader.pfn_layers.0.linear.weight lidar_net.reader.pfn_layers.0.norm.weight lidar_net.reader.pfn_layers.0.norm.bias lidar_net.reader.pfn_layers.0.norm.running_mean lidar_net.reader.pfn_layers.0.norm.running_var lidar_net.neck.blocks.0.1.0.weight lidar_net.neck.blocks.0.1.1.weight lidar_net.neck.blocks.0.1.1.bias lidar_net.neck.blocks.0.1.1.running_mean lidar_net.neck.blocks.0.1.1.running_var lidar_net.neck.blocks.0.2.0.weight lidar_net.neck.blocks.0.2.1.weight lidar_net.neck.blocks.0.2.1.bias lidar_net.neck.blocks.0.2.1.running_mean lidar_net.neck.blocks.0.2.1.running_var lidar_net.neck.blocks.0.3.0.weight lidar_net.neck.blocks.0.3.1.weight lidar_net.neck.blocks.0.3.1.bias lidar_net.neck.blocks.0.3.1.running_mean lidar_net.neck.blocks.0.3.1.running_var lidar_net.neck.blocks.0.4.0.weight lidar_net.neck.blocks.0.4.1.weight lidar_net.neck.blocks.0.4.1.bias lidar_net.neck.blocks.0.4.1.running_mean lidar_net.neck.blocks.0.4.1.running_var lidar_net.neck.blocks.1.1.0.weight lidar_net.neck.blocks.1.1.1.weight lidar_net.neck.blocks.1.1.1.bias lidar_net.neck.blocks.1.1.1.running_mean lidar_net.neck.blocks.1.1.1.running_var lidar_net.neck.blocks.1.2.0.weight lidar_net.neck.blocks.1.2.1.weight lidar_net.neck.blocks.1.2.1.bias lidar_net.neck.blocks.1.2.1.running_mean lidar_net.neck.blocks.1.2.1.running_var lidar_net.neck.blocks.1.3.0.weight lidar_net.neck.blocks.1.3.1.weight lidar_net.neck.blocks.1.3.1.bias lidar_net.neck.blocks.1.3.1.running_mean lidar_net.neck.blocks.1.3.1.running_var lidar_net.neck.blocks.1.4.0.weight lidar_net.neck.blocks.1.4.1.weight lidar_net.neck.blocks.1.4.1.bias lidar_net.neck.blocks.1.4.1.running_mean lidar_net.neck.blocks.1.4.1.running_var lidar_net.neck.blocks.1.5.0.weight lidar_net.neck.blocks.1.5.1.weight lidar_net.neck.blocks.1.5.1.bias lidar_net.neck.blocks.1.5.1.running_mean lidar_net.neck.blocks.1.5.1.running_var lidar_net.neck.blocks.1.6.0.weight lidar_net.neck.blocks.1.6.1.weight lidar_net.neck.blocks.1.6.1.bias lidar_net.neck.blocks.1.6.1.running_mean lidar_net.neck.blocks.1.6.1.running_var lidar_net.neck.blocks.2.1.0.weight lidar_net.neck.blocks.2.1.1.weight lidar_net.neck.blocks.2.1.1.bias lidar_net.neck.blocks.2.1.1.running_mean lidar_net.neck.blocks.2.1.1.running_var lidar_net.neck.blocks.2.2.0.weight lidar_net.neck.blocks.2.2.1.weight lidar_net.neck.blocks.2.2.1.bias lidar_net.neck.blocks.2.2.1.running_mean lidar_net.neck.blocks.2.2.1.running_var lidar_net.neck.blocks.2.3.0.weight lidar_net.neck.blocks.2.3.1.weight lidar_net.neck.blocks.2.3.1.bias lidar_net.neck.blocks.2.3.1.running_mean lidar_net.neck.blocks.2.3.1.running_var lidar_net.neck.blocks.2.4.0.weight lidar_net.neck.blocks.2.4.1.weight lidar_net.neck.blocks.2.4.1.bias lidar_net.neck.blocks.2.4.1.running_mean lidar_net.neck.blocks.2.4.1.running_var lidar_net.neck.blocks.2.5.0.weight lidar_net.neck.blocks.2.5.1.weight lidar_net.neck.blocks.2.5.1.bias lidar_net.neck.blocks.2.5.1.running_mean lidar_net.neck.blocks.2.5.1.running_var lidar_net.neck.blocks.2.6.0.weight lidar_net.neck.blocks.2.6.1.weight lidar_net.neck.blocks.2.6.1.bias lidar_net.neck.blocks.2.6.1.running_mean lidar_net.neck.blocks.2.6.1.running_var lidar_net.neck.deblocks.0.0.weight lidar_net.neck.deblocks.0.1.weight lidar_net.neck.deblocks.0.1.bias lidar_net.neck.deblocks.0.1.running_mean lidar_net.neck.deblocks.0.1.running_var lidar_net.neck.deblocks.1.0.weight lidar_net.neck.deblocks.1.1.weight lidar_net.neck.deblocks.1.1.bias lidar_net.neck.deblocks.1.1.running_mean lidar_net.neck.deblocks.1.1.running_var lidar_net.neck.deblocks.2.conv.weight lidar_net.neck.deblocks.2.norm.weight lidar_net.neck.deblocks.2.norm.bias lidar_net.neck.deblocks.2.norm.running_mean lidar_net.neck.deblocks.2.norm.running_var fuse_module.reduce_conv.0.weight fuse_module.reduce_conv.0.bias fuse_module.reduce_conv.1.weight fuse_module.reduce_conv.1.bias fuse_module.reduce_conv.1.running_mean fuse_module.reduce_conv.1.running_var fuse_module.conv2.0.weight fuse_module.conv2.0.bias fuse_module.conv2.1.weight fuse_module.conv2.1.bias fuse_module.conv2.1.running_mean fuse_module.conv2.1.running_var fuse_module.seblock.att.1.weight fuse_module.seblock.att.1.bias bev_decoders.0.head.shared_conv.0.0.0.weight bev_decoders.0.head.shared_conv.0.0.0.bias bev_decoders.0.head.shared_conv.0.1.0.weight bev_decoders.0.head.shared_conv.0.1.0.bias bev_decoders.0.head.shared_conv.0.1.1.weight bev_decoders.0.head.shared_conv.0.1.1.bias bev_decoders.0.head.shared_conv.0.1.1.running_mean bev_decoders.0.head.shared_conv.0.1.1.running_var bev_decoders.0.head.task_heads.0.reg.0.0.0.weight bev_decoders.0.head.task_heads.0.reg.0.0.0.bias bev_decoders.0.head.task_heads.0.reg.0.1.0.weight bev_decoders.0.head.task_heads.0.reg.0.1.0.bias bev_decoders.0.head.task_heads.0.reg.0.1.1.weight bev_decoders.0.head.task_heads.0.reg.0.1.1.bias bev_decoders.0.head.task_heads.0.reg.0.1.1.running_mean bev_decoders.0.head.task_heads.0.reg.0.1.1.running_var bev_decoders.0.head.task_heads.0.reg.1.0.weight bev_decoders.0.head.task_heads.0.height.0.0.0.weight bev_decoders.0.head.task_heads.0.height.0.0.0.bias bev_decoders.0.head.task_heads.0.height.0.1.0.weight bev_decoders.0.head.task_heads.0.height.0.1.0.bias bev_decoders.0.head.task_heads.0.height.0.1.1.weight bev_decoders.0.head.task_heads.0.height.0.1.1.bias bev_decoders.0.head.task_heads.0.height.0.1.1.running_mean bev_decoders.0.head.task_heads.0.height.0.1.1.running_var bev_decoders.0.head.task_heads.0.height.1.0.weight bev_decoders.0.head.task_heads.0.dim.0.0.0.weight bev_decoders.0.head.task_heads.0.dim.0.0.0.bias bev_decoders.0.head.task_heads.0.dim.0.1.0.weight bev_decoders.0.head.task_heads.0.dim.0.1.0.bias bev_decoders.0.head.task_heads.0.dim.0.1.1.weight bev_decoders.0.head.task_heads.0.dim.0.1.1.bias bev_decoders.0.head.task_heads.0.dim.0.1.1.running_mean bev_decoders.0.head.task_heads.0.dim.0.1.1.running_var bev_decoders.0.head.task_heads.0.dim.1.0.weight bev_decoders.0.head.task_heads.0.rot.0.0.0.weight bev_decoders.0.head.task_heads.0.rot.0.0.0.bias bev_decoders.0.head.task_heads.0.rot.0.1.0.weight bev_decoders.0.head.task_heads.0.rot.0.1.0.bias bev_decoders.0.head.task_heads.0.rot.0.1.1.weight bev_decoders.0.head.task_heads.0.rot.0.1.1.bias bev_decoders.0.head.task_heads.0.rot.0.1.1.running_mean bev_decoders.0.head.task_heads.0.rot.0.1.1.running_var bev_decoders.0.head.task_heads.0.rot.1.0.weight bev_decoders.0.head.task_heads.0.vel.0.0.0.weight bev_decoders.0.head.task_heads.0.vel.0.0.0.bias bev_decoders.0.head.task_heads.0.vel.0.1.0.weight bev_decoders.0.head.task_heads.0.vel.0.1.0.bias bev_decoders.0.head.task_heads.0.vel.0.1.1.weight bev_decoders.0.head.task_heads.0.vel.0.1.1.bias bev_decoders.0.head.task_heads.0.vel.0.1.1.running_mean bev_decoders.0.head.task_heads.0.vel.0.1.1.running_var bev_decoders.0.head.task_heads.0.vel.1.0.weight bev_decoders.0.head.task_heads.0.heatmap.0.0.0.weight bev_decoders.0.head.task_heads.0.heatmap.0.0.0.bias bev_decoders.0.head.task_heads.0.heatmap.0.1.0.weight bev_decoders.0.head.task_heads.0.heatmap.0.1.0.bias bev_decoders.0.head.task_heads.0.heatmap.0.1.1.weight bev_decoders.0.head.task_heads.0.heatmap.0.1.1.bias bev_decoders.0.head.task_heads.0.heatmap.0.1.1.running_mean bev_decoders.0.head.task_heads.0.heatmap.0.1.1.running_var bev_decoders.0.head.task_heads.0.heatmap.1.0.weight bev_decoders.0.head.task_heads.0.heatmap.1.0.bias bev_decoders.0.head.task_heads.1.reg.0.0.0.weight bev_decoders.0.head.task_heads.1.reg.0.0.0.bias bev_decoders.0.head.task_heads.1.reg.0.1.0.weight bev_decoders.0.head.task_heads.1.reg.0.1.0.bias bev_decoders.0.head.task_heads.1.reg.0.1.1.weight bev_decoders.0.head.task_heads.1.reg.0.1.1.bias bev_decoders.0.head.task_heads.1.reg.0.1.1.running_mean bev_decoders.0.head.task_heads.1.reg.0.1.1.running_var bev_decoders.0.head.task_heads.1.reg.1.0.weight bev_decoders.0.head.task_heads.1.height.0.0.0.weight bev_decoders.0.head.task_heads.1.height.0.0.0.bias bev_decoders.0.head.task_heads.1.height.0.1.0.weight bev_decoders.0.head.task_heads.1.height.0.1.0.bias bev_decoders.0.head.task_heads.1.height.0.1.1.weight bev_decoders.0.head.task_heads.1.height.0.1.1.bias bev_decoders.0.head.task_heads.1.height.0.1.1.running_mean bev_decoders.0.head.task_heads.1.height.0.1.1.running_var bev_decoders.0.head.task_heads.1.height.1.0.weight bev_decoders.0.head.task_heads.1.dim.0.0.0.weight bev_decoders.0.head.task_heads.1.dim.0.0.0.bias bev_decoders.0.head.task_heads.1.dim.0.1.0.weight bev_decoders.0.head.task_heads.1.dim.0.1.0.bias bev_decoders.0.head.task_heads.1.dim.0.1.1.weight bev_decoders.0.head.task_heads.1.dim.0.1.1.bias bev_decoders.0.head.task_heads.1.dim.0.1.1.running_mean bev_decoders.0.head.task_heads.1.dim.0.1.1.running_var bev_decoders.0.head.task_heads.1.dim.1.0.weight bev_decoders.0.head.task_heads.1.rot.0.0.0.weight bev_decoders.0.head.task_heads.1.rot.0.0.0.bias bev_decoders.0.head.task_heads.1.rot.0.1.0.weight bev_decoders.0.head.task_heads.1.rot.0.1.0.bias bev_decoders.0.head.task_heads.1.rot.0.1.1.weight bev_decoders.0.head.task_heads.1.rot.0.1.1.bias bev_decoders.0.head.task_heads.1.rot.0.1.1.running_mean bev_decoders.0.head.task_heads.1.rot.0.1.1.running_var bev_decoders.0.head.task_heads.1.rot.1.0.weight bev_decoders.0.head.task_heads.1.vel.0.0.0.weight bev_decoders.0.head.task_heads.1.vel.0.0.0.bias bev_decoders.0.head.task_heads.1.vel.0.1.0.weight bev_decoders.0.head.task_heads.1.vel.0.1.0.bias bev_decoders.0.head.task_heads.1.vel.0.1.1.weight bev_decoders.0.head.task_heads.1.vel.0.1.1.bias bev_decoders.0.head.task_heads.1.vel.0.1.1.running_mean bev_decoders.0.head.task_heads.1.vel.0.1.1.running_var bev_decoders.0.head.task_heads.1.vel.1.0.weight bev_decoders.0.head.task_heads.1.heatmap.0.0.0.weight bev_decoders.0.head.task_heads.1.heatmap.0.0.0.bias bev_decoders.0.head.task_heads.1.heatmap.0.1.0.weight bev_decoders.0.head.task_heads.1.heatmap.0.1.0.bias bev_decoders.0.head.task_heads.1.heatmap.0.1.1.weight bev_decoders.0.head.task_heads.1.heatmap.0.1.1.bias bev_decoders.0.head.task_heads.1.heatmap.0.1.1.running_mean bev_decoders.0.head.task_heads.1.heatmap.0.1.1.running_var bev_decoders.0.head.task_heads.1.heatmap.1.0.weight bev_decoders.0.head.task_heads.1.heatmap.1.0.bias bev_decoders.0.head.task_heads.2.reg.0.0.0.weight bev_decoders.0.head.task_heads.2.reg.0.0.0.bias bev_decoders.0.head.task_heads.2.reg.0.1.0.weight bev_decoders.0.head.task_heads.2.reg.0.1.0.bias bev_decoders.0.head.task_heads.2.reg.0.1.1.weight bev_decoders.0.head.task_heads.2.reg.0.1.1.bias bev_decoders.0.head.task_heads.2.reg.0.1.1.running_mean bev_decoders.0.head.task_heads.2.reg.0.1.1.running_var bev_decoders.0.head.task_heads.2.reg.1.0.weight bev_decoders.0.head.task_heads.2.height.0.0.0.weight bev_decoders.0.head.task_heads.2.height.0.0.0.bias bev_decoders.0.head.task_heads.2.height.0.1.0.weight bev_decoders.0.head.task_heads.2.height.0.1.0.bias bev_decoders.0.head.task_heads.2.height.0.1.1.weight bev_decoders.0.head.task_heads.2.height.0.1.1.bias bev_decoders.0.head.task_heads.2.height.0.1.1.running_mean bev_decoders.0.head.task_heads.2.height.0.1.1.running_var bev_decoders.0.head.task_heads.2.height.1.0.weight bev_decoders.0.head.task_heads.2.dim.0.0.0.weight bev_decoders.0.head.task_heads.2.dim.0.0.0.bias bev_decoders.0.head.task_heads.2.dim.0.1.0.weight bev_decoders.0.head.task_heads.2.dim.0.1.0.bias bev_decoders.0.head.task_heads.2.dim.0.1.1.weight bev_decoders.0.head.task_heads.2.dim.0.1.1.bias bev_decoders.0.head.task_heads.2.dim.0.1.1.running_mean bev_decoders.0.head.task_heads.2.dim.0.1.1.running_var bev_decoders.0.head.task_heads.2.dim.1.0.weight bev_decoders.0.head.task_heads.2.rot.0.0.0.weight bev_decoders.0.head.task_heads.2.rot.0.0.0.bias bev_decoders.0.head.task_heads.2.rot.0.1.0.weight bev_decoders.0.head.task_heads.2.rot.0.1.0.bias bev_decoders.0.head.task_heads.2.rot.0.1.1.weight bev_decoders.0.head.task_heads.2.rot.0.1.1.bias bev_decoders.0.head.task_heads.2.rot.0.1.1.running_mean bev_decoders.0.head.task_heads.2.rot.0.1.1.running_var bev_decoders.0.head.task_heads.2.rot.1.0.weight bev_decoders.0.head.task_heads.2.vel.0.0.0.weight bev_decoders.0.head.task_heads.2.vel.0.0.0.bias bev_decoders.0.head.task_heads.2.vel.0.1.0.weight bev_decoders.0.head.task_heads.2.vel.0.1.0.bias bev_decoders.0.head.task_heads.2.vel.0.1.1.weight bev_decoders.0.head.task_heads.2.vel.0.1.1.bias bev_decoders.0.head.task_heads.2.vel.0.1.1.running_mean bev_decoders.0.head.task_heads.2.vel.0.1.1.running_var bev_decoders.0.head.task_heads.2.vel.1.0.weight bev_decoders.0.head.task_heads.2.heatmap.0.0.0.weight bev_decoders.0.head.task_heads.2.heatmap.0.0.0.bias bev_decoders.0.head.task_heads.2.heatmap.0.1.0.weight bev_decoders.0.head.task_heads.2.heatmap.0.1.0.bias bev_decoders.0.head.task_heads.2.heatmap.0.1.1.weight bev_decoders.0.head.task_heads.2.heatmap.0.1.1.bias bev_decoders.0.head.task_heads.2.heatmap.0.1.1.running_mean bev_decoders.0.head.task_heads.2.heatmap.0.1.1.running_var bev_decoders.0.head.task_heads.2.heatmap.1.0.weight bev_decoders.0.head.task_heads.2.heatmap.1.0.bias bev_decoders.0.head.task_heads.3.reg.0.0.0.weight bev_decoders.0.head.task_heads.3.reg.0.0.0.bias bev_decoders.0.head.task_heads.3.reg.0.1.0.weight bev_decoders.0.head.task_heads.3.reg.0.1.0.bias bev_decoders.0.head.task_heads.3.reg.0.1.1.weight bev_decoders.0.head.task_heads.3.reg.0.1.1.bias bev_decoders.0.head.task_heads.3.reg.0.1.1.running_mean bev_decoders.0.head.task_heads.3.reg.0.1.1.running_var bev_decoders.0.head.task_heads.3.reg.1.0.weight bev_decoders.0.head.task_heads.3.height.0.0.0.weight bev_decoders.0.head.task_heads.3.height.0.0.0.bias bev_decoders.0.head.task_heads.3.height.0.1.0.weight bev_decoders.0.head.task_heads.3.height.0.1.0.bias bev_decoders.0.head.task_heads.3.height.0.1.1.weight bev_decoders.0.head.task_heads.3.height.0.1.1.bias bev_decoders.0.head.task_heads.3.height.0.1.1.running_mean bev_decoders.0.head.task_heads.3.height.0.1.1.running_var bev_decoders.0.head.task_heads.3.height.1.0.weight bev_decoders.0.head.task_heads.3.dim.0.0.0.weight bev_decoders.0.head.task_heads.3.dim.0.0.0.bias bev_decoders.0.head.task_heads.3.dim.0.1.0.weight bev_decoders.0.head.task_heads.3.dim.0.1.0.bias bev_decoders.0.head.task_heads.3.dim.0.1.1.weight bev_decoders.0.head.task_heads.3.dim.0.1.1.bias bev_decoders.0.head.task_heads.3.dim.0.1.1.running_mean bev_decoders.0.head.task_heads.3.dim.0.1.1.running_var bev_decoders.0.head.task_heads.3.dim.1.0.weight bev_decoders.0.head.task_heads.3.rot.0.0.0.weight bev_decoders.0.head.task_heads.3.rot.0.0.0.bias bev_decoders.0.head.task_heads.3.rot.0.1.0.weight bev_decoders.0.head.task_heads.3.rot.0.1.0.bias bev_decoders.0.head.task_heads.3.rot.0.1.1.weight bev_decoders.0.head.task_heads.3.rot.0.1.1.bias bev_decoders.0.head.task_heads.3.rot.0.1.1.running_mean bev_decoders.0.head.task_heads.3.rot.0.1.1.running_var bev_decoders.0.head.task_heads.3.rot.1.0.weight bev_decoders.0.head.task_heads.3.vel.0.0.0.weight bev_decoders.0.head.task_heads.3.vel.0.0.0.bias bev_decoders.0.head.task_heads.3.vel.0.1.0.weight bev_decoders.0.head.task_heads.3.vel.0.1.0.bias bev_decoders.0.head.task_heads.3.vel.0.1.1.weight bev_decoders.0.head.task_heads.3.vel.0.1.1.bias bev_decoders.0.head.task_heads.3.vel.0.1.1.running_mean bev_decoders.0.head.task_heads.3.vel.0.1.1.running_var bev_decoders.0.head.task_heads.3.vel.1.0.weight bev_decoders.0.head.task_heads.3.heatmap.0.0.0.weight bev_decoders.0.head.task_heads.3.heatmap.0.0.0.bias bev_decoders.0.head.task_heads.3.heatmap.0.1.0.weight bev_decoders.0.head.task_heads.3.heatmap.0.1.0.bias bev_decoders.0.head.task_heads.3.heatmap.0.1.1.weight bev_decoders.0.head.task_heads.3.heatmap.0.1.1.bias bev_decoders.0.head.task_heads.3.heatmap.0.1.1.running_mean bev_decoders.0.head.task_heads.3.heatmap.0.1.1.running_var bev_decoders.0.head.task_heads.3.heatmap.1.0.weight bev_decoders.0.head.task_heads.3.heatmap.1.0.bias bev_decoders.0.head.task_heads.4.reg.0.0.0.weight bev_decoders.0.head.task_heads.4.reg.0.0.0.bias bev_decoders.0.head.task_heads.4.reg.0.1.0.weight bev_decoders.0.head.task_heads.4.reg.0.1.0.bias bev_decoders.0.head.task_heads.4.reg.0.1.1.weight bev_decoders.0.head.task_heads.4.reg.0.1.1.bias bev_decoders.0.head.task_heads.4.reg.0.1.1.running_mean bev_decoders.0.head.task_heads.4.reg.0.1.1.running_var bev_decoders.0.head.task_heads.4.reg.1.0.weight bev_decoders.0.head.task_heads.4.height.0.0.0.weight bev_decoders.0.head.task_heads.4.height.0.0.0.bias bev_decoders.0.head.task_heads.4.height.0.1.0.weight bev_decoders.0.head.task_heads.4.height.0.1.0.bias bev_decoders.0.head.task_heads.4.height.0.1.1.weight bev_decoders.0.head.task_heads.4.height.0.1.1.bias bev_decoders.0.head.task_heads.4.height.0.1.1.running_mean bev_decoders.0.head.task_heads.4.height.0.1.1.running_var bev_decoders.0.head.task_heads.4.height.1.0.weight bev_decoders.0.head.task_heads.4.dim.0.0.0.weight bev_decoders.0.head.task_heads.4.dim.0.0.0.bias bev_decoders.0.head.task_heads.4.dim.0.1.0.weight bev_decoders.0.head.task_heads.4.dim.0.1.0.bias bev_decoders.0.head.task_heads.4.dim.0.1.1.weight bev_decoders.0.head.task_heads.4.dim.0.1.1.bias bev_decoders.0.head.task_heads.4.dim.0.1.1.running_mean bev_decoders.0.head.task_heads.4.dim.0.1.1.running_var bev_decoders.0.head.task_heads.4.dim.1.0.weight bev_decoders.0.head.task_heads.4.rot.0.0.0.weight bev_decoders.0.head.task_heads.4.rot.0.0.0.bias bev_decoders.0.head.task_heads.4.rot.0.1.0.weight bev_decoders.0.head.task_heads.4.rot.0.1.0.bias bev_decoders.0.head.task_heads.4.rot.0.1.1.weight bev_decoders.0.head.task_heads.4.rot.0.1.1.bias bev_decoders.0.head.task_heads.4.rot.0.1.1.running_mean bev_decoders.0.head.task_heads.4.rot.0.1.1.running_var bev_decoders.0.head.task_heads.4.rot.1.0.weight bev_decoders.0.head.task_heads.4.vel.0.0.0.weight bev_decoders.0.head.task_heads.4.vel.0.0.0.bias bev_decoders.0.head.task_heads.4.vel.0.1.0.weight bev_decoders.0.head.task_heads.4.vel.0.1.0.bias bev_decoders.0.head.task_heads.4.vel.0.1.1.weight bev_decoders.0.head.task_heads.4.vel.0.1.1.bias bev_decoders.0.head.task_heads.4.vel.0.1.1.running_mean bev_decoders.0.head.task_heads.4.vel.0.1.1.running_var bev_decoders.0.head.task_heads.4.vel.1.0.weight bev_decoders.0.head.task_heads.4.heatmap.0.0.0.weight bev_decoders.0.head.task_heads.4.heatmap.0.0.0.bias bev_decoders.0.head.task_heads.4.heatmap.0.1.0.weight bev_decoders.0.head.task_heads.4.heatmap.0.1.0.bias bev_decoders.0.head.task_heads.4.heatmap.0.1.1.weight bev_decoders.0.head.task_heads.4.heatmap.0.1.1.bias bev_decoders.0.head.task_heads.4.heatmap.0.1.1.running_mean bev_decoders.0.head.task_heads.4.heatmap.0.1.1.running_var bev_decoders.0.head.task_heads.4.heatmap.1.0.weight bev_decoders.0.head.task_heads.4.heatmap.1.0.bias bev_decoders.0.head.task_heads.5.reg.0.0.0.weight bev_decoders.0.head.task_heads.5.reg.0.0.0.bias bev_decoders.0.head.task_heads.5.reg.0.1.0.weight bev_decoders.0.head.task_heads.5.reg.0.1.0.bias bev_decoders.0.head.task_heads.5.reg.0.1.1.weight bev_decoders.0.head.task_heads.5.reg.0.1.1.bias bev_decoders.0.head.task_heads.5.reg.0.1.1.running_mean bev_decoders.0.head.task_heads.5.reg.0.1.1.running_var bev_decoders.0.head.task_heads.5.reg.1.0.weight bev_decoders.0.head.task_heads.5.height.0.0.0.weight bev_decoders.0.head.task_heads.5.height.0.0.0.bias bev_decoders.0.head.task_heads.5.height.0.1.0.weight bev_decoders.0.head.task_heads.5.height.0.1.0.bias bev_decoders.0.head.task_heads.5.height.0.1.1.weight bev_decoders.0.head.task_heads.5.height.0.1.1.bias bev_decoders.0.head.task_heads.5.height.0.1.1.running_mean bev_decoders.0.head.task_heads.5.height.0.1.1.running_var bev_decoders.0.head.task_heads.5.height.1.0.weight bev_decoders.0.head.task_heads.5.dim.0.0.0.weight bev_decoders.0.head.task_heads.5.dim.0.0.0.bias bev_decoders.0.head.task_heads.5.dim.0.1.0.weight bev_decoders.0.head.task_heads.5.dim.0.1.0.bias bev_decoders.0.head.task_heads.5.dim.0.1.1.weight bev_decoders.0.head.task_heads.5.dim.0.1.1.bias bev_decoders.0.head.task_heads.5.dim.0.1.1.running_mean bev_decoders.0.head.task_heads.5.dim.0.1.1.running_var bev_decoders.0.head.task_heads.5.dim.1.0.weight bev_decoders.0.head.task_heads.5.rot.0.0.0.weight bev_decoders.0.head.task_heads.5.rot.0.0.0.bias bev_decoders.0.head.task_heads.5.rot.0.1.0.weight bev_decoders.0.head.task_heads.5.rot.0.1.0.bias bev_decoders.0.head.task_heads.5.rot.0.1.1.weight bev_decoders.0.head.task_heads.5.rot.0.1.1.bias bev_decoders.0.head.task_heads.5.rot.0.1.1.running_mean bev_decoders.0.head.task_heads.5.rot.0.1.1.running_var bev_decoders.0.head.task_heads.5.rot.1.0.weight bev_decoders.0.head.task_heads.5.vel.0.0.0.weight bev_decoders.0.head.task_heads.5.vel.0.0.0.bias bev_decoders.0.head.task_heads.5.vel.0.1.0.weight bev_decoders.0.head.task_heads.5.vel.0.1.0.bias bev_decoders.0.head.task_heads.5.vel.0.1.1.weight bev_decoders.0.head.task_heads.5.vel.0.1.1.bias bev_decoders.0.head.task_heads.5.vel.0.1.1.running_mean bev_decoders.0.head.task_heads.5.vel.0.1.1.running_var bev_decoders.0.head.task_heads.5.vel.1.0.weight bev_decoders.0.head.task_heads.5.heatmap.0.0.0.weight bev_decoders.0.head.task_heads.5.heatmap.0.0.0.bias bev_decoders.0.head.task_heads.5.heatmap.0.1.0.weight bev_decoders.0.head.task_heads.5.heatmap.0.1.0.bias bev_decoders.0.head.task_heads.5.heatmap.0.1.1.weight bev_decoders.0.head.task_heads.5.heatmap.0.1.1.bias bev_decoders.0.head.task_heads.5.heatmap.0.1.1.running_mean bev_decoders.0.head.task_heads.5.heatmap.0.1.1.running_var bev_decoders.0.head.task_heads.5.heatmap.1.0.weight bev_decoders.0.head.task_heads.5.heatmap.1.0.bias
2026-07-09 13:11:58,914 WARNING [checkpoint.py:415] Node[0] unexpect_key num: 238
2026-07-09 13:11:58,914 WARNING [checkpoint.py:417] Node[0] unexpect_key: bev_decoders.0.criterion.code_weights bev_decoders.0.cls_branches.0.0.weight bev_decoders.0.cls_branches.0.0.bias bev_decoders.0.cls_branches.0.1.weight bev_decoders.0.cls_branches.0.1.bias bev_decoders.0.cls_branches.0.3.weight bev_decoders.0.cls_branches.0.3.bias bev_decoders.0.cls_branches.0.4.weight bev_decoders.0.cls_branches.0.4.bias bev_decoders.0.cls_branches.0.6.weight bev_decoders.0.cls_branches.0.6.bias bev_decoders.0.cls_branches.1.0.weight bev_decoders.0.cls_branches.1.0.bias bev_decoders.0.cls_branches.1.1.weight bev_decoders.0.cls_branches.1.1.bias bev_decoders.0.cls_branches.1.3.weight bev_decoders.0.cls_branches.1.3.bias bev_decoders.0.cls_branches.1.4.weight bev_decoders.0.cls_branches.1.4.bias bev_decoders.0.cls_branches.1.6.weight bev_decoders.0.cls_branches.1.6.bias bev_decoders.0.cls_branches.2.0.weight bev_decoders.0.cls_branches.2.0.bias bev_decoders.0.cls_branches.2.1.weight bev_decoders.0.cls_branches.2.1.bias bev_decoders.0.cls_branches.2.3.weight bev_decoders.0.cls_branches.2.3.bias bev_decoders.0.cls_branches.2.4.weight bev_decoders.0.cls_branches.2.4.bias bev_decoders.0.cls_branches.2.6.weight bev_decoders.0.cls_branches.2.6.bias bev_decoders.0.cls_branches.3.0.weight bev_decoders.0.cls_branches.3.0.bias bev_decoders.0.cls_branches.3.1.weight bev_decoders.0.cls_branches.3.1.bias bev_decoders.0.cls_branches.3.3.weight bev_decoders.0.cls_branches.3.3.bias bev_decoders.0.cls_branches.3.4.weight bev_decoders.0.cls_branches.3.4.bias bev_decoders.0.cls_branches.3.6.weight bev_decoders.0.cls_branches.3.6.bias bev_decoders.0.cls_branches.4.0.weight bev_decoders.0.cls_branches.4.0.bias bev_decoders.0.cls_branches.4.1.weight bev_decoders.0.cls_branches.4.1.bias bev_decoders.0.cls_branches.4.3.weight bev_decoders.0.cls_branches.4.3.bias bev_decoders.0.cls_branches.4.4.weight bev_decoders.0.cls_branches.4.4.bias bev_decoders.0.cls_branches.4.6.weight bev_decoders.0.cls_branches.4.6.bias bev_decoders.0.cls_branches.5.0.weight bev_decoders.0.cls_branches.5.0.bias bev_decoders.0.cls_branches.5.1.weight bev_decoders.0.cls_branches.5.1.bias bev_decoders.0.cls_branches.5.3.weight bev_decoders.0.cls_branches.5.3.bias bev_decoders.0.cls_branches.5.4.weight bev_decoders.0.cls_branches.5.4.bias bev_decoders.0.cls_branches.5.6.weight bev_decoders.0.cls_branches.5.6.bias bev_decoders.0.reg_branches.0.0.weight bev_decoders.0.reg_branches.0.0.bias bev_decoders.0.reg_branches.0.2.weight bev_decoders.0.reg_branches.0.2.bias bev_decoders.0.reg_branches.0.4.weight bev_decoders.0.reg_branches.0.4.bias bev_decoders.0.reg_branches.1.0.weight bev_decoders.0.reg_branches.1.0.bias bev_decoders.0.reg_branches.1.2.weight bev_decoders.0.reg_branches.1.2.bias bev_decoders.0.reg_branches.1.4.weight bev_decoders.0.reg_branches.1.4.bias bev_decoders.0.reg_branches.2.0.weight bev_decoders.0.reg_branches.2.0.bias bev_decoders.0.reg_branches.2.2.weight bev_decoders.0.reg_branches.2.2.bias bev_decoders.0.reg_branches.2.4.weight bev_decoders.0.reg_branches.2.4.bias bev_decoders.0.reg_branches.3.0.weight bev_decoders.0.reg_branches.3.0.bias bev_decoders.0.reg_branches.3.2.weight bev_decoders.0.reg_branches.3.2.bias bev_decoders.0.reg_branches.3.4.weight bev_decoders.0.reg_branches.3.4.bias bev_decoders.0.reg_branches.4.0.weight bev_decoders.0.reg_branches.4.0.bias bev_decoders.0.reg_branches.4.2.weight bev_decoders.0.reg_branches.4.2.bias bev_decoders.0.reg_branches.4.4.weight bev_decoders.0.reg_branches.4.4.bias bev_decoders.0.reg_branches.5.0.weight bev_decoders.0.reg_branches.5.0.bias bev_decoders.0.reg_branches.5.2.weight bev_decoders.0.reg_branches.5.2.bias bev_decoders.0.reg_branches.5.4.weight bev_decoders.0.reg_branches.5.4.bias bev_decoders.0.reference_points.weight bev_decoders.0.reference_points.bias bev_decoders.0.query_embedding.weight bev_decoders.0.decoder.layers.0.sa.in_proj_weight bev_decoders.0.decoder.layers.0.sa.in_proj_bias bev_decoders.0.decoder.layers.0.sa.out_proj.weight bev_decoders.0.decoder.layers.0.sa.out_proj.bias bev_decoders.0.decoder.layers.0.sa_norm.weight bev_decoders.0.decoder.layers.0.sa_norm.bias bev_decoders.0.decoder.layers.0.ca.sampling_offsets.weight bev_decoders.0.decoder.layers.0.ca.sampling_offsets.bias bev_decoders.0.decoder.layers.0.ca.attention_weights.weight bev_decoders.0.decoder.layers.0.ca.attention_weights.bias bev_decoders.0.decoder.layers.0.ca.reduce_sum.weight bev_decoders.0.decoder.layers.0.ca.value_proj.weight bev_decoders.0.decoder.layers.0.ca.value_proj.bias bev_decoders.0.decoder.layers.0.ca.output_proj.weight bev_decoders.0.decoder.layers.0.ca.output_proj.bias bev_decoders.0.decoder.layers.0.ca_norm.weight bev_decoders.0.decoder.layers.0.ca_norm.bias bev_decoders.0.decoder.layers.0.ffn.ffn1.weight bev_decoders.0.decoder.layers.0.ffn.ffn1.bias bev_decoders.0.decoder.layers.0.ffn.ffn2.weight bev_decoders.0.decoder.layers.0.ffn.ffn2.bias bev_decoders.0.decoder.layers.0.ffn_norm.weight bev_decoders.0.decoder.layers.0.ffn_norm.bias bev_decoders.0.decoder.layers.1.sa.in_proj_weight bev_decoders.0.decoder.layers.1.sa.in_proj_bias bev_decoders.0.decoder.layers.1.sa.out_proj.weight bev_decoders.0.decoder.layers.1.sa.out_proj.bias bev_decoders.0.decoder.layers.1.sa_norm.weight bev_decoders.0.decoder.layers.1.sa_norm.bias bev_decoders.0.decoder.layers.1.ca.sampling_offsets.weight bev_decoders.0.decoder.layers.1.ca.sampling_offsets.bias bev_decoders.0.decoder.layers.1.ca.attention_weights.weight bev_decoders.0.decoder.layers.1.ca.attention_weights.bias bev_decoders.0.decoder.layers.1.ca.reduce_sum.weight bev_decoders.0.decoder.layers.1.ca.value_proj.weight bev_decoders.0.decoder.layers.1.ca.value_proj.bias bev_decoders.0.decoder.layers.1.ca.output_proj.weight bev_decoders.0.decoder.layers.1.ca.output_proj.bias bev_decoders.0.decoder.layers.1.ca_norm.weight bev_decoders.0.decoder.layers.1.ca_norm.bias bev_decoders.0.decoder.layers.1.ffn.ffn1.weight bev_decoders.0.decoder.layers.1.ffn.ffn1.bias bev_decoders.0.decoder.layers.1.ffn.ffn2.weight bev_decoders.0.decoder.layers.1.ffn.ffn2.bias bev_decoders.0.decoder.layers.1.ffn_norm.weight bev_decoders.0.decoder.layers.1.ffn_norm.bias bev_decoders.0.decoder.layers.2.sa.in_proj_weight bev_decoders.0.decoder.layers.2.sa.in_proj_bias bev_decoders.0.decoder.layers.2.sa.out_proj.weight bev_decoders.0.decoder.layers.2.sa.out_proj.bias bev_decoders.0.decoder.layers.2.sa_norm.weight bev_decoders.0.decoder.layers.2.sa_norm.bias bev_decoders.0.decoder.layers.2.ca.sampling_offsets.weight bev_decoders.0.decoder.layers.2.ca.sampling_offsets.bias bev_decoders.0.decoder.layers.2.ca.attention_weights.weight bev_decoders.0.decoder.layers.2.ca.attention_weights.bias bev_decoders.0.decoder.layers.2.ca.reduce_sum.weight bev_decoders.0.decoder.layers.2.ca.value_proj.weight bev_decoders.0.decoder.layers.2.ca.value_proj.bias bev_decoders.0.decoder.layers.2.ca.output_proj.weight bev_decoders.0.decoder.layers.2.ca.output_proj.bias bev_decoders.0.decoder.layers.2.ca_norm.weight bev_decoders.0.decoder.layers.2.ca_norm.bias bev_decoders.0.decoder.layers.2.ffn.ffn1.weight bev_decoders.0.decoder.layers.2.ffn.ffn1.bias bev_decoders.0.decoder.layers.2.ffn.ffn2.weight bev_decoders.0.decoder.layers.2.ffn.ffn2.bias bev_decoders.0.decoder.layers.2.ffn_norm.weight bev_decoders.0.decoder.layers.2.ffn_norm.bias bev_decoders.0.decoder.layers.3.sa.in_proj_weight bev_decoders.0.decoder.layers.3.sa.in_proj_bias bev_decoders.0.decoder.layers.3.sa.out_proj.weight bev_decoders.0.decoder.layers.3.sa.out_proj.bias bev_decoders.0.decoder.layers.3.sa_norm.weight bev_decoders.0.decoder.layers.3.sa_norm.bias bev_decoders.0.decoder.layers.3.ca.sampling_offsets.weight bev_decoders.0.decoder.layers.3.ca.sampling_offsets.bias bev_decoders.0.decoder.layers.3.ca.attention_weights.weight bev_decoders.0.decoder.layers.3.ca.attention_weights.bias bev_decoders.0.decoder.layers.3.ca.reduce_sum.weight bev_decoders.0.decoder.layers.3.ca.value_proj.weight bev_decoders.0.decoder.layers.3.ca.value_proj.bias bev_decoders.0.decoder.layers.3.ca.output_proj.weight bev_decoders.0.decoder.layers.3.ca.output_proj.bias bev_decoders.0.decoder.layers.3.ca_norm.weight bev_decoders.0.decoder.layers.3.ca_norm.bias bev_decoders.0.decoder.layers.3.ffn.ffn1.weight bev_decoders.0.decoder.layers.3.ffn.ffn1.bias bev_decoders.0.decoder.layers.3.ffn.ffn2.weight bev_decoders.0.decoder.layers.3.ffn.ffn2.bias bev_decoders.0.decoder.layers.3.ffn_norm.weight bev_decoders.0.decoder.layers.3.ffn_norm.bias bev_decoders.0.decoder.layers.4.sa.in_proj_weight bev_decoders.0.decoder.layers.4.sa.in_proj_bias bev_decoders.0.decoder.layers.4.sa.out_proj.weight bev_decoders.0.decoder.layers.4.sa.out_proj.bias bev_decoders.0.decoder.layers.4.sa_norm.weight bev_decoders.0.decoder.layers.4.sa_norm.bias bev_decoders.0.decoder.layers.4.ca.sampling_offsets.weight bev_decoders.0.decoder.layers.4.ca.sampling_offsets.bias bev_decoders.0.decoder.layers.4.ca.attention_weights.weight bev_decoders.0.decoder.layers.4.ca.attention_weights.bias bev_decoders.0.decoder.layers.4.ca.reduce_sum.weight bev_decoders.0.decoder.layers.4.ca.value_proj.weight bev_decoders.0.decoder.layers.4.ca.value_proj.bias bev_decoders.0.decoder.layers.4.ca.output_proj.weight bev_decoders.0.decoder.layers.4.ca.output_proj.bias bev_decoders.0.decoder.layers.4.ca_norm.weight bev_decoders.0.decoder.layers.4.ca_norm.bias bev_decoders.0.decoder.layers.4.ffn.ffn1.weight bev_decoders.0.decoder.layers.4.ffn.ffn1.bias bev_decoders.0.decoder.layers.4.ffn.ffn2.weight bev_decoders.0.decoder.layers.4.ffn.ffn2.bias bev_decoders.0.decoder.layers.4.ffn_norm.weight bev_decoders.0.decoder.layers.4.ffn_norm.bias bev_decoders.0.decoder.layers.5.sa.in_proj_weight bev_decoders.0.decoder.layers.5.sa.in_proj_bias bev_decoders.0.decoder.layers.5.sa.out_proj.weight bev_decoders.0.decoder.layers.5.sa.out_proj.bias bev_decoders.0.decoder.layers.5.sa_norm.weight bev_decoders.0.decoder.layers.5.sa_norm.bias bev_decoders.0.decoder.layers.5.ca.sampling_offsets.weight bev_decoders.0.decoder.layers.5.ca.sampling_offsets.bias bev_decoders.0.decoder.layers.5.ca.attention_weights.weight bev_decoders.0.decoder.layers.5.ca.attention_weights.bias bev_decoders.0.decoder.layers.5.ca.reduce_sum.weight bev_decoders.0.decoder.layers.5.ca.value_proj.weight bev_decoders.0.decoder.layers.5.ca.value_proj.bias bev_decoders.0.decoder.layers.5.ca.output_proj.weight bev_decoders.0.decoder.layers.5.ca.output_proj.bias bev_decoders.0.decoder.layers.5.ca_norm.weight bev_decoders.0.decoder.layers.5.ca_norm.bias bev_decoders.0.decoder.layers.5.ffn.ffn1.weight bev_decoders.0.decoder.layers.5.ffn.ffn1.bias bev_decoders.0.decoder.layers.5.ffn.ffn2.weight bev_decoders.0.decoder.layers.5.ffn.ffn2.bias bev_decoders.0.decoder.layers.5.ffn_norm.weight bev_decoders.0.decoder.layers.5.ffn_norm.bias
2026-07-09 13:11:58,914 INFO [ckpt_converters.py:88] Node[0] [32mLoad the checkpoint successfully from ./tmp_models/bevformer_henet_camera_multitask_nuscenes/float-checkpoint-last.pth.tar[0m
2026-07-09 13:11:58,914 WARNING [hash.py:218] Node[0] [31mDon not found hash value in name of tmp_pretrained_models/centerpoint_pointpillar_nuscenes/float-checkpoint-last.pth.tar, will skip check hash...[0m
2026-07-09 13:11:59,016 WARNING [checkpoint.py:76] Node[0] module. is not at the beginning of state dict
2026-07-09 13:11:59,020 WARNING [load_state_dict_helper.py:114] Node[0] Do not find version in loaded metadata of module camera_net.backbone.stages.0.block.0.add., use the default version 2.
Most common reason is that the state_dict._metadata is missed when modifying state_dict
2026-07-09 13:11:59,020 WARNING [load_state_dict_helper.py:114] Node[0] Do not find version in loaded metadata of module camera_net.backbone.stages.0.block.0.add_dw., use the default version 2.
Most common reason is that the state_dict._metadata is missed when modifying state_dict
2026-07-09 13:11:59,020 WARNING [load_state_dict_helper.py:114] Node[0] Do not find version in loaded metadata of module camera_net.backbone.stages.0.block.1.add., use the default version 2.
Most common reason is that the state_dict._metadata is missed when modifying state_dict
2026-07-09 13:11:59,020 WARNING [load_state_dict_helper.py:114] Node[0] Do not find version in loaded metadata of module camera_net.backbone.stages.0.block.1.add_dw., use the default version 2.
Most common reason is that the state_dict._metadata is missed when modifying state_dict
2026-07-09 13:11:59,020 WARNING [load_state_dict_helper.py:114] Node[0] Do not find version in loaded metadata of module camera_net.backbone.stages.0.block.2.add., use the default version 2.
Most common reason is that the state_dict._metadata is missed when modifying state_dict
2026-07-09 13:11:59,020 WARNING [load_state_dict_helper.py:114] Node[0] Do not find version in loaded metadata of module camera_net.backbone.stages.0.block.2.add_dw., use the default version 2.
Most common reason is that the state_dict._metadata is missed when modifying state_dict
2026-07-09 13:11:59,020 WARNING [load_state_dict_helper.py:114] Node[0] Do not find version in loaded metadata of module camera_net.backbone.stages.0.block.3.add., use the default version 2.
Most common reason is that the state_dict._metadata is missed when modifying state_dict
2026-07-09 13:11:59,021 WARNING [load_state_dict_helper.py:114] Node[0] Do not find version in loaded metadata of module camera_net.backbone.stages.0.block.3.add_dw., use the default version 2.
Most common reason is that the state_dict._metadata is missed when modifying state_dict
2026-07-09 13:11:59,021 WARNING [load_state_dict_helper.py:114] Node[0] Do not find version in loaded metadata of module camera_net.backbone.stages.1.block.0.add., use the default version 2.
Most common reason is that the state_dict._metadata is missed when modifying state_dict
2026-07-09 13:11:59,021 WARNING [load_state_dict_helper.py:114] Node[0] Do not find version in loaded metadata of module camera_net.backbone.stages.1.block.0.add_dw., use the default version 2.
Most common reason is that the state_dict._metadata is missed when modifying state_dict
2026-07-09 13:11:59,021 WARNING [load_state_dict_helper.py:114] Node[0] Do not find version in loaded metadata of module camera_net.backbone.stages.1.block.1.add., use the default version 2.
Most common reason is that the state_dict._metadata is missed when modifying state_dict
2026-07-09 13:11:59,021 WARNING [load_state_dict_helper.py:114] Node[0] Do not find version in loaded metadata of module camera_net.backbone.stages.1.block.1.add_dw., use the default version 2.
Most common reason is that the state_dict._metadata is missed when modifying state_dict
2026-07-09 13:11:59,021 WARNING [load_state_dict_helper.py:114] Node[0] Do not find version in loaded metadata of module camera_net.backbone.stages.1.block.2.add., use the default version 2.
Most common reason is that the state_dict._metadata is missed when modifying state_dict
2026-07-09 13:11:59,021 WARNING [load_state_dict_helper.py:114] Node[0] Do not find version in loaded metadata of module camera_net.backbone.stages.1.block.2.add_dw., use the default version 2.
Most common reason is that the state_dict._metadata is missed when modifying state_dict
2026-07-09 13:11:59,021 WARNING [load_state_dict_helper.py:114] Node[0] Do not find version in loaded metadata of module camera_net.backbone.stages.2.block.0.add., use the default version 2.
Most common reason is that the state_dict._metadata is missed when modifying state_dict
2026-07-09 13:11:59,021 WARNING [load_state_dict_helper.py:114] Node[0] Do not find version in loaded metadata of module camera_net.backbone.stages.2.block.1.add., use the default version 2.
Most common reason is that the state_dict._metadata is missed when modifying state_dict
2026-07-09 13:11:59,022 WARNING [load_state_dict_helper.py:114] Node[0] Do not find version in loaded metadata of module camera_net.backbone.stages.2.block.2.add., use the default version 2.
Most common reason is that the state_dict._metadata is missed when modifying state_dict
2026-07-09 13:11:59,022 WARNING [load_state_dict_helper.py:114] Node[0] Do not find version in loaded metadata of module camera_net.backbone.stages.2.block.3.add., use the default version 2.
Most common reason is that the state_dict._metadata is missed when modifying state_dict
2026-07-09 13:11:59,022 WARNING [load_state_dict_helper.py:114] Node[0] Do not find version in loaded metadata of module camera_net.backbone.stages.2.block.4.add., use the default version 2.
Most common reason is that the state_dict._metadata is missed when modifying state_dict
2026-07-09 13:11:59,022 WARNING [load_state_dict_helper.py:114] Node[0] Do not find version in loaded metadata of module camera_net.backbone.stages.2.block.5.add., use the default version 2.
Most common reason is that the state_dict._metadata is missed when modifying state_dict
2026-07-09 13:11:59,022 WARNING [load_state_dict_helper.py:114] Node[0] Do not find version in loaded metadata of module camera_net.backbone.stages.2.block.6.add., use the default version 2.
Most common reason is that the state_dict._metadata is missed when modifying state_dict
2026-07-09 13:11:59,022 WARNING [load_state_dict_helper.py:114] Node[0] Do not find version in loaded metadata of module camera_net.backbone.stages.2.block.7.add., use the default version 2.
Most common reason is that the state_dict._metadata is missed when modifying state_dict
2026-07-09 13:11:59,022 WARNING [load_state_dict_helper.py:114] Node[0] Do not find version in loaded metadata of module camera_net.backbone.stages.3.block.0.add., use the default version 2.
Most common reason is that the state_dict._metadata is missed when modifying state_dict
2026-07-09 13:11:59,023 WARNING [load_state_dict_helper.py:114] Node[0] Do not find version in loaded metadata of module camera_net.backbone.stages.3.block.1.add., use the default version 2.
Most common reason is that the state_dict._metadata is missed when modifying state_dict
2026-07-09 13:11:59,023 WARNING [load_state_dict_helper.py:114] Node[0] Do not find version in loaded metadata of module camera_net.backbone.stages.3.block.2.add., use the default version 2.
Most common reason is that the state_dict._metadata is missed when modifying state_dict
2026-07-09 13:11:59,023 WARNING [load_state_dict_helper.py:114] Node[0] Do not find version in loaded metadata of module camera_net.backbone.stages.3.block.3.add., use the default version 2.
Most common reason is that the state_dict._metadata is missed when modifying state_dict
2026-07-09 13:11:59,023 WARNING [load_state_dict_helper.py:114] Node[0] Do not find version in loaded metadata of module camera_net.backbone.stages.3.block.4.add., use the default version 2.
Most common reason is that the state_dict._metadata is missed when modifying state_dict
2026-07-09 13:11:59,023 WARNING [load_state_dict_helper.py:114] Node[0] Do not find version in loaded metadata of module camera_net.backbone.stages.3.block.5.add., use the default version 2.
Most common reason is that the state_dict._metadata is missed when modifying state_dict
2026-07-09 13:11:59,023 WARNING [load_state_dict_helper.py:114] Node[0] Do not find version in loaded metadata of module camera_net.view_transformer.encoder.add_canbus., use the default version 2.
Most common reason is that the state_dict._metadata is missed when modifying state_dict
2026-07-09 13:11:59,023 WARNING [load_state_dict_helper.py:114] Node[0] Do not find version in loaded metadata of module camera_net.view_transformer.encoder.cat_pre_cur_query., use the default version 2.
Most common reason is that the state_dict._metadata is missed when modifying state_dict
2026-07-09 13:11:59,023 WARNING [load_state_dict_helper.py:114] Node[0] Do not find version in loaded metadata of module camera_net.view_transformer.encoder.addcams_embeds.0., use the default version 2.
Most common reason is that the state_dict._metadata is missed when modifying state_dict
2026-07-09 13:11:59,024 WARNING [load_state_dict_helper.py:114] Node[0] Do not find version in loaded metadata of module camera_net.view_transformer.encoder.add_level_embeds.0., use the default version 2.
Most common reason is that the state_dict._metadata is missed when modifying state_dict
2026-07-09 13:11:59,024 WARNING [load_state_dict_helper.py:114] Node[0] Do not find version in loaded metadata of module camera_net.view_transformer.encoder.cat_fl., use the default version 2.
Most common reason is that the state_dict._metadata is missed when modifying state_dict
2026-07-09 13:11:59,024 WARNING [load_state_dict_helper.py:114] Node[0] Do not find version in loaded metadata of module camera_net.view_transformer.encoder.layers.0.sa.norm_offset., use the default version 2.
Most common reason is that the state_dict._metadata is missed when modifying state_dict
2026-07-09 13:11:59,024 WARNING [load_state_dict_helper.py:114] Node[0] Do not find version in loaded metadata of module camera_net.view_transformer.encoder.layers.0.sa.add_offset., use the default version 2.
Most common reason is that the state_dict._metadata is missed when modifying state_dict
2026-07-09 13:11:59,024 WARNING [load_state_dict_helper.py:114] Node[0] Do not find version in loaded metadata of module camera_net.view_transformer.encoder.layers.0.sa.add1., use the default version 2.
Most common reason is that the state_dict._metadata is missed when modifying state_dict
2026-07-09 13:11:59,024 WARNING [load_state_dict_helper.py:114] Node[0] Do not find version in loaded metadata of module camera_net.view_transformer.encoder.layers.0.sa.mul1., use the default version 2.
Most common reason is that the state_dict._metadata is missed when modifying state_dict
2026-07-09 13:11:59,024 WARNING [load_state_dict_helper.py:114] Node[0] Do not find version in loaded metadata of module camera_net.view_transformer.encoder.layers.0.sa.stack_sampling., use the default version 2.
Most common reason is that the state_dict._metadata is missed when modifying state_dict
2026-07-09 13:11:59,024 WARNING [load_state_dict_helper.py:114] Node[0] Do not find version in loaded metadata of module camera_net.view_transformer.encoder.layers.0.sa.mul_attention., use the default version 2.
Most common reason is that the state_dict._metadata is missed when modifying state_dict
2026-07-09 13:11:59,024 WARNING [load_state_dict_helper.py:114] Node[0] Do not find version in loaded metadata of module camera_net.view_transformer.encoder.layers.0.sa.add_pos., use the default version 2.
Most common reason is that the state_dict._metadata is missed when modifying state_dict
2026-07-09 13:11:59,024 WARNING [load_state_dict_helper.py:114] Node[0] Do not find version in loaded metadata of module camera_net.view_transformer.encoder.layers.0.sa.add_res., use the default version 2.
Most common reason is that the state_dict._metadata is missed when modifying state_dict
2026-07-09 13:11:59,024 WARNING [load_state_dict_helper.py:114] Node[0] Do not find version in loaded metadata of module camera_net.view_transformer.encoder.layers.0.ca.deformable_attention.norm_offset., use the default version 2.
Most common reason is that the state_dict._metadata is missed when modifying state_dict
2026-07-09 13:11:59,024 WARNING [load_state_dict_helper.py:114] Node[0] Do not find version in loaded metadata of module camera_net.view_transformer.encoder.layers.0.ca.deformable_attention.add_offset., use the default version 2.
Most common reason is that the state_dict._metadata is missed when modifying state_dict
2026-07-09 13:11:59,024 WARNING [load_state_dict_helper.py:114] Node[0] Do not find version in loaded metadata of module camera_net.view_transformer.encoder.layers.0.ca.deformable_attention.add1., use the default version 2.
Most common reason is that the state_dict._metadata is missed when modifying state_dict
2026-07-09 13:11:59,025 WARNING [load_state_dict_helper.py:114] Node[0] Do not find version in loaded metadata of module camera_net.view_transformer.encoder.layers.0.ca.deformable_attention.mul1., use the default version 2.
Most common reason is that the state_dict._metadata is missed when modifying state_dict
2026-07-09 13:11:59,025 WARNING [load_state_dict_helper.py:114] Node[0] Do not find version in loaded metadata of module camera_net.view_transformer.encoder.layers.0.ca.deformable_attention.stack_sampling., use the default version 2.
Most common reason is that the state_dict._metadata is missed when modifying state_dict
2026-07-09 13:11:59,025 WARNING [load_state_dict_helper.py:114] Node[0] Do not find version in loaded metadata of module camera_net.view_transformer.encoder.layers.0.ca.deformable_attention.mul_attention., use the default version 2.
Most common reason is that the state_dict._metadata is missed when modifying state_dict
2026-07-09 13:11:59,025 WARNING [load_state_dict_helper.py:114] Node[0] Do not find version in loaded metadata of module camera_net.view_transformer.encoder.layers.0.ca.add_res., use the default version 2.
Most common reason is that the state_dict._metadata is missed when modifying state_dict
2026-07-09 13:11:59,025 WARNING [load_state_dict_helper.py:114] Node[0] Do not find version in loaded metadata of module camera_net.view_transformer.encoder.layers.0.ca.add_query_pos., use the default version 2.
Most common reason is that the state_dict._metadata is missed when modifying state_dict
2026-07-09 13:11:59,025 WARNING [load_state_dict_helper.py:114] Node[0] Do not find version in loaded metadata of module camera_net.view_transformer.encoder.layers.0.ca.mul_pillarweight., use the default version 2.
Most common reason is that the state_dict._metadata is missed when modifying state_dict
2026-07-09 13:11:59,025 WARNING [load_state_dict_helper.py:114] Node[0] Do not find version in loaded metadata of module camera_net.view_transformer.encoder.layers.0.ca.sum_views., use the default version 2.
Most common reason is that the state_dict._metadata is missed when modifying state_dict
2026-07-09 13:11:59,025 WARNING [load_state_dict_helper.py:114] Node[0] Do not find version in loaded metadata of module camera_net.view_transformer.encoder.layers.0.ffn.add., use the default version 2.
Most common reason is that the state_dict._metadata is missed when modifying state_dict
2026-07-09 13:11:59,027 INFO [checkpoint.py:410] Node[0] state_dict in checkpoint num: 421
2026-07-09 13:11:59,030 INFO [checkpoint.py:411] Node[0] state_dict in model num: 876
2026-07-09 13:11:59,030 WARNING [checkpoint.py:412] Node[0] miss_key num: 684
2026-07-09 13:11:59,030 WARNING [checkpoint.py:414] Node[0] miss_key: camera_net.backbone.patch_embed.0.0.weight camera_net.backbone.patch_embed.0.0.bias camera_net.backbone.patch_embed.0.1.weight camera_net.backbone.patch_embed.0.1.bias camera_net.backbone.patch_embed.0.1.running_mean camera_net.backbone.patch_embed.0.1.running_var camera_net.backbone.patch_embed.1.0.weight camera_net.backbone.patch_embed.1.0.bias camera_net.backbone.patch_embed.1.1.weight camera_net.backbone.patch_embed.1.1.bias camera_net.backbone.patch_embed.1.1.running_mean camera_net.backbone.patch_embed.1.1.running_var camera_net.backbone.stages.0.block.0.dwconv.0.weight camera_net.backbone.stages.0.block.0.dwconv.0.bias camera_net.backbone.stages.0.block.0.dwconv.1.weight camera_net.backbone.stages.0.block.0.dwconv.1.bias camera_net.backbone.stages.0.block.0.dwconv.1.running_mean camera_net.backbone.stages.0.block.0.dwconv.1.running_var camera_net.backbone.stages.0.block.0.pwconv1.weight camera_net.backbone.stages.0.block.0.pwconv1.bias camera_net.backbone.stages.0.block.0.pwconv2.weight camera_net.backbone.stages.0.block.0.pwconv2.bias camera_net.backbone.stages.0.block.0.layer_scale.weight camera_net.backbone.stages.0.block.1.dwconv.0.weight camera_net.backbone.stages.0.block.1.dwconv.0.bias camera_net.backbone.stages.0.block.1.dwconv.1.weight camera_net.backbone.stages.0.block.1.dwconv.1.bias camera_net.backbone.stages.0.block.1.dwconv.1.running_mean camera_net.backbone.stages.0.block.1.dwconv.1.running_var camera_net.backbone.stages.0.block.1.pwconv1.weight camera_net.backbone.stages.0.block.1.pwconv1.bias camera_net.backbone.stages.0.block.1.pwconv2.weight camera_net.backbone.stages.0.block.1.pwconv2.bias camera_net.backbone.stages.0.block.1.layer_scale.weight camera_net.backbone.stages.0.block.2.dwconv.0.weight camera_net.backbone.stages.0.block.2.dwconv.0.bias camera_net.backbone.stages.0.block.2.dwconv.1.weight camera_net.backbone.stages.0.block.2.dwconv.1.bias camera_net.backbone.stages.0.block.2.dwconv.1.running_mean camera_net.backbone.stages.0.block.2.dwconv.1.running_var camera_net.backbone.stages.0.block.2.pwconv1.weight camera_net.backbone.stages.0.block.2.pwconv1.bias camera_net.backbone.stages.0.block.2.pwconv2.weight camera_net.backbone.stages.0.block.2.pwconv2.bias camera_net.backbone.stages.0.block.2.layer_scale.weight camera_net.backbone.stages.0.block.3.dwconv.0.weight camera_net.backbone.stages.0.block.3.dwconv.0.bias camera_net.backbone.stages.0.block.3.dwconv.1.weight camera_net.backbone.stages.0.block.3.dwconv.1.bias camera_net.backbone.stages.0.block.3.dwconv.1.running_mean camera_net.backbone.stages.0.block.3.dwconv.1.running_var camera_net.backbone.stages.0.block.3.pwconv1.weight camera_net.backbone.stages.0.block.3.pwconv1.bias camera_net.backbone.stages.0.block.3.pwconv2.weight camera_net.backbone.stages.0.block.3.pwconv2.bias camera_net.backbone.stages.0.block.3.layer_scale.weight camera_net.backbone.stages.1.block.0.dwconv.0.weight camera_net.backbone.stages.1.block.0.dwconv.0.bias camera_net.backbone.stages.1.block.0.dwconv.1.weight camera_net.backbone.stages.1.block.0.dwconv.1.bias camera_net.backbone.stages.1.block.0.dwconv.1.running_mean camera_net.backbone.stages.1.block.0.dwconv.1.running_var camera_net.backbone.stages.1.block.0.pwconv1.weight camera_net.backbone.stages.1.block.0.pwconv1.bias camera_net.backbone.stages.1.block.0.pwconv2.weight camera_net.backbone.stages.1.block.0.pwconv2.bias camera_net.backbone.stages.1.block.0.layer_scale.weight camera_net.backbone.stages.1.block.1.dwconv.0.weight camera_net.backbone.stages.1.block.1.dwconv.0.bias camera_net.backbone.stages.1.block.1.dwconv.1.weight camera_net.backbone.stages.1.block.1.dwconv.1.bias camera_net.backbone.stages.1.block.1.dwconv.1.running_mean camera_net.backbone.stages.1.block.1.dwconv.1.running_var camera_net.backbone.stages.1.block.1.pwconv1.weight camera_net.backbone.stages.1.block.1.pwconv1.bias camera_net.backbone.stages.1.block.1.pwconv2.weight camera_net.backbone.stages.1.block.1.pwconv2.bias camera_net.backbone.stages.1.block.1.layer_scale.weight camera_net.backbone.stages.1.block.2.dwconv.0.weight camera_net.backbone.stages.1.block.2.dwconv.0.bias camera_net.backbone.stages.1.block.2.dwconv.1.weight camera_net.backbone.stages.1.block.2.dwconv.1.bias camera_net.backbone.stages.1.block.2.dwconv.1.running_mean camera_net.backbone.stages.1.block.2.dwconv.1.running_var camera_net.backbone.stages.1.block.2.pwconv1.weight camera_net.backbone.stages.1.block.2.pwconv1.bias camera_net.backbone.stages.1.block.2.pwconv2.weight camera_net.backbone.stages.1.block.2.pwconv2.bias camera_net.backbone.stages.1.block.2.layer_scale.weight camera_net.backbone.stages.2.block.0.dwconv.0.0.weight camera_net.backbone.stages.2.block.0.dwconv.0.0.bias camera_net.backbone.stages.2.block.0.dwconv.0.1.weight camera_net.backbone.stages.2.block.0.dwconv.0.1.bias camera_net.backbone.stages.2.block.0.dwconv.0.1.running_mean camera_net.backbone.stages.2.block.0.dwconv.0.1.running_var camera_net.backbone.stages.2.block.0.pwconv1.0.weight camera_net.backbone.stages.2.block.0.pwconv1.0.bias camera_net.backbone.stages.2.block.0.pwconv2.weight camera_net.backbone.stages.2.block.0.pwconv2.bias camera_net.backbone.stages.2.block.0.layer_scale.weight camera_net.backbone.stages.2.block.1.dwconv.0.0.weight camera_net.backbone.stages.2.block.1.dwconv.0.0.bias camera_net.backbone.stages.2.block.1.dwconv.0.1.weight camera_net.backbone.stages.2.block.1.dwconv.0.1.bias camera_net.backbone.stages.2.block.1.dwconv.0.1.running_mean camera_net.backbone.stages.2.block.1.dwconv.0.1.running_var camera_net.backbone.stages.2.block.1.pwconv1.0.weight camera_net.backbone.stages.2.block.1.pwconv1.0.bias camera_net.backbone.stages.2.block.1.pwconv2.weight camera_net.backbone.stages.2.block.1.pwconv2.bias camera_net.backbone.stages.2.block.1.layer_scale.weight camera_net.backbone.stages.2.block.2.dwconv.0.0.weight camera_net.backbone.stages.2.block.2.dwconv.0.0.bias camera_net.backbone.stages.2.block.2.dwconv.0.1.weight camera_net.backbone.stages.2.block.2.dwconv.0.1.bias camera_net.backbone.stages.2.block.2.dwconv.0.1.running_mean camera_net.backbone.stages.2.block.2.dwconv.0.1.running_var camera_net.backbone.stages.2.block.2.pwconv1.0.weight camera_net.backbone.stages.2.block.2.pwconv1.0.bias camera_net.backbone.stages.2.block.2.pwconv2.weight camera_net.backbone.stages.2.block.2.pwconv2.bias camera_net.backbone.stages.2.block.2.layer_scale.weight camera_net.backbone.stages.2.block.3.dwconv.0.0.weight camera_net.backbone.stages.2.block.3.dwconv.0.0.bias camera_net.backbone.stages.2.block.3.dwconv.0.1.weight camera_net.backbone.stages.2.block.3.dwconv.0.1.bias camera_net.backbone.stages.2.block.3.dwconv.0.1.running_mean camera_net.backbone.stages.2.block.3.dwconv.0.1.running_var camera_net.backbone.stages.2.block.3.pwconv1.0.weight camera_net.backbone.stages.2.block.3.pwconv1.0.bias camera_net.backbone.stages.2.block.3.pwconv2.weight camera_net.backbone.stages.2.block.3.pwconv2.bias camera_net.backbone.stages.2.block.3.layer_scale.weight camera_net.backbone.stages.2.block.4.dwconv.0.0.weight camera_net.backbone.stages.2.block.4.dwconv.0.0.bias camera_net.backbone.stages.2.block.4.dwconv.0.1.weight camera_net.backbone.stages.2.block.4.dwconv.0.1.bias camera_net.backbone.stages.2.block.4.dwconv.0.1.running_mean camera_net.backbone.stages.2.block.4.dwconv.0.1.running_var camera_net.backbone.stages.2.block.4.pwconv1.0.weight camera_net.backbone.stages.2.block.4.pwconv1.0.bias camera_net.backbone.stages.2.block.4.pwconv2.weight camera_net.backbone.stages.2.block.4.pwconv2.bias camera_net.backbone.stages.2.block.4.layer_scale.weight camera_net.backbone.stages.2.block.5.dwconv.0.0.weight camera_net.backbone.stages.2.block.5.dwconv.0.0.bias camera_net.backbone.stages.2.block.5.dwconv.0.1.weight camera_net.backbone.stages.2.block.5.dwconv.0.1.bias camera_net.backbone.stages.2.block.5.dwconv.0.1.running_mean camera_net.backbone.stages.2.block.5.dwconv.0.1.running_var camera_net.backbone.stages.2.block.5.pwconv1.0.weight camera_net.backbone.stages.2.block.5.pwconv1.0.bias camera_net.backbone.stages.2.block.5.pwconv2.weight camera_net.backbone.stages.2.block.5.pwconv2.bias camera_net.backbone.stages.2.block.5.layer_scale.weight camera_net.backbone.stages.2.block.6.dwconv.0.0.weight camera_net.backbone.stages.2.block.6.dwconv.0.0.bias camera_net.backbone.stages.2.block.6.dwconv.0.1.weight camera_net.backbone.stages.2.block.6.dwconv.0.1.bias camera_net.backbone.stages.2.block.6.dwconv.0.1.running_mean camera_net.backbone.stages.2.block.6.dwconv.0.1.running_var camera_net.backbone.stages.2.block.6.pwconv1.0.weight camera_net.backbone.stages.2.block.6.pwconv1.0.bias camera_net.backbone.stages.2.block.6.pwconv2.weight camera_net.backbone.stages.2.block.6.pwconv2.bias camera_net.backbone.stages.2.block.6.layer_scale.weight camera_net.backbone.stages.2.block.7.dwconv.0.0.weight camera_net.backbone.stages.2.block.7.dwconv.0.0.bias camera_net.backbone.stages.2.block.7.dwconv.0.1.weight camera_net.backbone.stages.2.block.7.dwconv.0.1.bias camera_net.backbone.stages.2.block.7.dwconv.0.1.running_mean camera_net.backbone.stages.2.block.7.dwconv.0.1.running_var camera_net.backbone.stages.2.block.7.pwconv1.0.weight camera_net.backbone.stages.2.block.7.pwconv1.0.bias camera_net.backbone.stages.2.block.7.pwconv2.weight camera_net.backbone.stages.2.block.7.pwconv2.bias camera_net.backbone.stages.2.block.7.layer_scale.weight camera_net.backbone.stages.3.block.0.dwconv.0.weight camera_net.backbone.stages.3.block.0.dwconv.0.bias camera_net.backbone.stages.3.block.0.dwconv.1.weight camera_net.backbone.stages.3.block.0.dwconv.1.bias camera_net.backbone.stages.3.block.0.dwconv.1.running_mean camera_net.backbone.stages.3.block.0.dwconv.1.running_var camera_net.backbone.stages.3.block.0.pwconv1.weight camera_net.backbone.stages.3.block.0.pwconv1.bias camera_net.backbone.stages.3.block.0.pwconv2.weight camera_net.backbone.stages.3.block.0.pwconv2.bias camera_net.backbone.stages.3.block.0.layer_scale.weight camera_net.backbone.stages.3.block.1.dwconv.0.weight camera_net.backbone.stages.3.block.1.dwconv.0.bias camera_net.backbone.stages.3.block.1.dwconv.1.weight camera_net.backbone.stages.3.block.1.dwconv.1.bias camera_net.backbone.stages.3.block.1.dwconv.1.running_mean camera_net.backbone.stages.3.block.1.dwconv.1.running_var camera_net.backbone.stages.3.block.1.pwconv1.weight camera_net.backbone.stages.3.block.1.pwconv1.bias camera_net.backbone.stages.3.block.1.pwconv2.weight camera_net.backbone.stages.3.block.1.pwconv2.bias camera_net.backbone.stages.3.block.1.layer_scale.weight camera_net.backbone.stages.3.block.2.dwconv.0.weight camera_net.backbone.stages.3.block.2.dwconv.0.bias camera_net.backbone.stages.3.block.2.dwconv.1.weight camera_net.backbone.stages.3.block.2.dwconv.1.bias camera_net.backbone.stages.3.block.2.dwconv.1.running_mean camera_net.backbone.stages.3.block.2.dwconv.1.running_var camera_net.backbone.stages.3.block.2.pwconv1.weight camera_net.backbone.stages.3.block.2.pwconv1.bias camera_net.backbone.stages.3.block.2.pwconv2.weight camera_net.backbone.stages.3.block.2.pwconv2.bias camera_net.backbone.stages.3.block.2.layer_scale.weight camera_net.backbone.stages.3.block.3.dwconv.0.weight camera_net.backbone.stages.3.block.3.dwconv.0.bias camera_net.backbone.stages.3.block.3.dwconv.1.weight camera_net.backbone.stages.3.block.3.dwconv.1.bias camera_net.backbone.stages.3.block.3.dwconv.1.running_mean camera_net.backbone.stages.3.block.3.dwconv.1.running_var camera_net.backbone.stages.3.block.3.pwconv1.weight camera_net.backbone.stages.3.block.3.pwconv1.bias camera_net.backbone.stages.3.block.3.pwconv2.weight camera_net.backbone.stages.3.block.3.pwconv2.bias camera_net.backbone.stages.3.block.3.layer_scale.weight camera_net.backbone.stages.3.block.4.dwconv.0.weight camera_net.backbone.stages.3.block.4.dwconv.0.bias camera_net.backbone.stages.3.block.4.dwconv.1.weight camera_net.backbone.stages.3.block.4.dwconv.1.bias camera_net.backbone.stages.3.block.4.dwconv.1.running_mean camera_net.backbone.stages.3.block.4.dwconv.1.running_var camera_net.backbone.stages.3.block.4.pwconv1.weight camera_net.backbone.stages.3.block.4.pwconv1.bias camera_net.backbone.stages.3.block.4.pwconv2.weight camera_net.backbone.stages.3.block.4.pwconv2.bias camera_net.backbone.stages.3.block.4.layer_scale.weight camera_net.backbone.stages.3.block.5.dwconv.0.weight camera_net.backbone.stages.3.block.5.dwconv.0.bias camera_net.backbone.stages.3.block.5.dwconv.1.weight camera_net.backbone.stages.3.block.5.dwconv.1.bias camera_net.backbone.stages.3.block.5.dwconv.1.running_mean camera_net.backbone.stages.3.block.5.dwconv.1.running_var camera_net.backbone.stages.3.block.5.pwconv1.weight camera_net.backbone.stages.3.block.5.pwconv1.bias camera_net.backbone.stages.3.block.5.pwconv2.weight camera_net.backbone.stages.3.block.5.pwconv2.bias camera_net.backbone.stages.3.block.5.layer_scale.weight camera_net.backbone.downsample_block.0.proj.0.weight camera_net.backbone.downsample_block.0.proj.0.bias camera_net.backbone.downsample_block.0.proj.1.weight camera_net.backbone.downsample_block.0.proj.1.bias camera_net.backbone.downsample_block.0.proj.1.running_mean camera_net.backbone.downsample_block.0.proj.1.running_var camera_net.backbone.downsample_block.1.proj.0.weight camera_net.backbone.downsample_block.1.proj.0.bias camera_net.backbone.downsample_block.1.proj.1.weight camera_net.backbone.downsample_block.1.proj.1.bias camera_net.backbone.downsample_block.1.proj.1.running_mean camera_net.backbone.downsample_block.1.proj.1.running_var camera_net.backbone.downsample_block.2.proj.0.weight camera_net.backbone.downsample_block.2.proj.0.bias camera_net.backbone.downsample_block.2.proj.1.weight camera_net.backbone.downsample_block.2.proj.1.bias camera_net.backbone.downsample_block.2.proj.1.running_mean camera_net.backbone.downsample_block.2.proj.1.running_var camera_net.backbone.norm.weight camera_net.backbone.norm.bias camera_net.backbone.norm.running_mean camera_net.backbone.norm.running_var camera_net.backbone.feature_mix_layer.0.weight camera_net.backbone.feature_mix_layer.1.weight camera_net.backbone.feature_mix_layer.1.bias camera_net.backbone.feature_mix_layer.1.running_mean camera_net.backbone.feature_mix_layer.1.running_var camera_net.backbone.stage_norm.0.weight camera_net.backbone.stage_norm.0.bias camera_net.backbone.stage_norm.0.running_mean camera_net.backbone.stage_norm.0.running_var camera_net.backbone.stage_norm.1.weight camera_net.backbone.stage_norm.1.bias camera_net.backbone.stage_norm.1.running_mean camera_net.backbone.stage_norm.1.running_var camera_net.backbone.stage_norm.2.weight camera_net.backbone.stage_norm.2.bias camera_net.backbone.stage_norm.2.running_mean camera_net.backbone.stage_norm.2.running_var camera_net.backbone.stage_norm.3.weight camera_net.backbone.stage_norm.3.bias camera_net.backbone.stage_norm.3.running_mean camera_net.backbone.stage_norm.3.running_var camera_net.neck.conv_extract.0.0.weight camera_net.neck.conv_extract.0.0.bias camera_net.neck.conv_extract.0.1.weight camera_net.neck.conv_extract.0.1.bias camera_net.neck.conv_extract.0.1.running_mean camera_net.neck.conv_extract.0.1.running_var camera_net.view_transformer.encoder.level_embeds camera_net.view_transformer.encoder.cams_embeds camera_net.view_transformer.encoder.layers.0.sa.sampling_offsets.weight camera_net.view_transformer.encoder.layers.0.sa.sampling_offsets.bias camera_net.view_transformer.encoder.layers.0.sa.attention_weights.weight camera_net.view_transformer.encoder.layers.0.sa.attention_weights.bias camera_net.view_transformer.encoder.layers.0.sa.reduce_sum.weight camera_net.view_transformer.encoder.layers.0.sa.value_proj.weight camera_net.view_transformer.encoder.layers.0.sa.value_proj.bias camera_net.view_transformer.encoder.layers.0.sa.output_proj.weight camera_net.view_transformer.encoder.layers.0.sa.output_proj.bias camera_net.view_transformer.encoder.layers.0.sa_norm.weight camera_net.view_transformer.encoder.layers.0.sa_norm.bias camera_net.view_transformer.encoder.layers.0.ca.deformable_attention.sampling_offsets.weight camera_net.view_transformer.encoder.layers.0.ca.deformable_attention.sampling_offsets.bias camera_net.view_transformer.encoder.layers.0.ca.deformable_attention.attention_weights.weight camera_net.view_transformer.encoder.layers.0.ca.deformable_attention.attention_weights.bias camera_net.view_transformer.encoder.layers.0.ca.deformable_attention.reduce_sum.weight camera_net.view_transformer.encoder.layers.0.ca.deformable_attention.value_proj.weight camera_net.view_transformer.encoder.layers.0.ca.deformable_attention.value_proj.bias camera_net.view_transformer.encoder.layers.0.ca.output_proj.weight camera_net.view_transformer.encoder.layers.0.ca.output_proj.bias camera_net.view_transformer.encoder.layers.0.ca.query_reduce_sum.weight camera_net.view_transformer.encoder.layers.0.ca_norm.weight camera_net.view_transformer.encoder.layers.0.ca_norm.bias camera_net.view_transformer.encoder.layers.0.ffn.ffn1.weight camera_net.view_transformer.encoder.layers.0.ffn.ffn1.bias camera_net.view_transformer.encoder.layers.0.ffn.ffn2.weight camera_net.view_transformer.encoder.layers.0.ffn.ffn2.bias camera_net.view_transformer.encoder.layers.0.ffn_norm.weight camera_net.view_transformer.encoder.layers.0.ffn_norm.bias camera_net.view_transformer.positional_encoding.row_embed.weight camera_net.view_transformer.positional_encoding.col_embed.weight camera_net.view_transformer.bev_embedding.weight fuse_module.reduce_conv.0.weight fuse_module.reduce_conv.0.bias fuse_module.reduce_conv.1.weight fuse_module.reduce_conv.1.bias fuse_module.reduce_conv.1.running_mean fuse_module.reduce_conv.1.running_var fuse_module.conv2.0.weight fuse_module.conv2.0.bias fuse_module.conv2.1.weight fuse_module.conv2.1.bias fuse_module.conv2.1.running_mean fuse_module.conv2.1.running_var fuse_module.seblock.att.1.weight fuse_module.seblock.att.1.bias bev_decoders.0.head.shared_conv.0.0.0.weight bev_decoders.0.head.shared_conv.0.0.0.bias bev_decoders.0.head.shared_conv.0.1.0.weight bev_decoders.0.head.shared_conv.0.1.0.bias bev_decoders.0.head.shared_conv.0.1.1.weight bev_decoders.0.head.shared_conv.0.1.1.bias bev_decoders.0.head.shared_conv.0.1.1.running_mean bev_decoders.0.head.shared_conv.0.1.1.running_var bev_decoders.0.head.task_heads.0.reg.0.0.0.weight bev_decoders.0.head.task_heads.0.reg.0.0.0.bias bev_decoders.0.head.task_heads.0.reg.0.1.0.weight bev_decoders.0.head.task_heads.0.reg.0.1.0.bias bev_decoders.0.head.task_heads.0.reg.0.1.1.weight bev_decoders.0.head.task_heads.0.reg.0.1.1.bias bev_decoders.0.head.task_heads.0.reg.0.1.1.running_mean bev_decoders.0.head.task_heads.0.reg.0.1.1.running_var bev_decoders.0.head.task_heads.0.reg.1.0.weight bev_decoders.0.head.task_heads.0.height.0.0.0.weight bev_decoders.0.head.task_heads.0.height.0.0.0.bias bev_decoders.0.head.task_heads.0.height.0.1.0.weight bev_decoders.0.head.task_heads.0.height.0.1.0.bias bev_decoders.0.head.task_heads.0.height.0.1.1.weight bev_decoders.0.head.task_heads.0.height.0.1.1.bias bev_decoders.0.head.task_heads.0.height.0.1.1.running_mean bev_decoders.0.head.task_heads.0.height.0.1.1.running_var bev_decoders.0.head.task_heads.0.height.1.0.weight bev_decoders.0.head.task_heads.0.dim.0.0.0.weight bev_decoders.0.head.task_heads.0.dim.0.0.0.bias bev_decoders.0.head.task_heads.0.dim.0.1.0.weight bev_decoders.0.head.task_heads.0.dim.0.1.0.bias bev_decoders.0.head.task_heads.0.dim.0.1.1.weight bev_decoders.0.head.task_heads.0.dim.0.1.1.bias bev_decoders.0.head.task_heads.0.dim.0.1.1.running_mean bev_decoders.0.head.task_heads.0.dim.0.1.1.running_var bev_decoders.0.head.task_heads.0.dim.1.0.weight bev_decoders.0.head.task_heads.0.rot.0.0.0.weight bev_decoders.0.head.task_heads.0.rot.0.0.0.bias bev_decoders.0.head.task_heads.0.rot.0.1.0.weight bev_decoders.0.head.task_heads.0.rot.0.1.0.bias bev_decoders.0.head.task_heads.0.rot.0.1.1.weight bev_decoders.0.head.task_heads.0.rot.0.1.1.bias bev_decoders.0.head.task_heads.0.rot.0.1.1.running_mean bev_decoders.0.head.task_heads.0.rot.0.1.1.running_var bev_decoders.0.head.task_heads.0.rot.1.0.weight bev_decoders.0.head.task_heads.0.vel.0.0.0.weight bev_decoders.0.head.task_heads.0.vel.0.0.0.bias bev_decoders.0.head.task_heads.0.vel.0.1.0.weight bev_decoders.0.head.task_heads.0.vel.0.1.0.bias bev_decoders.0.head.task_heads.0.vel.0.1.1.weight bev_decoders.0.head.task_heads.0.vel.0.1.1.bias bev_decoders.0.head.task_heads.0.vel.0.1.1.running_mean bev_decoders.0.head.task_heads.0.vel.0.1.1.running_var bev_decoders.0.head.task_heads.0.vel.1.0.weight bev_decoders.0.head.task_heads.0.heatmap.0.0.0.weight bev_decoders.0.head.task_heads.0.heatmap.0.0.0.bias bev_decoders.0.head.task_heads.0.heatmap.0.1.0.weight bev_decoders.0.head.task_heads.0.heatmap.0.1.0.bias bev_decoders.0.head.task_heads.0.heatmap.0.1.1.weight bev_decoders.0.head.task_heads.0.heatmap.0.1.1.bias bev_decoders.0.head.task_heads.0.heatmap.0.1.1.running_mean bev_decoders.0.head.task_heads.0.heatmap.0.1.1.running_var bev_decoders.0.head.task_heads.0.heatmap.1.0.weight bev_decoders.0.head.task_heads.0.heatmap.1.0.bias bev_decoders.0.head.task_heads.1.reg.0.0.0.weight bev_decoders.0.head.task_heads.1.reg.0.0.0.bias bev_decoders.0.head.task_heads.1.reg.0.1.0.weight bev_decoders.0.head.task_heads.1.reg.0.1.0.bias bev_decoders.0.head.task_heads.1.reg.0.1.1.weight bev_decoders.0.head.task_heads.1.reg.0.1.1.bias bev_decoders.0.head.task_heads.1.reg.0.1.1.running_mean bev_decoders.0.head.task_heads.1.reg.0.1.1.running_var bev_decoders.0.head.task_heads.1.reg.1.0.weight bev_decoders.0.head.task_heads.1.height.0.0.0.weight bev_decoders.0.head.task_heads.1.height.0.0.0.bias bev_decoders.0.head.task_heads.1.height.0.1.0.weight bev_decoders.0.head.task_heads.1.height.0.1.0.bias bev_decoders.0.head.task_heads.1.height.0.1.1.weight bev_decoders.0.head.task_heads.1.height.0.1.1.bias bev_decoders.0.head.task_heads.1.height.0.1.1.running_mean bev_decoders.0.head.task_heads.1.height.0.1.1.running_var bev_decoders.0.head.task_heads.1.height.1.0.weight bev_decoders.0.head.task_heads.1.dim.0.0.0.weight bev_decoders.0.head.task_heads.1.dim.0.0.0.bias bev_decoders.0.head.task_heads.1.dim.0.1.0.weight bev_decoders.0.head.task_heads.1.dim.0.1.0.bias bev_decoders.0.head.task_heads.1.dim.0.1.1.weight bev_decoders.0.head.task_heads.1.dim.0.1.1.bias bev_decoders.0.head.task_heads.1.dim.0.1.1.running_mean bev_decoders.0.head.task_heads.1.dim.0.1.1.running_var bev_decoders.0.head.task_heads.1.dim.1.0.weight bev_decoders.0.head.task_heads.1.rot.0.0.0.weight bev_decoders.0.head.task_heads.1.rot.0.0.0.bias bev_decoders.0.head.task_heads.1.rot.0.1.0.weight bev_decoders.0.head.task_heads.1.rot.0.1.0.bias bev_decoders.0.head.task_heads.1.rot.0.1.1.weight bev_decoders.0.head.task_heads.1.rot.0.1.1.bias bev_decoders.0.head.task_heads.1.rot.0.1.1.running_mean bev_decoders.0.head.task_heads.1.rot.0.1.1.running_var bev_decoders.0.head.task_heads.1.rot.1.0.weight bev_decoders.0.head.task_heads.1.vel.0.0.0.weight bev_decoders.0.head.task_heads.1.vel.0.0.0.bias bev_decoders.0.head.task_heads.1.vel.0.1.0.weight bev_decoders.0.head.task_heads.1.vel.0.1.0.bias bev_decoders.0.head.task_heads.1.vel.0.1.1.weight bev_decoders.0.head.task_heads.1.vel.0.1.1.bias bev_decoders.0.head.task_heads.1.vel.0.1.1.running_mean bev_decoders.0.head.task_heads.1.vel.0.1.1.running_var bev_decoders.0.head.task_heads.1.vel.1.0.weight bev_decoders.0.head.task_heads.1.heatmap.0.0.0.weight bev_decoders.0.head.task_heads.1.heatmap.0.0.0.bias bev_decoders.0.head.task_heads.1.heatmap.0.1.0.weight bev_decoders.0.head.task_heads.1.heatmap.0.1.0.bias bev_decoders.0.head.task_heads.1.heatmap.0.1.1.weight bev_decoders.0.head.task_heads.1.heatmap.0.1.1.bias bev_decoders.0.head.task_heads.1.heatmap.0.1.1.running_mean bev_decoders.0.head.task_heads.1.heatmap.0.1.1.running_var bev_decoders.0.head.task_heads.1.heatmap.1.0.weight bev_decoders.0.head.task_heads.1.heatmap.1.0.bias bev_decoders.0.head.task_heads.2.reg.0.0.0.weight bev_decoders.0.head.task_heads.2.reg.0.0.0.bias bev_decoders.0.head.task_heads.2.reg.0.1.0.weight bev_decoders.0.head.task_heads.2.reg.0.1.0.bias bev_decoders.0.head.task_heads.2.reg.0.1.1.weight bev_decoders.0.head.task_heads.2.reg.0.1.1.bias bev_decoders.0.head.task_heads.2.reg.0.1.1.running_mean bev_decoders.0.head.task_heads.2.reg.0.1.1.running_var bev_decoders.0.head.task_heads.2.reg.1.0.weight bev_decoders.0.head.task_heads.2.height.0.0.0.weight bev_decoders.0.head.task_heads.2.height.0.0.0.bias bev_decoders.0.head.task_heads.2.height.0.1.0.weight bev_decoders.0.head.task_heads.2.height.0.1.0.bias bev_decoders.0.head.task_heads.2.height.0.1.1.weight bev_decoders.0.head.task_heads.2.height.0.1.1.bias bev_decoders.0.head.task_heads.2.height.0.1.1.running_mean bev_decoders.0.head.task_heads.2.height.0.1.1.running_var bev_decoders.0.head.task_heads.2.height.1.0.weight bev_decoders.0.head.task_heads.2.dim.0.0.0.weight bev_decoders.0.head.task_heads.2.dim.0.0.0.bias bev_decoders.0.head.task_heads.2.dim.0.1.0.weight bev_decoders.0.head.task_heads.2.dim.0.1.0.bias bev_decoders.0.head.task_heads.2.dim.0.1.1.weight bev_decoders.0.head.task_heads.2.dim.0.1.1.bias bev_decoders.0.head.task_heads.2.dim.0.1.1.running_mean bev_decoders.0.head.task_heads.2.dim.0.1.1.running_var bev_decoders.0.head.task_heads.2.dim.1.0.weight bev_decoders.0.head.task_heads.2.rot.0.0.0.weight bev_decoders.0.head.task_heads.2.rot.0.0.0.bias bev_decoders.0.head.task_heads.2.rot.0.1.0.weight bev_decoders.0.head.task_heads.2.rot.0.1.0.bias bev_decoders.0.head.task_heads.2.rot.0.1.1.weight bev_decoders.0.head.task_heads.2.rot.0.1.1.bias bev_decoders.0.head.task_heads.2.rot.0.1.1.running_mean bev_decoders.0.head.task_heads.2.rot.0.1.1.running_var bev_decoders.0.head.task_heads.2.rot.1.0.weight bev_decoders.0.head.task_heads.2.vel.0.0.0.weight bev_decoders.0.head.task_heads.2.vel.0.0.0.bias bev_decoders.0.head.task_heads.2.vel.0.1.0.weight bev_decoders.0.head.task_heads.2.vel.0.1.0.bias bev_decoders.0.head.task_heads.2.vel.0.1.1.weight bev_decoders.0.head.task_heads.2.vel.0.1.1.bias bev_decoders.0.head.task_heads.2.vel.0.1.1.running_mean bev_decoders.0.head.task_heads.2.vel.0.1.1.running_var bev_decoders.0.head.task_heads.2.vel.1.0.weight bev_decoders.0.head.task_heads.2.heatmap.0.0.0.weight bev_decoders.0.head.task_heads.2.heatmap.0.0.0.bias bev_decoders.0.head.task_heads.2.heatmap.0.1.0.weight bev_decoders.0.head.task_heads.2.heatmap.0.1.0.bias bev_decoders.0.head.task_heads.2.heatmap.0.1.1.weight bev_decoders.0.head.task_heads.2.heatmap.0.1.1.bias bev_decoders.0.head.task_heads.2.heatmap.0.1.1.running_mean bev_decoders.0.head.task_heads.2.heatmap.0.1.1.running_var bev_decoders.0.head.task_heads.2.heatmap.1.0.weight bev_decoders.0.head.task_heads.2.heatmap.1.0.bias bev_decoders.0.head.task_heads.3.reg.0.0.0.weight bev_decoders.0.head.task_heads.3.reg.0.0.0.bias bev_decoders.0.head.task_heads.3.reg.0.1.0.weight bev_decoders.0.head.task_heads.3.reg.0.1.0.bias bev_decoders.0.head.task_heads.3.reg.0.1.1.weight bev_decoders.0.head.task_heads.3.reg.0.1.1.bias bev_decoders.0.head.task_heads.3.reg.0.1.1.running_mean bev_decoders.0.head.task_heads.3.reg.0.1.1.running_var bev_decoders.0.head.task_heads.3.reg.1.0.weight bev_decoders.0.head.task_heads.3.height.0.0.0.weight bev_decoders.0.head.task_heads.3.height.0.0.0.bias bev_decoders.0.head.task_heads.3.height.0.1.0.weight bev_decoders.0.head.task_heads.3.height.0.1.0.bias bev_decoders.0.head.task_heads.3.height.0.1.1.weight bev_decoders.0.head.task_heads.3.height.0.1.1.bias bev_decoders.0.head.task_heads.3.height.0.1.1.running_mean bev_decoders.0.head.task_heads.3.height.0.1.1.running_var bev_decoders.0.head.task_heads.3.height.1.0.weight bev_decoders.0.head.task_heads.3.dim.0.0.0.weight bev_decoders.0.head.task_heads.3.dim.0.0.0.bias bev_decoders.0.head.task_heads.3.dim.0.1.0.weight bev_decoders.0.head.task_heads.3.dim.0.1.0.bias bev_decoders.0.head.task_heads.3.dim.0.1.1.weight bev_decoders.0.head.task_heads.3.dim.0.1.1.bias bev_decoders.0.head.task_heads.3.dim.0.1.1.running_mean bev_decoders.0.head.task_heads.3.dim.0.1.1.running_var bev_decoders.0.head.task_heads.3.dim.1.0.weight bev_decoders.0.head.task_heads.3.rot.0.0.0.weight bev_decoders.0.head.task_heads.3.rot.0.0.0.bias bev_decoders.0.head.task_heads.3.rot.0.1.0.weight bev_decoders.0.head.task_heads.3.rot.0.1.0.bias bev_decoders.0.head.task_heads.3.rot.0.1.1.weight bev_decoders.0.head.task_heads.3.rot.0.1.1.bias bev_decoders.0.head.task_heads.3.rot.0.1.1.running_mean bev_decoders.0.head.task_heads.3.rot.0.1.1.running_var bev_decoders.0.head.task_heads.3.rot.1.0.weight bev_decoders.0.head.task_heads.3.vel.0.0.0.weight bev_decoders.0.head.task_heads.3.vel.0.0.0.bias bev_decoders.0.head.task_heads.3.vel.0.1.0.weight bev_decoders.0.head.task_heads.3.vel.0.1.0.bias bev_decoders.0.head.task_heads.3.vel.0.1.1.weight bev_decoders.0.head.task_heads.3.vel.0.1.1.bias bev_decoders.0.head.task_heads.3.vel.0.1.1.running_mean bev_decoders.0.head.task_heads.3.vel.0.1.1.running_var bev_decoders.0.head.task_heads.3.vel.1.0.weight bev_decoders.0.head.task_heads.3.heatmap.0.0.0.weight bev_decoders.0.head.task_heads.3.heatmap.0.0.0.bias bev_decoders.0.head.task_heads.3.heatmap.0.1.0.weight bev_decoders.0.head.task_heads.3.heatmap.0.1.0.bias bev_decoders.0.head.task_heads.3.heatmap.0.1.1.weight bev_decoders.0.head.task_heads.3.heatmap.0.1.1.bias bev_decoders.0.head.task_heads.3.heatmap.0.1.1.running_mean bev_decoders.0.head.task_heads.3.heatmap.0.1.1.running_var bev_decoders.0.head.task_heads.3.heatmap.1.0.weight bev_decoders.0.head.task_heads.3.heatmap.1.0.bias bev_decoders.0.head.task_heads.4.reg.0.0.0.weight bev_decoders.0.head.task_heads.4.reg.0.0.0.bias bev_decoders.0.head.task_heads.4.reg.0.1.0.weight bev_decoders.0.head.task_heads.4.reg.0.1.0.bias bev_decoders.0.head.task_heads.4.reg.0.1.1.weight bev_decoders.0.head.task_heads.4.reg.0.1.1.bias bev_decoders.0.head.task_heads.4.reg.0.1.1.running_mean bev_decoders.0.head.task_heads.4.reg.0.1.1.running_var bev_decoders.0.head.task_heads.4.reg.1.0.weight bev_decoders.0.head.task_heads.4.height.0.0.0.weight bev_decoders.0.head.task_heads.4.height.0.0.0.bias bev_decoders.0.head.task_heads.4.height.0.1.0.weight bev_decoders.0.head.task_heads.4.height.0.1.0.bias bev_decoders.0.head.task_heads.4.height.0.1.1.weight bev_decoders.0.head.task_heads.4.height.0.1.1.bias bev_decoders.0.head.task_heads.4.height.0.1.1.running_mean bev_decoders.0.head.task_heads.4.height.0.1.1.running_var bev_decoders.0.head.task_heads.4.height.1.0.weight bev_decoders.0.head.task_heads.4.dim.0.0.0.weight bev_decoders.0.head.task_heads.4.dim.0.0.0.bias bev_decoders.0.head.task_heads.4.dim.0.1.0.weight bev_decoders.0.head.task_heads.4.dim.0.1.0.bias bev_decoders.0.head.task_heads.4.dim.0.1.1.weight bev_decoders.0.head.task_heads.4.dim.0.1.1.bias bev_decoders.0.head.task_heads.4.dim.0.1.1.running_mean bev_decoders.0.head.task_heads.4.dim.0.1.1.running_var bev_decoders.0.head.task_heads.4.dim.1.0.weight bev_decoders.0.head.task_heads.4.rot.0.0.0.weight bev_decoders.0.head.task_heads.4.rot.0.0.0.bias bev_decoders.0.head.task_heads.4.rot.0.1.0.weight bev_decoders.0.head.task_heads.4.rot.0.1.0.bias bev_decoders.0.head.task_heads.4.rot.0.1.1.weight bev_decoders.0.head.task_heads.4.rot.0.1.1.bias bev_decoders.0.head.task_heads.4.rot.0.1.1.running_mean bev_decoders.0.head.task_heads.4.rot.0.1.1.running_var bev_decoders.0.head.task_heads.4.rot.1.0.weight bev_decoders.0.head.task_heads.4.vel.0.0.0.weight bev_decoders.0.head.task_heads.4.vel.0.0.0.bias bev_decoders.0.head.task_heads.4.vel.0.1.0.weight bev_decoders.0.head.task_heads.4.vel.0.1.0.bias bev_decoders.0.head.task_heads.4.vel.0.1.1.weight bev_decoders.0.head.task_heads.4.vel.0.1.1.bias bev_decoders.0.head.task_heads.4.vel.0.1.1.running_mean bev_decoders.0.head.task_heads.4.vel.0.1.1.running_var bev_decoders.0.head.task_heads.4.vel.1.0.weight bev_decoders.0.head.task_heads.4.heatmap.0.0.0.weight bev_decoders.0.head.task_heads.4.heatmap.0.0.0.bias bev_decoders.0.head.task_heads.4.heatmap.0.1.0.weight bev_decoders.0.head.task_heads.4.heatmap.0.1.0.bias bev_decoders.0.head.task_heads.4.heatmap.0.1.1.weight bev_decoders.0.head.task_heads.4.heatmap.0.1.1.bias bev_decoders.0.head.task_heads.4.heatmap.0.1.1.running_mean bev_decoders.0.head.task_heads.4.heatmap.0.1.1.running_var bev_decoders.0.head.task_heads.4.heatmap.1.0.weight bev_decoders.0.head.task_heads.4.heatmap.1.0.bias bev_decoders.0.head.task_heads.5.reg.0.0.0.weight bev_decoders.0.head.task_heads.5.reg.0.0.0.bias bev_decoders.0.head.task_heads.5.reg.0.1.0.weight bev_decoders.0.head.task_heads.5.reg.0.1.0.bias bev_decoders.0.head.task_heads.5.reg.0.1.1.weight bev_decoders.0.head.task_heads.5.reg.0.1.1.bias bev_decoders.0.head.task_heads.5.reg.0.1.1.running_mean bev_decoders.0.head.task_heads.5.reg.0.1.1.running_var bev_decoders.0.head.task_heads.5.reg.1.0.weight bev_decoders.0.head.task_heads.5.height.0.0.0.weight bev_decoders.0.head.task_heads.5.height.0.0.0.bias bev_decoders.0.head.task_heads.5.height.0.1.0.weight bev_decoders.0.head.task_heads.5.height.0.1.0.bias bev_decoders.0.head.task_heads.5.height.0.1.1.weight bev_decoders.0.head.task_heads.5.height.0.1.1.bias bev_decoders.0.head.task_heads.5.height.0.1.1.running_mean bev_decoders.0.head.task_heads.5.height.0.1.1.running_var bev_decoders.0.head.task_heads.5.height.1.0.weight bev_decoders.0.head.task_heads.5.dim.0.0.0.weight bev_decoders.0.head.task_heads.5.dim.0.0.0.bias bev_decoders.0.head.task_heads.5.dim.0.1.0.weight bev_decoders.0.head.task_heads.5.dim.0.1.0.bias bev_decoders.0.head.task_heads.5.dim.0.1.1.weight bev_decoders.0.head.task_heads.5.dim.0.1.1.bias bev_decoders.0.head.task_heads.5.dim.0.1.1.running_mean bev_decoders.0.head.task_heads.5.dim.0.1.1.running_var bev_decoders.0.head.task_heads.5.dim.1.0.weight bev_decoders.0.head.task_heads.5.rot.0.0.0.weight bev_decoders.0.head.task_heads.5.rot.0.0.0.bias bev_decoders.0.head.task_heads.5.rot.0.1.0.weight bev_decoders.0.head.task_heads.5.rot.0.1.0.bias bev_decoders.0.head.task_heads.5.rot.0.1.1.weight bev_decoders.0.head.task_heads.5.rot.0.1.1.bias bev_decoders.0.head.task_heads.5.rot.0.1.1.running_mean bev_decoders.0.head.task_heads.5.rot.0.1.1.running_var bev_decoders.0.head.task_heads.5.rot.1.0.weight bev_decoders.0.head.task_heads.5.vel.0.0.0.weight bev_decoders.0.head.task_heads.5.vel.0.0.0.bias bev_decoders.0.head.task_heads.5.vel.0.1.0.weight bev_decoders.0.head.task_heads.5.vel.0.1.0.bias bev_decoders.0.head.task_heads.5.vel.0.1.1.weight bev_decoders.0.head.task_heads.5.vel.0.1.1.bias bev_decoders.0.head.task_heads.5.vel.0.1.1.running_mean bev_decoders.0.head.task_heads.5.vel.0.1.1.running_var bev_decoders.0.head.task_heads.5.vel.1.0.weight bev_decoders.0.head.task_heads.5.heatmap.0.0.0.weight bev_decoders.0.head.task_heads.5.heatmap.0.0.0.bias bev_decoders.0.head.task_heads.5.heatmap.0.1.0.weight bev_decoders.0.head.task_heads.5.heatmap.0.1.0.bias bev_decoders.0.head.task_heads.5.heatmap.0.1.1.weight bev_decoders.0.head.task_heads.5.heatmap.0.1.1.bias bev_decoders.0.head.task_heads.5.heatmap.0.1.1.running_mean bev_decoders.0.head.task_heads.5.heatmap.0.1.1.running_var bev_decoders.0.head.task_heads.5.heatmap.1.0.weight bev_decoders.0.head.task_heads.5.heatmap.1.0.bias bev_decoders.1.occ_head.final_conv.0.weight bev_decoders.1.occ_head.final_conv.0.bias bev_decoders.1.occ_head.predicter.0.weight bev_decoders.1.occ_head.predicter.0.bias bev_decoders.1.occ_head.predicter.2.weight bev_decoders.1.occ_head.predicter.2.bias
2026-07-09 13:11:59,031 WARNING [checkpoint.py:415] Node[0] unexpect_key num: 301
2026-07-09 13:11:59,031 WARNING [checkpoint.py:417] Node[0] unexpect_key: lidar_net.head.shared_conv.0.0.weight lidar_net.head.shared_conv.0.0.bias lidar_net.head.shared_conv.0.1.weight lidar_net.head.shared_conv.0.1.bias lidar_net.head.shared_conv.0.1.running_mean lidar_net.head.shared_conv.0.1.running_var lidar_net.head.shared_conv.0.1.num_batches_tracked lidar_net.head.task_heads.0.reg.0.0.weight lidar_net.head.task_heads.0.reg.0.0.bias lidar_net.head.task_heads.0.reg.0.1.weight lidar_net.head.task_heads.0.reg.0.1.bias lidar_net.head.task_heads.0.reg.0.1.running_mean lidar_net.head.task_heads.0.reg.0.1.running_var lidar_net.head.task_heads.0.reg.0.1.num_batches_tracked lidar_net.head.task_heads.0.reg.1.0.weight lidar_net.head.task_heads.0.height.0.0.weight lidar_net.head.task_heads.0.height.0.0.bias lidar_net.head.task_heads.0.height.0.1.weight lidar_net.head.task_heads.0.height.0.1.bias lidar_net.head.task_heads.0.height.0.1.running_mean lidar_net.head.task_heads.0.height.0.1.running_var lidar_net.head.task_heads.0.height.0.1.num_batches_tracked lidar_net.head.task_heads.0.height.1.0.weight lidar_net.head.task_heads.0.dim.0.0.weight lidar_net.head.task_heads.0.dim.0.0.bias lidar_net.head.task_heads.0.dim.0.1.weight lidar_net.head.task_heads.0.dim.0.1.bias lidar_net.head.task_heads.0.dim.0.1.running_mean lidar_net.head.task_heads.0.dim.0.1.running_var lidar_net.head.task_heads.0.dim.0.1.num_batches_tracked lidar_net.head.task_heads.0.dim.1.0.weight lidar_net.head.task_heads.0.rot.0.0.weight lidar_net.head.task_heads.0.rot.0.0.bias lidar_net.head.task_heads.0.rot.0.1.weight lidar_net.head.task_heads.0.rot.0.1.bias lidar_net.head.task_heads.0.rot.0.1.running_mean lidar_net.head.task_heads.0.rot.0.1.running_var lidar_net.head.task_heads.0.rot.0.1.num_batches_tracked lidar_net.head.task_heads.0.rot.1.0.weight lidar_net.head.task_heads.0.vel.0.0.weight lidar_net.head.task_heads.0.vel.0.0.bias lidar_net.head.task_heads.0.vel.0.1.weight lidar_net.head.task_heads.0.vel.0.1.bias lidar_net.head.task_heads.0.vel.0.1.running_mean lidar_net.head.task_heads.0.vel.0.1.running_var lidar_net.head.task_heads.0.vel.0.1.num_batches_tracked lidar_net.head.task_heads.0.vel.1.0.weight lidar_net.head.task_heads.0.heatmap.0.0.weight lidar_net.head.task_heads.0.heatmap.0.0.bias lidar_net.head.task_heads.0.heatmap.0.1.weight lidar_net.head.task_heads.0.heatmap.0.1.bias lidar_net.head.task_heads.0.heatmap.0.1.running_mean lidar_net.head.task_heads.0.heatmap.0.1.running_var lidar_net.head.task_heads.0.heatmap.0.1.num_batches_tracked lidar_net.head.task_heads.0.heatmap.1.0.weight lidar_net.head.task_heads.0.heatmap.1.0.bias lidar_net.head.task_heads.1.reg.0.0.weight lidar_net.head.task_heads.1.reg.0.0.bias lidar_net.head.task_heads.1.reg.0.1.weight lidar_net.head.task_heads.1.reg.0.1.bias lidar_net.head.task_heads.1.reg.0.1.running_mean lidar_net.head.task_heads.1.reg.0.1.running_var lidar_net.head.task_heads.1.reg.0.1.num_batches_tracked lidar_net.head.task_heads.1.reg.1.0.weight lidar_net.head.task_heads.1.height.0.0.weight lidar_net.head.task_heads.1.height.0.0.bias lidar_net.head.task_heads.1.height.0.1.weight lidar_net.head.task_heads.1.height.0.1.bias lidar_net.head.task_heads.1.height.0.1.running_mean lidar_net.head.task_heads.1.height.0.1.running_var lidar_net.head.task_heads.1.height.0.1.num_batches_tracked lidar_net.head.task_heads.1.height.1.0.weight lidar_net.head.task_heads.1.dim.0.0.weight lidar_net.head.task_heads.1.dim.0.0.bias lidar_net.head.task_heads.1.dim.0.1.weight lidar_net.head.task_heads.1.dim.0.1.bias lidar_net.head.task_heads.1.dim.0.1.running_mean lidar_net.head.task_heads.1.dim.0.1.running_var lidar_net.head.task_heads.1.dim.0.1.num_batches_tracked lidar_net.head.task_heads.1.dim.1.0.weight lidar_net.head.task_heads.1.rot.0.0.weight lidar_net.head.task_heads.1.rot.0.0.bias lidar_net.head.task_heads.1.rot.0.1.weight lidar_net.head.task_heads.1.rot.0.1.bias lidar_net.head.task_heads.1.rot.0.1.running_mean lidar_net.head.task_heads.1.rot.0.1.running_var lidar_net.head.task_heads.1.rot.0.1.num_batches_tracked lidar_net.head.task_heads.1.rot.1.0.weight lidar_net.head.task_heads.1.vel.0.0.weight lidar_net.head.task_heads.1.vel.0.0.bias lidar_net.head.task_heads.1.vel.0.1.weight lidar_net.head.task_heads.1.vel.0.1.bias lidar_net.head.task_heads.1.vel.0.1.running_mean lidar_net.head.task_heads.1.vel.0.1.running_var lidar_net.head.task_heads.1.vel.0.1.num_batches_tracked lidar_net.head.task_heads.1.vel.1.0.weight lidar_net.head.task_heads.1.heatmap.0.0.weight lidar_net.head.task_heads.1.heatmap.0.0.bias lidar_net.head.task_heads.1.heatmap.0.1.weight lidar_net.head.task_heads.1.heatmap.0.1.bias lidar_net.head.task_heads.1.heatmap.0.1.running_mean lidar_net.head.task_heads.1.heatmap.0.1.running_var lidar_net.head.task_heads.1.heatmap.0.1.num_batches_tracked lidar_net.head.task_heads.1.heatmap.1.0.weight lidar_net.head.task_heads.1.heatmap.1.0.bias lidar_net.head.task_heads.2.reg.0.0.weight lidar_net.head.task_heads.2.reg.0.0.bias lidar_net.head.task_heads.2.reg.0.1.weight lidar_net.head.task_heads.2.reg.0.1.bias lidar_net.head.task_heads.2.reg.0.1.running_mean lidar_net.head.task_heads.2.reg.0.1.running_var lidar_net.head.task_heads.2.reg.0.1.num_batches_tracked lidar_net.head.task_heads.2.reg.1.0.weight lidar_net.head.task_heads.2.height.0.0.weight lidar_net.head.task_heads.2.height.0.0.bias lidar_net.head.task_heads.2.height.0.1.weight lidar_net.head.task_heads.2.height.0.1.bias lidar_net.head.task_heads.2.height.0.1.running_mean lidar_net.head.task_heads.2.height.0.1.running_var lidar_net.head.task_heads.2.height.0.1.num_batches_tracked lidar_net.head.task_heads.2.height.1.0.weight lidar_net.head.task_heads.2.dim.0.0.weight lidar_net.head.task_heads.2.dim.0.0.bias lidar_net.head.task_heads.2.dim.0.1.weight lidar_net.head.task_heads.2.dim.0.1.bias lidar_net.head.task_heads.2.dim.0.1.running_mean lidar_net.head.task_heads.2.dim.0.1.running_var lidar_net.head.task_heads.2.dim.0.1.num_batches_tracked lidar_net.head.task_heads.2.dim.1.0.weight lidar_net.head.task_heads.2.rot.0.0.weight lidar_net.head.task_heads.2.rot.0.0.bias lidar_net.head.task_heads.2.rot.0.1.weight lidar_net.head.task_heads.2.rot.0.1.bias lidar_net.head.task_heads.2.rot.0.1.running_mean lidar_net.head.task_heads.2.rot.0.1.running_var lidar_net.head.task_heads.2.rot.0.1.num_batches_tracked lidar_net.head.task_heads.2.rot.1.0.weight lidar_net.head.task_heads.2.vel.0.0.weight lidar_net.head.task_heads.2.vel.0.0.bias lidar_net.head.task_heads.2.vel.0.1.weight lidar_net.head.task_heads.2.vel.0.1.bias lidar_net.head.task_heads.2.vel.0.1.running_mean lidar_net.head.task_heads.2.vel.0.1.running_var lidar_net.head.task_heads.2.vel.0.1.num_batches_tracked lidar_net.head.task_heads.2.vel.1.0.weight lidar_net.head.task_heads.2.heatmap.0.0.weight lidar_net.head.task_heads.2.heatmap.0.0.bias lidar_net.head.task_heads.2.heatmap.0.1.weight lidar_net.head.task_heads.2.heatmap.0.1.bias lidar_net.head.task_heads.2.heatmap.0.1.running_mean lidar_net.head.task_heads.2.heatmap.0.1.running_var lidar_net.head.task_heads.2.heatmap.0.1.num_batches_tracked lidar_net.head.task_heads.2.heatmap.1.0.weight lidar_net.head.task_heads.2.heatmap.1.0.bias lidar_net.head.task_heads.3.reg.0.0.weight lidar_net.head.task_heads.3.reg.0.0.bias lidar_net.head.task_heads.3.reg.0.1.weight lidar_net.head.task_heads.3.reg.0.1.bias lidar_net.head.task_heads.3.reg.0.1.running_mean lidar_net.head.task_heads.3.reg.0.1.running_var lidar_net.head.task_heads.3.reg.0.1.num_batches_tracked lidar_net.head.task_heads.3.reg.1.0.weight lidar_net.head.task_heads.3.height.0.0.weight lidar_net.head.task_heads.3.height.0.0.bias lidar_net.head.task_heads.3.height.0.1.weight lidar_net.head.task_heads.3.height.0.1.bias lidar_net.head.task_heads.3.height.0.1.running_mean lidar_net.head.task_heads.3.height.0.1.running_var lidar_net.head.task_heads.3.height.0.1.num_batches_tracked lidar_net.head.task_heads.3.height.1.0.weight lidar_net.head.task_heads.3.dim.0.0.weight lidar_net.head.task_heads.3.dim.0.0.bias lidar_net.head.task_heads.3.dim.0.1.weight lidar_net.head.task_heads.3.dim.0.1.bias lidar_net.head.task_heads.3.dim.0.1.running_mean lidar_net.head.task_heads.3.dim.0.1.running_var lidar_net.head.task_heads.3.dim.0.1.num_batches_tracked lidar_net.head.task_heads.3.dim.1.0.weight lidar_net.head.task_heads.3.rot.0.0.weight lidar_net.head.task_heads.3.rot.0.0.bias lidar_net.head.task_heads.3.rot.0.1.weight lidar_net.head.task_heads.3.rot.0.1.bias lidar_net.head.task_heads.3.rot.0.1.running_mean lidar_net.head.task_heads.3.rot.0.1.running_var lidar_net.head.task_heads.3.rot.0.1.num_batches_tracked lidar_net.head.task_heads.3.rot.1.0.weight lidar_net.head.task_heads.3.vel.0.0.weight lidar_net.head.task_heads.3.vel.0.0.bias lidar_net.head.task_heads.3.vel.0.1.weight lidar_net.head.task_heads.3.vel.0.1.bias lidar_net.head.task_heads.3.vel.0.1.running_mean lidar_net.head.task_heads.3.vel.0.1.running_var lidar_net.head.task_heads.3.vel.0.1.num_batches_tracked lidar_net.head.task_heads.3.vel.1.0.weight lidar_net.head.task_heads.3.heatmap.0.0.weight lidar_net.head.task_heads.3.heatmap.0.0.bias lidar_net.head.task_heads.3.heatmap.0.1.weight lidar_net.head.task_heads.3.heatmap.0.1.bias lidar_net.head.task_heads.3.heatmap.0.1.running_mean lidar_net.head.task_heads.3.heatmap.0.1.running_var lidar_net.head.task_heads.3.heatmap.0.1.num_batches_tracked lidar_net.head.task_heads.3.heatmap.1.0.weight lidar_net.head.task_heads.3.heatmap.1.0.bias lidar_net.head.task_heads.4.reg.0.0.weight lidar_net.head.task_heads.4.reg.0.0.bias lidar_net.head.task_heads.4.reg.0.1.weight lidar_net.head.task_heads.4.reg.0.1.bias lidar_net.head.task_heads.4.reg.0.1.running_mean lidar_net.head.task_heads.4.reg.0.1.running_var lidar_net.head.task_heads.4.reg.0.1.num_batches_tracked lidar_net.head.task_heads.4.reg.1.0.weight lidar_net.head.task_heads.4.height.0.0.weight lidar_net.head.task_heads.4.height.0.0.bias lidar_net.head.task_heads.4.height.0.1.weight lidar_net.head.task_heads.4.height.0.1.bias lidar_net.head.task_heads.4.height.0.1.running_mean lidar_net.head.task_heads.4.height.0.1.running_var lidar_net.head.task_heads.4.height.0.1.num_batches_tracked lidar_net.head.task_heads.4.height.1.0.weight lidar_net.head.task_heads.4.dim.0.0.weight lidar_net.head.task_heads.4.dim.0.0.bias lidar_net.head.task_heads.4.dim.0.1.weight lidar_net.head.task_heads.4.dim.0.1.bias lidar_net.head.task_heads.4.dim.0.1.running_mean lidar_net.head.task_heads.4.dim.0.1.running_var lidar_net.head.task_heads.4.dim.0.1.num_batches_tracked lidar_net.head.task_heads.4.dim.1.0.weight lidar_net.head.task_heads.4.rot.0.0.weight lidar_net.head.task_heads.4.rot.0.0.bias lidar_net.head.task_heads.4.rot.0.1.weight lidar_net.head.task_heads.4.rot.0.1.bias lidar_net.head.task_heads.4.rot.0.1.running_mean lidar_net.head.task_heads.4.rot.0.1.running_var lidar_net.head.task_heads.4.rot.0.1.num_batches_tracked lidar_net.head.task_heads.4.rot.1.0.weight lidar_net.head.task_heads.4.vel.0.0.weight lidar_net.head.task_heads.4.vel.0.0.bias lidar_net.head.task_heads.4.vel.0.1.weight lidar_net.head.task_heads.4.vel.0.1.bias lidar_net.head.task_heads.4.vel.0.1.running_mean lidar_net.head.task_heads.4.vel.0.1.running_var lidar_net.head.task_heads.4.vel.0.1.num_batches_tracked lidar_net.head.task_heads.4.vel.1.0.weight lidar_net.head.task_heads.4.heatmap.0.0.weight lidar_net.head.task_heads.4.heatmap.0.0.bias lidar_net.head.task_heads.4.heatmap.0.1.weight lidar_net.head.task_heads.4.heatmap.0.1.bias lidar_net.head.task_heads.4.heatmap.0.1.running_mean lidar_net.head.task_heads.4.heatmap.0.1.running_var lidar_net.head.task_heads.4.heatmap.0.1.num_batches_tracked lidar_net.head.task_heads.4.heatmap.1.0.weight lidar_net.head.task_heads.4.heatmap.1.0.bias lidar_net.head.task_heads.5.reg.0.0.weight lidar_net.head.task_heads.5.reg.0.0.bias lidar_net.head.task_heads.5.reg.0.1.weight lidar_net.head.task_heads.5.reg.0.1.bias lidar_net.head.task_heads.5.reg.0.1.running_mean lidar_net.head.task_heads.5.reg.0.1.running_var lidar_net.head.task_heads.5.reg.0.1.num_batches_tracked lidar_net.head.task_heads.5.reg.1.0.weight lidar_net.head.task_heads.5.height.0.0.weight lidar_net.head.task_heads.5.height.0.0.bias lidar_net.head.task_heads.5.height.0.1.weight lidar_net.head.task_heads.5.height.0.1.bias lidar_net.head.task_heads.5.height.0.1.running_mean lidar_net.head.task_heads.5.height.0.1.running_var lidar_net.head.task_heads.5.height.0.1.num_batches_tracked lidar_net.head.task_heads.5.height.1.0.weight lidar_net.head.task_heads.5.dim.0.0.weight lidar_net.head.task_heads.5.dim.0.0.bias lidar_net.head.task_heads.5.dim.0.1.weight lidar_net.head.task_heads.5.dim.0.1.bias lidar_net.head.task_heads.5.dim.0.1.running_mean lidar_net.head.task_heads.5.dim.0.1.running_var lidar_net.head.task_heads.5.dim.0.1.num_batches_tracked lidar_net.head.task_heads.5.dim.1.0.weight lidar_net.head.task_heads.5.rot.0.0.weight lidar_net.head.task_heads.5.rot.0.0.bias lidar_net.head.task_heads.5.rot.0.1.weight lidar_net.head.task_heads.5.rot.0.1.bias lidar_net.head.task_heads.5.rot.0.1.running_mean lidar_net.head.task_heads.5.rot.0.1.running_var lidar_net.head.task_heads.5.rot.0.1.num_batches_tracked lidar_net.head.task_heads.5.rot.1.0.weight lidar_net.head.task_heads.5.vel.0.0.weight lidar_net.head.task_heads.5.vel.0.0.bias lidar_net.head.task_heads.5.vel.0.1.weight lidar_net.head.task_heads.5.vel.0.1.bias lidar_net.head.task_heads.5.vel.0.1.running_mean lidar_net.head.task_heads.5.vel.0.1.running_var lidar_net.head.task_heads.5.vel.0.1.num_batches_tracked lidar_net.head.task_heads.5.vel.1.0.weight lidar_net.head.task_heads.5.heatmap.0.0.weight lidar_net.head.task_heads.5.heatmap.0.0.bias lidar_net.head.task_heads.5.heatmap.0.1.weight lidar_net.head.task_heads.5.heatmap.0.1.bias lidar_net.head.task_heads.5.heatmap.0.1.running_mean lidar_net.head.task_heads.5.heatmap.0.1.running_var lidar_net.head.task_heads.5.heatmap.0.1.num_batches_tracked lidar_net.head.task_heads.5.heatmap.1.0.weight lidar_net.head.task_heads.5.heatmap.1.0.bias
2026-07-09 13:11:59,031 INFO [ckpt_converters.py:88] Node[0] [32mLoad the checkpoint successfully from ./tmp_pretrained_models/centerpoint_pointpillar_nuscenes/float-checkpoint-last.pth.tar[0m
2026-07-09 13:11:59,208 WARNING [ddp_trainer.py:61] Node[0] Detected that `torch==2.6.0+cu126`, and `hat.models.SyncBatchNorm `will be used to replace `torch.nn.SyncBatchNorm`, which will be faster during training.
2026-07-09 13:11:59,939 WARNING [request.py:27] Node[0] Train strategy upload failed ! Cannot get USER_TOKEN/JOB_ID/CLUSTER from env.
2026-07-09 13:11:59,940 INFO [loop_base.py:482] Node[0] [32mStart DistributedDataParallelTrainer loop from epoch 0, num_epochs=24[0m
2026-07-09 13:11:59,945 INFO [grad_scale.py:151] Node[0] [GradScale] []
2026-07-09 13:11:59,954 INFO [monitor.py:143] Node[0] Epoch[0] Begin ==================================================
2026-07-09 13:11:59,954 INFO [lr_updater.py:204] Node[0] Epoch[0] Step[0] GlobalStep[0] lr=0.000400
2026-07-09 13:16:33,691 INFO [monitor.py:131] Node[0] Epoch[0] Step[0-199] Cost Time: 273.735s Speed: 4.38 samples/sec Remaining Time: 10:40:49 Remaining step percent: 99.29%
2026-07-09 13:16:34,883 INFO [metric_updater.py:360] Node[0] Epoch[0] Step[199] GlobalStep[199] loss_bevfusion_centerpoint_pointpillar_henet_multisensor_multitask_nuscenes: car_cls_loss[1.4600] car_reg_loss[0.9489] truck_cls_loss[4.8271] truck_reg_loss[1.0865] bus_cls_loss[10.4386] bus_reg_loss[1.1490] barrier_cls_loss[4.6005] barrier_reg_loss[0.8814] bicycle_cls_loss[16.8563] bicycle_reg_loss[0.9094] pedestrian_cls_loss[2.1213] pedestrian_reg_loss[0.9784] loss_occ[2.9568] 
2026-07-09 13:20:44,787 INFO [monitor.py:131] Node[0] Epoch[0] Step[200-399] Cost Time: 251.095s Speed: 4.78 samples/sec Remaining Time: 9:40:41 Remaining step percent: 98.58%
2026-07-09 13:20:46,120 INFO [metric_updater.py:360] Node[0] Epoch[0] Step[399] GlobalStep[399] loss_bevfusion_centerpoint_pointpillar_henet_multisensor_multitask_nuscenes: car_cls_loss[0.9850] car_reg_loss[0.7927] truck_cls_loss[2.8266] truck_reg_loss[0.9045] bus_cls_loss[5.6053] bus_reg_loss[0.9432] barrier_cls_loss[2.6272] barrier_reg_loss[0.7745] bicycle_cls_loss[8.9602] bicycle_reg_loss[0.8271] pedestrian_cls_loss[1.3124] pedestrian_reg_loss[0.8656] loss_occ[2.4368] 
2026-07-09 13:22:51,294 INFO [lr_updater.py:204] Node[0] Epoch[0] Step[499] GlobalStep[499] lr=0.000399
2026-07-09 13:24:57,573 INFO [monitor.py:131] Node[0] Epoch[0] Step[400-599] Cost Time: 252.784s Speed: 4.75 samples/sec Remaining Time: 9:40:23 Remaining step percent: 97.87%
2026-07-09 13:24:58,651 INFO [metric_updater.py:360] Node[0] Epoch[0] Step[599] GlobalStep[599] loss_bevfusion_centerpoint_pointpillar_henet_multisensor_multitask_nuscenes: car_cls_loss[0.8219] car_reg_loss[0.7077] truck_cls_loss[2.1389] truck_reg_loss[0.8087] bus_cls_loss[3.9667] bus_reg_loss[0.8489] barrier_cls_loss[1.9595] barrier_reg_loss[0.7197] bicycle_cls_loss[6.2699] bicycle_reg_loss[0.7776] pedestrian_cls_loss[1.0319] pedestrian_reg_loss[0.8153] loss_occ[2.2525] 
2026-07-09 13:29:14,575 INFO [monitor.py:131] Node[0] Epoch[0] Step[600-799] Cost Time: 257.000s Speed: 4.67 samples/sec Remaining Time: 9:45:47 Remaining step percent: 97.16%
2026-07-09 13:29:15,732 INFO [metric_updater.py:360] Node[0] Epoch[0] Step[799] GlobalStep[799] loss_bevfusion_centerpoint_pointpillar_henet_multisensor_multitask_nuscenes: car_cls_loss[0.7373] car_reg_loss[0.6524] truck_cls_loss[1.7867] truck_reg_loss[0.7494] bus_cls_loss[3.1368] bus_reg_loss[0.7908] barrier_cls_loss[1.6180] barrier_reg_loss[0.6855] bicycle_cls_loss[4.9169] bicycle_reg_loss[0.7470] pedestrian_cls_loss[0.8893] pedestrian_reg_loss[0.7809] loss_occ[2.1452] 
2026-07-09 13:33:41,953 INFO [monitor.py:131] Node[0] Epoch[0] Step[800-999] Cost Time: 267.376s Speed: 4.49 samples/sec Remaining Time: 10:04:59 Remaining step percent: 96.45%
2026-07-09 13:33:43,057 INFO [metric_updater.py:360] Node[0] Epoch[0] Step[999] GlobalStep[999] loss_bevfusion_centerpoint_pointpillar_henet_multisensor_multitask_nuscenes: car_cls_loss[0.6825] car_reg_loss[0.6138] truck_cls_loss[1.5722] truck_reg_loss[0.7045] bus_cls_loss[2.6204] bus_reg_loss[0.7472] barrier_cls_loss[1.3987] barrier_reg_loss[0.6624] bicycle_cls_loss[4.0921] bicycle_reg_loss[0.7177] pedestrian_cls_loss[0.8002] pedestrian_reg_loss[0.7591] loss_occ[2.0678] 
2026-07-09 13:37:34,922 INFO [monitor.py:146] Node[0] Epoch[0] End   ==================================================
2026-07-09 13:37:34,924 INFO [monitor.py:149] Node[0] Epoch[0] Cost Time: 1534.969s
2026-07-09 13:37:34,924 INFO [metric_updater.py:360] Node[0] Epoch[0] loss_bevfusion_centerpoint_pointpillar_henet_multisensor_multitask_nuscenes: car_cls_loss[0.6519] car_reg_loss[0.5914] truck_cls_loss[1.4501] truck_reg_loss[0.6780] bus_cls_loss[2.3298] bus_reg_loss[0.7159] barrier_cls_loss[1.2711] barrier_reg_loss[0.6520] bicycle_cls_loss[3.6242] bicycle_reg_loss[0.6991] pedestrian_cls_loss[0.7462] pedestrian_reg_loss[0.7429] loss_occ[2.0245] 
2026-07-09 13:37:34,924 INFO [validation.py:156] Node[0] [32mUse train `model` as val model.[0m
2026-07-09 13:37:35,116 INFO [loop_base.py:482] Node[0] [32mStart Predictor loop from epoch 0, num_epochs=1[0m
2026-07-09 13:37:35,119 INFO [fake_quantize.py:253] Node[0] Set fake quantize state to FakeQuantState.VALIDATION
2026-07-09 13:37:44,826 INFO [loop_base.py:553] Node[0] 0 / 1505
2026-07-09 13:38:27,015 INFO [loop_base.py:553] Node[0] 200 / 1505
2026-07-09 13:39:04,508 INFO [loop_base.py:553] Node[0] 400 / 1505
2026-07-09 13:39:40,085 INFO [loop_base.py:553] Node[0] 600 / 1505
2026-07-09 13:40:12,667 INFO [loop_base.py:553] Node[0] 800 / 1505
2026-07-09 13:40:52,897 INFO [loop_base.py:553] Node[0] 1000 / 1505
2026-07-09 13:41:32,308 INFO [loop_base.py:553] Node[0] 1200 / 1505
2026-07-09 13:41:57,925 INFO [loop_base.py:553] Node[0] 1400 / 1505
2026-07-09 13:42:17,689 INFO [nuscenes_metric.py:322] Node[0] The length of self.nusc_annos is: 1505
2026-07-09 13:42:20,006 INFO [nuscenes_metric.py:346] Node[0] Results writes to ./metric_results/bevfusion_centerpoint_pointpillar_henet_multisensor_multitask_nuscenes/results_nusc.json
2026-07-09 13:44:18,877 INFO [nuscenes_metric.py:388] Node[0] NDS: 0.5330, mAP:0.4957
car_AP: [0.5]:0.5939  [1.0]:0.8164  [2.0]:0.8765  [4.0]:0.8959 
truck_AP: [0.5]:0.2442  [1.0]:0.4923  [2.0]:0.6013  [4.0]:0.6388 
trailer_AP: [0.5]:0.0620  [1.0]:0.2590  [2.0]:0.4734  [4.0]:0.6089 
bus_AP: [0.5]:0.3141  [1.0]:0.6141  [2.0]:0.7598  [4.0]:0.7978 
construction_vehicle_AP: [0.5]:0.0017  [1.0]:0.1094  [2.0]:0.2892  [4.0]:0.3787 
bicycle_AP: [0.5]:0.2482  [1.0]:0.4273  [2.0]:0.4441  [4.0]:0.4685 
motorcycle_AP: [0.5]:0.3486  [1.0]:0.5811  [2.0]:0.6176  [4.0]:0.6283 
pedestrian_AP: [0.5]:0.3688  [1.0]:0.5335  [2.0]:0.5558  [4.0]:0.5936 
traffic_cone_AP: [0.5]:0.3613  [1.0]:0.5527  [2.0]:0.5995  [4.0]:0.6496 
barrier_AP: [0.5]:0.1948  [1.0]:0.5289  [2.0]:0.6285  [4.0]:0.6700 

2026-07-09 13:44:19,056 WARNING [metric.py:200] Node[0] <class 'hat.metrics.nuscenes_metric.NuscenesMetric'> not ready for distributed environment, should not be used together with DistributedSampler.Might be slow in validation due to resource competition
2026-07-09 13:44:19,086 INFO [mean_iou.py:170] Node[0] ~~~~ MeanIOU Summary metrics ~~~~
Summary:
Scope                 mIoU       mAcc       aAcc
global               43.28      50.84      71.02
Per Class Results:
Class                  IoU        Acc
others                1.76       1.82
barrier              47.55      62.28
bicycle              25.49      31.34
bus                  64.21      68.99
car                  64.95      74.66
construction_vehicle      28.49      32.56
motorcycle           31.96      34.62
pedestrian           43.04      48.31
traffic_cone         20.91      24.05
trailer              42.56      60.70
truck                51.84      64.30
driveable_surface      76.94      85.78
other_flat           23.95      26.04
sidewalk             35.19      40.51
terrain              49.03      66.43
manmade              61.51      69.28
vegetation           66.39      72.66

2026-07-09 13:44:19,107 INFO [metric_updater.py:360] Node[0] Epoch[0] Validation bevfusion_centerpoint_pointpillar_henet_multisensor_multitask_nuscenes: NDS[0.5330] MeanIOU[tensor(0.4328, device='cuda:0')] 
2026-07-09 13:44:27,995 INFO [checkpoint.py:233] Node[0] Save model checkpoint: ./tmp_models/bevfusion_centerpoint_pointpillar_henet_multisensor_multitask_nuscenes/float-checkpoint-epoch-0000-1f46bc29.pth.tar
2026-07-09 13:44:28,990 INFO [checkpoint.py:270] Node[0] Save last model checkpoint: ./tmp_models/bevfusion_centerpoint_pointpillar_henet_multisensor_multitask_nuscenes/float-checkpoint-last-ef2d6630.pth.tar
2026-07-09 13:44:29,006 INFO [monitor.py:143] Node[0] Epoch[1] Begin ==================================================
2026-07-09 13:44:29,006 INFO [lr_updater.py:204] Node[0] Epoch[1] Step[0] GlobalStep[1173] lr=0.000398
2026-07-09 13:49:36,678 INFO [monitor.py:131] Node[0] Epoch[1] Step[0-199] Cost Time: 307.669s Speed: 3.90 samples/sec Remaining Time: 11:30:02 Remaining step percent: 95.12%
2026-07-09 13:49:37,738 INFO [metric_updater.py:360] Node[0] Epoch[1] Step[199] GlobalStep[1372] loss_bevfusion_centerpoint_pointpillar_henet_multisensor_multitask_nuscenes: car_cls_loss[0.4545] car_reg_loss[0.4478] truck_cls_loss[0.6391] truck_reg_loss[0.5036] bus_cls_loss[0.5159] bus_reg_loss[0.5171] barrier_cls_loss[0.5642] barrier_reg_loss[0.5463] bicycle_cls_loss[0.7080] bicycle_reg_loss[0.5792] pedestrian_cls_loss[0.4277] pedestrian_reg_loss[0.6487] loss_occ[1.7218] 
2026-07-09 13:54:21,980 INFO [monitor.py:131] Node[0] Epoch[1] Step[200-399] Cost Time: 285.300s Speed: 4.21 samples/sec Remaining Time: 10:31:54 Remaining step percent: 94.41%
2026-07-09 13:54:23,765 INFO [metric_updater.py:360] Node[0] Epoch[1] Step[399] GlobalStep[1572] loss_bevfusion_centerpoint_pointpillar_henet_multisensor_multitask_nuscenes: car_cls_loss[0.4573] car_reg_loss[0.4428] truck_cls_loss[0.6453] truck_reg_loss[0.4944] bus_cls_loss[0.5302] bus_reg_loss[0.5150] barrier_cls_loss[0.5448] barrier_reg_loss[0.5425] bicycle_cls_loss[0.6842] bicycle_reg_loss[0.5599] pedestrian_cls_loss[0.4222] pedestrian_reg_loss[0.6407] loss_occ[1.7211] 
2026-07-09 13:59:22,071 INFO [monitor.py:131] Node[0] Epoch[1] Step[400-599] Cost Time: 300.089s Speed: 4.00 samples/sec Remaining Time: 10:59:40 Remaining step percent: 93.70%
2026-07-09 13:59:23,431 INFO [metric_updater.py:360] Node[0] Epoch[1] Step[599] GlobalStep[1772] loss_bevfusion_centerpoint_pointpillar_henet_multisensor_multitask_nuscenes: car_cls_loss[0.4572] car_reg_loss[0.4414] truck_cls_loss[0.6499] truck_reg_loss[0.4912] bus_cls_loss[0.5202] bus_reg_loss[0.5058] barrier_cls_loss[0.5304] barrier_reg_loss[0.5358] bicycle_cls_loss[0.6843] bicycle_reg_loss[0.5604] pedestrian_cls_loss[0.4229] pedestrian_reg_loss[0.6377] loss_occ[1.7210] 
2026-07-09 14:04:27,397 INFO [monitor.py:131] Node[0] Epoch[1] Step[600-799] Cost Time: 305.324s Speed: 3.93 samples/sec Remaining Time: 11:06:05 Remaining step percent: 92.99%
2026-07-09 14:04:28,478 INFO [metric_updater.py:360] Node[0] Epoch[1] Step[799] GlobalStep[1972] loss_bevfusion_centerpoint_pointpillar_henet_multisensor_multitask_nuscenes: car_cls_loss[0.4555] car_reg_loss[0.4381] truck_cls_loss[0.6505] truck_reg_loss[0.4868] bus_cls_loss[0.5170] bus_reg_loss[0.4989] barrier_cls_loss[0.5459] barrier_reg_loss[0.5410] bicycle_cls_loss[0.6757] bicycle_reg_loss[0.5514] pedestrian_cls_loss[0.4174] pedestrian_reg_loss[0.6353] loss_occ[1.7054] 
2026-07-09 14:09:12,331 INFO [monitor.py:131] Node[0] Epoch[1] Step[800-999] Cost Time: 284.932s Speed: 4.21 samples/sec Remaining Time: 10:16:51 Remaining step percent: 92.28%
2026-07-09 14:09:14,703 INFO [metric_updater.py:360] Node[0] Epoch[1] Step[999] GlobalStep[2172] loss_bevfusion_centerpoint_pointpillar_henet_multisensor_multitask_nuscenes: car_cls_loss[0.4521] car_reg_loss[0.4347] truck_cls_loss[0.6436] truck_reg_loss[0.4830] bus_cls_loss[0.5043] bus_reg_loss[0.4932] barrier_cls_loss[0.5382] barrier_reg_loss[0.5387] bicycle_cls_loss[0.6706] bicycle_reg_loss[0.5480] pedestrian_cls_loss[0.4143] pedestrian_reg_loss[0.6320] loss_occ[1.6999] 
2026-07-09 14:13:19,866 INFO [monitor.py:146] Node[0] Epoch[1] End   ==================================================
2026-07-09 14:13:19,868 INFO [monitor.py:149] Node[0] Epoch[1] Cost Time: 1730.862s
2026-07-09 14:13:19,868 INFO [metric_updater.py:360] Node[0] Epoch[1] loss_bevfusion_centerpoint_pointpillar_henet_multisensor_multitask_nuscenes: car_cls_loss[0.4512] car_reg_loss[0.4329] truck_cls_loss[0.6443] truck_reg_loss[0.4804] bus_cls_loss[0.5096] bus_reg_loss[0.4914] barrier_cls_loss[0.5289] barrier_reg_loss[0.5337] bicycle_cls_loss[0.6611] bicycle_reg_loss[0.5393] pedestrian_cls_loss[0.4139] pedestrian_reg_loss[0.6292] loss_occ[1.6930] 
2026-07-09 14:13:19,869 INFO [validation.py:156] Node[0] [32mUse train `model` as val model.[0m
2026-07-09 14:13:20,047 INFO [loop_base.py:482] Node[0] [32mStart Predictor loop from epoch 1, num_epochs=1[0m
2026-07-09 14:13:20,050 INFO [fake_quantize.py:253] Node[0] Set fake quantize state to FakeQuantState.VALIDATION
2026-07-09 14:13:27,452 INFO [loop_base.py:553] Node[0] 0 / 1505
2026-07-09 14:14:28,310 INFO [loop_base.py:553] Node[0] 200 / 1505
2026-07-09 14:15:25,217 INFO [loop_base.py:553] Node[0] 400 / 1505
2026-07-09 14:15:52,067 INFO [loop_base.py:553] Node[0] 600 / 1505
2026-07-09 14:16:18,410 INFO [loop_base.py:553] Node[0] 800 / 1505
2026-07-09 14:16:45,537 INFO [loop_base.py:553] Node[0] 1000 / 1505
2026-07-09 14:17:11,306 INFO [loop_base.py:553] Node[0] 1200 / 1505
2026-07-09 14:17:39,790 INFO [loop_base.py:553] Node[0] 1400 / 1505
2026-07-09 14:17:54,401 INFO [nuscenes_metric.py:322] Node[0] The length of self.nusc_annos is: 1505
2026-07-09 14:17:56,454 INFO [nuscenes_metric.py:346] Node[0] Results writes to ./metric_results/bevfusion_centerpoint_pointpillar_henet_multisensor_multitask_nuscenes/results_nusc.json
2026-07-09 14:19:57,745 INFO [nuscenes_metric.py:388] Node[0] NDS: 0.5558, mAP:0.5013
car_AP: [0.5]:0.6196  [1.0]:0.8145  [2.0]:0.8666  [4.0]:0.8863 
truck_AP: [0.5]:0.2602  [1.0]:0.5155  [2.0]:0.6335  [4.0]:0.6688 
trailer_AP: [0.5]:0.0535  [1.0]:0.2407  [2.0]:0.4131  [4.0]:0.5383 
bus_AP: [0.5]:0.2902  [1.0]:0.6318  [2.0]:0.7598  [4.0]:0.8082 
construction_vehicle_AP: [0.5]:0.0000  [1.0]:0.0811  [2.0]:0.2610  [4.0]:0.3660 
bicycle_AP: [0.5]:0.2875  [1.0]:0.4336  [2.0]:0.4482  [4.0]:0.4662 
motorcycle_AP: [0.5]:0.3607  [1.0]:0.5832  [2.0]:0.6264  [4.0]:0.6392 
pedestrian_AP: [0.5]:0.3920  [1.0]:0.5541  [2.0]:0.5777  [4.0]:0.6203 
traffic_cone_AP: [0.5]:0.4306  [1.0]:0.5740  [2.0]:0.6156  [4.0]:0.6719 
barrier_AP: [0.5]:0.2284  [1.0]:0.5429  [2.0]:0.6294  [4.0]:0.6605 

2026-07-09 14:19:57,940 WARNING [metric.py:200] Node[0] <class 'hat.metrics.nuscenes_metric.NuscenesMetric'> not ready for distributed environment, should not be used together with DistributedSampler.Might be slow in validation due to resource competition
2026-07-09 14:19:57,956 INFO [mean_iou.py:170] Node[0] ~~~~ MeanIOU Summary metrics ~~~~
Summary:
Scope                 mIoU       mAcc       aAcc
global               44.06      51.15      72.30
Per Class Results:
Class                  IoU        Acc
others                3.24       3.42
barrier              49.82      65.43
bicycle              24.93      28.77
bus                  57.96      61.44
car                  66.66      74.73
construction_vehicle      30.19      36.53
motorcycle           34.21      38.09
pedestrian           45.11      50.05
traffic_cone         22.52      25.08
trailer              42.78      57.03
truck                50.47      61.30
driveable_surface      77.21      85.37
other_flat           26.02      28.91
sidewalk             39.63      48.82
terrain              46.42      55.86
manmade              63.86      70.88
vegetation           68.02      77.75

2026-07-09 14:19:57,958 INFO [metric_updater.py:360] Node[0] Epoch[1] Validation bevfusion_centerpoint_pointpillar_henet_multisensor_multitask_nuscenes: NDS[0.5558] MeanIOU[tensor(0.4406, device='cuda:0')] 
2026-07-09 14:20:06,039 INFO [checkpoint.py:233] Node[0] Save model checkpoint: ./tmp_models/bevfusion_centerpoint_pointpillar_henet_multisensor_multitask_nuscenes/float-checkpoint-epoch-0001-57c921b0.pth.tar
2026-07-09 14:20:06,941 INFO [checkpoint.py:270] Node[0] Save last model checkpoint: ./tmp_models/bevfusion_centerpoint_pointpillar_henet_multisensor_multitask_nuscenes/float-checkpoint-last-3832b535.pth.tar
2026-07-09 14:20:06,949 INFO [monitor.py:143] Node[0] Epoch[2] Begin ==================================================
2026-07-09 14:20:06,949 INFO [lr_updater.py:204] Node[0] Epoch[2] Step[0] GlobalStep[2346] lr=0.000393
2026-07-09 14:25:08,657 INFO [monitor.py:131] Node[0] Epoch[2] Step[0-199] Cost Time: 301.704s Speed: 3.98 samples/sec Remaining Time: 10:47:01 Remaining step percent: 90.96%
2026-07-09 14:25:09,802 INFO [metric_updater.py:360] Node[0] Epoch[2] Step[199] GlobalStep[2545] loss_bevfusion_centerpoint_pointpillar_henet_multisensor_multitask_nuscenes: car_cls_loss[0.4413] car_reg_loss[0.4222] truck_cls_loss[0.6022] truck_reg_loss[0.4544] bus_cls_loss[0.4318] bus_reg_loss[0.4651] barrier_cls_loss[0.4665] barrier_reg_loss[0.5213] bicycle_cls_loss[0.6048] bicycle_reg_loss[0.5159] pedestrian_cls_loss[0.3966] pedestrian_reg_loss[0.6159] loss_occ[1.6362] 
2026-07-09 14:29:44,585 INFO [monitor.py:131] Node[0] Epoch[2] Step[200-399] Cost Time: 275.925s Speed: 4.35 samples/sec Remaining Time: 9:44:10 Remaining step percent: 90.25%
2026-07-09 14:29:45,694 INFO [metric_updater.py:360] Node[0] Epoch[2] Step[399] GlobalStep[2745] loss_bevfusion_centerpoint_pointpillar_henet_multisensor_multitask_nuscenes: car_cls_loss[0.4405] car_reg_loss[0.4178] truck_cls_loss[0.5905] truck_reg_loss[0.4549] bus_cls_loss[0.4347] bus_reg_loss[0.4619] barrier_cls_loss[0.4695] barrier_reg_loss[0.5240] bicycle_cls_loss[0.5607] bicycle_reg_loss[0.5093] pedestrian_cls_loss[0.4001] pedestrian_reg_loss[0.6177] loss_occ[1.6265] 
2026-07-09 14:34:49,779 INFO [monitor.py:131] Node[0] Epoch[2] Step[400-599] Cost Time: 305.193s Speed: 3.93 samples/sec Remaining Time: 10:41:03 Remaining step percent: 89.54%
2026-07-09 14:34:51,390 INFO [metric_updater.py:360] Node[0] Epoch[2] Step[599] GlobalStep[2945] loss_bevfusion_centerpoint_pointpillar_henet_multisensor_multitask_nuscenes: car_cls_loss[0.4367] car_reg_loss[0.4158] truck_cls_loss[0.5947] truck_reg_loss[0.4539] bus_cls_loss[0.4389] bus_reg_loss[0.4544] barrier_cls_loss[0.4767] barrier_reg_loss[0.5213] bicycle_cls_loss[0.5488] bicycle_reg_loss[0.4940] pedestrian_cls_loss[0.3986] pedestrian_reg_loss[0.6169] loss_occ[1.6303] 
2026-07-09 14:39:47,761 INFO [monitor.py:131] Node[0] Epoch[2] Step[600-799] Cost Time: 297.979s Speed: 4.03 samples/sec Remaining Time: 10:20:56 Remaining step percent: 88.82%
2026-07-09 14:39:48,918 INFO [metric_updater.py:360] Node[0] Epoch[2] Step[799] GlobalStep[3145] loss_bevfusion_centerpoint_pointpillar_henet_multisensor_multitask_nuscenes: car_cls_loss[0.4365] car_reg_loss[0.4147] truck_cls_loss[0.5871] truck_reg_loss[0.4493] bus_cls_loss[0.4429] bus_reg_loss[0.4524] barrier_cls_loss[0.4713] barrier_reg_loss[0.5126] bicycle_cls_loss[0.5436] bicycle_reg_loss[0.4916] pedestrian_cls_loss[0.3990] pedestrian_reg_loss[0.6154] loss_occ[1.6249] 
2026-07-09 14:44:42,532 INFO [monitor.py:131] Node[0] Epoch[2] Step[800-999] Cost Time: 294.769s Speed: 4.07 samples/sec Remaining Time: 10:09:20 Remaining step percent: 88.11%
2026-07-09 14:44:43,521 INFO [metric_updater.py:360] Node[0] Epoch[2] Step[999] GlobalStep[3345] loss_bevfusion_centerpoint_pointpillar_henet_multisensor_multitask_nuscenes: car_cls_loss[0.4364] car_reg_loss[0.4141] truck_cls_loss[0.5855] truck_reg_loss[0.4477] bus_cls_loss[0.4364] bus_reg_loss[0.4480] barrier_cls_loss[0.4676] barrier_reg_loss[0.5082] bicycle_cls_loss[0.5388] bicycle_reg_loss[0.4899] pedestrian_cls_loss[0.3999] pedestrian_reg_loss[0.6148] loss_occ[1.6258] 
2026-07-09 14:48:51,732 INFO [monitor.py:146] Node[0] Epoch[2] End   ==================================================
2026-07-09 14:48:51,733 INFO [monitor.py:149] Node[0] Epoch[2] Cost Time: 1724.784s
2026-07-09 14:48:51,734 INFO [metric_updater.py:360] Node[0] Epoch[2] loss_bevfusion_centerpoint_pointpillar_henet_multisensor_multitask_nuscenes: car_cls_loss[0.4347] car_reg_loss[0.4128] truck_cls_loss[0.5816] truck_reg_loss[0.4460] bus_cls_loss[0.4397] bus_reg_loss[0.4462] barrier_cls_loss[0.4664] barrier_reg_loss[0.5072] bicycle_cls_loss[0.5508] bicycle_reg_loss[0.4886] pedestrian_cls_loss[0.3966] pedestrian_reg_loss[0.6132] loss_occ[1.6260] 
2026-07-09 14:48:51,734 INFO [validation.py:156] Node[0] [32mUse train `model` as val model.[0m
2026-07-09 14:48:51,924 INFO [loop_base.py:482] Node[0] [32mStart Predictor loop from epoch 2, num_epochs=1[0m
2026-07-09 14:48:51,927 INFO [fake_quantize.py:253] Node[0] Set fake quantize state to FakeQuantState.VALIDATION
2026-07-09 14:48:59,902 INFO [loop_base.py:553] Node[0] 0 / 1505
2026-07-09 14:49:26,950 INFO [loop_base.py:553] Node[0] 200 / 1505
2026-07-09 14:49:54,734 INFO [loop_base.py:553] Node[0] 400 / 1505
2026-07-09 14:50:25,120 INFO [loop_base.py:553] Node[0] 600 / 1505
2026-07-09 14:51:02,509 INFO [loop_base.py:553] Node[0] 800 / 1505
2026-07-09 14:51:42,302 INFO [loop_base.py:553] Node[0] 1000 / 1505
2026-07-09 14:52:07,608 INFO [loop_base.py:553] Node[0] 1200 / 1505
2026-07-09 14:52:53,021 INFO [loop_base.py:553] Node[0] 1400 / 1505
2026-07-09 14:53:21,178 INFO [nuscenes_metric.py:322] Node[0] The length of self.nusc_annos is: 1505
2026-07-09 14:53:23,135 INFO [nuscenes_metric.py:346] Node[0] Results writes to ./metric_results/bevfusion_centerpoint_pointpillar_henet_multisensor_multitask_nuscenes/results_nusc.json
2026-07-09 14:55:23,950 INFO [nuscenes_metric.py:388] Node[0] NDS: 0.5646, mAP:0.5019
car_AP: [0.5]:0.6409  [1.0]:0.8290  [2.0]:0.8810  [4.0]:0.9005 
truck_AP: [0.5]:0.3071  [1.0]:0.5242  [2.0]:0.6117  [4.0]:0.6451 
trailer_AP: [0.5]:0.0563  [1.0]:0.2390  [2.0]:0.4047  [4.0]:0.4884 
bus_AP: [0.5]:0.3658  [1.0]:0.6629  [2.0]:0.8019  [4.0]:0.8320 
construction_vehicle_AP: [0.5]:0.0031  [1.0]:0.0813  [2.0]:0.2211  [4.0]:0.3046 
bicycle_AP: [0.5]:0.2717  [1.0]:0.4116  [2.0]:0.4234  [4.0]:0.4425 
motorcycle_AP: [0.5]:0.3608  [1.0]:0.5837  [2.0]:0.6217  [4.0]:0.6329 
pedestrian_AP: [0.5]:0.3974  [1.0]:0.5548  [2.0]:0.5783  [4.0]:0.6183 
traffic_cone_AP: [0.5]:0.4272  [1.0]:0.5636  [2.0]:0.6078  [4.0]:0.6711 
barrier_AP: [0.5]:0.2494  [1.0]:0.5569  [2.0]:0.6360  [4.0]:0.6660 

2026-07-09 14:55:24,193 WARNING [metric.py:200] Node[0] <class 'hat.metrics.nuscenes_metric.NuscenesMetric'> not ready for distributed environment, should not be used together with DistributedSampler.Might be slow in validation due to resource competition
2026-07-09 14:55:24,210 INFO [mean_iou.py:170] Node[0] ~~~~ MeanIOU Summary metrics ~~~~
Summary:
Scope                 mIoU       mAcc       aAcc
global               45.46      53.15      73.31
Per Class Results:
Class                  IoU        Acc
others                2.95       3.10
barrier              51.03      64.76
bicycle              23.19      25.89
bus                  65.77      70.57
car                  69.27      77.88
construction_vehicle      25.15      28.39
motorcycle           28.90      30.62
pedestrian           51.83      60.29
traffic_cone         28.82      37.11
trailer              42.82      57.48
truck                52.63      61.36
driveable_surface      76.99      85.66
other_flat           29.20      33.75
sidewalk             41.76      54.58
terrain              49.20      65.21
manmade              65.45      73.71
vegetation           67.91      73.16

2026-07-09 14:55:24,211 INFO [metric_updater.py:360] Node[0] Epoch[2] Validation bevfusion_centerpoint_pointpillar_henet_multisensor_multitask_nuscenes: NDS[0.5646] MeanIOU[tensor(0.4546, device='cuda:0')] 
2026-07-09 14:55:32,711 INFO [checkpoint.py:233] Node[0] Save model checkpoint: ./tmp_models/bevfusion_centerpoint_pointpillar_henet_multisensor_multitask_nuscenes/float-checkpoint-epoch-0002-edb8845e.pth.tar
2026-07-09 14:55:33,776 INFO [checkpoint.py:270] Node[0] Save last model checkpoint: ./tmp_models/bevfusion_centerpoint_pointpillar_henet_multisensor_multitask_nuscenes/float-checkpoint-last-4cb77f54.pth.tar
2026-07-09 14:55:33,795 INFO [monitor.py:143] Node[0] Epoch[3] Begin ==================================================
2026-07-09 14:55:33,796 INFO [lr_updater.py:204] Node[0] Epoch[3] Step[0] GlobalStep[3519] lr=0.000385
2026-07-09 15:00:47,861 INFO [monitor.py:131] Node[0] Epoch[3] Step[0-199] Cost Time: 314.058s Speed: 3.82 samples/sec Remaining Time: 10:42:39 Remaining step percent: 86.79%
2026-07-09 15:00:49,196 INFO [metric_updater.py:360] Node[0] Epoch[3] Step[199] GlobalStep[3718] loss_bevfusion_centerpoint_pointpillar_henet_multisensor_multitask_nuscenes: car_cls_loss[0.4358] car_reg_loss[0.4038] truck_cls_loss[0.5532] truck_reg_loss[0.4278] bus_cls_loss[0.3926] bus_reg_loss[0.4221] barrier_cls_loss[0.4285] barrier_reg_loss[0.5117] bicycle_cls_loss[0.4558] bicycle_reg_loss[0.4679] pedestrian_cls_loss[0.4070] pedestrian_reg_loss[0.5959] loss_occ[1.5967] 
2026-07-09 15:05:34,692 INFO [monitor.py:131] Node[0] Epoch[3] Step[200-399] Cost Time: 286.831s Speed: 4.18 samples/sec Remaining Time: 9:39:13 Remaining step percent: 86.08%
2026-07-09 15:05:36,014 INFO [metric_updater.py:360] Node[0] Epoch[3] Step[399] GlobalStep[3918] loss_bevfusion_centerpoint_pointpillar_henet_multisensor_multitask_nuscenes: car_cls_loss[0.4354] car_reg_loss[0.4032] truck_cls_loss[0.5598] truck_reg_loss[0.4297] bus_cls_loss[0.3868] bus_reg_loss[0.4162] barrier_cls_loss[0.4376] barrier_reg_loss[0.5111] bicycle_cls_loss[0.4587] bicycle_reg_loss[0.4589] pedestrian_cls_loss[0.3921] pedestrian_reg_loss[0.5992] loss_occ[1.5959] 
2026-07-09 15:10:43,946 INFO [monitor.py:131] Node[0] Epoch[3] Step[400-599] Cost Time: 309.253s Speed: 3.88 samples/sec Remaining Time: 10:19:21 Remaining step percent: 85.37%
2026-07-09 15:10:45,106 INFO [metric_updater.py:360] Node[0] Epoch[3] Step[599] GlobalStep[4118] loss_bevfusion_centerpoint_pointpillar_henet_multisensor_multitask_nuscenes: car_cls_loss[0.4332] car_reg_loss[0.4033] truck_cls_loss[0.5456] truck_reg_loss[0.4269] bus_cls_loss[0.4000] bus_reg_loss[0.4125] barrier_cls_loss[0.4321] barrier_reg_loss[0.4998] bicycle_cls_loss[0.4594] bicycle_reg_loss[0.4522] pedestrian_cls_loss[0.3920] pedestrian_reg_loss[0.6007] loss_occ[1.5937] 
2026-07-09 15:15:33,632 INFO [monitor.py:131] Node[0] Epoch[3] Step[600-799] Cost Time: 289.683s Speed: 4.14 samples/sec Remaining Time: 9:35:20 Remaining step percent: 84.66%
2026-07-09 15:15:35,880 INFO [metric_updater.py:360] Node[0] Epoch[3] Step[799] GlobalStep[4318] loss_bevfusion_centerpoint_pointpillar_henet_multisensor_multitask_nuscenes: car_cls_loss[0.4331] car_reg_loss[0.4028] truck_cls_loss[0.5471] truck_reg_loss[0.4262] bus_cls_loss[0.3932] bus_reg_loss[0.4137] barrier_cls_loss[0.4266] barrier_reg_loss[0.4879] bicycle_cls_loss[0.4614] bicycle_reg_loss[0.4507] pedestrian_cls_loss[0.3899] pedestrian_reg_loss[0.5990] loss_occ[1.5900] 
2026-07-09 15:20:27,939 INFO [monitor.py:131] Node[0] Epoch[3] Step[800-999] Cost Time: 294.304s Speed: 4.08 samples/sec Remaining Time: 9:39:36 Remaining step percent: 83.95%
2026-07-09 15:20:29,222 INFO [metric_updater.py:360] Node[0] Epoch[3] Step[999] GlobalStep[4518] loss_bevfusion_centerpoint_pointpillar_henet_multisensor_multitask_nuscenes: car_cls_loss[0.4304] car_reg_loss[0.4020] truck_cls_loss[0.5392] truck_reg_loss[0.4234] bus_cls_loss[0.3969] bus_reg_loss[0.4125] barrier_cls_loss[0.4230] barrier_reg_loss[0.4805] bicycle_cls_loss[0.4660] bicycle_reg_loss[0.4528] pedestrian_cls_loss[0.3901] pedestrian_reg_loss[0.5985] loss_occ[1.5835] 
2026-07-09 15:24:35,407 INFO [monitor.py:146] Node[0] Epoch[3] End   ==================================================
2026-07-09 15:24:35,409 INFO [monitor.py:149] Node[0] Epoch[3] Cost Time: 1741.614s
2026-07-09 15:24:35,409 INFO [metric_updater.py:360] Node[0] Epoch[3] loss_bevfusion_centerpoint_pointpillar_henet_multisensor_multitask_nuscenes: car_cls_loss[0.4307] car_reg_loss[0.4011] truck_cls_loss[0.5395] truck_reg_loss[0.4220] bus_cls_loss[0.4040] bus_reg_loss[0.4127] barrier_cls_loss[0.4212] barrier_reg_loss[0.4800] bicycle_cls_loss[0.4609] bicycle_reg_loss[0.4482] pedestrian_cls_loss[0.3925] pedestrian_reg_loss[0.5983] loss_occ[1.5846] 
2026-07-09 15:24:35,410 INFO [validation.py:156] Node[0] [32mUse train `model` as val model.[0m
2026-07-09 15:24:35,603 INFO [loop_base.py:482] Node[0] [32mStart Predictor loop from epoch 3, num_epochs=1[0m
2026-07-09 15:24:35,606 INFO [fake_quantize.py:253] Node[0] Set fake quantize state to FakeQuantState.VALIDATION
2026-07-09 15:24:44,044 INFO [loop_base.py:553] Node[0] 0 / 1505
2026-07-09 15:25:16,522 INFO [loop_base.py:553] Node[0] 200 / 1505
2026-07-09 15:25:50,370 INFO [loop_base.py:553] Node[0] 400 / 1505
2026-07-09 15:26:32,623 INFO [loop_base.py:553] Node[0] 600 / 1505
2026-07-09 15:27:07,761 INFO [loop_base.py:553] Node[0] 800 / 1505
2026-07-09 15:27:58,473 INFO [loop_base.py:553] Node[0] 1000 / 1505
2026-07-09 15:28:25,982 INFO [loop_base.py:553] Node[0] 1200 / 1505
2026-07-09 15:29:04,118 INFO [loop_base.py:553] Node[0] 1400 / 1505
2026-07-09 15:29:19,181 INFO [nuscenes_metric.py:322] Node[0] The length of self.nusc_annos is: 1505
2026-07-09 15:29:21,574 INFO [nuscenes_metric.py:346] Node[0] Results writes to ./metric_results/bevfusion_centerpoint_pointpillar_henet_multisensor_multitask_nuscenes/results_nusc.json
2026-07-09 15:31:18,393 INFO [nuscenes_metric.py:388] Node[0] NDS: 0.5717, mAP:0.5121
car_AP: [0.5]:0.6442  [1.0]:0.8155  [2.0]:0.8668  [4.0]:0.8866 
truck_AP: [0.5]:0.2702  [1.0]:0.5046  [2.0]:0.6213  [4.0]:0.6575 
trailer_AP: [0.5]:0.0683  [1.0]:0.2714  [2.0]:0.4156  [4.0]:0.5258 
bus_AP: [0.5]:0.3418  [1.0]:0.6625  [2.0]:0.7943  [4.0]:0.8248 
construction_vehicle_AP: [0.5]:0.0020  [1.0]:0.0871  [2.0]:0.2776  [4.0]:0.3709 
bicycle_AP: [0.5]:0.3013  [1.0]:0.4185  [2.0]:0.4405  [4.0]:0.4519 
motorcycle_AP: [0.5]:0.3957  [1.0]:0.6138  [2.0]:0.6511  [4.0]:0.6658 
pedestrian_AP: [0.5]:0.4102  [1.0]:0.5582  [2.0]:0.5802  [4.0]:0.6209 
traffic_cone_AP: [0.5]:0.4334  [1.0]:0.5757  [2.0]:0.6204  [4.0]:0.6700 
barrier_AP: [0.5]:0.2784  [1.0]:0.5712  [2.0]:0.6462  [4.0]:0.6698 

2026-07-09 15:31:18,593 WARNING [metric.py:200] Node[0] <class 'hat.metrics.nuscenes_metric.NuscenesMetric'> not ready for distributed environment, should not be used together with DistributedSampler.Might be slow in validation due to resource competition
2026-07-09 15:31:18,611 INFO [mean_iou.py:170] Node[0] ~~~~ MeanIOU Summary metrics ~~~~
Summary:
Scope                 mIoU       mAcc       aAcc
global               44.76      52.83      70.66
Per Class Results:
Class                  IoU        Acc
others                3.81       4.04
barrier              49.38      60.11
bicycle              20.42      22.88
bus                  65.64      73.83
car                  69.47      79.32
construction_vehicle      30.74      37.89
motorcycle           41.01      47.82
pedestrian           47.78      53.46
traffic_cone         17.89      19.19
trailer              44.45      61.57
truck                50.21      56.99
driveable_surface      76.77      83.40
other_flat           30.60      37.13
sidewalk             41.82      54.39
terrain              45.43      69.27
manmade              58.97      63.58
vegetation           66.57      73.21

2026-07-09 15:31:18,612 INFO [metric_updater.py:360] Node[0] Epoch[3] Validation bevfusion_centerpoint_pointpillar_henet_multisensor_multitask_nuscenes: NDS[0.5717] MeanIOU[tensor(0.4476, device='cuda:0')] 
2026-07-09 15:31:25,928 INFO [checkpoint.py:233] Node[0] Save model checkpoint: ./tmp_models/bevfusion_centerpoint_pointpillar_henet_multisensor_multitask_nuscenes/float-checkpoint-epoch-0003-b58225bd.pth.tar
2026-07-09 15:31:26,857 INFO [checkpoint.py:270] Node[0] Save last model checkpoint: ./tmp_models/bevfusion_centerpoint_pointpillar_henet_multisensor_multitask_nuscenes/float-checkpoint-last-0ebb135c.pth.tar
2026-07-09 15:31:26,865 INFO [monitor.py:143] Node[0] Epoch[4] Begin ==================================================
2026-07-09 15:31:26,865 INFO [lr_updater.py:204] Node[0] Epoch[4] Step[0] GlobalStep[4692] lr=0.000373
2026-07-09 15:36:43,285 INFO [monitor.py:131] Node[0] Epoch[4] Step[0-199] Cost Time: 316.417s Speed: 3.79 samples/sec Remaining Time: 10:16:24 Remaining step percent: 82.62%
2026-07-09 15:36:44,476 INFO [metric_updater.py:360] Node[0] Epoch[4] Step[199] GlobalStep[4891] loss_bevfusion_centerpoint_pointpillar_henet_multisensor_multitask_nuscenes: car_cls_loss[0.4207] car_reg_loss[0.3988] truck_cls_loss[0.4924] truck_reg_loss[0.4077] bus_cls_loss[0.3423] bus_reg_loss[0.3944] barrier_cls_loss[0.4285] barrier_reg_loss[0.4739] bicycle_cls_loss[0.4107] bicycle_reg_loss[0.4286] pedestrian_cls_loss[0.3634] pedestrian_reg_loss[0.5905] loss_occ[1.5618] 
2026-07-09 15:41:32,658 INFO [monitor.py:131] Node[0] Epoch[4] Step[200-399] Cost Time: 289.370s Speed: 4.15 samples/sec Remaining Time: 9:16:04 Remaining step percent: 81.91%
2026-07-09 15:41:33,869 INFO [metric_updater.py:360] Node[0] Epoch[4] Step[399] GlobalStep[5091] loss_bevfusion_centerpoint_pointpillar_henet_multisensor_multitask_nuscenes: car_cls_loss[0.4173] car_reg_loss[0.3983] truck_cls_loss[0.4867] truck_reg_loss[0.4043] bus_cls_loss[0.3552] bus_reg_loss[0.4001] barrier_cls_loss[0.4083] barrier_reg_loss[0.4654] bicycle_cls_loss[0.3907] bicycle_reg_loss[0.4196] pedestrian_cls_loss[0.3631] pedestrian_reg_loss[0.5865] loss_occ[1.5522] 
2026-07-09 15:46:44,747 INFO [monitor.py:131] Node[0] Epoch[4] Step[400-599] Cost Time: 312.087s Speed: 3.85 samples/sec Remaining Time: 9:54:31 Remaining step percent: 81.20%
2026-07-09 15:46:47,615 INFO [metric_updater.py:360] Node[0] Epoch[4] Step[599] GlobalStep[5291] loss_bevfusion_centerpoint_pointpillar_henet_multisensor_multitask_nuscenes: car_cls_loss[0.4164] car_reg_loss[0.3982] truck_cls_loss[0.4974] truck_reg_loss[0.4087] bus_cls_loss[0.3527] bus_reg_loss[0.3972] barrier_cls_loss[0.3979] barrier_reg_loss[0.4611] bicycle_cls_loss[0.3943] bicycle_reg_loss[0.4160] pedestrian_cls_loss[0.3579] pedestrian_reg_loss[0.5840] loss_occ[1.5541] 
2026-07-09 15:51:52,085 INFO [monitor.py:131] Node[0] Epoch[4] Step[600-799] Cost Time: 307.336s Speed: 3.90 samples/sec Remaining Time: 9:40:21 Remaining step percent: 80.49%
2026-07-09 15:51:53,177 INFO [metric_updater.py:360] Node[0] Epoch[4] Step[799] GlobalStep[5491] loss_bevfusion_centerpoint_pointpillar_henet_multisensor_multitask_nuscenes: car_cls_loss[0.4162] car_reg_loss[0.3959] truck_cls_loss[0.5084] truck_reg_loss[0.4100] bus_cls_loss[0.3724] bus_reg_loss[0.3974] barrier_cls_loss[0.3931] barrier_reg_loss[0.4606] bicycle_cls_loss[0.3970] bicycle_reg_loss[0.4151] pedestrian_cls_loss[0.3630] pedestrian_reg_loss[0.5834] loss_occ[1.5503] 
2026-07-09 15:56:56,134 INFO [monitor.py:131] Node[0] Epoch[4] Step[800-999] Cost Time: 304.047s Speed: 3.95 samples/sec Remaining Time: 9:29:04 Remaining step percent: 79.78%
2026-07-09 15:56:59,214 INFO [metric_updater.py:360] Node[0] Epoch[4] Step[999] GlobalStep[5691] loss_bevfusion_centerpoint_pointpillar_henet_multisensor_multitask_nuscenes: car_cls_loss[0.4173] car_reg_loss[0.3955] truck_cls_loss[0.5115] truck_reg_loss[0.4101] bus_cls_loss[0.3749] bus_reg_loss[0.3968] barrier_cls_loss[0.3943] barrier_reg_loss[0.4647] bicycle_cls_loss[0.4057] bicycle_reg_loss[0.4151] pedestrian_cls_loss[0.3654] pedestrian_reg_loss[0.5840] loss_occ[1.5516] 
2026-07-09 16:01:19,465 INFO [monitor.py:146] Node[0] Epoch[4] End   ==================================================
2026-07-09 16:01:19,466 INFO [monitor.py:149] Node[0] Epoch[4] Cost Time: 1792.601s
2026-07-09 16:01:19,467 INFO [metric_updater.py:360] Node[0] Epoch[4] loss_bevfusion_centerpoint_pointpillar_henet_multisensor_multitask_nuscenes: car_cls_loss[0.4174] car_reg_loss[0.3948] truck_cls_loss[0.5166] truck_reg_loss[0.4107] bus_cls_loss[0.3762] bus_reg_loss[0.3952] barrier_cls_loss[0.3918] barrier_reg_loss[0.4596] bicycle_cls_loss[0.4021] bicycle_reg_loss[0.4157] pedestrian_cls_loss[0.3649] pedestrian_reg_loss[0.5848] loss_occ[1.5500] 
2026-07-09 16:01:19,467 INFO [validation.py:156] Node[0] [32mUse train `model` as val model.[0m
2026-07-09 16:01:19,653 INFO [loop_base.py:482] Node[0] [32mStart Predictor loop from epoch 4, num_epochs=1[0m
2026-07-09 16:01:19,656 INFO [fake_quantize.py:253] Node[0] Set fake quantize state to FakeQuantState.VALIDATION
2026-07-09 16:01:29,108 INFO [loop_base.py:553] Node[0] 0 / 1505
2026-07-09 16:02:11,409 INFO [loop_base.py:553] Node[0] 200 / 1505
2026-07-09 16:02:37,783 INFO [loop_base.py:553] Node[0] 400 / 1505
2026-07-09 16:03:03,979 INFO [loop_base.py:553] Node[0] 600 / 1505
2026-07-09 16:03:36,085 INFO [loop_base.py:553] Node[0] 800 / 1505
2026-07-09 16:04:10,121 INFO [loop_base.py:553] Node[0] 1000 / 1505
2026-07-09 16:04:50,420 INFO [loop_base.py:553] Node[0] 1200 / 1505
2026-07-09 16:05:25,024 INFO [loop_base.py:553] Node[0] 1400 / 1505
2026-07-09 16:05:55,667 INFO [nuscenes_metric.py:322] Node[0] The length of self.nusc_annos is: 1505
2026-07-09 16:05:58,113 INFO [nuscenes_metric.py:346] Node[0] Results writes to ./metric_results/bevfusion_centerpoint_pointpillar_henet_multisensor_multitask_nuscenes/results_nusc.json
2026-07-09 16:08:02,455 INFO [nuscenes_metric.py:388] Node[0] NDS: 0.5755, mAP:0.5071
car_AP: [0.5]:0.6471  [1.0]:0.8164  [2.0]:0.8701  [4.0]:0.8896 
truck_AP: [0.5]:0.2952  [1.0]:0.4953  [2.0]:0.6106  [4.0]:0.6490 
trailer_AP: [0.5]:0.0684  [1.0]:0.2441  [2.0]:0.4185  [4.0]:0.4835 
bus_AP: [0.5]:0.3595  [1.0]:0.6266  [2.0]:0.7471  [4.0]:0.7825 
construction_vehicle_AP: [0.5]:0.0027  [1.0]:0.1577  [2.0]:0.3146  [4.0]:0.4071 
bicycle_AP: [0.5]:0.2977  [1.0]:0.4167  [2.0]:0.4276  [4.0]:0.4405 
motorcycle_AP: [0.5]:0.3690  [1.0]:0.5578  [2.0]:0.5848  [4.0]:0.5960 
pedestrian_AP: [0.5]:0.4008  [1.0]:0.5622  [2.0]:0.5889  [4.0]:0.6263 
traffic_cone_AP: [0.5]:0.4242  [1.0]:0.5789  [2.0]:0.6250  [4.0]:0.6731 
barrier_AP: [0.5]:0.3098  [1.0]:0.5843  [2.0]:0.6517  [4.0]:0.6819 

2026-07-09 16:08:02,663 WARNING [metric.py:200] Node[0] <class 'hat.metrics.nuscenes_metric.NuscenesMetric'> not ready for distributed environment, should not be used together with DistributedSampler.Might be slow in validation due to resource competition
2026-07-09 16:08:02,680 INFO [mean_iou.py:170] Node[0] ~~~~ MeanIOU Summary metrics ~~~~
Summary:
Scope                 mIoU       mAcc       aAcc
global               46.52      55.30      72.66
Per Class Results:
Class                  IoU        Acc
others                4.03       4.22
barrier              52.08      71.65
bicycle              26.10      29.55
bus                  61.20      64.87
car                  69.43      78.17
construction_vehicle      33.21      44.49
motorcycle           36.67      39.20
pedestrian           55.36      64.04
traffic_cone         28.39      33.84
trailer              42.11      65.47
truck                52.64      64.77
driveable_surface      77.78      88.58
other_flat           29.49      33.82
sidewalk             42.48      52.88
terrain              48.97      61.90
manmade              63.00      69.65
vegetation           67.93      72.99

2026-07-09 16:08:02,681 INFO [metric_updater.py:360] Node[0] Epoch[4] Validation bevfusion_centerpoint_pointpillar_henet_multisensor_multitask_nuscenes: NDS[0.5755] MeanIOU[tensor(0.4652, device='cuda:0')] 
2026-07-09 16:08:09,892 INFO [checkpoint.py:233] Node[0] Save model checkpoint: ./tmp_models/bevfusion_centerpoint_pointpillar_henet_multisensor_multitask_nuscenes/float-checkpoint-epoch-0004-01fe0a0f.pth.tar
2026-07-09 16:08:10,766 INFO [checkpoint.py:270] Node[0] Save last model checkpoint: ./tmp_models/bevfusion_centerpoint_pointpillar_henet_multisensor_multitask_nuscenes/float-checkpoint-last-f1ac77f5.pth.tar
2026-07-09 16:08:10,775 INFO [monitor.py:143] Node[0] Epoch[5] Begin ==================================================
2026-07-09 16:08:10,775 INFO [lr_updater.py:204] Node[0] Epoch[5] Step[0] GlobalStep[5865] lr=0.000359
2026-07-09 16:13:07,654 INFO [monitor.py:131] Node[0] Epoch[5] Step[0-199] Cost Time: 296.876s Speed: 4.04 samples/sec Remaining Time: 9:09:10 Remaining step percent: 78.46%
2026-07-09 16:13:08,790 INFO [metric_updater.py:360] Node[0] Epoch[5] Step[199] GlobalStep[6064] loss_bevfusion_centerpoint_pointpillar_henet_multisensor_multitask_nuscenes: car_cls_loss[0.4066] car_reg_loss[0.3866] truck_cls_loss[0.4705] truck_reg_loss[0.3948] bus_cls_loss[0.3798] bus_reg_loss[0.3889] barrier_cls_loss[0.3948] barrier_reg_loss[0.4685] bicycle_cls_loss[0.4029] bicycle_reg_loss[0.3975] pedestrian_cls_loss[0.3404] pedestrian_reg_loss[0.5740] loss_occ[1.5121] 
2026-07-09 16:17:59,474 INFO [monitor.py:131] Node[0] Epoch[5] Step[200-399] Cost Time: 291.819s Speed: 4.11 samples/sec Remaining Time: 8:52:15 Remaining step percent: 77.75%
2026-07-09 16:18:00,422 INFO [metric_updater.py:360] Node[0] Epoch[5] Step[399] GlobalStep[6264] loss_bevfusion_centerpoint_pointpillar_henet_multisensor_multitask_nuscenes: car_cls_loss[0.4099] car_reg_loss[0.3876] truck_cls_loss[0.4639] truck_reg_loss[0.3918] bus_cls_loss[0.3563] bus_reg_loss[0.3795] barrier_cls_loss[0.3818] barrier_reg_loss[0.4657] bicycle_cls_loss[0.3817] bicycle_reg_loss[0.4099] pedestrian_cls_loss[0.3498] pedestrian_reg_loss[0.5776] loss_occ[1.5141] 
2026-07-09 16:23:14,066 INFO [monitor.py:131] Node[0] Epoch[5] Step[400-599] Cost Time: 314.591s Speed: 3.81 samples/sec Remaining Time: 9:28:32 Remaining step percent: 77.04%
2026-07-09 16:23:15,316 INFO [metric_updater.py:360] Node[0] Epoch[5] Step[599] GlobalStep[6464] loss_bevfusion_centerpoint_pointpillar_henet_multisensor_multitask_nuscenes: car_cls_loss[0.4110] car_reg_loss[0.3871] truck_cls_loss[0.4640] truck_reg_loss[0.3944] bus_cls_loss[0.3597] bus_reg_loss[0.3840] barrier_cls_loss[0.3790] barrier_reg_loss[0.4628] bicycle_cls_loss[0.3826] bicycle_reg_loss[0.4066] pedestrian_cls_loss[0.3600] pedestrian_reg_loss[0.5788] loss_occ[1.5190] 
2026-07-09 16:28:32,692 INFO [monitor.py:131] Node[0] Epoch[5] Step[600-799] Cost Time: 318.622s Speed: 3.77 samples/sec Remaining Time: 9:30:31 Remaining step percent: 76.32%
2026-07-09 16:28:33,874 INFO [metric_updater.py:360] Node[0] Epoch[5] Step[799] GlobalStep[6664] loss_bevfusion_centerpoint_pointpillar_henet_multisensor_multitask_nuscenes: car_cls_loss[0.4094] car_reg_loss[0.3867] truck_cls_loss[0.4731] truck_reg_loss[0.3958] bus_cls_loss[0.3590] bus_reg_loss[0.3856] barrier_cls_loss[0.3884] barrier_reg_loss[0.4595] bicycle_cls_loss[0.3928] bicycle_reg_loss[0.4062] pedestrian_cls_loss[0.3620] pedestrian_reg_loss[0.5784] loss_occ[1.5275] 
2026-07-09 16:33:27,599 INFO [monitor.py:131] Node[0] Epoch[5] Step[800-999] Cost Time: 294.906s Speed: 4.07 samples/sec Remaining Time: 8:43:08 Remaining step percent: 75.61%
2026-07-09 16:33:28,915 INFO [metric_updater.py:360] Node[0] Epoch[5] Step[999] GlobalStep[6864] loss_bevfusion_centerpoint_pointpillar_henet_multisensor_multitask_nuscenes: car_cls_loss[0.4088] car_reg_loss[0.3867] truck_cls_loss[0.4766] truck_reg_loss[0.3988] bus_cls_loss[0.3559] bus_reg_loss[0.3837] barrier_cls_loss[0.3899] barrier_reg_loss[0.4573] bicycle_cls_loss[0.3870] bicycle_reg_loss[0.4057] pedestrian_cls_loss[0.3615] pedestrian_reg_loss[0.5778] loss_occ[1.5235] 
2026-07-09 16:37:47,071 INFO [monitor.py:146] Node[0] Epoch[5] End   ==================================================
2026-07-09 16:37:47,073 INFO [monitor.py:149] Node[0] Epoch[5] Cost Time: 1776.298s
2026-07-09 16:37:47,073 INFO [metric_updater.py:360] Node[0] Epoch[5] loss_bevfusion_centerpoint_pointpillar_henet_multisensor_multitask_nuscenes: car_cls_loss[0.4069] car_reg_loss[0.3864] truck_cls_loss[0.4809] truck_reg_loss[0.3984] bus_cls_loss[0.3515] bus_reg_loss[0.3835] barrier_cls_loss[0.3863] barrier_reg_loss[0.4547] bicycle_cls_loss[0.3742] bicycle_reg_loss[0.4034] pedestrian_cls_loss[0.3611] pedestrian_reg_loss[0.5765] loss_occ[1.5180] 
2026-07-09 16:37:47,074 INFO [validation.py:156] Node[0] [32mUse train `model` as val model.[0m
2026-07-09 16:37:47,267 INFO [loop_base.py:482] Node[0] [32mStart Predictor loop from epoch 5, num_epochs=1[0m
2026-07-09 16:37:47,272 INFO [fake_quantize.py:253] Node[0] Set fake quantize state to FakeQuantState.VALIDATION
2026-07-09 16:37:55,342 INFO [loop_base.py:553] Node[0] 0 / 1505
2026-07-09 16:38:23,064 INFO [loop_base.py:553] Node[0] 200 / 1505
2026-07-09 16:38:51,135 INFO [loop_base.py:553] Node[0] 400 / 1505
2026-07-09 16:39:26,899 INFO [loop_base.py:553] Node[0] 600 / 1505
2026-07-09 16:40:07,789 INFO [loop_base.py:553] Node[0] 800 / 1505
2026-07-09 16:40:43,540 INFO [loop_base.py:553] Node[0] 1000 / 1505
2026-07-09 16:41:12,221 INFO [loop_base.py:553] Node[0] 1200 / 1505
2026-07-09 16:41:45,976 INFO [loop_base.py:553] Node[0] 1400 / 1505
2026-07-09 16:42:05,050 INFO [nuscenes_metric.py:322] Node[0] The length of self.nusc_annos is: 1505
2026-07-09 16:42:07,567 INFO [nuscenes_metric.py:346] Node[0] Results writes to ./metric_results/bevfusion_centerpoint_pointpillar_henet_multisensor_multitask_nuscenes/results_nusc.json
2026-07-09 16:44:02,648 INFO [nuscenes_metric.py:388] Node[0] NDS: 0.5860, mAP:0.5168
car_AP: [0.5]:0.6674  [1.0]:0.8358  [2.0]:0.8843  [4.0]:0.8995 
truck_AP: [0.5]:0.2757  [1.0]:0.4970  [2.0]:0.6068  [4.0]:0.6409 
trailer_AP: [0.5]:0.0831  [1.0]:0.3144  [2.0]:0.4685  [4.0]:0.5760 
bus_AP: [0.5]:0.3878  [1.0]:0.6370  [2.0]:0.7722  [4.0]:0.8124 
construction_vehicle_AP: [0.5]:0.0080  [1.0]:0.1238  [2.0]:0.2686  [4.0]:0.3475 
bicycle_AP: [0.5]:0.3410  [1.0]:0.4568  [2.0]:0.4744  [4.0]:0.4892 
motorcycle_AP: [0.5]:0.3764  [1.0]:0.5734  [2.0]:0.6140  [4.0]:0.6254 
pedestrian_AP: [0.5]:0.4071  [1.0]:0.5688  [2.0]:0.5911  [4.0]:0.6298 
traffic_cone_AP: [0.5]:0.4439  [1.0]:0.5920  [2.0]:0.6364  [4.0]:0.6874 
barrier_AP: [0.5]:0.2753  [1.0]:0.5376  [2.0]:0.6052  [4.0]:0.6388 

2026-07-09 16:44:02,871 WARNING [metric.py:200] Node[0] <class 'hat.metrics.nuscenes_metric.NuscenesMetric'> not ready for distributed environment, should not be used together with DistributedSampler.Might be slow in validation due to resource competition
2026-07-09 16:44:02,887 INFO [mean_iou.py:170] Node[0] ~~~~ MeanIOU Summary metrics ~~~~
Summary:
Scope                 mIoU       mAcc       aAcc
global               47.05      54.68      74.21
Per Class Results:
Class                  IoU        Acc
others                3.95       4.15
barrier              50.71      61.11
bicycle              26.16      29.13
bus                  62.72      66.21
car                  70.66      80.68
construction_vehicle      29.34      32.91
motorcycle           37.18      40.37
pedestrian           55.56      63.98
traffic_cone         30.25      36.63
trailer              43.67      65.91
truck                51.87      59.49
driveable_surface      78.17      90.87
other_flat           31.22      35.38
sidewalk             43.76      55.58
terrain              50.28      61.00
manmade              64.74      71.36
vegetation           69.53      74.85

2026-07-09 16:44:02,892 INFO [metric_updater.py:360] Node[0] Epoch[5] Validation bevfusion_centerpoint_pointpillar_henet_multisensor_multitask_nuscenes: NDS[0.5860] MeanIOU[tensor(0.4705, device='cuda:0')] 
2026-07-09 16:44:11,618 INFO [checkpoint.py:233] Node[0] Save model checkpoint: ./tmp_models/bevfusion_centerpoint_pointpillar_henet_multisensor_multitask_nuscenes/float-checkpoint-epoch-0005-5eef7838.pth.tar
2026-07-09 16:44:12,758 INFO [checkpoint.py:270] Node[0] Save last model checkpoint: ./tmp_models/bevfusion_centerpoint_pointpillar_henet_multisensor_multitask_nuscenes/float-checkpoint-last-cffe7532.pth.tar
2026-07-09 16:44:12,774 INFO [monitor.py:143] Node[0] Epoch[6] Begin ==================================================
2026-07-09 16:44:12,775 INFO [lr_updater.py:204] Node[0] Epoch[6] Step[0] GlobalStep[7038] lr=0.000341
2026-07-09 16:49:16,808 INFO [monitor.py:131] Node[0] Epoch[6] Step[0-199] Cost Time: 304.025s Speed: 3.95 samples/sec Remaining Time: 8:52:31 Remaining step percent: 74.29%
2026-07-09 16:49:18,848 INFO [metric_updater.py:360] Node[0] Epoch[6] Step[199] GlobalStep[7237] loss_bevfusion_centerpoint_pointpillar_henet_multisensor_multitask_nuscenes: car_cls_loss[0.3839] car_reg_loss[0.3783] truck_cls_loss[0.4155] truck_reg_loss[0.3830] bus_cls_loss[0.3045] bus_reg_loss[0.3594] barrier_cls_loss[0.3682] barrier_reg_loss[0.4623] bicycle_cls_loss[0.3234] bicycle_reg_loss[0.3888] pedestrian_cls_loss[0.3471] pedestrian_reg_loss[0.5724] loss_occ[1.4816] 
2026-07-09 16:54:05,073 INFO [monitor.py:131] Node[0] Epoch[6] Step[200-399] Cost Time: 288.259s Speed: 4.16 samples/sec Remaining Time: 8:17:34 Remaining step percent: 73.58%
2026-07-09 16:54:06,303 INFO [metric_updater.py:360] Node[0] Epoch[6] Step[399] GlobalStep[7437] loss_bevfusion_centerpoint_pointpillar_henet_multisensor_multitask_nuscenes: car_cls_loss[0.3905] car_reg_loss[0.3768] truck_cls_loss[0.4150] truck_reg_loss[0.3830] bus_cls_loss[0.3140] bus_reg_loss[0.3704] barrier_cls_loss[0.3522] barrier_reg_loss[0.4541] bicycle_cls_loss[0.3266] bicycle_reg_loss[0.3926] pedestrian_cls_loss[0.3462] pedestrian_reg_loss[0.5690] loss_occ[1.4798] 
2026-07-09 16:59:12,021 INFO [monitor.py:131] Node[0] Epoch[6] Step[400-599] Cost Time: 306.946s Speed: 3.91 samples/sec Remaining Time: 8:44:43 Remaining step percent: 72.87%
2026-07-09 16:59:13,091 INFO [metric_updater.py:360] Node[0] Epoch[6] Step[599] GlobalStep[7637] loss_bevfusion_centerpoint_pointpillar_henet_multisensor_multitask_nuscenes: car_cls_loss[0.3945] car_reg_loss[0.3805] truck_cls_loss[0.4332] truck_reg_loss[0.3904] bus_cls_loss[0.3125] bus_reg_loss[0.3718] barrier_cls_loss[0.3511] barrier_reg_loss[0.4530] bicycle_cls_loss[0.3264] bicycle_reg_loss[0.3925] pedestrian_cls_loss[0.3466] pedestrian_reg_loss[0.5683] loss_occ[1.4909] 
2026-07-09 17:04:07,451 INFO [monitor.py:131] Node[0] Epoch[6] Step[600-799] Cost Time: 295.427s Speed: 4.06 samples/sec Remaining Time: 8:20:06 Remaining step percent: 72.16%
2026-07-09 17:04:09,243 INFO [metric_updater.py:360] Node[0] Epoch[6] Step[799] GlobalStep[7837] loss_bevfusion_centerpoint_pointpillar_henet_multisensor_multitask_nuscenes: car_cls_loss[0.3963] car_reg_loss[0.3801] truck_cls_loss[0.4369] truck_reg_loss[0.3893] bus_cls_loss[0.3171] bus_reg_loss[0.3702] barrier_cls_loss[0.3430] barrier_reg_loss[0.4460] bicycle_cls_loss[0.3232] bicycle_reg_loss[0.3878] pedestrian_cls_loss[0.3484] pedestrian_reg_loss[0.5686] loss_occ[1.4869] 
2026-07-09 17:09:23,823 INFO [monitor.py:131] Node[0] Epoch[6] Step[800-999] Cost Time: 316.370s Speed: 3.79 samples/sec Remaining Time: 8:50:17 Remaining step percent: 71.45%
2026-07-09 17:09:25,111 INFO [metric_updater.py:360] Node[0] Epoch[6] Step[999] GlobalStep[8037] loss_bevfusion_centerpoint_pointpillar_henet_multisensor_multitask_nuscenes: car_cls_loss[0.3977] car_reg_loss[0.3807] truck_cls_loss[0.4400] truck_reg_loss[0.3885] bus_cls_loss[0.3185] bus_reg_loss[0.3713] barrier_cls_loss[0.3450] barrier_reg_loss[0.4387] bicycle_cls_loss[0.3166] bicycle_reg_loss[0.3851] pedestrian_cls_loss[0.3515] pedestrian_reg_loss[0.5690] loss_occ[1.4933] 
2026-07-09 17:13:40,762 INFO [monitor.py:146] Node[0] Epoch[6] End   ==================================================
2026-07-09 17:13:40,764 INFO [monitor.py:149] Node[0] Epoch[6] Cost Time: 1767.990s
2026-07-09 17:13:40,764 INFO [metric_updater.py:360] Node[0] Epoch[6] loss_bevfusion_centerpoint_pointpillar_henet_multisensor_multitask_nuscenes: car_cls_loss[0.3986] car_reg_loss[0.3813] truck_cls_loss[0.4409] truck_reg_loss[0.3897] bus_cls_loss[0.3144] bus_reg_loss[0.3705] barrier_cls_loss[0.3477] barrier_reg_loss[0.4416] bicycle_cls_loss[0.3257] bicycle_reg_loss[0.3853] pedestrian_cls_loss[0.3534] pedestrian_reg_loss[0.5703] loss_occ[1.4899] 
2026-07-09 17:13:40,764 INFO [validation.py:156] Node[0] [32mUse train `model` as val model.[0m
2026-07-09 17:13:41,028 INFO [loop_base.py:482] Node[0] [32mStart Predictor loop from epoch 6, num_epochs=1[0m
2026-07-09 17:13:41,033 INFO [fake_quantize.py:253] Node[0] Set fake quantize state to FakeQuantState.VALIDATION
2026-07-09 17:13:49,075 INFO [loop_base.py:553] Node[0] 0 / 1505
2026-07-09 17:14:15,353 INFO [loop_base.py:553] Node[0] 200 / 1505
2026-07-09 17:14:54,870 INFO [loop_base.py:553] Node[0] 400 / 1505
2026-07-09 17:15:29,036 INFO [loop_base.py:553] Node[0] 600 / 1505
2026-07-09 17:16:26,513 INFO [loop_base.py:553] Node[0] 800 / 1505
2026-07-09 17:17:08,637 INFO [loop_base.py:553] Node[0] 1000 / 1505
2026-07-09 17:17:49,791 INFO [loop_base.py:553] Node[0] 1200 / 1505
2026-07-09 17:18:15,198 INFO [loop_base.py:553] Node[0] 1400 / 1505
2026-07-09 17:18:29,887 INFO [nuscenes_metric.py:322] Node[0] The length of self.nusc_annos is: 1505
2026-07-09 17:18:32,676 INFO [nuscenes_metric.py:346] Node[0] Results writes to ./metric_results/bevfusion_centerpoint_pointpillar_henet_multisensor_multitask_nuscenes/results_nusc.json
2026-07-09 17:20:28,623 INFO [nuscenes_metric.py:388] Node[0] NDS: 0.5800, mAP:0.5157
car_AP: [0.5]:0.6647  [1.0]:0.8315  [2.0]:0.8800  [4.0]:0.8941 
truck_AP: [0.5]:0.2963  [1.0]:0.5161  [2.0]:0.6106  [4.0]:0.6548 
trailer_AP: [0.5]:0.0764  [1.0]:0.2548  [2.0]:0.4226  [4.0]:0.5190 
bus_AP: [0.5]:0.3797  [1.0]:0.6568  [2.0]:0.7657  [4.0]:0.8130 
construction_vehicle_AP: [0.5]:0.0009  [1.0]:0.1000  [2.0]:0.2569  [4.0]:0.3302 
bicycle_AP: [0.5]:0.2952  [1.0]:0.4040  [2.0]:0.4248  [4.0]:0.4357 
motorcycle_AP: [0.5]:0.3993  [1.0]:0.6109  [2.0]:0.6445  [4.0]:0.6578 
pedestrian_AP: [0.5]:0.3954  [1.0]:0.5631  [2.0]:0.5911  [4.0]:0.6322 
traffic_cone_AP: [0.5]:0.4593  [1.0]:0.5971  [2.0]:0.6385  [4.0]:0.6963 
barrier_AP: [0.5]:0.3278  [1.0]:0.5887  [2.0]:0.6599  [4.0]:0.6842 

2026-07-09 17:20:28,830 WARNING [metric.py:200] Node[0] <class 'hat.metrics.nuscenes_metric.NuscenesMetric'> not ready for distributed environment, should not be used together with DistributedSampler.Might be slow in validation due to resource competition
2026-07-09 17:20:28,847 INFO [mean_iou.py:170] Node[0] ~~~~ MeanIOU Summary metrics ~~~~
Summary:
Scope                 mIoU       mAcc       aAcc
global               46.27      53.30      73.17
Per Class Results:
Class                  IoU        Acc
others                4.03       4.23
barrier              50.93      60.91
bicycle              22.76      25.10
bus                  68.34      73.86
car                  69.21      76.47
construction_vehicle      27.55      30.93
motorcycle           38.18      42.51
pedestrian           49.68      55.34
traffic_cone         22.47      24.57
trailer              46.77      59.13
truck                51.95      58.21
driveable_surface      79.53      86.13
other_flat           30.30      34.42
sidewalk             45.47      65.31
terrain              48.63      66.04
manmade              64.63      70.97
vegetation           66.24      71.93

2026-07-09 17:20:28,849 INFO [metric_updater.py:360] Node[0] Epoch[6] Validation bevfusion_centerpoint_pointpillar_henet_multisensor_multitask_nuscenes: NDS[0.5800] MeanIOU[tensor(0.4627, device='cuda:0')] 
2026-07-09 17:20:36,808 INFO [checkpoint.py:233] Node[0] Save model checkpoint: ./tmp_models/bevfusion_centerpoint_pointpillar_henet_multisensor_multitask_nuscenes/float-checkpoint-epoch-0006-5335b819.pth.tar
2026-07-09 17:20:37,659 INFO [checkpoint.py:270] Node[0] Save last model checkpoint: ./tmp_models/bevfusion_centerpoint_pointpillar_henet_multisensor_multitask_nuscenes/float-checkpoint-last-5164ec91.pth.tar
2026-07-09 17:20:37,667 INFO [monitor.py:143] Node[0] Epoch[7] Begin ==================================================
2026-07-09 17:20:37,668 INFO [lr_updater.py:204] Node[0] Epoch[7] Step[0] GlobalStep[8211] lr=0.000322
2026-07-09 17:25:32,515 INFO [monitor.py:131] Node[0] Epoch[7] Step[0-199] Cost Time: 294.844s Speed: 4.07 samples/sec Remaining Time: 8:07:28 Remaining step percent: 70.12%
2026-07-09 17:25:33,664 INFO [metric_updater.py:360] Node[0] Epoch[7] Step[199] GlobalStep[8410] loss_bevfusion_centerpoint_pointpillar_henet_multisensor_multitask_nuscenes: car_cls_loss[0.3969] car_reg_loss[0.3786] truck_cls_loss[0.4186] truck_reg_loss[0.3799] bus_cls_loss[0.2791] bus_reg_loss[0.3598] barrier_cls_loss[0.3752] barrier_reg_loss[0.4491] bicycle_cls_loss[0.2422] bicycle_reg_loss[0.3730] pedestrian_cls_loss[0.3317] pedestrian_reg_loss[0.5567] loss_occ[1.4551] 
2026-07-09 17:30:13,303 INFO [monitor.py:131] Node[0] Epoch[7] Step[200-399] Cost Time: 280.786s Speed: 4.27 samples/sec Remaining Time: 7:37:14 Remaining step percent: 69.41%
2026-07-09 17:30:14,351 INFO [metric_updater.py:360] Node[0] Epoch[7] Step[399] GlobalStep[8610] loss_bevfusion_centerpoint_pointpillar_henet_multisensor_multitask_nuscenes: car_cls_loss[0.3881] car_reg_loss[0.3760] truck_cls_loss[0.4127] truck_reg_loss[0.3806] bus_cls_loss[0.2715] bus_reg_loss[0.3612] barrier_cls_loss[0.3658] barrier_reg_loss[0.4405] bicycle_cls_loss[0.2779] bicycle_reg_loss[0.3776] pedestrian_cls_loss[0.3422] pedestrian_reg_loss[0.5611] loss_occ[1.4659] 
2026-07-09 17:35:11,605 INFO [monitor.py:131] Node[0] Epoch[7] Step[400-599] Cost Time: 298.301s Speed: 4.02 samples/sec Remaining Time: 8:00:47 Remaining step percent: 68.70%
2026-07-09 17:35:12,620 INFO [metric_updater.py:360] Node[0] Epoch[7] Step[599] GlobalStep[8810] loss_bevfusion_centerpoint_pointpillar_henet_multisensor_multitask_nuscenes: car_cls_loss[0.3857] car_reg_loss[0.3750] truck_cls_loss[0.4161] truck_reg_loss[0.3800] bus_cls_loss[0.2811] bus_reg_loss[0.3582] barrier_cls_loss[0.3485] barrier_reg_loss[0.4312] bicycle_cls_loss[0.3032] bicycle_reg_loss[0.3760] pedestrian_cls_loss[0.3389] pedestrian_reg_loss[0.5607] loss_occ[1.4610] 
2026-07-09 17:39:52,963 INFO [monitor.py:131] Node[0] Epoch[7] Step[600-799] Cost Time: 281.355s Speed: 4.27 samples/sec Remaining Time: 7:28:47 Remaining step percent: 67.99%
2026-07-09 17:39:54,192 INFO [metric_updater.py:360] Node[0] Epoch[7] Step[799] GlobalStep[9010] loss_bevfusion_centerpoint_pointpillar_henet_multisensor_multitask_nuscenes: car_cls_loss[0.3847] car_reg_loss[0.3751] truck_cls_loss[0.4135] truck_reg_loss[0.3787] bus_cls_loss[0.2783] bus_reg_loss[0.3599] barrier_cls_loss[0.3446] barrier_reg_loss[0.4231] bicycle_cls_loss[0.3038] bicycle_reg_loss[0.3729] pedestrian_cls_loss[0.3409] pedestrian_reg_loss[0.5600] loss_occ[1.4602] 
2026-07-09 17:45:04,414 INFO [monitor.py:131] Node[0] Epoch[7] Step[800-999] Cost Time: 311.448s Speed: 3.85 samples/sec Remaining Time: 8:11:35 Remaining step percent: 67.28%
2026-07-09 17:45:05,695 INFO [metric_updater.py:360] Node[0] Epoch[7] Step[999] GlobalStep[9210] loss_bevfusion_centerpoint_pointpillar_henet_multisensor_multitask_nuscenes: car_cls_loss[0.3860] car_reg_loss[0.3763] truck_cls_loss[0.4146] truck_reg_loss[0.3770] bus_cls_loss[0.2815] bus_reg_loss[0.3588] barrier_cls_loss[0.3499] barrier_reg_loss[0.4242] bicycle_cls_loss[0.3053] bicycle_reg_loss[0.3743] pedestrian_cls_loss[0.3426] pedestrian_reg_loss[0.5601] loss_occ[1.4621] 
2026-07-09 17:49:32,796 INFO [monitor.py:146] Node[0] Epoch[7] End   ==================================================
2026-07-09 17:49:32,797 INFO [monitor.py:149] Node[0] Epoch[7] Cost Time: 1735.130s
2026-07-09 17:49:32,798 INFO [metric_updater.py:360] Node[0] Epoch[7] loss_bevfusion_centerpoint_pointpillar_henet_multisensor_multitask_nuscenes: car_cls_loss[0.3852] car_reg_loss[0.3759] truck_cls_loss[0.4186] truck_reg_loss[0.3788] bus_cls_loss[0.2845] bus_reg_loss[0.3579] barrier_cls_loss[0.3452] barrier_reg_loss[0.4228] bicycle_cls_loss[0.3031] bicycle_reg_loss[0.3760] pedestrian_cls_loss[0.3401] pedestrian_reg_loss[0.5593] loss_occ[1.4618] 
2026-07-09 17:49:32,798 INFO [validation.py:156] Node[0] [32mUse train `model` as val model.[0m
2026-07-09 17:49:33,584 INFO [loop_base.py:482] Node[0] [32mStart Predictor loop from epoch 7, num_epochs=1[0m
2026-07-09 17:49:33,587 INFO [fake_quantize.py:253] Node[0] Set fake quantize state to FakeQuantState.VALIDATION
2026-07-09 17:49:39,422 INFO [loop_base.py:553] Node[0] 0 / 1505
2026-07-09 17:50:06,051 INFO [loop_base.py:553] Node[0] 200 / 1505
2026-07-09 17:50:30,650 INFO [loop_base.py:553] Node[0] 400 / 1505
2026-07-09 17:50:55,165 INFO [loop_base.py:553] Node[0] 600 / 1505
2026-07-09 17:51:30,801 INFO [loop_base.py:553] Node[0] 800 / 1505
2026-07-09 17:52:10,078 INFO [loop_base.py:553] Node[0] 1000 / 1505
2026-07-09 17:52:36,263 INFO [loop_base.py:553] Node[0] 1200 / 1505
2026-07-09 17:53:19,512 INFO [loop_base.py:553] Node[0] 1400 / 1505
2026-07-09 17:53:46,992 INFO [nuscenes_metric.py:322] Node[0] The length of self.nusc_annos is: 1505
2026-07-09 17:53:49,126 INFO [nuscenes_metric.py:346] Node[0] Results writes to ./metric_results/bevfusion_centerpoint_pointpillar_henet_multisensor_multitask_nuscenes/results_nusc.json
2026-07-09 17:55:44,612 INFO [nuscenes_metric.py:388] Node[0] NDS: 0.5892, mAP:0.5157
car_AP: [0.5]:0.6692  [1.0]:0.8305  [2.0]:0.8797  [4.0]:0.8991 
truck_AP: [0.5]:0.3016  [1.0]:0.5183  [2.0]:0.6190  [4.0]:0.6510 
trailer_AP: [0.5]:0.0800  [1.0]:0.2622  [2.0]:0.4059  [4.0]:0.4982 
bus_AP: [0.5]:0.4056  [1.0]:0.6714  [2.0]:0.7791  [4.0]:0.8123 
construction_vehicle_AP: [0.5]:0.0077  [1.0]:0.1313  [2.0]:0.2759  [4.0]:0.3777 
bicycle_AP: [0.5]:0.2800  [1.0]:0.3918  [2.0]:0.4103  [4.0]:0.4194 
motorcycle_AP: [0.5]:0.3927  [1.0]:0.5835  [2.0]:0.6271  [4.0]:0.6395 
pedestrian_AP: [0.5]:0.4034  [1.0]:0.5678  [2.0]:0.5967  [4.0]:0.6341 
traffic_cone_AP: [0.5]:0.4697  [1.0]:0.5960  [2.0]:0.6341  [4.0]:0.6843 
barrier_AP: [0.5]:0.2965  [1.0]:0.5812  [2.0]:0.6591  [4.0]:0.6839 

2026-07-09 17:55:44,834 WARNING [metric.py:200] Node[0] <class 'hat.metrics.nuscenes_metric.NuscenesMetric'> not ready for distributed environment, should not be used together with DistributedSampler.Might be slow in validation due to resource competition
2026-07-09 17:55:44,855 INFO [mean_iou.py:170] Node[0] ~~~~ MeanIOU Summary metrics ~~~~
Summary:
Scope                 mIoU       mAcc       aAcc
global               46.98      54.59      72.68
Per Class Results:
Class                  IoU        Acc
others                3.25       3.33
barrier              51.11      63.33
bicycle              26.33      29.73
bus                  64.39      68.73
car                  67.57      75.08
construction_vehicle      30.65      35.29
motorcycle           38.43      42.37
pedestrian           51.28      57.90
traffic_cone         31.46      39.63
trailer              45.81      53.76
truck                56.08      66.16
driveable_surface      78.90      84.77
other_flat           32.82      38.62
sidewalk             43.30      52.76
terrain              47.44      73.97
manmade              63.40      68.72
vegetation           66.53      73.80

2026-07-09 17:55:44,856 INFO [metric_updater.py:360] Node[0] Epoch[7] Validation bevfusion_centerpoint_pointpillar_henet_multisensor_multitask_nuscenes: NDS[0.5892] MeanIOU[tensor(0.4698, device='cuda:0')] 
2026-07-09 17:55:52,404 INFO [checkpoint.py:233] Node[0] Save model checkpoint: ./tmp_models/bevfusion_centerpoint_pointpillar_henet_multisensor_multitask_nuscenes/float-checkpoint-epoch-0007-b8319a2b.pth.tar
2026-07-09 17:55:53,496 INFO [checkpoint.py:270] Node[0] Save last model checkpoint: ./tmp_models/bevfusion_centerpoint_pointpillar_henet_multisensor_multitask_nuscenes/float-checkpoint-last-d7964e55.pth.tar
2026-07-09 17:55:53,511 INFO [monitor.py:143] Node[0] Epoch[8] Begin ==================================================
2026-07-09 17:55:53,511 INFO [lr_updater.py:204] Node[0] Epoch[8] Step[0] GlobalStep[9384] lr=0.000300
2026-07-09 18:00:43,612 INFO [monitor.py:131] Node[0] Epoch[8] Step[0-199] Cost Time: 290.094s Speed: 4.14 samples/sec Remaining Time: 7:31:07 Remaining step percent: 65.96%
2026-07-09 18:00:44,689 INFO [metric_updater.py:360] Node[0] Epoch[8] Step[199] GlobalStep[9583] loss_bevfusion_centerpoint_pointpillar_henet_multisensor_multitask_nuscenes: car_cls_loss[0.3837] car_reg_loss[0.3741] truck_cls_loss[0.3847] truck_reg_loss[0.3699] bus_cls_loss[0.2572] bus_reg_loss[0.3534] barrier_cls_loss[0.3286] barrier_reg_loss[0.4221] bicycle_cls_loss[0.2305] bicycle_reg_loss[0.3656] pedestrian_cls_loss[0.3213] pedestrian_reg_loss[0.5486] loss_occ[1.4361] 
2026-07-09 18:05:05,956 INFO [monitor.py:131] Node[0] Epoch[8] Step[200-399] Cost Time: 262.343s Speed: 4.57 samples/sec Remaining Time: 6:41:33 Remaining step percent: 65.25%
2026-07-09 18:05:07,060 INFO [metric_updater.py:360] Node[0] Epoch[8] Step[399] GlobalStep[9783] loss_bevfusion_centerpoint_pointpillar_henet_multisensor_multitask_nuscenes: car_cls_loss[0.3802] car_reg_loss[0.3717] truck_cls_loss[0.3758] truck_reg_loss[0.3653] bus_cls_loss[0.2685] bus_reg_loss[0.3477] barrier_cls_loss[0.3311] barrier_reg_loss[0.4217] bicycle_cls_loss[0.2402] bicycle_reg_loss[0.3627] pedestrian_cls_loss[0.3177] pedestrian_reg_loss[0.5494] loss_occ[1.4518] 
2026-07-09 18:09:53,467 INFO [monitor.py:131] Node[0] Epoch[8] Step[400-599] Cost Time: 287.509s Speed: 4.17 samples/sec Remaining Time: 7:15:17 Remaining step percent: 64.54%
2026-07-09 18:09:54,657 INFO [metric_updater.py:360] Node[0] Epoch[8] Step[599] GlobalStep[9983] loss_bevfusion_centerpoint_pointpillar_henet_multisensor_multitask_nuscenes: car_cls_loss[0.3793] car_reg_loss[0.3721] truck_cls_loss[0.3755] truck_reg_loss[0.3665] bus_cls_loss[0.2654] bus_reg_loss[0.3511] barrier_cls_loss[0.3269] barrier_reg_loss[0.4198] bicycle_cls_loss[0.2538] bicycle_reg_loss[0.3621] pedestrian_cls_loss[0.3220] pedestrian_reg_loss[0.5505] loss_occ[1.4484] 
2026-07-09 18:14:28,437 INFO [monitor.py:131] Node[0] Epoch[8] Step[600-799] Cost Time: 274.967s Speed: 4.36 samples/sec Remaining Time: 6:51:43 Remaining step percent: 63.82%
2026-07-09 18:14:29,779 INFO [metric_updater.py:360] Node[0] Epoch[8] Step[799] GlobalStep[10183] loss_bevfusion_centerpoint_pointpillar_henet_multisensor_multitask_nuscenes: car_cls_loss[0.3818] car_reg_loss[0.3733] truck_cls_loss[0.3815] truck_reg_loss[0.3673] bus_cls_loss[0.2598] bus_reg_loss[0.3466] barrier_cls_loss[0.3311] barrier_reg_loss[0.4225] bicycle_cls_loss[0.2633] bicycle_reg_loss[0.3645] pedestrian_cls_loss[0.3266] pedestrian_reg_loss[0.5521] loss_occ[1.4453] 
2026-07-09 18:19:05,709 INFO [monitor.py:131] Node[0] Epoch[8] Step[800-999] Cost Time: 277.271s Speed: 4.33 samples/sec Remaining Time: 6:50:32 Remaining step percent: 63.11%
2026-07-09 18:19:09,358 INFO [metric_updater.py:360] Node[0] Epoch[8] Step[999] GlobalStep[10383] loss_bevfusion_centerpoint_pointpillar_henet_multisensor_multitask_nuscenes: car_cls_loss[0.3853] car_reg_loss[0.3735] truck_cls_loss[0.3833] truck_reg_loss[0.3664] bus_cls_loss[0.2702] bus_reg_loss[0.3461] barrier_cls_loss[0.3348] barrier_reg_loss[0.4222] bicycle_cls_loss[0.2676] bicycle_reg_loss[0.3641] pedestrian_cls_loss[0.3279] pedestrian_reg_loss[0.5523] loss_occ[1.4479] 
2026-07-09 18:23:16,384 INFO [monitor.py:146] Node[0] Epoch[8] End   ==================================================
2026-07-09 18:23:16,386 INFO [monitor.py:149] Node[0] Epoch[8] Cost Time: 1642.876s
2026-07-09 18:23:16,387 INFO [metric_updater.py:360] Node[0] Epoch[8] loss_bevfusion_centerpoint_pointpillar_henet_multisensor_multitask_nuscenes: car_cls_loss[0.3840] car_reg_loss[0.3727] truck_cls_loss[0.3822] truck_reg_loss[0.3658] bus_cls_loss[0.2685] bus_reg_loss[0.3433] barrier_cls_loss[0.3327] barrier_reg_loss[0.4201] bicycle_cls_loss[0.2710] bicycle_reg_loss[0.3638] pedestrian_cls_loss[0.3292] pedestrian_reg_loss[0.5516] loss_occ[1.4481] 
2026-07-09 18:23:16,387 INFO [validation.py:156] Node[0] [32mUse train `model` as val model.[0m
2026-07-09 18:23:16,634 INFO [loop_base.py:482] Node[0] [32mStart Predictor loop from epoch 8, num_epochs=1[0m
2026-07-09 18:23:16,639 INFO [fake_quantize.py:253] Node[0] Set fake quantize state to FakeQuantState.VALIDATION
2026-07-09 18:23:23,327 INFO [loop_base.py:553] Node[0] 0 / 1505
2026-07-09 18:24:09,395 INFO [loop_base.py:553] Node[0] 200 / 1505
2026-07-09 18:24:42,454 INFO [loop_base.py:553] Node[0] 400 / 1505
2026-07-09 18:25:07,677 INFO [loop_base.py:553] Node[0] 600 / 1505
2026-07-09 18:25:33,111 INFO [loop_base.py:553] Node[0] 800 / 1505
2026-07-09 18:26:00,671 INFO [loop_base.py:553] Node[0] 1000 / 1505
2026-07-09 18:26:32,594 INFO [loop_base.py:553] Node[0] 1200 / 1505
2026-07-09 18:26:58,445 INFO [loop_base.py:553] Node[0] 1400 / 1505
2026-07-09 18:27:15,917 INFO [nuscenes_metric.py:322] Node[0] The length of self.nusc_annos is: 1505
2026-07-09 18:27:18,827 INFO [nuscenes_metric.py:346] Node[0] Results writes to ./metric_results/bevfusion_centerpoint_pointpillar_henet_multisensor_multitask_nuscenes/results_nusc.json
2026-07-09 18:29:09,545 INFO [nuscenes_metric.py:388] Node[0] NDS: 0.5918, mAP:0.5206
car_AP: [0.5]:0.6761  [1.0]:0.8426  [2.0]:0.8862  [4.0]:0.9051 
truck_AP: [0.5]:0.3186  [1.0]:0.5361  [2.0]:0.6337  [4.0]:0.6660 
trailer_AP: [0.5]:0.0786  [1.0]:0.2812  [2.0]:0.4494  [4.0]:0.5528 
bus_AP: [0.5]:0.4048  [1.0]:0.6769  [2.0]:0.7829  [4.0]:0.8215 
construction_vehicle_AP: [0.5]:0.0066  [1.0]:0.1104  [2.0]:0.2357  [4.0]:0.3357 
bicycle_AP: [0.5]:0.3195  [1.0]:0.4314  [2.0]:0.4411  [4.0]:0.4551 
motorcycle_AP: [0.5]:0.3996  [1.0]:0.5953  [2.0]:0.6332  [4.0]:0.6440 
pedestrian_AP: [0.5]:0.4076  [1.0]:0.5639  [2.0]:0.5892  [4.0]:0.6201 
traffic_cone_AP: [0.5]:0.4669  [1.0]:0.5871  [2.0]:0.6282  [4.0]:0.6768 
barrier_AP: [0.5]:0.3058  [1.0]:0.5649  [2.0]:0.6377  [4.0]:0.6541 

2026-07-09 18:29:09,731 WARNING [metric.py:200] Node[0] <class 'hat.metrics.nuscenes_metric.NuscenesMetric'> not ready for distributed environment, should not be used together with DistributedSampler.Might be slow in validation due to resource competition
2026-07-09 18:29:09,747 INFO [mean_iou.py:170] Node[0] ~~~~ MeanIOU Summary metrics ~~~~
Summary:
Scope                 mIoU       mAcc       aAcc
global               47.10      54.32      74.58
Per Class Results:
Class                  IoU        Acc
others                4.24       4.49
barrier              50.73      62.06
bicycle              25.94      29.43
bus                  67.01      72.64
car                  67.49      76.35
construction_vehicle      26.67      30.00
motorcycle           40.15      44.18
pedestrian           50.82      57.45
traffic_cone         26.92      31.34
trailer              46.79      58.54
truck                54.80      62.86
driveable_surface      77.77      85.31
other_flat           32.07      36.60
sidewalk             42.91      52.64
terrain              49.61      67.94
manmade              66.60      74.61
vegetation           70.23      76.95

2026-07-09 18:29:09,751 INFO [metric_updater.py:360] Node[0] Epoch[8] Validation bevfusion_centerpoint_pointpillar_henet_multisensor_multitask_nuscenes: NDS[0.5918] MeanIOU[tensor(0.4710, device='cuda:0')] 
2026-07-09 18:29:16,807 INFO [checkpoint.py:233] Node[0] Save model checkpoint: ./tmp_models/bevfusion_centerpoint_pointpillar_henet_multisensor_multitask_nuscenes/float-checkpoint-epoch-0008-c28b078c.pth.tar
2026-07-09 18:29:17,661 INFO [checkpoint.py:270] Node[0] Save last model checkpoint: ./tmp_models/bevfusion_centerpoint_pointpillar_henet_multisensor_multitask_nuscenes/float-checkpoint-last-f4b9c316.pth.tar
2026-07-09 18:29:17,670 INFO [monitor.py:143] Node[0] Epoch[9] Begin ==================================================
2026-07-09 18:29:17,670 INFO [lr_updater.py:204] Node[0] Epoch[9] Step[0] GlobalStep[10557] lr=0.000277
2026-07-09 18:34:03,310 INFO [monitor.py:131] Node[0] Epoch[9] Step[0-199] Cost Time: 285.637s Speed: 4.20 samples/sec Remaining Time: 6:56:08 Remaining step percent: 61.79%
2026-07-09 18:34:04,533 INFO [metric_updater.py:360] Node[0] Epoch[9] Step[199] GlobalStep[10756] loss_bevfusion_centerpoint_pointpillar_henet_multisensor_multitask_nuscenes: car_cls_loss[0.3819] car_reg_loss[0.3770] truck_cls_loss[0.3680] truck_reg_loss[0.3587] bus_cls_loss[0.2257] bus_reg_loss[0.3393] barrier_cls_loss[0.2847] barrier_reg_loss[0.4254] bicycle_cls_loss[0.3268] bicycle_reg_loss[0.3415] pedestrian_cls_loss[0.3169] pedestrian_reg_loss[0.5503] loss_occ[1.4338] 
2026-07-09 18:38:37,709 INFO [monitor.py:131] Node[0] Epoch[9] Step[200-399] Cost Time: 274.397s Speed: 4.37 samples/sec Remaining Time: 6:33:11 Remaining step percent: 61.08%
2026-07-09 18:38:38,880 INFO [metric_updater.py:360] Node[0] Epoch[9] Step[399] GlobalStep[10956] loss_bevfusion_centerpoint_pointpillar_henet_multisensor_multitask_nuscenes: car_cls_loss[0.3749] car_reg_loss[0.3726] truck_cls_loss[0.3700] truck_reg_loss[0.3590] bus_cls_loss[0.2352] bus_reg_loss[0.3377] barrier_cls_loss[0.3029] barrier_reg_loss[0.4301] bicycle_cls_loss[0.2886] bicycle_reg_loss[0.3375] pedestrian_cls_loss[0.3085] pedestrian_reg_loss[0.5485] loss_occ[1.4142] 
2026-07-09 18:43:21,152 INFO [monitor.py:131] Node[0] Epoch[9] Step[400-599] Cost Time: 283.441s Speed: 4.23 samples/sec Remaining Time: 6:41:25 Remaining step percent: 60.37%
2026-07-09 18:43:22,156 INFO [metric_updater.py:360] Node[0] Epoch[9] Step[599] GlobalStep[11156] loss_bevfusion_centerpoint_pointpillar_henet_multisensor_multitask_nuscenes: car_cls_loss[0.3717] car_reg_loss[0.3714] truck_cls_loss[0.3670] truck_reg_loss[0.3573] bus_cls_loss[0.2421] bus_reg_loss[0.3339] barrier_cls_loss[0.3246] barrier_reg_loss[0.4235] bicycle_cls_loss[0.2822] bicycle_reg_loss[0.3415] pedestrian_cls_loss[0.3076] pedestrian_reg_loss[0.5471] loss_occ[1.4128] 
2026-07-09 18:47:59,118 INFO [monitor.py:131] Node[0] Epoch[9] Step[600-799] Cost Time: 277.965s Speed: 4.32 samples/sec Remaining Time: 6:29:02 Remaining step percent: 59.66%
2026-07-09 18:48:00,282 INFO [metric_updater.py:360] Node[0] Epoch[9] Step[799] GlobalStep[11356] loss_bevfusion_centerpoint_pointpillar_henet_multisensor_multitask_nuscenes: car_cls_loss[0.3739] car_reg_loss[0.3706] truck_cls_loss[0.3628] truck_reg_loss[0.3571] bus_cls_loss[0.2445] bus_reg_loss[0.3342] barrier_cls_loss[0.3187] barrier_reg_loss[0.4213] bicycle_cls_loss[0.2845] bicycle_reg_loss[0.3478] pedestrian_cls_loss[0.3110] pedestrian_reg_loss[0.5460] loss_occ[1.4101] 
2026-07-09 18:52:46,225 INFO [monitor.py:131] Node[0] Epoch[9] Step[800-999] Cost Time: 287.106s Speed: 4.18 samples/sec Remaining Time: 6:37:02 Remaining step percent: 58.95%
2026-07-09 18:52:47,328 INFO [metric_updater.py:360] Node[0] Epoch[9] Step[999] GlobalStep[11556] loss_bevfusion_centerpoint_pointpillar_henet_multisensor_multitask_nuscenes: car_cls_loss[0.3735] car_reg_loss[0.3699] truck_cls_loss[0.3677] truck_reg_loss[0.3584] bus_cls_loss[0.2581] bus_reg_loss[0.3374] barrier_cls_loss[0.3184] barrier_reg_loss[0.4242] bicycle_cls_loss[0.2736] bicycle_reg_loss[0.3481] pedestrian_cls_loss[0.3129] pedestrian_reg_loss[0.5466] loss_occ[1.4120] 
2026-07-09 18:56:44,917 INFO [monitor.py:146] Node[0] Epoch[9] End   ==================================================
2026-07-09 18:56:44,919 INFO [monitor.py:149] Node[0] Epoch[9] Cost Time: 1647.249s
2026-07-09 18:56:44,919 INFO [metric_updater.py:360] Node[0] Epoch[9] loss_bevfusion_centerpoint_pointpillar_henet_multisensor_multitask_nuscenes: car_cls_loss[0.3750] car_reg_loss[0.3694] truck_cls_loss[0.3657] truck_reg_loss[0.3578] bus_cls_loss[0.2584] bus_reg_loss[0.3370] barrier_cls_loss[0.3205] barrier_reg_loss[0.4225] bicycle_cls_loss[0.2683] bicycle_reg_loss[0.3465] pedestrian_cls_loss[0.3143] pedestrian_reg_loss[0.5463] loss_occ[1.4097] 
2026-07-09 18:56:44,920 INFO [validation.py:156] Node[0] [32mUse train `model` as val model.[0m
2026-07-09 18:56:45,163 INFO [loop_base.py:482] Node[0] [32mStart Predictor loop from epoch 9, num_epochs=1[0m
2026-07-09 18:56:45,167 INFO [fake_quantize.py:253] Node[0] Set fake quantize state to FakeQuantState.VALIDATION
2026-07-09 18:56:51,943 INFO [loop_base.py:553] Node[0] 0 / 1505
2026-07-09 18:57:38,676 INFO [loop_base.py:553] Node[0] 200 / 1505
2026-07-09 18:58:05,550 INFO [loop_base.py:553] Node[0] 400 / 1505
2026-07-09 18:58:31,334 INFO [loop_base.py:553] Node[0] 600 / 1505
2026-07-09 18:58:56,673 INFO [loop_base.py:553] Node[0] 800 / 1505
2026-07-09 18:59:22,717 INFO [loop_base.py:553] Node[0] 1000 / 1505
2026-07-09 18:59:58,388 INFO [loop_base.py:553] Node[0] 1200 / 1505
2026-07-09 19:00:23,472 INFO [loop_base.py:553] Node[0] 1400 / 1505
2026-07-09 19:00:38,398 INFO [nuscenes_metric.py:322] Node[0] The length of self.nusc_annos is: 1505
2026-07-09 19:00:40,297 INFO [nuscenes_metric.py:346] Node[0] Results writes to ./metric_results/bevfusion_centerpoint_pointpillar_henet_multisensor_multitask_nuscenes/results_nusc.json
2026-07-09 19:02:29,618 INFO [nuscenes_metric.py:388] Node[0] NDS: 0.5883, mAP:0.5120
car_AP: [0.5]:0.6673  [1.0]:0.8251  [2.0]:0.8749  [4.0]:0.8882 
truck_AP: [0.5]:0.2864  [1.0]:0.4930  [2.0]:0.5990  [4.0]:0.6311 
trailer_AP: [0.5]:0.0735  [1.0]:0.2805  [2.0]:0.4585  [4.0]:0.5480 
bus_AP: [0.5]:0.4102  [1.0]:0.6733  [2.0]:0.7657  [4.0]:0.7932 
construction_vehicle_AP: [0.5]:0.0103  [1.0]:0.1053  [2.0]:0.2272  [4.0]:0.3026 
bicycle_AP: [0.5]:0.3339  [1.0]:0.4300  [2.0]:0.4406  [4.0]:0.4511 
motorcycle_AP: [0.5]:0.4014  [1.0]:0.6052  [2.0]:0.6356  [4.0]:0.6450 
pedestrian_AP: [0.5]:0.3826  [1.0]:0.5558  [2.0]:0.5850  [4.0]:0.6202 
traffic_cone_AP: [0.5]:0.4734  [1.0]:0.6058  [2.0]:0.6430  [4.0]:0.7013 
barrier_AP: [0.5]:0.2838  [1.0]:0.5367  [2.0]:0.6020  [4.0]:0.6335 

2026-07-09 19:02:29,813 WARNING [metric.py:200] Node[0] <class 'hat.metrics.nuscenes_metric.NuscenesMetric'> not ready for distributed environment, should not be used together with DistributedSampler.Might be slow in validation due to resource competition
2026-07-09 19:02:29,828 INFO [mean_iou.py:170] Node[0] ~~~~ MeanIOU Summary metrics ~~~~
Summary:
Scope                 mIoU       mAcc       aAcc
global               47.51      55.00      76.32
Per Class Results:
Class                  IoU        Acc
others                4.21       4.48
barrier              47.50      55.59
bicycle              27.22      31.67
bus                  65.95      73.07
car                  65.57      72.96
construction_vehicle      26.84      31.31
motorcycle           38.92      42.98
pedestrian           52.60      61.76
traffic_cone         30.63      37.30
trailer              45.40      60.97
truck                52.77      60.16
driveable_surface      79.93      86.62
other_flat           32.31      36.79
sidewalk             44.87      55.37
terrain              52.68      66.28
manmade              68.57      79.30
vegetation           71.71      78.32

2026-07-09 19:02:29,833 INFO [metric_updater.py:360] Node[0] Epoch[9] Validation bevfusion_centerpoint_pointpillar_henet_multisensor_multitask_nuscenes: NDS[0.5883] MeanIOU[tensor(0.4751, device='cuda:0')] 
2026-07-09 19:02:36,059 INFO [checkpoint.py:233] Node[0] Save model checkpoint: ./tmp_models/bevfusion_centerpoint_pointpillar_henet_multisensor_multitask_nuscenes/float-checkpoint-epoch-0009-c1ece1b2.pth.tar
2026-07-09 19:02:37,188 INFO [checkpoint.py:270] Node[0] Save last model checkpoint: ./tmp_models/bevfusion_centerpoint_pointpillar_henet_multisensor_multitask_nuscenes/float-checkpoint-last-478c0924.pth.tar
2026-07-09 19:02:37,197 INFO [monitor.py:143] Node[0] Epoch[10] Begin ==================================================
2026-07-09 19:02:37,197 INFO [lr_updater.py:204] Node[0] Epoch[10] Step[0] GlobalStep[11730] lr=0.000252
2026-07-09 19:07:33,257 INFO [monitor.py:131] Node[0] Epoch[10] Step[0-199] Cost Time: 296.057s Speed: 4.05 samples/sec Remaining Time: 6:42:13 Remaining step percent: 57.62%
2026-07-09 19:07:34,380 INFO [metric_updater.py:360] Node[0] Epoch[10] Step[199] GlobalStep[11929] loss_bevfusion_centerpoint_pointpillar_henet_multisensor_multitask_nuscenes: car_cls_loss[0.3610] car_reg_loss[0.3612] truck_cls_loss[0.3326] truck_reg_loss[0.3559] bus_cls_loss[0.2391] bus_reg_loss[0.3210] barrier_cls_loss[0.3243] barrier_reg_loss[0.4088] bicycle_cls_loss[0.2077] bicycle_reg_loss[0.3281] pedestrian_cls_loss[0.3054] pedestrian_reg_loss[0.5363] loss_occ[1.3580] 
2026-07-09 19:12:05,593 INFO [monitor.py:131] Node[0] Epoch[10] Step[200-399] Cost Time: 272.335s Speed: 4.41 samples/sec Remaining Time: 6:03:36 Remaining step percent: 56.91%
2026-07-09 19:12:06,738 INFO [metric_updater.py:360] Node[0] Epoch[10] Step[399] GlobalStep[12129] loss_bevfusion_centerpoint_pointpillar_henet_multisensor_multitask_nuscenes: car_cls_loss[0.3624] car_reg_loss[0.3619] truck_cls_loss[0.3370] truck_reg_loss[0.3565] bus_cls_loss[0.2329] bus_reg_loss[0.3295] barrier_cls_loss[0.3036] barrier_reg_loss[0.3992] bicycle_cls_loss[0.2119] bicycle_reg_loss[0.3257] pedestrian_cls_loss[0.3016] pedestrian_reg_loss[0.5342] loss_occ[1.3771] 
2026-07-09 19:17:04,703 INFO [monitor.py:131] Node[0] Epoch[10] Step[400-599] Cost Time: 299.107s Speed: 4.01 samples/sec Remaining Time: 6:34:22 Remaining step percent: 56.20%
2026-07-09 19:17:05,815 INFO [metric_updater.py:360] Node[0] Epoch[10] Step[599] GlobalStep[12329] loss_bevfusion_centerpoint_pointpillar_henet_multisensor_multitask_nuscenes: car_cls_loss[0.3588] car_reg_loss[0.3606] truck_cls_loss[0.3356] truck_reg_loss[0.3553] bus_cls_loss[0.2422] bus_reg_loss[0.3295] barrier_cls_loss[0.3029] barrier_reg_loss[0.4046] bicycle_cls_loss[0.2163] bicycle_reg_loss[0.3316] pedestrian_cls_loss[0.3029] pedestrian_reg_loss[0.5369] loss_occ[1.3707] 
2026-07-09 19:21:46,659 INFO [monitor.py:131] Node[0] Epoch[10] Step[600-799] Cost Time: 281.955s Speed: 4.26 samples/sec Remaining Time: 6:07:03 Remaining step percent: 55.49%
2026-07-09 19:21:47,963 INFO [metric_updater.py:360] Node[0] Epoch[10] Step[799] GlobalStep[12529] loss_bevfusion_centerpoint_pointpillar_henet_multisensor_multitask_nuscenes: car_cls_loss[0.3607] car_reg_loss[0.3617] truck_cls_loss[0.3436] truck_reg_loss[0.3540] bus_cls_loss[0.2418] bus_reg_loss[0.3310] barrier_cls_loss[0.3037] barrier_reg_loss[0.3990] bicycle_cls_loss[0.2084] bicycle_reg_loss[0.3283] pedestrian_cls_loss[0.3037] pedestrian_reg_loss[0.5354] loss_occ[1.3742] 
2026-07-09 19:26:39,273 INFO [monitor.py:131] Node[0] Epoch[10] Step[800-999] Cost Time: 292.612s Speed: 4.10 samples/sec Remaining Time: 6:16:03 Remaining step percent: 54.78%
2026-07-09 19:26:40,647 INFO [metric_updater.py:360] Node[0] Epoch[10] Step[999] GlobalStep[12729] loss_bevfusion_centerpoint_pointpillar_henet_multisensor_multitask_nuscenes: car_cls_loss[0.3619] car_reg_loss[0.3611] truck_cls_loss[0.3410] truck_reg_loss[0.3526] bus_cls_loss[0.2389] bus_reg_loss[0.3295] barrier_cls_loss[0.3021] barrier_reg_loss[0.3986] bicycle_cls_loss[0.2138] bicycle_reg_loss[0.3330] pedestrian_cls_loss[0.3042] pedestrian_reg_loss[0.5366] loss_occ[1.3809] 
2026-07-09 19:30:55,012 INFO [monitor.py:146] Node[0] Epoch[10] End   ==================================================
2026-07-09 19:30:55,014 INFO [monitor.py:149] Node[0] Epoch[10] Cost Time: 1697.817s
2026-07-09 19:30:55,014 INFO [metric_updater.py:360] Node[0] Epoch[10] loss_bevfusion_centerpoint_pointpillar_henet_multisensor_multitask_nuscenes: car_cls_loss[0.3624] car_reg_loss[0.3611] truck_cls_loss[0.3418] truck_reg_loss[0.3522] bus_cls_loss[0.2416] bus_reg_loss[0.3279] barrier_cls_loss[0.3008] barrier_reg_loss[0.4013] bicycle_cls_loss[0.2187] bicycle_reg_loss[0.3325] pedestrian_cls_loss[0.3036] pedestrian_reg_loss[0.5374] loss_occ[1.3817] 
2026-07-09 19:30:55,014 INFO [validation.py:156] Node[0] [32mUse train `model` as val model.[0m
2026-07-09 19:30:55,192 INFO [loop_base.py:482] Node[0] [32mStart Predictor loop from epoch 10, num_epochs=1[0m
2026-07-09 19:30:55,195 INFO [fake_quantize.py:253] Node[0] Set fake quantize state to FakeQuantState.VALIDATION
2026-07-09 19:31:03,432 INFO [loop_base.py:553] Node[0] 0 / 1505
2026-07-09 19:31:29,080 INFO [loop_base.py:553] Node[0] 200 / 1505
2026-07-09 19:31:56,680 INFO [loop_base.py:553] Node[0] 400 / 1505
2026-07-09 19:32:26,895 INFO [loop_base.py:553] Node[0] 600 / 1505
2026-07-09 19:32:58,056 INFO [loop_base.py:553] Node[0] 800 / 1505
2026-07-09 19:33:37,248 INFO [loop_base.py:553] Node[0] 1000 / 1505
2026-07-09 19:34:00,861 INFO [loop_base.py:553] Node[0] 1200 / 1505
2026-07-09 19:34:30,908 INFO [loop_base.py:553] Node[0] 1400 / 1505
2026-07-09 19:34:58,513 INFO [nuscenes_metric.py:322] Node[0] The length of self.nusc_annos is: 1505
2026-07-09 19:35:00,486 INFO [nuscenes_metric.py:346] Node[0] Results writes to ./metric_results/bevfusion_centerpoint_pointpillar_henet_multisensor_multitask_nuscenes/results_nusc.json
2026-07-09 19:36:48,666 INFO [nuscenes_metric.py:388] Node[0] NDS: 0.5841, mAP:0.5070
car_AP: [0.5]:0.6763  [1.0]:0.8347  [2.0]:0.8787  [4.0]:0.8980 
truck_AP: [0.5]:0.3017  [1.0]:0.5070  [2.0]:0.6051  [4.0]:0.6306 
trailer_AP: [0.5]:0.0699  [1.0]:0.2599  [2.0]:0.4037  [4.0]:0.5079 
bus_AP: [0.5]:0.3963  [1.0]:0.6475  [2.0]:0.7563  [4.0]:0.7974 
construction_vehicle_AP: [0.5]:0.0088  [1.0]:0.1169  [2.0]:0.2380  [4.0]:0.3150 
bicycle_AP: [0.5]:0.3147  [1.0]:0.4064  [2.0]:0.4191  [4.0]:0.4273 
motorcycle_AP: [0.5]:0.3880  [1.0]:0.5529  [2.0]:0.5979  [4.0]:0.6096 
pedestrian_AP: [0.5]:0.4009  [1.0]:0.5627  [2.0]:0.5896  [4.0]:0.6253 
traffic_cone_AP: [0.5]:0.4709  [1.0]:0.5921  [2.0]:0.6306  [4.0]:0.6835 
barrier_AP: [0.5]:0.3032  [1.0]:0.5627  [2.0]:0.6350  [4.0]:0.6590 

2026-07-09 19:36:48,847 WARNING [metric.py:200] Node[0] <class 'hat.metrics.nuscenes_metric.NuscenesMetric'> not ready for distributed environment, should not be used together with DistributedSampler.Might be slow in validation due to resource competition
2026-07-09 19:36:48,863 INFO [mean_iou.py:170] Node[0] ~~~~ MeanIOU Summary metrics ~~~~
Summary:
Scope                 mIoU       mAcc       aAcc
global               47.70      55.55      73.95
Per Class Results:
Class                  IoU        Acc
others                4.46       4.73
barrier              52.60      64.39
bicycle              26.34      29.63
bus                  66.66      73.11
car                  69.71      78.50
construction_vehicle      30.66      35.07
motorcycle           35.45      37.86
pedestrian           52.46      60.54
traffic_cone         30.59      37.23
trailer              47.19      57.97
truck                56.33      66.08
driveable_surface      79.77      85.92
other_flat           33.81      39.00
sidewalk             44.19      54.80
terrain              48.02      74.50
manmade              64.88      71.39
vegetation           67.84      73.66

2026-07-09 19:36:48,867 INFO [metric_updater.py:360] Node[0] Epoch[10] Validation bevfusion_centerpoint_pointpillar_henet_multisensor_multitask_nuscenes: NDS[0.5841] MeanIOU[tensor(0.4770, device='cuda:0')] 
2026-07-09 19:36:56,046 INFO [checkpoint.py:233] Node[0] Save model checkpoint: ./tmp_models/bevfusion_centerpoint_pointpillar_henet_multisensor_multitask_nuscenes/float-checkpoint-epoch-0010-4bf3aa13.pth.tar
2026-07-09 19:36:57,300 INFO [checkpoint.py:270] Node[0] Save last model checkpoint: ./tmp_models/bevfusion_centerpoint_pointpillar_henet_multisensor_multitask_nuscenes/float-checkpoint-last-fb143001.pth.tar
2026-07-09 19:36:57,309 INFO [monitor.py:143] Node[0] Epoch[11] Begin ==================================================
2026-07-09 19:36:57,309 INFO [lr_updater.py:204] Node[0] Epoch[11] Step[0] GlobalStep[12903] lr=0.000226
2026-07-09 19:41:47,524 INFO [monitor.py:131] Node[0] Epoch[11] Step[0-199] Cost Time: 290.211s Speed: 4.13 samples/sec Remaining Time: 6:05:46 Remaining step percent: 53.46%
2026-07-09 19:41:48,585 INFO [metric_updater.py:360] Node[0] Epoch[11] Step[199] GlobalStep[13102] loss_bevfusion_centerpoint_pointpillar_henet_multisensor_multitask_nuscenes: car_cls_loss[0.3548] car_reg_loss[0.3579] truck_cls_loss[0.3068] truck_reg_loss[0.3417] bus_cls_loss[0.2152] bus_reg_loss[0.3170] barrier_cls_loss[0.2834] barrier_reg_loss[0.4037] bicycle_cls_loss[0.2209] bicycle_reg_loss[0.3380] pedestrian_cls_loss[0.2806] pedestrian_reg_loss[0.5340] loss_occ[1.3907] 
2026-07-09 19:46:12,136 INFO [monitor.py:131] Node[0] Epoch[11] Step[200-399] Cost Time: 264.611s Speed: 4.53 samples/sec Remaining Time: 5:27:26 Remaining step percent: 52.75%
2026-07-09 19:46:13,407 INFO [metric_updater.py:360] Node[0] Epoch[11] Step[399] GlobalStep[13302] loss_bevfusion_centerpoint_pointpillar_henet_multisensor_multitask_nuscenes: car_cls_loss[0.3547] car_reg_loss[0.3566] truck_cls_loss[0.3070] truck_reg_loss[0.3403] bus_cls_loss[0.2230] bus_reg_loss[0.3194] barrier_cls_loss[0.2788] barrier_reg_loss[0.4022] bicycle_cls_loss[0.1975] bicycle_reg_loss[0.3255] pedestrian_cls_loss[0.2820] pedestrian_reg_loss[0.5308] loss_occ[1.3853] 
2026-07-09 19:51:02,521 INFO [monitor.py:131] Node[0] Epoch[11] Step[400-599] Cost Time: 290.383s Speed: 4.13 samples/sec Remaining Time: 5:54:29 Remaining step percent: 52.04%
2026-07-09 19:51:03,593 INFO [metric_updater.py:360] Node[0] Epoch[11] Step[599] GlobalStep[13502] loss_bevfusion_centerpoint_pointpillar_henet_multisensor_multitask_nuscenes: car_cls_loss[0.3558] car_reg_loss[0.3586] truck_cls_loss[0.3108] truck_reg_loss[0.3430] bus_cls_loss[0.2202] bus_reg_loss[0.3195] barrier_cls_loss[0.2772] barrier_reg_loss[0.3927] bicycle_cls_loss[0.2017] bicycle_reg_loss[0.3298] pedestrian_cls_loss[0.2812] pedestrian_reg_loss[0.5337] loss_occ[1.3856] 
2026-07-09 19:55:56,587 INFO [monitor.py:131] Node[0] Epoch[11] Step[600-799] Cost Time: 294.064s Speed: 4.08 samples/sec Remaining Time: 5:54:04 Remaining step percent: 51.32%
2026-07-09 19:55:58,426 INFO [metric_updater.py:360] Node[0] Epoch[11] Step[799] GlobalStep[13702] loss_bevfusion_centerpoint_pointpillar_henet_multisensor_multitask_nuscenes: car_cls_loss[0.3586] car_reg_loss[0.3588] truck_cls_loss[0.3120] truck_reg_loss[0.3442] bus_cls_loss[0.2253] bus_reg_loss[0.3206] barrier_cls_loss[0.2803] barrier_reg_loss[0.3971] bicycle_cls_loss[0.2062] bicycle_reg_loss[0.3298] pedestrian_cls_loss[0.2804] pedestrian_reg_loss[0.5321] loss_occ[1.3816] 
2026-07-09 20:01:00,980 INFO [monitor.py:131] Node[0] Epoch[11] Step[800-999] Cost Time: 304.391s Speed: 3.94 samples/sec Remaining Time: 6:01:26 Remaining step percent: 50.61%
2026-07-09 20:01:02,115 INFO [metric_updater.py:360] Node[0] Epoch[11] Step[999] GlobalStep[13902] loss_bevfusion_centerpoint_pointpillar_henet_multisensor_multitask_nuscenes: car_cls_loss[0.3564] car_reg_loss[0.3582] truck_cls_loss[0.3200] truck_reg_loss[0.3458] bus_cls_loss[0.2314] bus_reg_loss[0.3223] barrier_cls_loss[0.2807] barrier_reg_loss[0.3989] bicycle_cls_loss[0.2093] bicycle_reg_loss[0.3297] pedestrian_cls_loss[0.2840] pedestrian_reg_loss[0.5321] loss_occ[1.3800] 
2026-07-09 20:05:30,837 INFO [monitor.py:146] Node[0] Epoch[11] End   ==================================================
2026-07-09 20:05:30,838 INFO [monitor.py:149] Node[0] Epoch[11] Cost Time: 1713.529s
2026-07-09 20:05:30,839 INFO [metric_updater.py:360] Node[0] Epoch[11] loss_bevfusion_centerpoint_pointpillar_henet_multisensor_multitask_nuscenes: car_cls_loss[0.3560] car_reg_loss[0.3586] truck_cls_loss[0.3211] truck_reg_loss[0.3450] bus_cls_loss[0.2252] bus_reg_loss[0.3182] barrier_cls_loss[0.2857] barrier_reg_loss[0.4008] bicycle_cls_loss[0.2107] bicycle_reg_loss[0.3322] pedestrian_cls_loss[0.2869] pedestrian_reg_loss[0.5305] loss_occ[1.3806] 
2026-07-09 20:05:30,839 INFO [validation.py:156] Node[0] [32mUse train `model` as val model.[0m
2026-07-09 20:05:31,025 INFO [loop_base.py:482] Node[0] [32mStart Predictor loop from epoch 11, num_epochs=1[0m
2026-07-09 20:05:31,028 INFO [fake_quantize.py:253] Node[0] Set fake quantize state to FakeQuantState.VALIDATION
2026-07-09 20:05:38,542 INFO [loop_base.py:553] Node[0] 0 / 1505
2026-07-09 20:06:07,783 INFO [loop_base.py:553] Node[0] 200 / 1505
2026-07-09 20:06:47,687 INFO [loop_base.py:553] Node[0] 400 / 1505
2026-07-09 20:07:15,289 INFO [loop_base.py:553] Node[0] 600 / 1505
2026-07-09 20:07:42,989 INFO [loop_base.py:553] Node[0] 800 / 1505
2026-07-09 20:08:15,541 INFO [loop_base.py:553] Node[0] 1000 / 1505
2026-07-09 20:08:45,718 INFO [loop_base.py:553] Node[0] 1200 / 1505
2026-07-09 20:09:15,474 INFO [loop_base.py:553] Node[0] 1400 / 1505
2026-07-09 20:09:32,449 INFO [nuscenes_metric.py:322] Node[0] The length of self.nusc_annos is: 1505
2026-07-09 20:09:34,566 INFO [nuscenes_metric.py:346] Node[0] Results writes to ./metric_results/bevfusion_centerpoint_pointpillar_henet_multisensor_multitask_nuscenes/results_nusc.json
2026-07-09 20:11:32,862 INFO [nuscenes_metric.py:388] Node[0] NDS: 0.5856, mAP:0.5042
car_AP: [0.5]:0.6749  [1.0]:0.8324  [2.0]:0.8745  [4.0]:0.8940 
truck_AP: [0.5]:0.2930  [1.0]:0.4889  [2.0]:0.5907  [4.0]:0.6189 
trailer_AP: [0.5]:0.0754  [1.0]:0.2673  [2.0]:0.4424  [4.0]:0.5513 
bus_AP: [0.5]:0.4231  [1.0]:0.6615  [2.0]:0.7718  [4.0]:0.7902 
construction_vehicle_AP: [0.5]:0.0090  [1.0]:0.1094  [2.0]:0.2490  [4.0]:0.3353 
bicycle_AP: [0.5]:0.2907  [1.0]:0.3574  [2.0]:0.3659  [4.0]:0.3692 
motorcycle_AP: [0.5]:0.3925  [1.0]:0.5458  [2.0]:0.5919  [4.0]:0.5962 
pedestrian_AP: [0.5]:0.4024  [1.0]:0.5634  [2.0]:0.5912  [4.0]:0.6348 
traffic_cone_AP: [0.5]:0.4569  [1.0]:0.5931  [2.0]:0.6338  [4.0]:0.6831 
barrier_AP: [0.5]:0.3066  [1.0]:0.5569  [2.0]:0.6298  [4.0]:0.6545 

2026-07-09 20:11:33,050 WARNING [metric.py:200] Node[0] <class 'hat.metrics.nuscenes_metric.NuscenesMetric'> not ready for distributed environment, should not be used together with DistributedSampler.Might be slow in validation due to resource competition
2026-07-09 20:11:33,069 INFO [mean_iou.py:170] Node[0] ~~~~ MeanIOU Summary metrics ~~~~
Summary:
Scope                 mIoU       mAcc       aAcc
global               47.58      54.78      75.24
Per Class Results:
Class                  IoU        Acc
others                4.18       4.35
barrier              51.74      62.92
bicycle              25.05      27.36
bus                  65.68      69.33
car                  66.66      74.73
construction_vehicle      28.87      32.90
motorcycle           36.91      39.21
pedestrian           50.97      57.33
traffic_cone         27.53      32.20
trailer              47.99      61.78
truck                53.73      60.93
driveable_surface      80.49      87.14
other_flat           35.34      41.84
sidewalk             45.81      57.79
terrain              51.94      71.50
manmade              66.54      73.47
vegetation           69.49      76.49

2026-07-09 20:11:33,072 INFO [metric_updater.py:360] Node[0] Epoch[11] Validation bevfusion_centerpoint_pointpillar_henet_multisensor_multitask_nuscenes: NDS[0.5856] MeanIOU[tensor(0.4758, device='cuda:0')] 
2026-07-09 20:11:43,780 INFO [checkpoint.py:233] Node[0] Save model checkpoint: ./tmp_models/bevfusion_centerpoint_pointpillar_henet_multisensor_multitask_nuscenes/float-checkpoint-epoch-0011-cdad1914.pth.tar
2026-07-09 20:11:44,742 INFO [checkpoint.py:270] Node[0] Save last model checkpoint: ./tmp_models/bevfusion_centerpoint_pointpillar_henet_multisensor_multitask_nuscenes/float-checkpoint-last-c6f63db4.pth.tar
2026-07-09 20:11:44,751 INFO [monitor.py:143] Node[0] Epoch[12] Begin ==================================================
2026-07-09 20:11:44,751 INFO [lr_updater.py:204] Node[0] Epoch[12] Step[0] GlobalStep[14076] lr=0.000200
2026-07-09 20:17:00,021 INFO [monitor.py:131] Node[0] Epoch[12] Step[0-199] Cost Time: 315.266s Speed: 3.81 samples/sec Remaining Time: 6:06:23 Remaining step percent: 49.29%
2026-07-09 20:17:01,333 INFO [metric_updater.py:360] Node[0] Epoch[12] Step[199] GlobalStep[14275] loss_bevfusion_centerpoint_pointpillar_henet_multisensor_multitask_nuscenes: car_cls_loss[0.3522] car_reg_loss[0.3564] truck_cls_loss[0.2984] truck_reg_loss[0.3353] bus_cls_loss[0.2147] bus_reg_loss[0.3126] barrier_cls_loss[0.2677] barrier_reg_loss[0.3932] bicycle_cls_loss[0.1882] bicycle_reg_loss[0.3237] pedestrian_cls_loss[0.2883] pedestrian_reg_loss[0.5267] loss_occ[1.3508] 
2026-07-09 20:22:01,475 INFO [monitor.py:131] Node[0] Epoch[12] Step[200-399] Cost Time: 301.452s Speed: 3.98 samples/sec Remaining Time: 5:43:33 Remaining step percent: 48.58%
2026-07-09 20:22:02,851 INFO [metric_updater.py:360] Node[0] Epoch[12] Step[399] GlobalStep[14475] loss_bevfusion_centerpoint_pointpillar_henet_multisensor_multitask_nuscenes: car_cls_loss[0.3470] car_reg_loss[0.3534] truck_cls_loss[0.2923] truck_reg_loss[0.3350] bus_cls_loss[0.2068] bus_reg_loss[0.3102] barrier_cls_loss[0.2722] barrier_reg_loss[0.3992] bicycle_cls_loss[0.1937] bicycle_reg_loss[0.3219] pedestrian_cls_loss[0.2869] pedestrian_reg_loss[0.5264] loss_occ[1.3382] 
2026-07-09 20:27:04,904 INFO [monitor.py:131] Node[0] Epoch[12] Step[400-599] Cost Time: 303.427s Speed: 3.95 samples/sec Remaining Time: 5:40:44 Remaining step percent: 47.87%
2026-07-09 20:27:06,744 INFO [metric_updater.py:360] Node[0] Epoch[12] Step[599] GlobalStep[14675] loss_bevfusion_centerpoint_pointpillar_henet_multisensor_multitask_nuscenes: car_cls_loss[0.3439] car_reg_loss[0.3529] truck_cls_loss[0.2968] truck_reg_loss[0.3384] bus_cls_loss[0.2139] bus_reg_loss[0.3114] barrier_cls_loss[0.2738] barrier_reg_loss[0.3973] bicycle_cls_loss[0.1910] bicycle_reg_loss[0.3191] pedestrian_cls_loss[0.2845] pedestrian_reg_loss[0.5261] loss_occ[1.3370] 
2026-07-09 20:32:18,051 INFO [monitor.py:131] Node[0] Epoch[12] Step[600-799] Cost Time: 313.145s Speed: 3.83 samples/sec Remaining Time: 5:46:26 Remaining step percent: 47.16%
2026-07-09 20:32:19,286 INFO [metric_updater.py:360] Node[0] Epoch[12] Step[799] GlobalStep[14875] loss_bevfusion_centerpoint_pointpillar_henet_multisensor_multitask_nuscenes: car_cls_loss[0.3470] car_reg_loss[0.3533] truck_cls_loss[0.2940] truck_reg_loss[0.3351] bus_cls_loss[0.2121] bus_reg_loss[0.3070] barrier_cls_loss[0.2703] barrier_reg_loss[0.3951] bicycle_cls_loss[0.1875] bicycle_reg_loss[0.3183] pedestrian_cls_loss[0.2825] pedestrian_reg_loss[0.5250] loss_occ[1.3397] 
2026-07-09 20:37:38,984 INFO [monitor.py:131] Node[0] Epoch[12] Step[800-999] Cost Time: 320.932s Speed: 3.74 samples/sec Remaining Time: 5:49:42 Remaining step percent: 46.45%
2026-07-09 20:37:40,363 INFO [metric_updater.py:360] Node[0] Epoch[12] Step[999] GlobalStep[15075] loss_bevfusion_centerpoint_pointpillar_henet_multisensor_multitask_nuscenes: car_cls_loss[0.3471] car_reg_loss[0.3532] truck_cls_loss[0.2933] truck_reg_loss[0.3357] bus_cls_loss[0.2165] bus_reg_loss[0.3073] barrier_cls_loss[0.2715] barrier_reg_loss[0.3946] bicycle_cls_loss[0.1853] bicycle_reg_loss[0.3164] pedestrian_cls_loss[0.2843] pedestrian_reg_loss[0.5266] loss_occ[1.3428] 
2026-07-09 20:42:30,382 INFO [monitor.py:146] Node[0] Epoch[12] End   ==================================================
2026-07-09 20:42:30,383 INFO [monitor.py:149] Node[0] Epoch[12] Cost Time: 1845.632s
2026-07-09 20:42:30,384 INFO [metric_updater.py:360] Node[0] Epoch[12] loss_bevfusion_centerpoint_pointpillar_henet_multisensor_multitask_nuscenes: car_cls_loss[0.3483] car_reg_loss[0.3538] truck_cls_loss[0.2970] truck_reg_loss[0.3364] bus_cls_loss[0.2126] bus_reg_loss[0.3061] barrier_cls_loss[0.2738] barrier_reg_loss[0.3943] bicycle_cls_loss[0.1852] bicycle_reg_loss[0.3152] pedestrian_cls_loss[0.2828] pedestrian_reg_loss[0.5260] loss_occ[1.3436] 
2026-07-09 20:42:30,384 INFO [validation.py:156] Node[0] [32mUse train `model` as val model.[0m
2026-07-09 20:42:30,568 INFO [loop_base.py:482] Node[0] [32mStart Predictor loop from epoch 12, num_epochs=1[0m
2026-07-09 20:42:30,572 INFO [fake_quantize.py:253] Node[0] Set fake quantize state to FakeQuantState.VALIDATION
2026-07-09 20:42:38,903 INFO [loop_base.py:553] Node[0] 0 / 1505
2026-07-09 20:43:06,911 INFO [loop_base.py:553] Node[0] 200 / 1505
2026-07-09 20:44:04,461 INFO [loop_base.py:553] Node[0] 400 / 1505
2026-07-09 20:44:54,506 INFO [loop_base.py:553] Node[0] 600 / 1505
2026-07-09 20:45:26,064 INFO [loop_base.py:553] Node[0] 800 / 1505
2026-07-09 20:45:53,639 INFO [loop_base.py:553] Node[0] 1000 / 1505
2026-07-09 20:46:21,210 INFO [loop_base.py:553] Node[0] 1200 / 1505
2026-07-09 20:46:54,700 INFO [loop_base.py:553] Node[0] 1400 / 1505
2026-07-09 20:47:11,159 INFO [nuscenes_metric.py:322] Node[0] The length of self.nusc_annos is: 1505
2026-07-09 20:47:13,505 INFO [nuscenes_metric.py:346] Node[0] Results writes to ./metric_results/bevfusion_centerpoint_pointpillar_henet_multisensor_multitask_nuscenes/results_nusc.json
2026-07-09 20:49:09,426 INFO [nuscenes_metric.py:388] Node[0] NDS: 0.5882, mAP:0.5102
car_AP: [0.5]:0.6844  [1.0]:0.8383  [2.0]:0.8866  [4.0]:0.8996 
truck_AP: [0.5]:0.3001  [1.0]:0.5073  [2.0]:0.6144  [4.0]:0.6410 
trailer_AP: [0.5]:0.0739  [1.0]:0.2787  [2.0]:0.4547  [4.0]:0.5485 
bus_AP: [0.5]:0.4215  [1.0]:0.6801  [2.0]:0.7891  [4.0]:0.8155 
construction_vehicle_AP: [0.5]:0.0077  [1.0]:0.1137  [2.0]:0.2407  [4.0]:0.3192 
bicycle_AP: [0.5]:0.2918  [1.0]:0.3780  [2.0]:0.3810  [4.0]:0.3911 
motorcycle_AP: [0.5]:0.3683  [1.0]:0.5691  [2.0]:0.6030  [4.0]:0.6135 
pedestrian_AP: [0.5]:0.3945  [1.0]:0.5622  [2.0]:0.5896  [4.0]:0.6217 
traffic_cone_AP: [0.5]:0.4588  [1.0]:0.5859  [2.0]:0.6304  [4.0]:0.6783 
barrier_AP: [0.5]:0.3087  [1.0]:0.5667  [2.0]:0.6375  [4.0]:0.6613 

2026-07-09 20:49:09,633 WARNING [metric.py:200] Node[0] <class 'hat.metrics.nuscenes_metric.NuscenesMetric'> not ready for distributed environment, should not be used together with DistributedSampler.Might be slow in validation due to resource competition
2026-07-09 20:49:09,655 INFO [mean_iou.py:170] Node[0] ~~~~ MeanIOU Summary metrics ~~~~
Summary:
Scope                 mIoU       mAcc       aAcc
global               48.91      56.15      77.09
Per Class Results:
Class                  IoU        Acc
others                4.05       4.21
barrier              52.16      62.23
bicycle              25.19      27.63
bus                  66.56      70.20
car                  71.47      80.80
construction_vehicle      29.61      35.00
motorcycle           35.90      38.15
pedestrian           52.79      58.98
traffic_cone         30.20      35.59
trailer              49.88      63.44
truck                57.33      66.94
driveable_surface      80.95      89.63
other_flat           34.91      40.79
sidewalk             47.07      59.74
terrain              53.31      66.32
manmade              68.99      77.67
vegetation           71.05      77.30

2026-07-09 20:49:09,658 INFO [metric_updater.py:360] Node[0] Epoch[12] Validation bevfusion_centerpoint_pointpillar_henet_multisensor_multitask_nuscenes: NDS[0.5882] MeanIOU[tensor(0.4891, device='cuda:0')] 
2026-07-09 20:49:17,650 INFO [checkpoint.py:233] Node[0] Save model checkpoint: ./tmp_models/bevfusion_centerpoint_pointpillar_henet_multisensor_multitask_nuscenes/float-checkpoint-epoch-0012-a2ccc3c4.pth.tar
2026-07-09 20:49:18,807 INFO [checkpoint.py:270] Node[0] Save last model checkpoint: ./tmp_models/bevfusion_centerpoint_pointpillar_henet_multisensor_multitask_nuscenes/float-checkpoint-last-882b6754.pth.tar
2026-07-09 20:49:18,821 INFO [monitor.py:143] Node[0] Epoch[13] Begin ==================================================
2026-07-09 20:49:18,822 INFO [lr_updater.py:204] Node[0] Epoch[13] Step[0] GlobalStep[15249] lr=0.000174
2026-07-09 20:54:46,850 INFO [monitor.py:131] Node[0] Epoch[13] Step[0-199] Cost Time: 328.027s Speed: 3.66 samples/sec Remaining Time: 5:48:59 Remaining step percent: 45.12%
2026-07-09 20:54:48,649 INFO [metric_updater.py:360] Node[0] Epoch[13] Step[199] GlobalStep[15448] loss_bevfusion_centerpoint_pointpillar_henet_multisensor_multitask_nuscenes: car_cls_loss[0.3375] car_reg_loss[0.3482] truck_cls_loss[0.3007] truck_reg_loss[0.3363] bus_cls_loss[0.1971] bus_reg_loss[0.3004] barrier_cls_loss[0.2421] barrier_reg_loss[0.3896] bicycle_cls_loss[0.1709] bicycle_reg_loss[0.3200] pedestrian_cls_loss[0.2775] pedestrian_reg_loss[0.5175] loss_occ[1.3346] 
2026-07-09 21:00:04,815 INFO [monitor.py:131] Node[0] Epoch[13] Step[200-399] Cost Time: 317.964s Speed: 3.77 samples/sec Remaining Time: 5:31:17 Remaining step percent: 44.41%
2026-07-09 21:00:06,033 INFO [metric_updater.py:360] Node[0] Epoch[13] Step[399] GlobalStep[15648] loss_bevfusion_centerpoint_pointpillar_henet_multisensor_multitask_nuscenes: car_cls_loss[0.3385] car_reg_loss[0.3489] truck_cls_loss[0.2907] truck_reg_loss[0.3307] bus_cls_loss[0.1873] bus_reg_loss[0.2996] barrier_cls_loss[0.2578] barrier_reg_loss[0.3939] bicycle_cls_loss[0.1680] bicycle_reg_loss[0.3207] pedestrian_cls_loss[0.2737] pedestrian_reg_loss[0.5187] loss_occ[1.3375] 
2026-07-09 21:05:09,411 INFO [monitor.py:131] Node[0] Epoch[13] Step[400-599] Cost Time: 304.595s Speed: 3.94 samples/sec Remaining Time: 5:12:17 Remaining step percent: 43.70%
2026-07-09 21:05:10,679 INFO [metric_updater.py:360] Node[0] Epoch[13] Step[599] GlobalStep[15848] loss_bevfusion_centerpoint_pointpillar_henet_multisensor_multitask_nuscenes: car_cls_loss[0.3419] car_reg_loss[0.3506] truck_cls_loss[0.2874] truck_reg_loss[0.3304] bus_cls_loss[0.1916] bus_reg_loss[0.3022] barrier_cls_loss[0.2570] barrier_reg_loss[0.3912] bicycle_cls_loss[0.1636] bicycle_reg_loss[0.3154] pedestrian_cls_loss[0.2712] pedestrian_reg_loss[0.5186] loss_occ[1.3374] 
2026-07-09 21:10:17,195 INFO [monitor.py:131] Node[0] Epoch[13] Step[600-799] Cost Time: 307.781s Speed: 3.90 samples/sec Remaining Time: 5:10:25 Remaining step percent: 42.99%
2026-07-09 21:10:18,814 INFO [metric_updater.py:360] Node[0] Epoch[13] Step[799] GlobalStep[16048] loss_bevfusion_centerpoint_pointpillar_henet_multisensor_multitask_nuscenes: car_cls_loss[0.3416] car_reg_loss[0.3505] truck_cls_loss[0.2880] truck_reg_loss[0.3301] bus_cls_loss[0.1925] bus_reg_loss[0.3029] barrier_cls_loss[0.2575] barrier_reg_loss[0.3903] bicycle_cls_loss[0.1653] bicycle_reg_loss[0.3134] pedestrian_cls_loss[0.2695] pedestrian_reg_loss[0.5188] loss_occ[1.3363] 
2026-07-09 21:15:31,825 INFO [monitor.py:131] Node[0] Epoch[13] Step[800-999] Cost Time: 314.627s Speed: 3.81 samples/sec Remaining Time: 5:12:05 Remaining step percent: 42.28%
2026-07-09 21:15:33,072 INFO [metric_updater.py:360] Node[0] Epoch[13] Step[999] GlobalStep[16248] loss_bevfusion_centerpoint_pointpillar_henet_multisensor_multitask_nuscenes: car_cls_loss[0.3424] car_reg_loss[0.3504] truck_cls_loss[0.2819] truck_reg_loss[0.3298] bus_cls_loss[0.1915] bus_reg_loss[0.3002] barrier_cls_loss[0.2622] barrier_reg_loss[0.3870] bicycle_cls_loss[0.1667] bicycle_reg_loss[0.3154] pedestrian_cls_loss[0.2710] pedestrian_reg_loss[0.5203] loss_occ[1.3401] 
2026-07-09 21:20:05,057 INFO [monitor.py:146] Node[0] Epoch[13] End   ==================================================
2026-07-09 21:20:05,060 INFO [monitor.py:149] Node[0] Epoch[13] Cost Time: 1846.238s
2026-07-09 21:20:05,061 INFO [metric_updater.py:360] Node[0] Epoch[13] loss_bevfusion_centerpoint_pointpillar_henet_multisensor_multitask_nuscenes: car_cls_loss[0.3434] car_reg_loss[0.3513] truck_cls_loss[0.2786] truck_reg_loss[0.3295] bus_cls_loss[0.1940] bus_reg_loss[0.2989] barrier_cls_loss[0.2626] barrier_reg_loss[0.3878] bicycle_cls_loss[0.1700] bicycle_reg_loss[0.3185] pedestrian_cls_loss[0.2725] pedestrian_reg_loss[0.5203] loss_occ[1.3400] 
2026-07-09 21:20:05,062 INFO [validation.py:156] Node[0] [32mUse train `model` as val model.[0m
2026-07-09 21:20:05,350 INFO [loop_base.py:482] Node[0] [32mStart Predictor loop from epoch 13, num_epochs=1[0m
2026-07-09 21:20:05,355 INFO [fake_quantize.py:253] Node[0] Set fake quantize state to FakeQuantState.VALIDATION
2026-07-09 21:20:14,302 INFO [loop_base.py:553] Node[0] 0 / 1505
2026-07-09 21:20:41,774 INFO [loop_base.py:553] Node[0] 200 / 1505
2026-07-09 21:21:15,061 INFO [loop_base.py:553] Node[0] 400 / 1505
2026-07-09 21:21:51,999 INFO [loop_base.py:553] Node[0] 600 / 1505
2026-07-09 21:22:22,311 INFO [loop_base.py:553] Node[0] 800 / 1505
2026-07-09 21:22:57,622 INFO [loop_base.py:553] Node[0] 1000 / 1505
2026-07-09 21:23:35,332 INFO [loop_base.py:553] Node[0] 1200 / 1505
2026-07-09 21:24:14,848 INFO [loop_base.py:553] Node[0] 1400 / 1505
2026-07-09 21:24:30,485 INFO [nuscenes_metric.py:322] Node[0] The length of self.nusc_annos is: 1505
2026-07-09 21:24:32,073 INFO [nuscenes_metric.py:346] Node[0] Results writes to ./metric_results/bevfusion_centerpoint_pointpillar_henet_multisensor_multitask_nuscenes/results_nusc.json
2026-07-09 21:26:27,152 INFO [nuscenes_metric.py:388] Node[0] NDS: 0.5836, mAP:0.5064
car_AP: [0.5]:0.6764  [1.0]:0.8376  [2.0]:0.8799  [4.0]:0.8988 
truck_AP: [0.5]:0.2969  [1.0]:0.5121  [2.0]:0.6096  [4.0]:0.6351 
trailer_AP: [0.5]:0.0669  [1.0]:0.2651  [2.0]:0.4239  [4.0]:0.5328 
bus_AP: [0.5]:0.4044  [1.0]:0.6681  [2.0]:0.7652  [4.0]:0.8036 
construction_vehicle_AP: [0.5]:0.0126  [1.0]:0.1262  [2.0]:0.2645  [4.0]:0.3276 
bicycle_AP: [0.5]:0.3074  [1.0]:0.3790  [2.0]:0.3897  [4.0]:0.3999 
motorcycle_AP: [0.5]:0.3861  [1.0]:0.5485  [2.0]:0.5959  [4.0]:0.5988 
pedestrian_AP: [0.5]:0.3878  [1.0]:0.5567  [2.0]:0.5882  [4.0]:0.6211 
traffic_cone_AP: [0.5]:0.4720  [1.0]:0.5956  [2.0]:0.6379  [4.0]:0.6915 
barrier_AP: [0.5]:0.2951  [1.0]:0.5466  [2.0]:0.6134  [4.0]:0.6360 

2026-07-09 21:26:27,398 WARNING [metric.py:200] Node[0] <class 'hat.metrics.nuscenes_metric.NuscenesMetric'> not ready for distributed environment, should not be used together with DistributedSampler.Might be slow in validation due to resource competition
2026-07-09 21:26:27,414 INFO [mean_iou.py:170] Node[0] ~~~~ MeanIOU Summary metrics ~~~~
Summary:
Scope                 mIoU       mAcc       aAcc
global               48.70      55.72      77.47
Per Class Results:
Class                  IoU        Acc
others                3.59       3.68
barrier              51.26      60.71
bicycle              26.38      29.12
bus                  67.88      72.78
car                  70.40      78.81
construction_vehicle      29.68      34.42
motorcycle           37.36      39.29
pedestrian           52.97      59.34
traffic_cone         29.33      34.00
trailer              49.07      63.79
truck                55.48      63.57
driveable_surface      81.25      90.46
other_flat           31.26      34.16
sidewalk             47.07      59.68
terrain              53.65      67.40
manmade              70.04      79.28
vegetation           71.27      76.75

2026-07-09 21:26:27,418 INFO [metric_updater.py:360] Node[0] Epoch[13] Validation bevfusion_centerpoint_pointpillar_henet_multisensor_multitask_nuscenes: NDS[0.5836] MeanIOU[tensor(0.4870, device='cuda:0')] 
2026-07-09 21:26:36,442 INFO [checkpoint.py:233] Node[0] Save model checkpoint: ./tmp_models/bevfusion_centerpoint_pointpillar_henet_multisensor_multitask_nuscenes/float-checkpoint-epoch-0013-9af0e6ff.pth.tar
2026-07-09 21:26:37,375 INFO [checkpoint.py:270] Node[0] Save last model checkpoint: ./tmp_models/bevfusion_centerpoint_pointpillar_henet_multisensor_multitask_nuscenes/float-checkpoint-last-e2f97b32.pth.tar
2026-07-09 21:26:37,384 INFO [monitor.py:143] Node[0] Epoch[14] Begin ==================================================
2026-07-09 21:26:37,384 INFO [lr_updater.py:204] Node[0] Epoch[14] Step[0] GlobalStep[16422] lr=0.000148
2026-07-09 21:32:00,005 INFO [monitor.py:131] Node[0] Epoch[14] Step[0-199] Cost Time: 322.617s Speed: 3.72 samples/sec Remaining Time: 5:11:32 Remaining step percent: 40.96%
2026-07-09 21:32:01,485 INFO [metric_updater.py:360] Node[0] Epoch[14] Step[199] GlobalStep[16621] loss_bevfusion_centerpoint_pointpillar_henet_multisensor_multitask_nuscenes: car_cls_loss[0.3320] car_reg_loss[0.3470] truck_cls_loss[0.2652] truck_reg_loss[0.3151] bus_cls_loss[0.1626] bus_reg_loss[0.2731] barrier_cls_loss[0.2714] barrier_reg_loss[0.3827] bicycle_cls_loss[0.1440] bicycle_reg_loss[0.2893] pedestrian_cls_loss[0.2637] pedestrian_reg_loss[0.5143] loss_occ[1.3063] 
2026-07-09 21:36:55,889 INFO [monitor.py:131] Node[0] Epoch[14] Step[200-399] Cost Time: 295.880s Speed: 4.06 samples/sec Remaining Time: 4:39:21 Remaining step percent: 40.25%
2026-07-09 21:36:57,115 INFO [metric_updater.py:360] Node[0] Epoch[14] Step[399] GlobalStep[16821] loss_bevfusion_centerpoint_pointpillar_henet_multisensor_multitask_nuscenes: car_cls_loss[0.3330] car_reg_loss[0.3473] truck_cls_loss[0.2551] truck_reg_loss[0.3184] bus_cls_loss[0.1618] bus_reg_loss[0.2756] barrier_cls_loss[0.2542] barrier_reg_loss[0.3751] bicycle_cls_loss[0.1590] bicycle_reg_loss[0.3059] pedestrian_cls_loss[0.2681] pedestrian_reg_loss[0.5194] loss_occ[1.3093] 
2026-07-09 21:42:05,260 INFO [monitor.py:131] Node[0] Epoch[14] Step[400-599] Cost Time: 309.370s Speed: 3.88 samples/sec Remaining Time: 4:46:56 Remaining step percent: 39.54%
2026-07-09 21:42:06,380 INFO [metric_updater.py:360] Node[0] Epoch[14] Step[599] GlobalStep[17021] loss_bevfusion_centerpoint_pointpillar_henet_multisensor_multitask_nuscenes: car_cls_loss[0.3295] car_reg_loss[0.3479] truck_cls_loss[0.2560] truck_reg_loss[0.3190] bus_cls_loss[0.1683] bus_reg_loss[0.2821] barrier_cls_loss[0.2551] barrier_reg_loss[0.3789] bicycle_cls_loss[0.1553] bicycle_reg_loss[0.3057] pedestrian_cls_loss[0.2641] pedestrian_reg_loss[0.5164] loss_occ[1.3191] 
2026-07-09 21:47:11,545 INFO [monitor.py:131] Node[0] Epoch[14] Step[600-799] Cost Time: 306.282s Speed: 3.92 samples/sec Remaining Time: 4:38:58 Remaining step percent: 38.82%
2026-07-09 21:47:13,417 INFO [metric_updater.py:360] Node[0] Epoch[14] Step[799] GlobalStep[17221] loss_bevfusion_centerpoint_pointpillar_henet_multisensor_multitask_nuscenes: car_cls_loss[0.3299] car_reg_loss[0.3480] truck_cls_loss[0.2532] truck_reg_loss[0.3194] bus_cls_loss[0.1682] bus_reg_loss[0.2812] barrier_cls_loss[0.2577] barrier_reg_loss[0.3811] bicycle_cls_loss[0.1559] bicycle_reg_loss[0.3047] pedestrian_cls_loss[0.2633] pedestrian_reg_loss[0.5135] loss_occ[1.3226] 
2026-07-09 21:52:29,458 INFO [monitor.py:131] Node[0] Epoch[14] Step[800-999] Cost Time: 317.910s Speed: 3.77 samples/sec Remaining Time: 4:44:15 Remaining step percent: 38.11%
2026-07-09 21:52:30,800 INFO [metric_updater.py:360] Node[0] Epoch[14] Step[999] GlobalStep[17421] loss_bevfusion_centerpoint_pointpillar_henet_multisensor_multitask_nuscenes: car_cls_loss[0.3315] car_reg_loss[0.3477] truck_cls_loss[0.2562] truck_reg_loss[0.3216] bus_cls_loss[0.1719] bus_reg_loss[0.2847] barrier_cls_loss[0.2586] barrier_reg_loss[0.3789] bicycle_cls_loss[0.1568] bicycle_reg_loss[0.3063] pedestrian_cls_loss[0.2614] pedestrian_reg_loss[0.5130] loss_occ[1.3194] 
2026-07-09 21:56:44,349 INFO [monitor.py:146] Node[0] Epoch[14] End   ==================================================
2026-07-09 21:56:44,352 INFO [monitor.py:149] Node[0] Epoch[14] Cost Time: 1806.968s
2026-07-09 21:56:44,352 INFO [metric_updater.py:360] Node[0] Epoch[14] loss_bevfusion_centerpoint_pointpillar_henet_multisensor_multitask_nuscenes: car_cls_loss[0.3303] car_reg_loss[0.3465] truck_cls_loss[0.2552] truck_reg_loss[0.3206] bus_cls_loss[0.1758] bus_reg_loss[0.2878] barrier_cls_loss[0.2598] barrier_reg_loss[0.3794] bicycle_cls_loss[0.1554] bicycle_reg_loss[0.3040] pedestrian_cls_loss[0.2621] pedestrian_reg_loss[0.5128] loss_occ[1.3180] 
2026-07-09 21:56:44,353 INFO [validation.py:156] Node[0] [32mUse train `model` as val model.[0m
2026-07-09 21:56:44,597 INFO [loop_base.py:482] Node[0] [32mStart Predictor loop from epoch 14, num_epochs=1[0m
2026-07-09 21:56:44,603 INFO [fake_quantize.py:253] Node[0] Set fake quantize state to FakeQuantState.VALIDATION
2026-07-09 21:56:53,499 INFO [loop_base.py:553] Node[0] 0 / 1505
2026-07-09 21:57:42,712 INFO [loop_base.py:553] Node[0] 200 / 1505
2026-07-09 21:58:11,691 INFO [loop_base.py:553] Node[0] 400 / 1505
2026-07-09 21:58:44,291 INFO [loop_base.py:553] Node[0] 600 / 1505
2026-07-09 21:59:20,632 INFO [loop_base.py:553] Node[0] 800 / 1505
2026-07-09 21:59:57,362 INFO [loop_base.py:553] Node[0] 1000 / 1505
2026-07-09 22:00:40,932 INFO [loop_base.py:553] Node[0] 1200 / 1505
2026-07-09 22:01:24,793 INFO [loop_base.py:553] Node[0] 1400 / 1505
2026-07-09 22:01:47,357 INFO [nuscenes_metric.py:322] Node[0] The length of self.nusc_annos is: 1505
2026-07-09 22:01:49,488 INFO [nuscenes_metric.py:346] Node[0] Results writes to ./metric_results/bevfusion_centerpoint_pointpillar_henet_multisensor_multitask_nuscenes/results_nusc.json
2026-07-09 22:03:47,132 INFO [nuscenes_metric.py:388] Node[0] NDS: 0.5872, mAP:0.5056
car_AP: [0.5]:0.6775  [1.0]:0.8333  [2.0]:0.8770  [4.0]:0.8964 
truck_AP: [0.5]:0.2924  [1.0]:0.5090  [2.0]:0.5960  [4.0]:0.6252 
trailer_AP: [0.5]:0.0791  [1.0]:0.2541  [2.0]:0.4065  [4.0]:0.4898 
bus_AP: [0.5]:0.4450  [1.0]:0.6675  [2.0]:0.7855  [4.0]:0.8243 
construction_vehicle_AP: [0.5]:0.0113  [1.0]:0.1166  [2.0]:0.2432  [4.0]:0.3213 
bicycle_AP: [0.5]:0.3161  [1.0]:0.3935  [2.0]:0.4055  [4.0]:0.4077 
motorcycle_AP: [0.5]:0.3718  [1.0]:0.5219  [2.0]:0.5556  [4.0]:0.5673 
pedestrian_AP: [0.5]:0.3866  [1.0]:0.5541  [2.0]:0.5844  [4.0]:0.6211 
traffic_cone_AP: [0.5]:0.4619  [1.0]:0.5878  [2.0]:0.6273  [4.0]:0.6786 
barrier_AP: [0.5]:0.3182  [1.0]:0.5825  [2.0]:0.6549  [4.0]:0.6781 

2026-07-09 22:03:47,363 WARNING [metric.py:200] Node[0] <class 'hat.metrics.nuscenes_metric.NuscenesMetric'> not ready for distributed environment, should not be used together with DistributedSampler.Might be slow in validation due to resource competition
2026-07-09 22:03:47,380 INFO [mean_iou.py:170] Node[0] ~~~~ MeanIOU Summary metrics ~~~~
Summary:
Scope                 mIoU       mAcc       aAcc
global               48.91      57.49      76.59
Per Class Results:
Class                  IoU        Acc
others                4.42       4.61
barrier              54.80      69.60
bicycle              25.61      27.67
bus                  67.19      71.26
car                  71.85      81.23
construction_vehicle      30.36      36.57
motorcycle           37.45      39.67
pedestrian           54.82      62.08
traffic_cone         30.13      35.53
trailer              43.12      66.86
truck                55.64      65.07
driveable_surface      80.79      87.65
other_flat           36.14      46.18
sidewalk             47.16      59.99
terrain              53.37      70.23
manmade              68.62      77.13
vegetation           69.97      75.96

2026-07-09 22:03:47,382 INFO [metric_updater.py:360] Node[0] Epoch[14] Validation bevfusion_centerpoint_pointpillar_henet_multisensor_multitask_nuscenes: NDS[0.5872] MeanIOU[tensor(0.4891, device='cuda:0')] 
2026-07-09 22:03:56,097 INFO [checkpoint.py:233] Node[0] Save model checkpoint: ./tmp_models/bevfusion_centerpoint_pointpillar_henet_multisensor_multitask_nuscenes/float-checkpoint-epoch-0014-45e6f5d3.pth.tar
2026-07-09 22:03:56,967 INFO [checkpoint.py:270] Node[0] Save last model checkpoint: ./tmp_models/bevfusion_centerpoint_pointpillar_henet_multisensor_multitask_nuscenes/float-checkpoint-last-59e4ef28.pth.tar
2026-07-09 22:03:56,976 INFO [monitor.py:143] Node[0] Epoch[15] Begin ==================================================
2026-07-09 22:03:56,976 INFO [lr_updater.py:204] Node[0] Epoch[15] Step[0] GlobalStep[17595] lr=0.000124
2026-07-09 22:09:19,449 INFO [monitor.py:131] Node[0] Epoch[15] Step[0-199] Cost Time: 322.472s Speed: 3.72 samples/sec Remaining Time: 4:39:43 Remaining step percent: 36.79%
2026-07-09 22:09:20,733 INFO [metric_updater.py:360] Node[0] Epoch[15] Step[199] GlobalStep[17794] loss_bevfusion_centerpoint_pointpillar_henet_multisensor_multitask_nuscenes: car_cls_loss[0.3255] car_reg_loss[0.3427] truck_cls_loss[0.2536] truck_reg_loss[0.3259] bus_cls_loss[0.1669] bus_reg_loss[0.2835] barrier_cls_loss[0.2488] barrier_reg_loss[0.3973] bicycle_cls_loss[0.1435] bicycle_reg_loss[0.2960] pedestrian_cls_loss[0.2602] pedestrian_reg_loss[0.5140] loss_occ[1.3239] 
2026-07-09 22:14:22,235 INFO [monitor.py:131] Node[0] Epoch[15] Step[200-399] Cost Time: 302.784s Speed: 3.96 samples/sec Remaining Time: 4:16:16 Remaining step percent: 36.08%
2026-07-09 22:14:23,765 INFO [metric_updater.py:360] Node[0] Epoch[15] Step[399] GlobalStep[17994] loss_bevfusion_centerpoint_pointpillar_henet_multisensor_multitask_nuscenes: car_cls_loss[0.3311] car_reg_loss[0.3461] truck_cls_loss[0.2487] truck_reg_loss[0.3186] bus_cls_loss[0.1612] bus_reg_loss[0.2826] barrier_cls_loss[0.2493] barrier_reg_loss[0.3839] bicycle_cls_loss[0.1417] bicycle_reg_loss[0.2996] pedestrian_cls_loss[0.2539] pedestrian_reg_loss[0.5052] loss_occ[1.3095] 
2026-07-09 22:19:39,794 INFO [monitor.py:131] Node[0] Epoch[15] Step[400-599] Cost Time: 317.557s Speed: 3.78 samples/sec Remaining Time: 4:23:29 Remaining step percent: 35.37%
2026-07-09 22:19:40,953 INFO [metric_updater.py:360] Node[0] Epoch[15] Step[599] GlobalStep[18194] loss_bevfusion_centerpoint_pointpillar_henet_multisensor_multitask_nuscenes: car_cls_loss[0.3281] car_reg_loss[0.3439] truck_cls_loss[0.2487] truck_reg_loss[0.3173] bus_cls_loss[0.1622] bus_reg_loss[0.2806] barrier_cls_loss[0.2399] barrier_reg_loss[0.3797] bicycle_cls_loss[0.1506] bicycle_reg_loss[0.2974] pedestrian_cls_loss[0.2543] pedestrian_reg_loss[0.5055] loss_occ[1.3125] 
2026-07-09 22:25:01,328 INFO [monitor.py:131] Node[0] Epoch[15] Step[600-799] Cost Time: 321.532s Speed: 3.73 samples/sec Remaining Time: 4:21:25 Remaining step percent: 34.66%
2026-07-09 22:25:02,419 INFO [metric_updater.py:360] Node[0] Epoch[15] Step[799] GlobalStep[18394] loss_bevfusion_centerpoint_pointpillar_henet_multisensor_multitask_nuscenes: car_cls_loss[0.3305] car_reg_loss[0.3441] truck_cls_loss[0.2476] truck_reg_loss[0.3174] bus_cls_loss[0.1652] bus_reg_loss[0.2798] barrier_cls_loss[0.2452] barrier_reg_loss[0.3776] bicycle_cls_loss[0.1523] bicycle_reg_loss[0.2951] pedestrian_cls_loss[0.2530] pedestrian_reg_loss[0.5063] loss_occ[1.3158] 
2026-07-09 22:30:07,567 INFO [monitor.py:131] Node[0] Epoch[15] Step[800-999] Cost Time: 306.236s Speed: 3.92 samples/sec Remaining Time: 4:03:53 Remaining step percent: 33.95%
2026-07-09 22:30:09,215 INFO [metric_updater.py:360] Node[0] Epoch[15] Step[999] GlobalStep[18594] loss_bevfusion_centerpoint_pointpillar_henet_multisensor_multitask_nuscenes: car_cls_loss[0.3293] car_reg_loss[0.3424] truck_cls_loss[0.2476] truck_reg_loss[0.3174] bus_cls_loss[0.1725] bus_reg_loss[0.2813] barrier_cls_loss[0.2454] barrier_reg_loss[0.3741] bicycle_cls_loss[0.1526] bicycle_reg_loss[0.2953] pedestrian_cls_loss[0.2515] pedestrian_reg_loss[0.5058] loss_occ[1.3152] 
2026-07-09 22:34:36,976 INFO [monitor.py:146] Node[0] Epoch[15] End   ==================================================
2026-07-09 22:34:36,976 INFO [monitor.py:149] Node[0] Epoch[15] Cost Time: 1840.001s
2026-07-09 22:34:36,977 INFO [metric_updater.py:360] Node[0] Epoch[15] loss_bevfusion_centerpoint_pointpillar_henet_multisensor_multitask_nuscenes: car_cls_loss[0.3290] car_reg_loss[0.3422] truck_cls_loss[0.2473] truck_reg_loss[0.3168] bus_cls_loss[0.1716] bus_reg_loss[0.2787] barrier_cls_loss[0.2462] barrier_reg_loss[0.3744] bicycle_cls_loss[0.1509] bicycle_reg_loss[0.2921] pedestrian_cls_loss[0.2520] pedestrian_reg_loss[0.5052] loss_occ[1.3137] 
2026-07-09 22:34:36,977 INFO [validation.py:156] Node[0] [32mUse train `model` as val model.[0m
2026-07-09 22:34:37,158 INFO [loop_base.py:482] Node[0] [32mStart Predictor loop from epoch 15, num_epochs=1[0m
2026-07-09 22:34:37,162 INFO [fake_quantize.py:253] Node[0] Set fake quantize state to FakeQuantState.VALIDATION
2026-07-09 22:34:44,898 INFO [loop_base.py:553] Node[0] 0 / 1505
2026-07-09 22:35:16,838 INFO [loop_base.py:553] Node[0] 200 / 1505
2026-07-09 22:35:52,219 INFO [loop_base.py:553] Node[0] 400 / 1505
2026-07-09 22:36:40,524 INFO [loop_base.py:553] Node[0] 600 / 1505
2026-07-09 22:37:07,839 INFO [loop_base.py:553] Node[0] 800 / 1505
2026-07-09 22:37:44,705 INFO [loop_base.py:553] Node[0] 1000 / 1505
2026-07-09 22:38:13,975 INFO [loop_base.py:553] Node[0] 1200 / 1505
2026-07-09 22:38:42,777 INFO [loop_base.py:553] Node[0] 1400 / 1505
2026-07-09 22:39:02,953 INFO [nuscenes_metric.py:322] Node[0] The length of self.nusc_annos is: 1505
2026-07-09 22:39:04,945 INFO [nuscenes_metric.py:346] Node[0] Results writes to ./metric_results/bevfusion_centerpoint_pointpillar_henet_multisensor_multitask_nuscenes/results_nusc.json
2026-07-09 22:41:03,413 INFO [nuscenes_metric.py:388] Node[0] NDS: 0.5918, mAP:0.5016
car_AP: [0.5]:0.6898  [1.0]:0.8387  [2.0]:0.8877  [4.0]:0.9007 
truck_AP: [0.5]:0.3091  [1.0]:0.4960  [2.0]:0.5973  [4.0]:0.6224 
trailer_AP: [0.5]:0.0708  [1.0]:0.2755  [2.0]:0.4322  [4.0]:0.5119 
bus_AP: [0.5]:0.4295  [1.0]:0.6570  [2.0]:0.7711  [4.0]:0.7956 
construction_vehicle_AP: [0.5]:0.0100  [1.0]:0.1260  [2.0]:0.2545  [4.0]:0.3157 
bicycle_AP: [0.5]:0.2838  [1.0]:0.3546  [2.0]:0.3582  [4.0]:0.3600 
motorcycle_AP: [0.5]:0.3757  [1.0]:0.5392  [2.0]:0.5908  [4.0]:0.5945 
pedestrian_AP: [0.5]:0.3833  [1.0]:0.5556  [2.0]:0.5895  [4.0]:0.6262 
traffic_cone_AP: [0.5]:0.4482  [1.0]:0.5734  [2.0]:0.6200  [4.0]:0.6684 
barrier_AP: [0.5]:0.3076  [1.0]:0.5624  [2.0]:0.6287  [4.0]:0.6513 

2026-07-09 22:41:03,629 WARNING [metric.py:200] Node[0] <class 'hat.metrics.nuscenes_metric.NuscenesMetric'> not ready for distributed environment, should not be used together with DistributedSampler.Might be slow in validation due to resource competition
2026-07-09 22:41:03,646 INFO [mean_iou.py:170] Node[0] ~~~~ MeanIOU Summary metrics ~~~~
Summary:
Scope                 mIoU       mAcc       aAcc
global               48.85      56.02      76.88
Per Class Results:
Class                  IoU        Acc
others                4.68       4.96
barrier              51.98      62.49
bicycle              25.72      28.21
bus                  67.40      71.25
car                  69.53      77.58
construction_vehicle      29.43      34.66
motorcycle           35.89      38.12
pedestrian           53.72      61.38
traffic_cone         28.79      34.12
trailer              50.03      63.82
truck                56.24      65.26
driveable_surface      81.50      89.05
other_flat           34.55      39.05
sidewalk             46.92      58.46
terrain              53.96      69.61
manmade              69.04      76.85
vegetation           71.04      77.55

2026-07-09 22:41:03,649 INFO [metric_updater.py:360] Node[0] Epoch[15] Validation bevfusion_centerpoint_pointpillar_henet_multisensor_multitask_nuscenes: NDS[0.5918] MeanIOU[tensor(0.4885, device='cuda:0')] 
2026-07-09 22:41:11,946 INFO [checkpoint.py:233] Node[0] Save model checkpoint: ./tmp_models/bevfusion_centerpoint_pointpillar_henet_multisensor_multitask_nuscenes/float-checkpoint-epoch-0015-7bd8b5ea.pth.tar
2026-07-09 22:41:12,802 INFO [checkpoint.py:270] Node[0] Save last model checkpoint: ./tmp_models/bevfusion_centerpoint_pointpillar_henet_multisensor_multitask_nuscenes/float-checkpoint-last-133ebddb.pth.tar
2026-07-09 22:41:12,811 INFO [monitor.py:143] Node[0] Epoch[16] Begin ==================================================
2026-07-09 22:41:12,811 INFO [lr_updater.py:204] Node[0] Epoch[16] Step[0] GlobalStep[18768] lr=0.000100
2026-07-09 22:46:36,488 INFO [monitor.py:131] Node[0] Epoch[16] Step[0-199] Cost Time: 323.673s Speed: 3.71 samples/sec Remaining Time: 4:08:57 Remaining step percent: 32.62%
2026-07-09 22:46:37,614 INFO [metric_updater.py:360] Node[0] Epoch[16] Step[199] GlobalStep[18967] loss_bevfusion_centerpoint_pointpillar_henet_multisensor_multitask_nuscenes: car_cls_loss[0.3201] car_reg_loss[0.3390] truck_cls_loss[0.2350] truck_reg_loss[0.3080] bus_cls_loss[0.1674] bus_reg_loss[0.2695] barrier_cls_loss[0.2405] barrier_reg_loss[0.3786] bicycle_cls_loss[0.1238] bicycle_reg_loss[0.3008] pedestrian_cls_loss[0.2492] pedestrian_reg_loss[0.5006] loss_occ[1.2865] 
2026-07-09 22:51:40,306 INFO [monitor.py:131] Node[0] Epoch[16] Step[200-399] Cost Time: 303.816s Speed: 3.95 samples/sec Remaining Time: 3:47:27 Remaining step percent: 31.91%
2026-07-09 22:51:42,293 INFO [metric_updater.py:360] Node[0] Epoch[16] Step[399] GlobalStep[19167] loss_bevfusion_centerpoint_pointpillar_henet_multisensor_multitask_nuscenes: car_cls_loss[0.3219] car_reg_loss[0.3408] truck_cls_loss[0.2418] truck_reg_loss[0.3125] bus_cls_loss[0.1718] bus_reg_loss[0.2813] barrier_cls_loss[0.2551] barrier_reg_loss[0.3728] bicycle_cls_loss[0.1432] bicycle_reg_loss[0.2929] pedestrian_cls_loss[0.2529] pedestrian_reg_loss[0.5049] loss_occ[1.2846] 
2026-07-09 22:56:48,282 INFO [monitor.py:131] Node[0] Epoch[16] Step[400-599] Cost Time: 307.969s Speed: 3.90 samples/sec Remaining Time: 3:45:25 Remaining step percent: 31.20%
2026-07-09 22:56:49,511 INFO [metric_updater.py:360] Node[0] Epoch[16] Step[599] GlobalStep[19367] loss_bevfusion_centerpoint_pointpillar_henet_multisensor_multitask_nuscenes: car_cls_loss[0.3228] car_reg_loss[0.3408] truck_cls_loss[0.2385] truck_reg_loss[0.3139] bus_cls_loss[0.1677] bus_reg_loss[0.2790] barrier_cls_loss[0.2451] barrier_reg_loss[0.3672] bicycle_cls_loss[0.1451] bicycle_reg_loss[0.2883] pedestrian_cls_loss[0.2474] pedestrian_reg_loss[0.5033] loss_occ[1.2885] 
2026-07-09 23:01:51,280 INFO [monitor.py:131] Node[0] Epoch[16] Step[600-799] Cost Time: 302.997s Speed: 3.96 samples/sec Remaining Time: 3:36:44 Remaining step percent: 30.49%
2026-07-09 23:01:52,410 INFO [metric_updater.py:360] Node[0] Epoch[16] Step[799] GlobalStep[19567] loss_bevfusion_centerpoint_pointpillar_henet_multisensor_multitask_nuscenes: car_cls_loss[0.3237] car_reg_loss[0.3426] truck_cls_loss[0.2400] truck_reg_loss[0.3141] bus_cls_loss[0.1674] bus_reg_loss[0.2731] barrier_cls_loss[0.2430] barrier_reg_loss[0.3692] bicycle_cls_loss[0.1420] bicycle_reg_loss[0.2874] pedestrian_cls_loss[0.2471] pedestrian_reg_loss[0.5041] loss_occ[1.2881] 
2026-07-09 23:06:33,498 INFO [monitor.py:131] Node[0] Epoch[16] Step[800-999] Cost Time: 282.216s Speed: 4.25 samples/sec Remaining Time: 3:17:10 Remaining step percent: 29.78%
2026-07-09 23:06:34,499 INFO [metric_updater.py:360] Node[0] Epoch[16] Step[999] GlobalStep[19767] loss_bevfusion_centerpoint_pointpillar_henet_multisensor_multitask_nuscenes: car_cls_loss[0.3218] car_reg_loss[0.3413] truck_cls_loss[0.2384] truck_reg_loss[0.3125] bus_cls_loss[0.1678] bus_reg_loss[0.2728] barrier_cls_loss[0.2382] barrier_reg_loss[0.3694] bicycle_cls_loss[0.1439] bicycle_reg_loss[0.2872] pedestrian_cls_loss[0.2466] pedestrian_reg_loss[0.5028] loss_occ[1.2873] 
2026-07-09 23:10:56,679 INFO [monitor.py:146] Node[0] Epoch[16] End   ==================================================
2026-07-09 23:10:56,680 INFO [monitor.py:149] Node[0] Epoch[16] Cost Time: 1783.869s
2026-07-09 23:10:56,681 INFO [metric_updater.py:360] Node[0] Epoch[16] loss_bevfusion_centerpoint_pointpillar_henet_multisensor_multitask_nuscenes: car_cls_loss[0.3225] car_reg_loss[0.3413] truck_cls_loss[0.2377] truck_reg_loss[0.3130] bus_cls_loss[0.1671] bus_reg_loss[0.2727] barrier_cls_loss[0.2350] barrier_reg_loss[0.3641] bicycle_cls_loss[0.1432] bicycle_reg_loss[0.2881] pedestrian_cls_loss[0.2477] pedestrian_reg_loss[0.5029] loss_occ[1.2876] 
2026-07-09 23:10:56,681 INFO [validation.py:156] Node[0] [32mUse train `model` as val model.[0m
2026-07-09 23:10:56,820 INFO [loop_base.py:482] Node[0] [32mStart Predictor loop from epoch 16, num_epochs=1[0m
2026-07-09 23:10:56,823 INFO [fake_quantize.py:253] Node[0] Set fake quantize state to FakeQuantState.VALIDATION
2026-07-09 23:11:05,483 INFO [loop_base.py:553] Node[0] 0 / 1505
2026-07-09 23:11:45,755 INFO [loop_base.py:553] Node[0] 200 / 1505
2026-07-09 23:12:31,188 INFO [loop_base.py:553] Node[0] 400 / 1505
2026-07-09 23:13:00,398 INFO [loop_base.py:553] Node[0] 600 / 1505
2026-07-09 23:13:28,778 INFO [loop_base.py:553] Node[0] 800 / 1505
2026-07-09 23:14:17,126 INFO [loop_base.py:553] Node[0] 1000 / 1505
2026-07-09 23:14:44,466 INFO [loop_base.py:553] Node[0] 1200 / 1505
2026-07-09 23:15:11,196 INFO [loop_base.py:553] Node[0] 1400 / 1505
2026-07-09 23:15:27,340 INFO [nuscenes_metric.py:322] Node[0] The length of self.nusc_annos is: 1505
2026-07-09 23:15:29,428 INFO [nuscenes_metric.py:346] Node[0] Results writes to ./metric_results/bevfusion_centerpoint_pointpillar_henet_multisensor_multitask_nuscenes/results_nusc.json
2026-07-09 23:17:22,738 INFO [nuscenes_metric.py:388] Node[0] NDS: 0.5916, mAP:0.5082
car_AP: [0.5]:0.6872  [1.0]:0.8375  [2.0]:0.8853  [4.0]:0.8982 
truck_AP: [0.5]:0.2954  [1.0]:0.4947  [2.0]:0.5923  [4.0]:0.6196 
trailer_AP: [0.5]:0.0850  [1.0]:0.2854  [2.0]:0.4465  [4.0]:0.5262 
bus_AP: [0.5]:0.4486  [1.0]:0.6508  [2.0]:0.7721  [4.0]:0.8010 
construction_vehicle_AP: [0.5]:0.0143  [1.0]:0.1284  [2.0]:0.2474  [4.0]:0.3113 
bicycle_AP: [0.5]:0.3155  [1.0]:0.3906  [2.0]:0.4015  [4.0]:0.4111 
motorcycle_AP: [0.5]:0.3963  [1.0]:0.5554  [2.0]:0.5967  [4.0]:0.6095 
pedestrian_AP: [0.5]:0.3845  [1.0]:0.5565  [2.0]:0.5900  [4.0]:0.6275 
traffic_cone_AP: [0.5]:0.4579  [1.0]:0.5910  [2.0]:0.6281  [4.0]:0.6731 
barrier_AP: [0.5]:0.3007  [1.0]:0.5513  [2.0]:0.6200  [4.0]:0.6422 

2026-07-09 23:17:22,968 WARNING [metric.py:200] Node[0] <class 'hat.metrics.nuscenes_metric.NuscenesMetric'> not ready for distributed environment, should not be used together with DistributedSampler.Might be slow in validation due to resource competition
2026-07-09 23:17:22,985 INFO [mean_iou.py:170] Node[0] ~~~~ MeanIOU Summary metrics ~~~~
Summary:
Scope                 mIoU       mAcc       aAcc
global               49.41      56.60      77.52
Per Class Results:
Class                  IoU        Acc
others                4.66       4.90
barrier              52.22      62.37
bicycle              25.19      27.42
bus                  68.42      72.73
car                  70.92      78.61
construction_vehicle      30.32      35.39
motorcycle           35.50      37.31
pedestrian           53.09      59.90
traffic_cone         30.85      36.78
trailer              51.36      65.94
truck                57.12      65.98
driveable_surface      81.52      90.27
other_flat           35.70      41.23
sidewalk             47.89      61.00
terrain              53.83      66.41
manmade              69.95      79.18
vegetation           71.42      76.77

2026-07-09 23:17:22,989 INFO [metric_updater.py:360] Node[0] Epoch[16] Validation bevfusion_centerpoint_pointpillar_henet_multisensor_multitask_nuscenes: NDS[0.5916] MeanIOU[tensor(0.4941, device='cuda:0')] 
2026-07-09 23:17:32,250 INFO [checkpoint.py:233] Node[0] Save model checkpoint: ./tmp_models/bevfusion_centerpoint_pointpillar_henet_multisensor_multitask_nuscenes/float-checkpoint-epoch-0016-e29acbd6.pth.tar
2026-07-09 23:17:33,485 INFO [checkpoint.py:270] Node[0] Save last model checkpoint: ./tmp_models/bevfusion_centerpoint_pointpillar_henet_multisensor_multitask_nuscenes/float-checkpoint-last-8b708eeb.pth.tar
2026-07-09 23:17:33,503 INFO [monitor.py:143] Node[0] Epoch[17] Begin ==================================================
2026-07-09 23:17:33,503 INFO [lr_updater.py:204] Node[0] Epoch[17] Step[0] GlobalStep[19941] lr=0.000078
2026-07-09 23:22:50,781 INFO [monitor.py:131] Node[0] Epoch[17] Step[0-199] Cost Time: 317.272s Speed: 3.78 samples/sec Remaining Time: 3:32:52 Remaining step percent: 28.46%
2026-07-09 23:22:52,180 INFO [metric_updater.py:360] Node[0] Epoch[17] Step[199] GlobalStep[20140] loss_bevfusion_centerpoint_pointpillar_henet_multisensor_multitask_nuscenes: car_cls_loss[0.3046] car_reg_loss[0.3355] truck_cls_loss[0.2167] truck_reg_loss[0.3022] bus_cls_loss[0.1533] bus_reg_loss[0.2768] barrier_cls_loss[0.2511] barrier_reg_loss[0.3978] bicycle_cls_loss[0.1328] bicycle_reg_loss[0.2873] pedestrian_cls_loss[0.2332] pedestrian_reg_loss[0.5053] loss_occ[1.2553] 
2026-07-09 23:27:57,202 INFO [monitor.py:131] Node[0] Epoch[17] Step[200-399] Cost Time: 306.420s Speed: 3.92 samples/sec Remaining Time: 3:19:27 Remaining step percent: 27.75%
2026-07-09 23:27:58,705 INFO [metric_updater.py:360] Node[0] Epoch[17] Step[399] GlobalStep[20340] loss_bevfusion_centerpoint_pointpillar_henet_multisensor_multitask_nuscenes: car_cls_loss[0.3095] car_reg_loss[0.3344] truck_cls_loss[0.2160] truck_reg_loss[0.3075] bus_cls_loss[0.1568] bus_reg_loss[0.2808] barrier_cls_loss[0.2511] barrier_reg_loss[0.3821] bicycle_cls_loss[0.1251] bicycle_reg_loss[0.2809] pedestrian_cls_loss[0.2339] pedestrian_reg_loss[0.5023] loss_occ[1.2719] 
2026-07-09 23:33:19,433 INFO [monitor.py:131] Node[0] Epoch[17] Step[400-599] Cost Time: 322.230s Speed: 3.72 samples/sec Remaining Time: 3:24:22 Remaining step percent: 27.04%
2026-07-09 23:33:20,600 INFO [metric_updater.py:360] Node[0] Epoch[17] Step[599] GlobalStep[20540] loss_bevfusion_centerpoint_pointpillar_henet_multisensor_multitask_nuscenes: car_cls_loss[0.3108] car_reg_loss[0.3350] truck_cls_loss[0.2123] truck_reg_loss[0.3054] bus_cls_loss[0.1529] bus_reg_loss[0.2737] barrier_cls_loss[0.2468] barrier_reg_loss[0.3798] bicycle_cls_loss[0.1256] bicycle_reg_loss[0.2796] pedestrian_cls_loss[0.2318] pedestrian_reg_loss[0.4986] loss_occ[1.2680] 
2026-07-09 23:38:45,588 INFO [monitor.py:131] Node[0] Epoch[17] Step[600-799] Cost Time: 326.152s Speed: 3.68 samples/sec Remaining Time: 3:21:25 Remaining step percent: 26.32%
2026-07-09 23:38:46,857 INFO [metric_updater.py:360] Node[0] Epoch[17] Step[799] GlobalStep[20740] loss_bevfusion_centerpoint_pointpillar_henet_multisensor_multitask_nuscenes: car_cls_loss[0.3121] car_reg_loss[0.3363] truck_cls_loss[0.2127] truck_reg_loss[0.3055] bus_cls_loss[0.1512] bus_reg_loss[0.2742] barrier_cls_loss[0.2426] barrier_reg_loss[0.3770] bicycle_cls_loss[0.1313] bicycle_reg_loss[0.2823] pedestrian_cls_loss[0.2317] pedestrian_reg_loss[0.4988] loss_occ[1.2764] 
2026-07-09 23:43:47,223 INFO [monitor.py:131] Node[0] Epoch[17] Step[800-999] Cost Time: 301.634s Speed: 3.98 samples/sec Remaining Time: 3:01:15 Remaining step percent: 25.61%
2026-07-09 23:43:48,443 INFO [metric_updater.py:360] Node[0] Epoch[17] Step[999] GlobalStep[20940] loss_bevfusion_centerpoint_pointpillar_henet_multisensor_multitask_nuscenes: car_cls_loss[0.3136] car_reg_loss[0.3363] truck_cls_loss[0.2146] truck_reg_loss[0.3063] bus_cls_loss[0.1534] bus_reg_loss[0.2723] barrier_cls_loss[0.2415] barrier_reg_loss[0.3770] bicycle_cls_loss[0.1333] bicycle_reg_loss[0.2838] pedestrian_cls_loss[0.2329] pedestrian_reg_loss[0.4970] loss_occ[1.2778] 
2026-07-09 23:48:12,344 INFO [monitor.py:146] Node[0] Epoch[17] End   ==================================================
2026-07-09 23:48:12,345 INFO [monitor.py:149] Node[0] Epoch[17] Cost Time: 1838.842s
2026-07-09 23:48:12,346 INFO [metric_updater.py:360] Node[0] Epoch[17] loss_bevfusion_centerpoint_pointpillar_henet_multisensor_multitask_nuscenes: car_cls_loss[0.3139] car_reg_loss[0.3364] truck_cls_loss[0.2156] truck_reg_loss[0.3068] bus_cls_loss[0.1517] bus_reg_loss[0.2695] barrier_cls_loss[0.2406] barrier_reg_loss[0.3756] bicycle_cls_loss[0.1349] bicycle_reg_loss[0.2829] pedestrian_cls_loss[0.2347] pedestrian_reg_loss[0.4970] loss_occ[1.2742] 
2026-07-09 23:48:12,346 INFO [validation.py:156] Node[0] [32mUse train `model` as val model.[0m
2026-07-09 23:48:12,537 INFO [loop_base.py:482] Node[0] [32mStart Predictor loop from epoch 17, num_epochs=1[0m
2026-07-09 23:48:12,540 INFO [fake_quantize.py:253] Node[0] Set fake quantize state to FakeQuantState.VALIDATION
2026-07-09 23:48:21,945 INFO [loop_base.py:553] Node[0] 0 / 1505
2026-07-09 23:49:05,724 INFO [loop_base.py:553] Node[0] 200 / 1505
2026-07-09 23:49:43,779 INFO [loop_base.py:553] Node[0] 400 / 1505
2026-07-09 23:50:11,010 INFO [loop_base.py:553] Node[0] 600 / 1505
2026-07-09 23:50:41,557 INFO [loop_base.py:553] Node[0] 800 / 1505
2026-07-09 23:51:29,459 INFO [loop_base.py:553] Node[0] 1000 / 1505
2026-07-09 23:51:56,355 INFO [loop_base.py:553] Node[0] 1200 / 1505
2026-07-09 23:52:30,564 INFO [loop_base.py:553] Node[0] 1400 / 1505
2026-07-09 23:52:47,369 INFO [nuscenes_metric.py:322] Node[0] The length of self.nusc_annos is: 1505
2026-07-09 23:52:49,320 INFO [nuscenes_metric.py:346] Node[0] Results writes to ./metric_results/bevfusion_centerpoint_pointpillar_henet_multisensor_multitask_nuscenes/results_nusc.json
2026-07-09 23:54:46,932 INFO [nuscenes_metric.py:388] Node[0] NDS: 0.5867, mAP:0.4949
car_AP: [0.5]:0.6771  [1.0]:0.8344  [2.0]:0.8773  [4.0]:0.8903 
truck_AP: [0.5]:0.2981  [1.0]:0.4891  [2.0]:0.5860  [4.0]:0.6122 
trailer_AP: [0.5]:0.0808  [1.0]:0.2604  [2.0]:0.3888  [4.0]:0.4533 
bus_AP: [0.5]:0.4481  [1.0]:0.6535  [2.0]:0.7525  [4.0]:0.7684 
construction_vehicle_AP: [0.5]:0.0164  [1.0]:0.1286  [2.0]:0.2488  [4.0]:0.3095 
bicycle_AP: [0.5]:0.2738  [1.0]:0.3417  [2.0]:0.3525  [4.0]:0.3544 
motorcycle_AP: [0.5]:0.3773  [1.0]:0.5297  [2.0]:0.5793  [4.0]:0.5821 
pedestrian_AP: [0.5]:0.3802  [1.0]:0.5444  [2.0]:0.5776  [4.0]:0.6083 
traffic_cone_AP: [0.5]:0.4517  [1.0]:0.5837  [2.0]:0.6261  [4.0]:0.6722 
barrier_AP: [0.5]:0.3136  [1.0]:0.5724  [2.0]:0.6407  [4.0]:0.6625 

2026-07-09 23:54:47,110 WARNING [metric.py:200] Node[0] <class 'hat.metrics.nuscenes_metric.NuscenesMetric'> not ready for distributed environment, should not be used together with DistributedSampler.Might be slow in validation due to resource competition
2026-07-09 23:54:47,126 INFO [mean_iou.py:170] Node[0] ~~~~ MeanIOU Summary metrics ~~~~
Summary:
Scope                 mIoU       mAcc       aAcc
global               49.17      57.21      76.74
Per Class Results:
Class                  IoU        Acc
others                4.01       4.13
barrier              54.81      68.03
bicycle              25.65      27.74
bus                  68.73      73.81
car                  71.24      78.54
construction_vehicle      30.04      34.71
motorcycle           38.62      40.83
pedestrian           54.98      61.70
traffic_cone         31.05      37.03
trailer              45.59      66.17
truck                54.97      62.92
driveable_surface      81.05      88.49
other_flat           35.43      42.35
sidewalk             47.58      61.38
terrain              53.26      72.53
manmade              68.06      75.35
vegetation           70.74      76.88

2026-07-09 23:54:47,128 INFO [metric_updater.py:360] Node[0] Epoch[17] Validation bevfusion_centerpoint_pointpillar_henet_multisensor_multitask_nuscenes: NDS[0.5867] MeanIOU[tensor(0.4917, device='cuda:0')] 
2026-07-09 23:54:55,286 INFO [checkpoint.py:233] Node[0] Save model checkpoint: ./tmp_models/bevfusion_centerpoint_pointpillar_henet_multisensor_multitask_nuscenes/float-checkpoint-epoch-0017-6d2e4809.pth.tar
2026-07-09 23:54:56,284 INFO [checkpoint.py:270] Node[0] Save last model checkpoint: ./tmp_models/bevfusion_centerpoint_pointpillar_henet_multisensor_multitask_nuscenes/float-checkpoint-last-93ce43a4.pth.tar
2026-07-09 23:54:56,297 INFO [monitor.py:143] Node[0] Epoch[18] Begin ==================================================
2026-07-09 23:54:56,297 INFO [lr_updater.py:204] Node[0] Epoch[18] Step[0] GlobalStep[21114] lr=0.000059
2026-07-09 23:59:59,970 INFO [monitor.py:131] Node[0] Epoch[18] Step[0-199] Cost Time: 303.672s Speed: 3.95 samples/sec Remaining Time: 2:53:54 Remaining step percent: 24.29%
2026-07-10 00:00:02,830 INFO [metric_updater.py:360] Node[0] Epoch[18] Step[199] GlobalStep[21313] loss_bevfusion_centerpoint_pointpillar_henet_multisensor_multitask_nuscenes: car_cls_loss[0.3085] car_reg_loss[0.3328] truck_cls_loss[0.1974] truck_reg_loss[0.2928] bus_cls_loss[0.1263] bus_reg_loss[0.2572] barrier_cls_loss[0.2222] barrier_reg_loss[0.3487] bicycle_cls_loss[0.1306] bicycle_reg_loss[0.2621] pedestrian_cls_loss[0.2232] pedestrian_reg_loss[0.4831] loss_occ[1.2805] 
2026-07-10 00:05:17,064 INFO [monitor.py:131] Node[0] Epoch[18] Step[200-399] Cost Time: 317.092s Speed: 3.78 samples/sec Remaining Time: 2:55:24 Remaining step percent: 23.58%
2026-07-10 00:05:18,204 INFO [metric_updater.py:360] Node[0] Epoch[18] Step[399] GlobalStep[21513] loss_bevfusion_centerpoint_pointpillar_henet_multisensor_multitask_nuscenes: car_cls_loss[0.3067] car_reg_loss[0.3339] truck_cls_loss[0.1964] truck_reg_loss[0.2976] bus_cls_loss[0.1350] bus_reg_loss[0.2597] barrier_cls_loss[0.2258] barrier_reg_loss[0.3499] bicycle_cls_loss[0.1322] bicycle_reg_loss[0.2751] pedestrian_cls_loss[0.2240] pedestrian_reg_loss[0.4883] loss_occ[1.2708] 
2026-07-10 00:10:00,032 INFO [monitor.py:131] Node[0] Epoch[18] Step[400-599] Cost Time: 282.966s Speed: 4.24 samples/sec Remaining Time: 2:31:48 Remaining step percent: 22.87%
2026-07-10 00:10:01,572 INFO [metric_updater.py:360] Node[0] Epoch[18] Step[599] GlobalStep[21713] loss_bevfusion_centerpoint_pointpillar_henet_multisensor_multitask_nuscenes: car_cls_loss[0.3072] car_reg_loss[0.3336] truck_cls_loss[0.1971] truck_reg_loss[0.2971] bus_cls_loss[0.1392] bus_reg_loss[0.2624] barrier_cls_loss[0.2191] barrier_reg_loss[0.3466] bicycle_cls_loss[0.1304] bicycle_reg_loss[0.2772] pedestrian_cls_loss[0.2248] pedestrian_reg_loss[0.4879] loss_occ[1.2714] 
2026-07-10 00:15:21,931 INFO [monitor.py:131] Node[0] Epoch[18] Step[600-799] Cost Time: 321.897s Speed: 3.73 samples/sec Remaining Time: 2:47:19 Remaining step percent: 22.16%
2026-07-10 00:15:23,184 INFO [metric_updater.py:360] Node[0] Epoch[18] Step[799] GlobalStep[21913] loss_bevfusion_centerpoint_pointpillar_henet_multisensor_multitask_nuscenes: car_cls_loss[0.3056] car_reg_loss[0.3326] truck_cls_loss[0.1963] truck_reg_loss[0.2969] bus_cls_loss[0.1431] bus_reg_loss[0.2633] barrier_cls_loss[0.2171] barrier_reg_loss[0.3498] bicycle_cls_loss[0.1284] bicycle_reg_loss[0.2790] pedestrian_cls_loss[0.2258] pedestrian_reg_loss[0.4881] loss_occ[1.2690] 
2026-07-10 00:20:18,700 INFO [monitor.py:131] Node[0] Epoch[18] Step[800-999] Cost Time: 296.767s Speed: 4.04 samples/sec Remaining Time: 2:29:19 Remaining step percent: 21.45%
2026-07-10 00:20:20,052 INFO [metric_updater.py:360] Node[0] Epoch[18] Step[999] GlobalStep[22113] loss_bevfusion_centerpoint_pointpillar_henet_multisensor_multitask_nuscenes: car_cls_loss[0.3071] car_reg_loss[0.3335] truck_cls_loss[0.1993] truck_reg_loss[0.2982] bus_cls_loss[0.1421] bus_reg_loss[0.2646] barrier_cls_loss[0.2177] barrier_reg_loss[0.3504] bicycle_cls_loss[0.1246] bicycle_reg_loss[0.2778] pedestrian_cls_loss[0.2263] pedestrian_reg_loss[0.4884] loss_occ[1.2740] 
2026-07-10 00:24:39,955 INFO [monitor.py:146] Node[0] Epoch[18] End   ==================================================
2026-07-10 00:24:39,956 INFO [monitor.py:149] Node[0] Epoch[18] Cost Time: 1783.659s
2026-07-10 00:24:39,956 INFO [metric_updater.py:360] Node[0] Epoch[18] loss_bevfusion_centerpoint_pointpillar_henet_multisensor_multitask_nuscenes: car_cls_loss[0.3070] car_reg_loss[0.3336] truck_cls_loss[0.1987] truck_reg_loss[0.2978] bus_cls_loss[0.1453] bus_reg_loss[0.2654] barrier_cls_loss[0.2168] barrier_reg_loss[0.3500] bicycle_cls_loss[0.1222] bicycle_reg_loss[0.2753] pedestrian_cls_loss[0.2273] pedestrian_reg_loss[0.4879] loss_occ[1.2699] 
2026-07-10 00:24:39,957 INFO [validation.py:156] Node[0] [32mUse train `model` as val model.[0m
2026-07-10 00:24:40,138 INFO [loop_base.py:482] Node[0] [32mStart Predictor loop from epoch 18, num_epochs=1[0m
2026-07-10 00:24:40,141 INFO [fake_quantize.py:253] Node[0] Set fake quantize state to FakeQuantState.VALIDATION
2026-07-10 00:24:47,732 INFO [loop_base.py:553] Node[0] 0 / 1505
2026-07-10 00:25:21,028 INFO [loop_base.py:553] Node[0] 200 / 1505
2026-07-10 00:25:51,035 INFO [loop_base.py:553] Node[0] 400 / 1505
2026-07-10 00:26:23,212 INFO [loop_base.py:553] Node[0] 600 / 1505
2026-07-10 00:26:56,601 INFO [loop_base.py:553] Node[0] 800 / 1505
2026-07-10 00:27:30,902 INFO [loop_base.py:553] Node[0] 1000 / 1505
2026-07-10 00:28:02,002 INFO [loop_base.py:553] Node[0] 1200 / 1505
2026-07-10 00:28:37,530 INFO [loop_base.py:553] Node[0] 1400 / 1505
2026-07-10 00:29:01,031 INFO [nuscenes_metric.py:322] Node[0] The length of self.nusc_annos is: 1505
2026-07-10 00:29:03,747 INFO [nuscenes_metric.py:346] Node[0] Results writes to ./metric_results/bevfusion_centerpoint_pointpillar_henet_multisensor_multitask_nuscenes/results_nusc.json
2026-07-10 00:30:56,890 INFO [nuscenes_metric.py:388] Node[0] NDS: 0.5900, mAP:0.5002
car_AP: [0.5]:0.6884  [1.0]:0.8404  [2.0]:0.8832  [4.0]:0.9020 
truck_AP: [0.5]:0.3002  [1.0]:0.5051  [2.0]:0.6107  [4.0]:0.6354 
trailer_AP: [0.5]:0.0839  [1.0]:0.2651  [2.0]:0.3851  [4.0]:0.4960 
bus_AP: [0.5]:0.4293  [1.0]:0.6581  [2.0]:0.7565  [4.0]:0.7717 
construction_vehicle_AP: [0.5]:0.0026  [1.0]:0.1052  [2.0]:0.2501  [4.0]:0.3146 
bicycle_AP: [0.5]:0.3008  [1.0]:0.3816  [2.0]:0.3925  [4.0]:0.3948 
motorcycle_AP: [0.5]:0.3660  [1.0]:0.5412  [2.0]:0.5856  [4.0]:0.5966 
pedestrian_AP: [0.5]:0.3841  [1.0]:0.5445  [2.0]:0.5816  [4.0]:0.6130 
traffic_cone_AP: [0.5]:0.4488  [1.0]:0.5764  [2.0]:0.6141  [4.0]:0.6629 
barrier_AP: [0.5]:0.3079  [1.0]:0.5583  [2.0]:0.6256  [4.0]:0.6482 

2026-07-10 00:30:57,068 WARNING [metric.py:200] Node[0] <class 'hat.metrics.nuscenes_metric.NuscenesMetric'> not ready for distributed environment, should not be used together with DistributedSampler.Might be slow in validation due to resource competition
2026-07-10 00:30:57,084 INFO [mean_iou.py:170] Node[0] ~~~~ MeanIOU Summary metrics ~~~~
Summary:
Scope                 mIoU       mAcc       aAcc
global               49.02      56.06      76.57
Per Class Results:
Class                  IoU        Acc
others                5.27       5.71
barrier              53.22      63.78
bicycle              26.04      28.72
bus                  67.76      71.57
car                  70.85      78.07
construction_vehicle      29.31      33.82
motorcycle           37.57      40.09
pedestrian           52.40      58.30
traffic_cone         28.33      32.71
trailer              49.93      62.41
truck                56.46      64.82
driveable_surface      81.30      88.59
other_flat           35.70      40.73
sidewalk             47.27      58.77
terrain              53.09      72.46
manmade              68.28      75.75
vegetation           70.61      76.71

2026-07-10 00:30:57,086 INFO [metric_updater.py:360] Node[0] Epoch[18] Validation bevfusion_centerpoint_pointpillar_henet_multisensor_multitask_nuscenes: NDS[0.5900] MeanIOU[tensor(0.4902, device='cuda:0')] 
2026-07-10 00:31:03,255 INFO [checkpoint.py:233] Node[0] Save model checkpoint: ./tmp_models/bevfusion_centerpoint_pointpillar_henet_multisensor_multitask_nuscenes/float-checkpoint-epoch-0018-2a1799dc.pth.tar
2026-07-10 00:31:04,189 INFO [checkpoint.py:270] Node[0] Save last model checkpoint: ./tmp_models/bevfusion_centerpoint_pointpillar_henet_multisensor_multitask_nuscenes/float-checkpoint-last-6bf78231.pth.tar
2026-07-10 00:31:04,198 INFO [monitor.py:143] Node[0] Epoch[19] Begin ==================================================
2026-07-10 00:31:04,198 INFO [lr_updater.py:204] Node[0] Epoch[19] Step[0] GlobalStep[22287] lr=0.000042
2026-07-10 00:36:23,281 INFO [monitor.py:131] Node[0] Epoch[19] Step[0-199] Cost Time: 319.079s Speed: 3.76 samples/sec Remaining Time: 2:31:23 Remaining step percent: 20.12%
2026-07-10 00:36:24,779 INFO [metric_updater.py:360] Node[0] Epoch[19] Step[199] GlobalStep[22486] loss_bevfusion_centerpoint_pointpillar_henet_multisensor_multitask_nuscenes: car_cls_loss[0.2945] car_reg_loss[0.3301] truck_cls_loss[0.1983] truck_reg_loss[0.3020] bus_cls_loss[0.1532] bus_reg_loss[0.2590] barrier_cls_loss[0.2156] barrier_reg_loss[0.3707] bicycle_cls_loss[0.1300] bicycle_reg_loss[0.2702] pedestrian_cls_loss[0.2248] pedestrian_reg_loss[0.4938] loss_occ[1.2496] 
2026-07-10 00:41:24,185 INFO [monitor.py:131] Node[0] Epoch[19] Step[200-399] Cost Time: 300.902s Speed: 3.99 samples/sec Remaining Time: 2:17:02 Remaining step percent: 19.41%
2026-07-10 00:41:25,497 INFO [metric_updater.py:360] Node[0] Epoch[19] Step[399] GlobalStep[22686] loss_bevfusion_centerpoint_pointpillar_henet_multisensor_multitask_nuscenes: car_cls_loss[0.3031] car_reg_loss[0.3339] truck_cls_loss[0.1924] truck_reg_loss[0.2985] bus_cls_loss[0.1461] bus_reg_loss[0.2655] barrier_cls_loss[0.2104] barrier_reg_loss[0.3591] bicycle_cls_loss[0.1297] bicycle_reg_loss[0.2745] pedestrian_cls_loss[0.2238] pedestrian_reg_loss[0.4899] loss_occ[1.2705] 
2026-07-10 00:46:25,265 INFO [monitor.py:131] Node[0] Epoch[19] Step[400-599] Cost Time: 301.077s Speed: 3.99 samples/sec Remaining Time: 2:12:05 Remaining step percent: 18.70%
2026-07-10 00:46:26,464 INFO [metric_updater.py:360] Node[0] Epoch[19] Step[599] GlobalStep[22886] loss_bevfusion_centerpoint_pointpillar_henet_multisensor_multitask_nuscenes: car_cls_loss[0.3007] car_reg_loss[0.3338] truck_cls_loss[0.1906] truck_reg_loss[0.2963] bus_cls_loss[0.1410] bus_reg_loss[0.2613] barrier_cls_loss[0.2144] barrier_reg_loss[0.3595] bicycle_cls_loss[0.1238] bicycle_reg_loss[0.2710] pedestrian_cls_loss[0.2258] pedestrian_reg_loss[0.4885] loss_occ[1.2568] 
2026-07-10 00:51:46,889 INFO [monitor.py:131] Node[0] Epoch[19] Step[600-799] Cost Time: 321.622s Speed: 3.73 samples/sec Remaining Time: 2:15:45 Remaining step percent: 17.99%
2026-07-10 00:51:47,929 INFO [metric_updater.py:360] Node[0] Epoch[19] Step[799] GlobalStep[23086] loss_bevfusion_centerpoint_pointpillar_henet_multisensor_multitask_nuscenes: car_cls_loss[0.3033] car_reg_loss[0.3347] truck_cls_loss[0.1926] truck_reg_loss[0.2961] bus_cls_loss[0.1413] bus_reg_loss[0.2588] barrier_cls_loss[0.2140] barrier_reg_loss[0.3593] bicycle_cls_loss[0.1253] bicycle_reg_loss[0.2729] pedestrian_cls_loss[0.2260] pedestrian_reg_loss[0.4876] loss_occ[1.2532] 
2026-07-10 00:56:53,015 INFO [monitor.py:131] Node[0] Epoch[19] Step[800-999] Cost Time: 306.123s Speed: 3.92 samples/sec Remaining Time: 2:04:06 Remaining step percent: 17.28%
2026-07-10 00:56:54,488 INFO [metric_updater.py:360] Node[0] Epoch[19] Step[999] GlobalStep[23286] loss_bevfusion_centerpoint_pointpillar_henet_multisensor_multitask_nuscenes: car_cls_loss[0.3020] car_reg_loss[0.3333] truck_cls_loss[0.1913] truck_reg_loss[0.2953] bus_cls_loss[0.1402] bus_reg_loss[0.2580] barrier_cls_loss[0.2136] barrier_reg_loss[0.3588] bicycle_cls_loss[0.1218] bicycle_reg_loss[0.2734] pedestrian_cls_loss[0.2267] pedestrian_reg_loss[0.4878] loss_occ[1.2534] 
2026-07-10 01:01:19,582 INFO [monitor.py:146] Node[0] Epoch[19] End   ==================================================
2026-07-10 01:01:19,585 INFO [monitor.py:149] Node[0] Epoch[19] Cost Time: 1815.387s
2026-07-10 01:01:19,585 INFO [metric_updater.py:360] Node[0] Epoch[19] loss_bevfusion_centerpoint_pointpillar_henet_multisensor_multitask_nuscenes: car_cls_loss[0.3037] car_reg_loss[0.3332] truck_cls_loss[0.1940] truck_reg_loss[0.2959] bus_cls_loss[0.1401] bus_reg_loss[0.2578] barrier_cls_loss[0.2124] barrier_reg_loss[0.3603] bicycle_cls_loss[0.1223] bicycle_reg_loss[0.2746] pedestrian_cls_loss[0.2252] pedestrian_reg_loss[0.4879] loss_occ[1.2531] 
2026-07-10 01:01:19,585 INFO [validation.py:156] Node[0] [32mUse train `model` as val model.[0m
2026-07-10 01:01:19,804 INFO [loop_base.py:482] Node[0] [32mStart Predictor loop from epoch 19, num_epochs=1[0m
2026-07-10 01:01:19,809 INFO [fake_quantize.py:253] Node[0] Set fake quantize state to FakeQuantState.VALIDATION
2026-07-10 01:01:27,142 INFO [loop_base.py:553] Node[0] 0 / 1505
2026-07-10 01:01:56,351 INFO [loop_base.py:553] Node[0] 200 / 1505
2026-07-10 01:02:40,373 INFO [loop_base.py:553] Node[0] 400 / 1505
2026-07-10 01:03:34,128 INFO [loop_base.py:553] Node[0] 600 / 1505
2026-07-10 01:04:08,754 INFO [loop_base.py:553] Node[0] 800 / 1505
2026-07-10 01:04:38,571 INFO [loop_base.py:553] Node[0] 1000 / 1505
2026-07-10 01:05:13,693 INFO [loop_base.py:553] Node[0] 1200 / 1505
2026-07-10 01:06:06,426 INFO [loop_base.py:553] Node[0] 1400 / 1505
2026-07-10 01:06:23,146 INFO [nuscenes_metric.py:322] Node[0] The length of self.nusc_annos is: 1505
2026-07-10 01:06:24,632 INFO [nuscenes_metric.py:346] Node[0] Results writes to ./metric_results/bevfusion_centerpoint_pointpillar_henet_multisensor_multitask_nuscenes/results_nusc.json
2026-07-10 01:08:20,839 INFO [nuscenes_metric.py:388] Node[0] NDS: 0.5885, mAP:0.4956
car_AP: [0.5]:0.6895  [1.0]:0.8397  [2.0]:0.8818  [4.0]:0.9011 
truck_AP: [0.5]:0.2960  [1.0]:0.4989  [2.0]:0.5883  [4.0]:0.6152 
trailer_AP: [0.5]:0.0877  [1.0]:0.2706  [2.0]:0.4084  [4.0]:0.5001 
bus_AP: [0.5]:0.4213  [1.0]:0.6465  [2.0]:0.7520  [4.0]:0.7788 
construction_vehicle_AP: [0.5]:0.0092  [1.0]:0.1162  [2.0]:0.2453  [4.0]:0.3160 
bicycle_AP: [0.5]:0.3003  [1.0]:0.3758  [2.0]:0.3871  [4.0]:0.3886 
motorcycle_AP: [0.5]:0.3601  [1.0]:0.5138  [2.0]:0.5665  [4.0]:0.5693 
pedestrian_AP: [0.5]:0.3821  [1.0]:0.5435  [2.0]:0.5761  [4.0]:0.6069 
traffic_cone_AP: [0.5]:0.4489  [1.0]:0.5776  [2.0]:0.6143  [4.0]:0.6620 
barrier_AP: [0.5]:0.2904  [1.0]:0.5458  [2.0]:0.6148  [4.0]:0.6369 

2026-07-10 01:08:21,034 WARNING [metric.py:200] Node[0] <class 'hat.metrics.nuscenes_metric.NuscenesMetric'> not ready for distributed environment, should not be used together with DistributedSampler.Might be slow in validation due to resource competition
2026-07-10 01:08:21,050 INFO [mean_iou.py:170] Node[0] ~~~~ MeanIOU Summary metrics ~~~~
Summary:
Scope                 mIoU       mAcc       aAcc
global               49.27      56.33      77.05
Per Class Results:
Class                  IoU        Acc
others                5.01       5.32
barrier              52.94      63.53
bicycle              26.31      28.98
bus                  68.40      72.58
car                  70.65      78.31
construction_vehicle      29.32      33.74
motorcycle           36.23      38.39
pedestrian           52.55      58.85
traffic_cone         30.06      35.59
trailer              50.39      61.81
truck                56.75      64.97
driveable_surface      81.58      88.89
other_flat           36.14      41.89
sidewalk             47.65      59.42
terrain              53.31      70.83
manmade              69.26      77.82
vegetation           71.06      76.62

2026-07-10 01:08:21,053 INFO [metric_updater.py:360] Node[0] Epoch[19] Validation bevfusion_centerpoint_pointpillar_henet_multisensor_multitask_nuscenes: NDS[0.5885] MeanIOU[tensor(0.4927, device='cuda:0')] 
2026-07-10 01:08:29,512 INFO [checkpoint.py:233] Node[0] Save model checkpoint: ./tmp_models/bevfusion_centerpoint_pointpillar_henet_multisensor_multitask_nuscenes/float-checkpoint-epoch-0019-2d92c121.pth.tar
2026-07-10 01:08:30,415 INFO [checkpoint.py:270] Node[0] Save last model checkpoint: ./tmp_models/bevfusion_centerpoint_pointpillar_henet_multisensor_multitask_nuscenes/float-checkpoint-last-20036702.pth.tar
2026-07-10 01:08:30,424 INFO [monitor.py:143] Node[0] Epoch[20] Begin ==================================================
2026-07-10 01:08:30,425 INFO [lr_updater.py:204] Node[0] Epoch[20] Step[0] GlobalStep[23460] lr=0.000027
2026-07-10 01:13:40,388 INFO [monitor.py:131] Node[0] Epoch[20] Step[0-199] Cost Time: 309.962s Speed: 3.87 samples/sec Remaining Time: 1:56:36 Remaining step percent: 15.96%
2026-07-10 01:13:42,009 INFO [metric_updater.py:360] Node[0] Epoch[20] Step[199] GlobalStep[23659] loss_bevfusion_centerpoint_pointpillar_henet_multisensor_multitask_nuscenes: car_cls_loss[0.2947] car_reg_loss[0.3305] truck_cls_loss[0.1800] truck_reg_loss[0.2926] bus_cls_loss[0.1540] bus_reg_loss[0.2638] barrier_cls_loss[0.2182] barrier_reg_loss[0.3636] bicycle_cls_loss[0.1079] bicycle_reg_loss[0.2688] pedestrian_cls_loss[0.2168] pedestrian_reg_loss[0.4769] loss_occ[1.2570] 
2026-07-10 01:18:54,368 INFO [monitor.py:131] Node[0] Epoch[20] Step[200-399] Cost Time: 313.979s Speed: 3.82 samples/sec Remaining Time: 1:52:17 Remaining step percent: 15.25%
2026-07-10 01:18:55,596 INFO [metric_updater.py:360] Node[0] Epoch[20] Step[399] GlobalStep[23859] loss_bevfusion_centerpoint_pointpillar_henet_multisensor_multitask_nuscenes: car_cls_loss[0.2979] car_reg_loss[0.3305] truck_cls_loss[0.1837] truck_reg_loss[0.2924] bus_cls_loss[0.1379] bus_reg_loss[0.2555] barrier_cls_loss[0.2142] barrier_reg_loss[0.3590] bicycle_cls_loss[0.1077] bicycle_reg_loss[0.2610] pedestrian_cls_loss[0.2118] pedestrian_reg_loss[0.4769] loss_occ[1.2508] 
2026-07-10 01:24:11,062 INFO [monitor.py:131] Node[0] Epoch[20] Step[400-599] Cost Time: 316.693s Speed: 3.79 samples/sec Remaining Time: 1:47:59 Remaining step percent: 14.54%
2026-07-10 01:24:12,182 INFO [metric_updater.py:360] Node[0] Epoch[20] Step[599] GlobalStep[24059] loss_bevfusion_centerpoint_pointpillar_henet_multisensor_multitask_nuscenes: car_cls_loss[0.2986] car_reg_loss[0.3317] truck_cls_loss[0.1860] truck_reg_loss[0.2918] bus_cls_loss[0.1365] bus_reg_loss[0.2553] barrier_cls_loss[0.2206] barrier_reg_loss[0.3627] bicycle_cls_loss[0.1070] bicycle_reg_loss[0.2610] pedestrian_cls_loss[0.2165] pedestrian_reg_loss[0.4833] loss_occ[1.2571] 
2026-07-10 01:29:36,562 INFO [monitor.py:131] Node[0] Epoch[20] Step[600-799] Cost Time: 325.498s Speed: 3.69 samples/sec Remaining Time: 1:45:34 Remaining step percent: 13.82%
2026-07-10 01:29:38,470 INFO [metric_updater.py:360] Node[0] Epoch[20] Step[799] GlobalStep[24259] loss_bevfusion_centerpoint_pointpillar_henet_multisensor_multitask_nuscenes: car_cls_loss[0.2982] car_reg_loss[0.3315] truck_cls_loss[0.1909] truck_reg_loss[0.2947] bus_cls_loss[0.1354] bus_reg_loss[0.2548] barrier_cls_loss[0.2161] barrier_reg_loss[0.3591] bicycle_cls_loss[0.1110] bicycle_reg_loss[0.2640] pedestrian_cls_loss[0.2154] pedestrian_reg_loss[0.4846] loss_occ[1.2557] 
2026-07-10 01:34:57,232 INFO [monitor.py:131] Node[0] Epoch[20] Step[800-999] Cost Time: 320.668s Speed: 3.74 samples/sec Remaining Time: 1:38:39 Remaining step percent: 13.11%
2026-07-10 01:34:58,242 INFO [metric_updater.py:360] Node[0] Epoch[20] Step[999] GlobalStep[24459] loss_bevfusion_centerpoint_pointpillar_henet_multisensor_multitask_nuscenes: car_cls_loss[0.2972] car_reg_loss[0.3312] truck_cls_loss[0.1869] truck_reg_loss[0.2935] bus_cls_loss[0.1342] bus_reg_loss[0.2554] barrier_cls_loss[0.2169] barrier_reg_loss[0.3591] bicycle_cls_loss[0.1101] bicycle_reg_loss[0.2626] pedestrian_cls_loss[0.2157] pedestrian_reg_loss[0.4846] loss_occ[1.2470] 
2026-07-10 01:39:13,775 INFO [monitor.py:146] Node[0] Epoch[20] End   ==================================================
2026-07-10 01:39:13,776 INFO [monitor.py:149] Node[0] Epoch[20] Cost Time: 1843.352s
2026-07-10 01:39:13,777 INFO [metric_updater.py:360] Node[0] Epoch[20] loss_bevfusion_centerpoint_pointpillar_henet_multisensor_multitask_nuscenes: car_cls_loss[0.2972] car_reg_loss[0.3304] truck_cls_loss[0.1894] truck_reg_loss[0.2939] bus_cls_loss[0.1327] bus_reg_loss[0.2545] barrier_cls_loss[0.2150] barrier_reg_loss[0.3578] bicycle_cls_loss[0.1088] bicycle_reg_loss[0.2607] pedestrian_cls_loss[0.2163] pedestrian_reg_loss[0.4849] loss_occ[1.2449] 
2026-07-10 01:39:13,777 INFO [validation.py:156] Node[0] [32mUse train `model` as val model.[0m
2026-07-10 01:39:13,969 INFO [loop_base.py:482] Node[0] [32mStart Predictor loop from epoch 20, num_epochs=1[0m
2026-07-10 01:39:13,973 INFO [fake_quantize.py:253] Node[0] Set fake quantize state to FakeQuantState.VALIDATION
2026-07-10 01:39:22,230 INFO [loop_base.py:553] Node[0] 0 / 1505
2026-07-10 01:40:02,625 INFO [loop_base.py:553] Node[0] 200 / 1505
2026-07-10 01:40:54,905 INFO [loop_base.py:553] Node[0] 400 / 1505
2026-07-10 01:41:22,202 INFO [loop_base.py:553] Node[0] 600 / 1505
2026-07-10 01:41:52,165 INFO [loop_base.py:553] Node[0] 800 / 1505
2026-07-10 01:42:26,337 INFO [loop_base.py:553] Node[0] 1000 / 1505
2026-07-10 01:42:56,940 INFO [loop_base.py:553] Node[0] 1200 / 1505
2026-07-10 01:43:25,082 INFO [loop_base.py:553] Node[0] 1400 / 1505
2026-07-10 01:43:42,628 INFO [nuscenes_metric.py:322] Node[0] The length of self.nusc_annos is: 1505
2026-07-10 01:43:44,435 INFO [nuscenes_metric.py:346] Node[0] Results writes to ./metric_results/bevfusion_centerpoint_pointpillar_henet_multisensor_multitask_nuscenes/results_nusc.json
2026-07-10 01:45:48,071 INFO [nuscenes_metric.py:388] Node[0] NDS: 0.5882, mAP:0.4957
car_AP: [0.5]:0.6889  [1.0]:0.8393  [2.0]:0.8815  [4.0]:0.9005 
truck_AP: [0.5]:0.2943  [1.0]:0.4960  [2.0]:0.5924  [4.0]:0.6181 
trailer_AP: [0.5]:0.0862  [1.0]:0.2695  [2.0]:0.4121  [4.0]:0.5013 
bus_AP: [0.5]:0.4308  [1.0]:0.6499  [2.0]:0.7659  [4.0]:0.7812 
construction_vehicle_AP: [0.5]:0.0056  [1.0]:0.1059  [2.0]:0.2491  [4.0]:0.3001 
bicycle_AP: [0.5]:0.2907  [1.0]:0.3652  [2.0]:0.3691  [4.0]:0.3786 
motorcycle_AP: [0.5]:0.3590  [1.0]:0.5240  [2.0]:0.5662  [4.0]:0.5685 
pedestrian_AP: [0.5]:0.3748  [1.0]:0.5426  [2.0]:0.5766  [4.0]:0.6078 
traffic_cone_AP: [0.5]:0.4519  [1.0]:0.5738  [2.0]:0.6166  [4.0]:0.6658 
barrier_AP: [0.5]:0.3033  [1.0]:0.5525  [2.0]:0.6303  [4.0]:0.6442 

2026-07-10 01:45:48,292 WARNING [metric.py:200] Node[0] <class 'hat.metrics.nuscenes_metric.NuscenesMetric'> not ready for distributed environment, should not be used together with DistributedSampler.Might be slow in validation due to resource competition
2026-07-10 01:45:48,309 INFO [mean_iou.py:170] Node[0] ~~~~ MeanIOU Summary metrics ~~~~
Summary:
Scope                 mIoU       mAcc       aAcc
global               49.17      56.06      77.26
Per Class Results:
Class                  IoU        Acc
others                4.84       5.10
barrier              53.06      63.35
bicycle              25.32      27.55
bus                  67.14      70.74
car                  70.41      77.63
construction_vehicle      29.39      33.77
motorcycle           36.55      38.74
pedestrian           52.37      58.42
traffic_cone         29.46      34.60
trailer              50.52      62.94
truck                56.63      65.23
driveable_surface      81.81      90.19
other_flat           35.28      40.05
sidewalk             48.04      60.12
terrain              54.61      70.28
manmade              69.76      78.00
vegetation           70.63      76.26

2026-07-10 01:45:48,314 INFO [metric_updater.py:360] Node[0] Epoch[20] Validation bevfusion_centerpoint_pointpillar_henet_multisensor_multitask_nuscenes: NDS[0.5882] MeanIOU[tensor(0.4917, device='cuda:0')] 
2026-07-10 01:45:59,226 INFO [checkpoint.py:233] Node[0] Save model checkpoint: ./tmp_models/bevfusion_centerpoint_pointpillar_henet_multisensor_multitask_nuscenes/float-checkpoint-epoch-0020-0c7b717c.pth.tar
2026-07-10 01:46:00,350 INFO [checkpoint.py:270] Node[0] Save last model checkpoint: ./tmp_models/bevfusion_centerpoint_pointpillar_henet_multisensor_multitask_nuscenes/float-checkpoint-last-ddc0d5f2.pth.tar
2026-07-10 01:46:00,362 INFO [monitor.py:143] Node[0] Epoch[21] Begin ==================================================
2026-07-10 01:46:00,362 INFO [lr_updater.py:204] Node[0] Epoch[21] Step[0] GlobalStep[24633] lr=0.000015
2026-07-10 01:51:13,921 INFO [monitor.py:131] Node[0] Epoch[21] Step[0-199] Cost Time: 313.554s Speed: 3.83 samples/sec Remaining Time: 1:27:09 Remaining step percent: 11.79%
2026-07-10 01:51:15,026 INFO [metric_updater.py:360] Node[0] Epoch[21] Step[199] GlobalStep[24832] loss_bevfusion_centerpoint_pointpillar_henet_multisensor_multitask_nuscenes: car_cls_loss[0.3070] car_reg_loss[0.3358] truck_cls_loss[0.1938] truck_reg_loss[0.2925] bus_cls_loss[0.1366] bus_reg_loss[0.2541] barrier_cls_loss[0.2205] barrier_reg_loss[0.3612] bicycle_cls_loss[0.1066] bicycle_reg_loss[0.2612] pedestrian_cls_loss[0.2228] pedestrian_reg_loss[0.4857] loss_occ[1.2419] 
2026-07-10 01:56:18,705 INFO [monitor.py:131] Node[0] Epoch[21] Step[200-399] Cost Time: 304.782s Speed: 3.94 samples/sec Remaining Time: 1:19:13 Remaining step percent: 11.08%
2026-07-10 01:56:20,035 INFO [metric_updater.py:360] Node[0] Epoch[21] Step[399] GlobalStep[25032] loss_bevfusion_centerpoint_pointpillar_henet_multisensor_multitask_nuscenes: car_cls_loss[0.3032] car_reg_loss[0.3335] truck_cls_loss[0.1859] truck_reg_loss[0.2919] bus_cls_loss[0.1317] bus_reg_loss[0.2431] barrier_cls_loss[0.2098] barrier_reg_loss[0.3572] bicycle_cls_loss[0.1041] bicycle_reg_loss[0.2581] pedestrian_cls_loss[0.2192] pedestrian_reg_loss[0.4811] loss_occ[1.2344] 
2026-07-10 02:01:28,055 INFO [monitor.py:131] Node[0] Epoch[21] Step[400-599] Cost Time: 309.348s Speed: 3.88 samples/sec Remaining Time: 1:15:14 Remaining step percent: 10.37%
2026-07-10 02:01:29,118 INFO [metric_updater.py:360] Node[0] Epoch[21] Step[599] GlobalStep[25232] loss_bevfusion_centerpoint_pointpillar_henet_multisensor_multitask_nuscenes: car_cls_loss[0.3020] car_reg_loss[0.3317] truck_cls_loss[0.1882] truck_reg_loss[0.2921] bus_cls_loss[0.1349] bus_reg_loss[0.2460] barrier_cls_loss[0.2105] barrier_reg_loss[0.3565] bicycle_cls_loss[0.1026] bicycle_reg_loss[0.2581] pedestrian_cls_loss[0.2182] pedestrian_reg_loss[0.4824] loss_occ[1.2321] 
2026-07-10 02:06:29,967 INFO [monitor.py:131] Node[0] Epoch[21] Step[600-799] Cost Time: 301.910s Speed: 3.97 samples/sec Remaining Time: 1:08:24 Remaining step percent: 9.66%
2026-07-10 02:06:31,298 INFO [metric_updater.py:360] Node[0] Epoch[21] Step[799] GlobalStep[25432] loss_bevfusion_centerpoint_pointpillar_henet_multisensor_multitask_nuscenes: car_cls_loss[0.2979] car_reg_loss[0.3304] truck_cls_loss[0.1888] truck_reg_loss[0.2921] bus_cls_loss[0.1324] bus_reg_loss[0.2469] barrier_cls_loss[0.2147] barrier_reg_loss[0.3611] bicycle_cls_loss[0.1019] bicycle_reg_loss[0.2605] pedestrian_cls_loss[0.2184] pedestrian_reg_loss[0.4828] loss_occ[1.2393] 
2026-07-10 02:12:00,531 INFO [monitor.py:131] Node[0] Epoch[21] Step[800-999] Cost Time: 330.563s Speed: 3.63 samples/sec Remaining Time: 1:09:23 Remaining step percent: 8.95%
2026-07-10 02:12:01,699 INFO [metric_updater.py:360] Node[0] Epoch[21] Step[999] GlobalStep[25632] loss_bevfusion_centerpoint_pointpillar_henet_multisensor_multitask_nuscenes: car_cls_loss[0.2989] car_reg_loss[0.3310] truck_cls_loss[0.1886] truck_reg_loss[0.2923] bus_cls_loss[0.1327] bus_reg_loss[0.2493] barrier_cls_loss[0.2122] barrier_reg_loss[0.3586] bicycle_cls_loss[0.1020] bicycle_reg_loss[0.2590] pedestrian_cls_loss[0.2185] pedestrian_reg_loss[0.4829] loss_occ[1.2430] 
2026-07-10 02:16:31,555 INFO [monitor.py:146] Node[0] Epoch[21] End   ==================================================
2026-07-10 02:16:31,557 INFO [monitor.py:149] Node[0] Epoch[21] Cost Time: 1831.195s
2026-07-10 02:16:31,557 INFO [metric_updater.py:360] Node[0] Epoch[21] loss_bevfusion_centerpoint_pointpillar_henet_multisensor_multitask_nuscenes: car_cls_loss[0.2968] car_reg_loss[0.3304] truck_cls_loss[0.1886] truck_reg_loss[0.2924] bus_cls_loss[0.1301] bus_reg_loss[0.2483] barrier_cls_loss[0.2140] barrier_reg_loss[0.3619] bicycle_cls_loss[0.1047] bicycle_reg_loss[0.2590] pedestrian_cls_loss[0.2165] pedestrian_reg_loss[0.4826] loss_occ[1.2411] 
2026-07-10 02:16:31,557 INFO [validation.py:156] Node[0] [32mUse train `model` as val model.[0m
2026-07-10 02:16:31,740 INFO [loop_base.py:482] Node[0] [32mStart Predictor loop from epoch 21, num_epochs=1[0m
2026-07-10 02:16:31,743 INFO [fake_quantize.py:253] Node[0] Set fake quantize state to FakeQuantState.VALIDATION
2026-07-10 02:16:40,099 INFO [loop_base.py:553] Node[0] 0 / 1505
2026-07-10 02:17:10,569 INFO [loop_base.py:553] Node[0] 200 / 1505
2026-07-10 02:17:56,119 INFO [loop_base.py:553] Node[0] 400 / 1505
2026-07-10 02:18:23,703 INFO [loop_base.py:553] Node[0] 600 / 1505
2026-07-10 02:18:52,274 INFO [loop_base.py:553] Node[0] 800 / 1505
2026-07-10 02:19:26,716 INFO [loop_base.py:553] Node[0] 1000 / 1505
2026-07-10 02:20:01,600 INFO [loop_base.py:553] Node[0] 1200 / 1505
2026-07-10 02:20:34,931 INFO [loop_base.py:553] Node[0] 1400 / 1505
2026-07-10 02:20:50,938 INFO [nuscenes_metric.py:322] Node[0] The length of self.nusc_annos is: 1505
2026-07-10 02:20:52,499 INFO [nuscenes_metric.py:346] Node[0] Results writes to ./metric_results/bevfusion_centerpoint_pointpillar_henet_multisensor_multitask_nuscenes/results_nusc.json
2026-07-10 02:22:49,419 INFO [nuscenes_metric.py:388] Node[0] NDS: 0.5872, mAP:0.4930
car_AP: [0.5]:0.6905  [1.0]:0.8394  [2.0]:0.8815  [4.0]:0.9006 
truck_AP: [0.5]:0.2909  [1.0]:0.4875  [2.0]:0.5849  [4.0]:0.6103 
trailer_AP: [0.5]:0.0870  [1.0]:0.2597  [2.0]:0.4189  [4.0]:0.5154 
bus_AP: [0.5]:0.4376  [1.0]:0.6461  [2.0]:0.7644  [4.0]:0.7802 
construction_vehicle_AP: [0.5]:0.0075  [1.0]:0.1134  [2.0]:0.2459  [4.0]:0.2994 
bicycle_AP: [0.5]:0.2805  [1.0]:0.3483  [2.0]:0.3514  [4.0]:0.3607 
motorcycle_AP: [0.5]:0.3522  [1.0]:0.5182  [2.0]:0.5562  [4.0]:0.5600 
pedestrian_AP: [0.5]:0.3746  [1.0]:0.5422  [2.0]:0.5761  [4.0]:0.6080 
traffic_cone_AP: [0.5]:0.4530  [1.0]:0.5745  [2.0]:0.6176  [4.0]:0.6604 
barrier_AP: [0.5]:0.3038  [1.0]:0.5540  [2.0]:0.6220  [4.0]:0.6442 

2026-07-10 02:22:49,596 WARNING [metric.py:200] Node[0] <class 'hat.metrics.nuscenes_metric.NuscenesMetric'> not ready for distributed environment, should not be used together with DistributedSampler.Might be slow in validation due to resource competition
2026-07-10 02:22:49,616 INFO [mean_iou.py:170] Node[0] ~~~~ MeanIOU Summary metrics ~~~~
Summary:
Scope                 mIoU       mAcc       aAcc
global               49.20      56.10      77.47
Per Class Results:
Class                  IoU        Acc
others                5.00       5.31
barrier              52.66      62.58
bicycle              24.75      26.76
bus                  67.33      70.87
car                  70.43      77.94
construction_vehicle      29.45      34.21
motorcycle           35.94      37.94
pedestrian           52.75      58.91
traffic_cone         29.92      35.37
trailer              50.74      63.14
truck                56.06      64.19
driveable_surface      81.87      89.97
other_flat           35.77      40.99
sidewalk             47.93      59.52
terrain              54.83      70.72
manmade              70.01      78.75
vegetation           70.97      76.53

2026-07-10 02:22:49,620 INFO [metric_updater.py:360] Node[0] Epoch[21] Validation bevfusion_centerpoint_pointpillar_henet_multisensor_multitask_nuscenes: NDS[0.5872] MeanIOU[tensor(0.4920, device='cuda:0')] 
2026-07-10 02:22:56,420 INFO [checkpoint.py:233] Node[0] Save model checkpoint: ./tmp_models/bevfusion_centerpoint_pointpillar_henet_multisensor_multitask_nuscenes/float-checkpoint-epoch-0021-a25fed28.pth.tar
2026-07-10 02:22:57,336 INFO [checkpoint.py:270] Node[0] Save last model checkpoint: ./tmp_models/bevfusion_centerpoint_pointpillar_henet_multisensor_multitask_nuscenes/float-checkpoint-last-770c6ed7.pth.tar
2026-07-10 02:22:57,346 INFO [monitor.py:143] Node[0] Epoch[22] Begin ==================================================
2026-07-10 02:22:57,346 INFO [lr_updater.py:204] Node[0] Epoch[22] Step[0] GlobalStep[25806] lr=0.000007
2026-07-10 02:27:56,781 INFO [monitor.py:131] Node[0] Epoch[22] Step[0-199] Cost Time: 299.435s Speed: 4.01 samples/sec Remaining Time: 0:53:49 Remaining step percent: 7.62%
2026-07-10 02:27:58,181 INFO [metric_updater.py:360] Node[0] Epoch[22] Step[199] GlobalStep[26005] loss_bevfusion_centerpoint_pointpillar_henet_multisensor_multitask_nuscenes: car_cls_loss[0.2982] car_reg_loss[0.3257] truck_cls_loss[0.1942] truck_reg_loss[0.2923] bus_cls_loss[0.1203] bus_reg_loss[0.2551] barrier_cls_loss[0.2021] barrier_reg_loss[0.3499] bicycle_cls_loss[0.0953] bicycle_reg_loss[0.2598] pedestrian_cls_loss[0.2130] pedestrian_reg_loss[0.4813] loss_occ[1.2441] 
2026-07-10 02:33:08,943 INFO [monitor.py:131] Node[0] Epoch[22] Step[200-399] Cost Time: 312.160s Speed: 3.84 samples/sec Remaining Time: 0:50:37 Remaining step percent: 6.91%
2026-07-10 02:33:10,178 INFO [metric_updater.py:360] Node[0] Epoch[22] Step[399] GlobalStep[26205] loss_bevfusion_centerpoint_pointpillar_henet_multisensor_multitask_nuscenes: car_cls_loss[0.2990] car_reg_loss[0.3281] truck_cls_loss[0.1907] truck_reg_loss[0.2913] bus_cls_loss[0.1150] bus_reg_loss[0.2470] barrier_cls_loss[0.2095] barrier_reg_loss[0.3444] bicycle_cls_loss[0.1000] bicycle_reg_loss[0.2549] pedestrian_cls_loss[0.2125] pedestrian_reg_loss[0.4817] loss_occ[1.2395] 
2026-07-10 02:38:08,549 INFO [monitor.py:131] Node[0] Epoch[22] Step[400-599] Cost Time: 299.604s Speed: 4.01 samples/sec Remaining Time: 0:43:35 Remaining step percent: 6.20%
2026-07-10 02:38:09,701 INFO [metric_updater.py:360] Node[0] Epoch[22] Step[599] GlobalStep[26405] loss_bevfusion_centerpoint_pointpillar_henet_multisensor_multitask_nuscenes: car_cls_loss[0.2971] car_reg_loss[0.3292] truck_cls_loss[0.1887] truck_reg_loss[0.2922] bus_cls_loss[0.1174] bus_reg_loss[0.2449] barrier_cls_loss[0.2099] barrier_reg_loss[0.3459] bicycle_cls_loss[0.1025] bicycle_reg_loss[0.2557] pedestrian_cls_loss[0.2100] pedestrian_reg_loss[0.4818] loss_occ[1.2338] 
2026-07-10 02:43:26,801 INFO [monitor.py:131] Node[0] Epoch[22] Step[600-799] Cost Time: 318.251s Speed: 3.77 samples/sec Remaining Time: 0:41:00 Remaining step percent: 5.49%
2026-07-10 02:43:28,898 INFO [metric_updater.py:360] Node[0] Epoch[22] Step[799] GlobalStep[26605] loss_bevfusion_centerpoint_pointpillar_henet_multisensor_multitask_nuscenes: car_cls_loss[0.2975] car_reg_loss[0.3294] truck_cls_loss[0.1853] truck_reg_loss[0.2915] bus_cls_loss[0.1205] bus_reg_loss[0.2438] barrier_cls_loss[0.2096] barrier_reg_loss[0.3468] bicycle_cls_loss[0.1060] bicycle_reg_loss[0.2599] pedestrian_cls_loss[0.2091] pedestrian_reg_loss[0.4812] loss_occ[1.2417] 
2026-07-10 02:48:37,236 INFO [monitor.py:131] Node[0] Epoch[22] Step[800-999] Cost Time: 310.432s Speed: 3.87 samples/sec Remaining Time: 0:34:49 Remaining step percent: 4.78%
2026-07-10 02:48:38,423 INFO [metric_updater.py:360] Node[0] Epoch[22] Step[999] GlobalStep[26805] loss_bevfusion_centerpoint_pointpillar_henet_multisensor_multitask_nuscenes: car_cls_loss[0.2975] car_reg_loss[0.3291] truck_cls_loss[0.1843] truck_reg_loss[0.2905] bus_cls_loss[0.1219] bus_reg_loss[0.2437] barrier_cls_loss[0.2083] barrier_reg_loss[0.3472] bicycle_cls_loss[0.1027] bicycle_reg_loss[0.2562] pedestrian_cls_loss[0.2091] pedestrian_reg_loss[0.4803] loss_occ[1.2410] 
2026-07-10 02:52:44,784 INFO [monitor.py:146] Node[0] Epoch[22] End   ==================================================
2026-07-10 02:52:44,785 INFO [monitor.py:149] Node[0] Epoch[22] Cost Time: 1787.439s
2026-07-10 02:52:44,786 INFO [metric_updater.py:360] Node[0] Epoch[22] loss_bevfusion_centerpoint_pointpillar_henet_multisensor_multitask_nuscenes: car_cls_loss[0.2983] car_reg_loss[0.3293] truck_cls_loss[0.1838] truck_reg_loss[0.2900] bus_cls_loss[0.1236] bus_reg_loss[0.2442] barrier_cls_loss[0.2071] barrier_reg_loss[0.3451] bicycle_cls_loss[0.1042] bicycle_reg_loss[0.2588] pedestrian_cls_loss[0.2090] pedestrian_reg_loss[0.4808] loss_occ[1.2422] 
2026-07-10 02:52:44,786 INFO [validation.py:156] Node[0] [32mUse train `model` as val model.[0m
2026-07-10 02:52:44,931 INFO [loop_base.py:482] Node[0] [32mStart Predictor loop from epoch 22, num_epochs=1[0m
2026-07-10 02:52:44,934 INFO [fake_quantize.py:253] Node[0] Set fake quantize state to FakeQuantState.VALIDATION
2026-07-10 02:52:53,245 INFO [loop_base.py:553] Node[0] 0 / 1505
2026-07-10 02:53:31,968 INFO [loop_base.py:553] Node[0] 200 / 1505
2026-07-10 02:54:17,057 INFO [loop_base.py:553] Node[0] 400 / 1505
2026-07-10 02:55:02,031 INFO [loop_base.py:553] Node[0] 600 / 1505
2026-07-10 02:55:34,564 INFO [loop_base.py:553] Node[0] 800 / 1505
2026-07-10 02:56:18,055 INFO [loop_base.py:553] Node[0] 1000 / 1505
2026-07-10 02:57:01,464 INFO [loop_base.py:553] Node[0] 1200 / 1505
2026-07-10 02:57:31,370 INFO [loop_base.py:553] Node[0] 1400 / 1505
2026-07-10 02:58:03,047 INFO [nuscenes_metric.py:322] Node[0] The length of self.nusc_annos is: 1505
2026-07-10 02:58:05,490 INFO [nuscenes_metric.py:346] Node[0] Results writes to ./metric_results/bevfusion_centerpoint_pointpillar_henet_multisensor_multitask_nuscenes/results_nusc.json
2026-07-10 02:59:57,939 INFO [nuscenes_metric.py:388] Node[0] NDS: 0.5862, mAP:0.4921
car_AP: [0.5]:0.6883  [1.0]:0.8384  [2.0]:0.8804  [4.0]:0.8996 
truck_AP: [0.5]:0.2873  [1.0]:0.4786  [2.0]:0.5787  [4.0]:0.6040 
trailer_AP: [0.5]:0.0865  [1.0]:0.2595  [2.0]:0.4044  [4.0]:0.4922 
bus_AP: [0.5]:0.4248  [1.0]:0.6549  [2.0]:0.7574  [4.0]:0.7812 
construction_vehicle_AP: [0.5]:0.0048  [1.0]:0.1218  [2.0]:0.2582  [4.0]:0.3090 
bicycle_AP: [0.5]:0.2827  [1.0]:0.3577  [2.0]:0.3616  [4.0]:0.3707 
motorcycle_AP: [0.5]:0.3549  [1.0]:0.5162  [2.0]:0.5579  [4.0]:0.5695 
pedestrian_AP: [0.5]:0.3735  [1.0]:0.5433  [2.0]:0.5761  [4.0]:0.6071 
traffic_cone_AP: [0.5]:0.4440  [1.0]:0.5722  [2.0]:0.6115  [4.0]:0.6599 
barrier_AP: [0.5]:0.3015  [1.0]:0.5507  [2.0]:0.6209  [4.0]:0.6430 

2026-07-10 02:59:58,101 WARNING [metric.py:200] Node[0] <class 'hat.metrics.nuscenes_metric.NuscenesMetric'> not ready for distributed environment, should not be used together with DistributedSampler.Might be slow in validation due to resource competition
2026-07-10 02:59:58,120 INFO [mean_iou.py:170] Node[0] ~~~~ MeanIOU Summary metrics ~~~~
Summary:
Scope                 mIoU       mAcc       aAcc
global               49.48      56.44      77.88
Per Class Results:
Class                  IoU        Acc
others                4.94       5.23
barrier              53.09      63.08
bicycle              25.51      27.74
bus                  67.75      71.40
car                  71.11      78.62
construction_vehicle      30.04      34.76
motorcycle           35.76      37.66
pedestrian           53.05      59.09
traffic_cone         29.73      34.79
trailer              50.84      63.82
truck                56.69      64.85
driveable_surface      81.91      90.12
other_flat           35.88      41.20
sidewalk             48.24      60.29
terrain              54.83      70.33
manmade              70.33      79.39
vegetation           71.55      77.11

2026-07-10 02:59:58,122 INFO [metric_updater.py:360] Node[0] Epoch[22] Validation bevfusion_centerpoint_pointpillar_henet_multisensor_multitask_nuscenes: NDS[0.5862] MeanIOU[tensor(0.4948, device='cuda:0')] 
2026-07-10 03:00:05,126 INFO [checkpoint.py:233] Node[0] Save model checkpoint: ./tmp_models/bevfusion_centerpoint_pointpillar_henet_multisensor_multitask_nuscenes/float-checkpoint-epoch-0022-7e45af8a.pth.tar
2026-07-10 03:00:06,309 INFO [checkpoint.py:270] Node[0] Save last model checkpoint: ./tmp_models/bevfusion_centerpoint_pointpillar_henet_multisensor_multitask_nuscenes/float-checkpoint-last-859dff09.pth.tar
2026-07-10 03:00:06,323 INFO [monitor.py:143] Node[0] Epoch[23] Begin ==================================================
2026-07-10 03:00:06,323 INFO [lr_updater.py:204] Node[0] Epoch[23] Step[0] GlobalStep[26979] lr=0.000002
2026-07-10 03:05:23,759 INFO [monitor.py:131] Node[0] Epoch[23] Step[0-199] Cost Time: 317.430s Speed: 3.78 samples/sec Remaining Time: 0:25:52 Remaining step percent: 3.46%
2026-07-10 03:05:24,868 INFO [metric_updater.py:360] Node[0] Epoch[23] Step[199] GlobalStep[27178] loss_bevfusion_centerpoint_pointpillar_henet_multisensor_multitask_nuscenes: car_cls_loss[0.2975] car_reg_loss[0.3293] truck_cls_loss[0.1825] truck_reg_loss[0.2864] bus_cls_loss[0.1164] bus_reg_loss[0.2387] barrier_cls_loss[0.2088] barrier_reg_loss[0.3485] bicycle_cls_loss[0.0963] bicycle_reg_loss[0.2705] pedestrian_cls_loss[0.2076] pedestrian_reg_loss[0.4810] loss_occ[1.2222] 
2026-07-10 03:10:25,101 INFO [monitor.py:131] Node[0] Epoch[23] Step[200-399] Cost Time: 301.341s Speed: 3.98 samples/sec Remaining Time: 0:19:24 Remaining step percent: 2.75%
2026-07-10 03:10:26,319 INFO [metric_updater.py:360] Node[0] Epoch[23] Step[399] GlobalStep[27378] loss_bevfusion_centerpoint_pointpillar_henet_multisensor_multitask_nuscenes: car_cls_loss[0.2964] car_reg_loss[0.3295] truck_cls_loss[0.1814] truck_reg_loss[0.2894] bus_cls_loss[0.1183] bus_reg_loss[0.2438] barrier_cls_loss[0.2036] barrier_reg_loss[0.3430] bicycle_cls_loss[0.1000] bicycle_reg_loss[0.2619] pedestrian_cls_loss[0.2099] pedestrian_reg_loss[0.4843] loss_occ[1.2302] 
2026-07-10 03:15:25,358 INFO [monitor.py:131] Node[0] Epoch[23] Step[400-599] Cost Time: 300.255s Speed: 4.00 samples/sec Remaining Time: 0:14:20 Remaining step percent: 2.04%
2026-07-10 03:15:26,856 INFO [metric_updater.py:360] Node[0] Epoch[23] Step[599] GlobalStep[27578] loss_bevfusion_centerpoint_pointpillar_henet_multisensor_multitask_nuscenes: car_cls_loss[0.2981] car_reg_loss[0.3311] truck_cls_loss[0.1799] truck_reg_loss[0.2871] bus_cls_loss[0.1211] bus_reg_loss[0.2442] barrier_cls_loss[0.2011] barrier_reg_loss[0.3458] bicycle_cls_loss[0.1021] bicycle_reg_loss[0.2575] pedestrian_cls_loss[0.2117] pedestrian_reg_loss[0.4837] loss_occ[1.2380] 
2026-07-10 03:20:45,490 INFO [monitor.py:131] Node[0] Epoch[23] Step[600-799] Cost Time: 320.129s Speed: 3.75 samples/sec Remaining Time: 0:09:57 Remaining step percent: 1.32%
2026-07-10 03:20:47,172 INFO [metric_updater.py:360] Node[0] Epoch[23] Step[799] GlobalStep[27778] loss_bevfusion_centerpoint_pointpillar_henet_multisensor_multitask_nuscenes: car_cls_loss[0.2972] car_reg_loss[0.3295] truck_cls_loss[0.1755] truck_reg_loss[0.2858] bus_cls_loss[0.1245] bus_reg_loss[0.2458] barrier_cls_loss[0.2068] barrier_reg_loss[0.3516] bicycle_cls_loss[0.1046] bicycle_reg_loss[0.2598] pedestrian_cls_loss[0.2105] pedestrian_reg_loss[0.4820] loss_occ[1.2356] 
2026-07-10 03:25:43,052 INFO [monitor.py:131] Node[0] Epoch[23] Step[800-999] Cost Time: 297.561s Speed: 4.03 samples/sec Remaining Time: 0:04:17 Remaining step percent: 0.61%
2026-07-10 03:25:44,237 INFO [metric_updater.py:360] Node[0] Epoch[23] Step[999] GlobalStep[27978] loss_bevfusion_centerpoint_pointpillar_henet_multisensor_multitask_nuscenes: car_cls_loss[0.2963] car_reg_loss[0.3291] truck_cls_loss[0.1784] truck_reg_loss[0.2870] bus_cls_loss[0.1235] bus_reg_loss[0.2449] barrier_cls_loss[0.2045] barrier_reg_loss[0.3487] bicycle_cls_loss[0.1006] bicycle_reg_loss[0.2567] pedestrian_cls_loss[0.2098] pedestrian_reg_loss[0.4812] loss_occ[1.2325] 
2026-07-10 03:29:54,156 INFO [monitor.py:146] Node[0] Epoch[23] End   ==================================================
2026-07-10 03:29:54,158 INFO [monitor.py:149] Node[0] Epoch[23] Cost Time: 1787.835s
2026-07-10 03:29:54,158 INFO [metric_updater.py:360] Node[0] Epoch[23] loss_bevfusion_centerpoint_pointpillar_henet_multisensor_multitask_nuscenes: car_cls_loss[0.2966] car_reg_loss[0.3294] truck_cls_loss[0.1782] truck_reg_loss[0.2866] bus_cls_loss[0.1269] bus_reg_loss[0.2469] barrier_cls_loss[0.2061] barrier_reg_loss[0.3497] bicycle_cls_loss[0.1012] bicycle_reg_loss[0.2580] pedestrian_cls_loss[0.2100] pedestrian_reg_loss[0.4811] loss_occ[1.2338] 
2026-07-10 03:29:54,159 INFO [validation.py:156] Node[0] [32mUse train `model` as val model.[0m
2026-07-10 03:29:54,347 INFO [loop_base.py:482] Node[0] [32mStart Predictor loop from epoch 23, num_epochs=1[0m
2026-07-10 03:29:54,351 INFO [fake_quantize.py:253] Node[0] Set fake quantize state to FakeQuantState.VALIDATION
2026-07-10 03:30:02,500 INFO [loop_base.py:553] Node[0] 0 / 1505
2026-07-10 03:30:47,736 INFO [loop_base.py:553] Node[0] 200 / 1505
2026-07-10 03:31:14,968 INFO [loop_base.py:553] Node[0] 400 / 1505
2026-07-10 03:31:42,871 INFO [loop_base.py:553] Node[0] 600 / 1505
2026-07-10 03:32:18,424 INFO [loop_base.py:553] Node[0] 800 / 1505
2026-07-10 03:33:02,669 INFO [loop_base.py:553] Node[0] 1000 / 1505
2026-07-10 03:33:47,064 INFO [loop_base.py:553] Node[0] 1200 / 1505
2026-07-10 03:34:28,275 INFO [loop_base.py:553] Node[0] 1400 / 1505
2026-07-10 03:34:46,752 INFO [nuscenes_metric.py:322] Node[0] The length of self.nusc_annos is: 1505
2026-07-10 03:34:49,416 INFO [nuscenes_metric.py:346] Node[0] Results writes to ./metric_results/bevfusion_centerpoint_pointpillar_henet_multisensor_multitask_nuscenes/results_nusc.json
2026-07-10 03:36:39,226 INFO [nuscenes_metric.py:388] Node[0] NDS: 0.5863, mAP:0.4918
car_AP: [0.5]:0.6894  [1.0]:0.8386  [2.0]:0.8807  [4.0]:0.8998 
truck_AP: [0.5]:0.2842  [1.0]:0.4796  [2.0]:0.5773  [4.0]:0.6020 
trailer_AP: [0.5]:0.0802  [1.0]:0.2624  [2.0]:0.4066  [4.0]:0.4932 
bus_AP: [0.5]:0.4382  [1.0]:0.6519  [2.0]:0.7557  [4.0]:0.7801 
construction_vehicle_AP: [0.5]:0.0054  [1.0]:0.1073  [2.0]:0.2515  [4.0]:0.2935 
bicycle_AP: [0.5]:0.2826  [1.0]:0.3574  [2.0]:0.3601  [4.0]:0.3700 
motorcycle_AP: [0.5]:0.3506  [1.0]:0.5134  [2.0]:0.5662  [4.0]:0.5686 
pedestrian_AP: [0.5]:0.3737  [1.0]:0.5426  [2.0]:0.5761  [4.0]:0.6076 
traffic_cone_AP: [0.5]:0.4494  [1.0]:0.5753  [2.0]:0.6205  [4.0]:0.6619 
barrier_AP: [0.5]:0.3031  [1.0]:0.5500  [2.0]:0.6202  [4.0]:0.6431 

2026-07-10 03:36:39,365 WARNING [metric.py:200] Node[0] <class 'hat.metrics.nuscenes_metric.NuscenesMetric'> not ready for distributed environment, should not be used together with DistributedSampler.Might be slow in validation due to resource competition
2026-07-10 03:36:39,399 INFO [mean_iou.py:170] Node[0] ~~~~ MeanIOU Summary metrics ~~~~
Summary:
Scope                 mIoU       mAcc       aAcc
global               49.54      56.58      77.77
Per Class Results:
Class                  IoU        Acc
others                5.05       5.37
barrier              53.13      63.45
bicycle              25.09      27.27
bus                  67.55      71.27
car                  71.00      78.63
construction_vehicle      29.93      34.61
motorcycle           36.54      38.66
pedestrian           53.27      59.64
traffic_cone         30.01      35.45
trailer              51.13      64.12
truck                56.76      65.01
driveable_surface      81.95      90.05
other_flat           36.11      41.52
sidewalk             48.17      59.94
terrain              54.87      70.81
manmade              70.21      78.84
vegetation           71.44      77.15

2026-07-10 03:36:39,401 INFO [metric_updater.py:360] Node[0] Epoch[23] Validation bevfusion_centerpoint_pointpillar_henet_multisensor_multitask_nuscenes: NDS[0.5863] MeanIOU[tensor(0.4954, device='cuda:0')] 
2026-07-10 03:36:46,325 INFO [checkpoint.py:233] Node[0] Save model checkpoint: ./tmp_models/bevfusion_centerpoint_pointpillar_henet_multisensor_multitask_nuscenes/float-checkpoint-epoch-0023-f2671a17.pth.tar
2026-07-10 03:36:47,204 INFO [checkpoint.py:270] Node[0] Save last model checkpoint: ./tmp_models/bevfusion_centerpoint_pointpillar_henet_multisensor_multitask_nuscenes/float-checkpoint-last-d74b2e51.pth.tar
2026-07-10 03:36:48,141 INFO [checkpoint.py:270] Node[0] Save last model checkpoint: ./tmp_models/bevfusion_centerpoint_pointpillar_henet_multisensor_multitask_nuscenes/float-checkpoint-last-12076b5b.pth.tar
2026-07-10 03:36:48,152 INFO [logger.py:199] Node[0] ==================================================END FLOAT STAGE==================================================